physical_step, pseudo_step, CL, CD, CFx, CFy, CFz, CMx, CMy, CMz, CLPressure, CDPressure, CFxPressure, CFyPressure, CFzPressure, CMxPressure, CMyPressure, CMzPressure, CLSkinFriction, CDSkinFriction, CFxSkinFriction, CFySkinFriction, CFzSkinFriction, CMxSkinFriction, CMySkinFriction, CMzSkinFriction, 
200, 0, -2.20810312251106e-07, -0.0492686609879719, -2.20810312254159e-07, 2.2999989697676e-06, 0.0492686609879719, -6.08999441601434e-07, 4.25640615453462e-06, -0.00874399158130357, -2.27450081559776e-07, -0.0492832871436791, -2.27450081562615e-07, 2.29361454823171e-06, 0.0492832871436791, -6.07445679575935e-07, 4.25234216281413e-06, -0.0086501314120696, 6.63976932555621e-09, 1.46261557072131e-05, 6.6397693255561e-09, 6.38442155110024e-09, -1.46261557072131e-05, -1.55376209101005e-09, 4.06399171675246e-09, -9.38601692339693e-05, 
200, 10, -1.53822695035712e-07, -0.0492778082995128, -1.53822695039415e-07, 2.24735863697765e-06, 0.0492778082995128, -6.70267338167916e-07, 4.25688599857839e-06, -0.00873844335895445, -1.60376776454371e-07, -0.04929244543473, -1.6037677645786e-07, 2.24095573378386e-06, 0.04929244543473, -6.68752899440316e-07, 4.25283310333429e-06, -0.00864455434209233, 6.55408141074731e-09, 1.46371352173418e-05, 6.55408141074478e-09, 6.40290320327647e-09, -1.46371352173418e-05, -1.51443863185173e-09, 4.05289529686786e-09, -9.38890168620864e-05, 
200, 19, -2.10725629769517e-07, -0.0493024097251402, -2.10725629772465e-07, 2.2976536895716e-06, 0.0493024097251402, -5.91785247416855e-07, 4.19797361215418e-06, -0.00874931215324071, -2.17250337764496e-07, -0.0493170410229347, -2.17250337767441e-07, 2.29134242183101e-06, 0.0493170410229347, -5.90264731655202e-07, 4.19396337023171e-06, -0.00865540257044339, 6.52470802575858e-09, 1.46312977945735e-05, 6.5247080257569e-09, 6.31126772926474e-09, -1.46312977945735e-05, -1.52051579867727e-09, 4.01024194439892e-09, -9.39095827973115e-05, 
201, 0, -3.31135174152108e-07, -0.0493034891764308, -3.31135174155484e-07, 2.28390292597392e-06, 0.0493034891764308, -8.11731188552899e-07, 4.16151941813562e-06, -0.00874952718313484, -3.37323132949228e-07, -0.0493181216084432, -3.37323132951952e-07, 2.27726796919068e-06, 0.0493181216084432, -8.10005150975701e-07, 4.15759655344305e-06, -0.00865561657542753, 6.18795883840913e-09, 1.46324320125799e-05, 6.18795883841075e-09, 6.63495678084429e-09, -1.46324320125799e-05, -1.72603767064182e-09, 3.92286463480226e-09, -9.39106077072952e-05, 
201, 10, -2.70799320408891e-07, -0.0493162912531841, -2.7079932041238e-07, 2.24192198672457e-06, 0.0493162912531841, -8.59720515722542e-07, 4.12191052036417e-06, -0.00874393907046423, -2.76932361210217e-07, -0.0493309355811174, -2.76932361213268e-07, 2.23529538360582e-06, 0.0493309355811174, -8.58042977109724e-07, 4.11800213219447e-06, -0.00864999757513878, 6.13304080105645e-09, 1.46443279332855e-05, 6.13304080105721e-09, 6.62660312708265e-09, -1.46443279332855e-05, -1.67753863685069e-09, 3.90838812851219e-09, -9.39414953254201e-05, 
201, 19, -3.31987529424582e-07, -0.0493407785546553, -3.31987529428178e-07, 2.29197319007937e-06, 0.0493407785546553, -7.78297154399375e-07, 4.0686045980062e-06, -0.00875479035554588, -3.38163901698216e-07, -0.0493554178011178, -3.38163901701592e-07, 2.28548295623638e-06, 0.0493554178011178, -7.76623366014593e-07, 4.06474820505932e-06, -0.00866082595005399, 6.17637234794661e-09, 1.46392464626129e-05, 6.17637234794243e-09, 6.49023383256009e-09, -1.46392464626129e-05, -1.67378814309228e-09, 3.85639289087936e-09, -9.3964405491857e-05, 
202, 0, -4.52611314530716e-07, -0.0493420192310944, -4.52611314534262e-07, 2.27252324193916e-06, 0.0493420192310944, -9.91234894273947e-07, 4.02217947249118e-06, -0.00875500001909196, -4.58449239215145e-07, -0.0493566596672192, -4.58449239217601e-07, 2.26573105936393e-06, 0.0493566596672192, -9.89363322657365e-07, 4.0184175470209e-06, -0.00866103439300094, 5.83792466340891e-09, 1.4640436124994e-05, 5.83792466341071e-09, 6.79218258123402e-09, -1.4640436124994e-05, -1.87157177864382e-09, 3.7619254638112e-09, -9.39656260910135e-05, 
202, 10, -3.96783181352401e-07, -0.0493581664742309, -3.96783181355779e-07, 2.23795921039577e-06, 0.049358166474231, -1.01762742488911e-06, 3.95934943218745e-06, -0.00874869718079915, -4.02632193437659e-07, -0.0493728185478698, -4.02632193440332e-07, 2.23118804606539e-06, 0.0493728185478698, -1.01580764060562e-06, 3.9556031145742e-06, -0.00865469989784329, 5.8490120439644e-09, 1.4652073638734e-05, 5.84901204396657e-09, 6.7711642994286e-09, -1.4652073638734e-05, -1.81978429702991e-09, 3.74631757610341e-09, -9.39972829558986e-05, 
202, 19, -4.62954631594144e-07, -0.0493825285416717, -4.62954631597688e-07, 2.2863866722124e-06, 0.0493825285416717, -9.30946123361635e-07, 3.90874009136028e-06, -0.00875953742336144, -4.68891879408986e-07, -0.0493971749600576, -4.68891879411606e-07, 2.27976481727785e-06, 0.0493971749600576, -9.29134439208549e-07, 3.90504796528842e-06, -0.00866551611933251, 5.93724779217454e-09, 1.46464183859334e-05, 5.93724779217502e-09, 6.62185493114309e-09, -1.46464183859334e-05, -1.81168439702821e-09, 3.69212608958221e-09, -9.40213040289245e-05, 
203, 0, -5.83553775425095e-07, -0.0493838816913989, -5.83553775428582e-07, 2.26046327471779e-06, 0.0493838816913989, -1.13476157182079e-06, 3.85434230212264e-06, -0.00875973045329766, -5.89151723677989e-07, -0.0493985292990155, -5.8915172368072e-07, 2.25355198656375e-06, 0.0493985292990155, -1.1327601557387e-06, 3.85075105565827e-06, -0.00866570782074941, 5.59794830866169e-09, 1.46476076165463e-05, 5.59794830866158e-09, 6.9112881568875e-09, -1.46476076165463e-05, -2.00141609635105e-09, 3.5912464501763e-09, -9.40226325482499e-05, 
203, 10, -5.25970446483536e-07, -0.049405133573877, -5.25970446485563e-07, 2.22909028514301e-06, 0.049405133573877, -1.14059016411895e-06, 3.79419464539582e-06, -0.00875325139760051, -5.31618690239839e-07, -0.049419791916919, -5.31618690243383e-07, 2.22220781764166e-06, 0.049419791916919, -1.13865129431453e-06, 3.79061824283188e-06, -0.00865919685236148, 5.64824372658864e-09, 1.46583430421741e-05, 5.64824372659097e-09, 6.88246749146494e-09, -1.46583430421741e-05, -1.93886974927234e-09, 3.57640257511966e-09, -9.40545452390161e-05, 
203, 19, -5.96504569142013e-07, -0.0494292602678098, -5.96504569144093e-07, 2.27402232404394e-06, 0.0494292602678098, -1.04935493491945e-06, 3.74539652713884e-06, -0.00876404297003202, -6.02308114748568e-07, -0.0494439115894719, -6.02308114752273e-07, 2.2672781009685e-06, 0.0494439115894719, -1.04741409806901e-06, 3.74185722050157e-06, -0.00866996424197049, 5.80354564528527e-09, 1.4651321661969e-05, 5.80354564528188e-09, 6.74422305010244e-09, -1.4651321661969e-05, -1.94083695394182e-09, 3.53930662561596e-09, -9.40787280615043e-05, 
204, 0, -7.16410109716662e-07, -0.0494307734187628, -7.16410109719662e-07, 2.24125381787231e-06, 0.0494307734187628, -1.24385943492692e-06, 3.68531095939121e-06, -0.00876423845358501, -7.21873295271045e-07, -0.0494454258898463, -7.21873295274263e-07, 2.23422544228938e-06, 0.0494454258898463, -1.24173642268641e-06, 3.68187816633341e-06, -0.00867015836282161, 5.46318557060575e-09, 1.46524710834015e-05, 5.46318557060898e-09, 7.02837558552417e-09, -1.46524710834015e-05, -2.12301227573511e-09, 3.43279308799479e-09, -9.40800907634012e-05, 
204, 10, -6.61832877675228e-07, -0.0494593121573873, -6.61832877678175e-07, 2.21221787679988e-06, 0.0494593121573873, -1.25119082988818e-06, 3.65727778314146e-06, -0.00875821024966689, -6.67382074705095e-07, -0.0494739741303438, -6.67382074708338e-07, 2.20522476129331e-06, 0.0494739741303438, -1.24913016244603e-06, 3.65384820392281e-06, -0.00866409831328119, 5.54919705386378e-09, 1.46619729564087e-05, 5.54919705386701e-09, 6.99311553949795e-09, -1.46619729564087e-05, -2.06066738121256e-09, 3.42957923025691e-09, -9.41119363857204e-05, 
204, 19, -7.32603692871833e-07, -0.0494830779309366, -7.32603692875891e-07, 2.25218052012997e-06, 0.0494830779309366, -1.15277694362259e-06, 3.61071994418235e-06, -0.00876892723982796, -7.38360638751125e-07, -0.0494977312798052, -7.38360638754369e-07, 2.24528802809501e-06, 0.0494977312798052, -1.15069488650876e-06, 3.60730517915874e-06, -0.00867479168225328, 5.75694590429463e-09, 1.46533488685876e-05, 5.75694590428992e-09, 6.89249205575716e-09, -1.46533488685876e-05, -2.08205720901333e-09, 3.41476503575933e-09, -9.413555757466e-05, 
205, 0, -8.51339287091047e-07, -0.0494848011756605, -8.51339287094262e-07, 2.2123357003859e-06, 0.0494848011756605, -1.33997278976896e-06, 3.54634966258193e-06, -0.00876913804969656, -8.56751593478588e-07, -0.0494994556204646, -8.56751593482037e-07, 2.20515829901363e-06, 0.0494994556204646, -1.33771444521544e-06, 3.543048124194e-06, -0.0086750011527113, 5.41230631330779e-09, 1.4654444804089e-05, 5.41230631330588e-09, 7.17740138251559e-09, -1.4654444804089e-05, -2.2583445605678e-09, 3.30153838147574e-09, -9.41368969852409e-05, 
205, 10, -7.9877315729888e-07, -0.0495189737782548, -7.98773157301894e-07, 2.18302575758922e-06, 0.0495189737782548, -1.37774696684431e-06, 3.56787477517716e-06, -0.00876356139209789, -8.04273508278885e-07, -0.0495336366607366, -8.04273508282132e-07, 2.17586946457706e-06, 0.0495336366607366, -1.37554474521221e-06, 3.56456302583767e-06, -0.00866939308918974, 5.50035098163179e-09, 1.46628824820299e-05, 5.50035098163332e-09, 7.15629300439303e-09, -1.46628824820299e-05, -2.20222176854069e-09, 3.31174936028265e-09, -9.41683029081569e-05, 
205, 18, -8.68899466633581e-07, -0.0495419756911574, -8.68899466636839e-07, 2.21793803076947e-06, 0.0495419756911574, -1.27457055896099e-06, 3.52200853906607e-06, -0.00877414542798525, -8.74625989878817e-07, -0.0495566275260881, -8.74625989882846e-07, 2.21084218146656e-06, 0.0495566275260881, -1.2723200166849e-06, 3.51869037928993e-06, -0.00867995633574723, 5.72652325894891e-09, 1.46518349305992e-05, 5.72652325894859e-09, 7.09584931287736e-09, -1.46518349305992e-05, -2.2505421779992e-09, 3.31815977786794e-09, -9.41890922380172e-05, 
206, 0, -9.8480354735359e-07, -0.0495439292555111, -9.84803547356593e-07, 2.17124820433036e-06, 0.0495439292555111, -1.45700373826489e-06, 3.4540391411763e-06, -0.00877435599282115, -9.90175910587993e-07, -0.0495585822082437, -9.90175910591209e-07, 2.16386251281269e-06, 0.0495585822082437, -1.45458380033206e-06, 3.45084511627283e-06, -0.00868016560606304, 5.37236325406342e-09, 1.46529527323965e-05, 5.37236325405833e-09, 7.38569151287928e-09, -1.46529527323965e-05, -2.4199379872256e-09, 3.19402493169405e-09, -9.41903867581208e-05, 
206, 10, -9.37118048037869e-07, -0.0495805836988987, -9.37118048042171e-07, 2.14078357603482e-06, 0.0495805836988987, -1.53362000037077e-06, 3.52172364402167e-06, -0.00876861931919444, -9.42587272463818e-07, -0.0495952444049327, -9.42587272466391e-07, 2.13339835788171e-06, 0.0495952444049327, -1.53124879092506e-06, 3.51850853562518e-06, -0.00867439870560791, 5.46922438469371e-09, 1.46607060339514e-05, 5.46922438470028e-09, 7.38521815953162e-09, -1.46607060339514e-05, -2.37120936311246e-09, 3.21510842759675e-09, -9.42206135865462e-05, 
206, 18, -1.00659670574133e-06, -0.0496035683259892, -1.00659670574456e-06, 2.1737509271771e-06, 0.0496035683259892, -1.42579009814784e-06, 3.4850064180593e-06, -0.00877920791861499, -1.01225381151993e-06, -0.0496182170780837, -1.01225381152358e-06, 2.16637526414376e-06, 0.0496182170780837, -1.42335787987763e-06, 3.48177522074108e-06, -0.00868496910788185, 5.65710578471359e-09, 1.46487520943584e-05, 5.65710578471168e-09, 7.37566304093029e-09, -1.46487520943584e-05, -2.43221816407932e-09, 3.23119727931581e-09, -9.42388107331028e-05, 
207, 0, -1.12019599497861e-06, -0.0496055515924468, -1.12019599498202e-06, 2.1197976582394e-06, 0.0496055515924468, -1.6070099782243e-06, 3.41041846717206e-06, -0.00877940592864897, -1.125480194574e-06, -0.0496202014147191, -1.1254801945768e-06, 2.11213067110973e-06, 0.0496202014147191, -1.60441280105851e-06, 3.40732098604534e-06, -0.00868516604668448, 5.28419958833783e-09, 1.46498222726147e-05, 5.28419958833598e-09, 7.66698713545845e-09, -1.46498222726147e-05, -2.59717703588386e-09, 3.09748112056432e-09, -9.42398819644959e-05, 
207, 10, -1.0735277123788e-06, -0.0496415456125875, -1.07352771238245e-06, 2.08814975738692e-06, 0.0496415456125874, -1.69906801796807e-06, 3.50904688821482e-06, -0.00877287897832976, -1.07887649007359e-06, -0.0496562021539887, -1.07887649007743e-06, 2.08046538158864e-06, 0.0496562021539887, -1.69651182528368e-06, 3.50591702069434e-06, -0.00867861152379027, 5.3487777451194e-09, 1.46565414012667e-05, 5.34877774511971e-09, 7.68437578854864e-09, -1.46565414012667e-05, -2.55619258261164e-09, 3.12986761415508e-09, -9.42674545394655e-05, 
207, 18, -1.14314433411998e-06, -0.0496648605832723, -1.14314433412342e-06, 2.11989265895004e-06, 0.0496648605832723, -1.59109017602369e-06, 3.48368943870476e-06, -0.00878358579846418, -1.14865547670712e-06, -0.049679504333698, -1.14865547671034e-06, 2.11216572100934e-06, 0.049679504333698, -1.58846389253953e-06, 3.48053918809042e-06, -0.0086893042221814, 5.51114263793974e-09, 1.46437504255764e-05, 5.51114263794149e-09, 7.72693793624438e-09, -1.46437504255764e-05, -2.62628349455854e-09, 3.15025063667845e-09, -9.42815762827818e-05, 
208, 0, -1.25369883614668e-06, -0.0496668000681395, -1.25369883615031e-06, 2.05870007129913e-06, 0.0496668000681395, -1.77211981085487e-06, 3.40123964427193e-06, -0.00878375699323289, -1.25881626650155e-06, -0.0496814448353602, -1.25881626650389e-06, 2.05068438978577e-06, 0.0496814448353602, -1.76933251513525e-06, 3.39823268318352e-06, -0.0086894747081411, 5.11743031086616e-09, 1.46447672207269e-05, 5.11743031087113e-09, 8.01568150866677e-09, -1.46447672207269e-05, -2.78729574856652e-09, 3.00696109998369e-09, -9.42822850917881e-05, 
208, 10, -1.19657269089748e-06, -0.0496999905900041, -1.19657269090113e-06, 2.02736934472653e-06, 0.0496999905900041, -1.86178749523327e-06, 3.51421559981511e-06, -0.00877656638596744, -1.20177346781633e-06, -0.0497146410590255, -1.20177346781957e-06, 2.01930632983318e-06, 0.0497146410590255, -1.85902330175565e-06, 3.51116571933912e-06, -0.00868226019821267, 5.20077689521206e-09, 1.4650469021258e-05, 5.20077689521207e-09, 8.06301489560813e-09, -1.4650469021258e-05, -2.76419344964293e-09, 3.04988052810353e-09, -9.43061877547744e-05, 
208, 18, -1.26611290461237e-06, -0.0497236320315703, -1.26611290461626e-06, 2.05710878840954e-06, 0.0497236320315703, -1.75669883684092e-06, 3.49970804405444e-06, -0.00878739540024615, -1.27141936037314e-06, -0.0497382692794032, -1.2714193603766e-06, 2.04896205904991e-06, 0.0497382692794032, -1.75387203497468e-06, 3.49664276863427e-06, -0.00869308065344886, 5.30645575899832e-09, 1.46372478330211e-05, 5.30645575899482e-09, 8.14672935805984e-09, -1.46372478330211e-05, -2.82680189048582e-09, 3.0652754358864e-09, -9.43147467972977e-05, 
209, 0, -1.37276786441239e-06, -0.0497254742707032, -1.37276786441609e-06, 1.98938895087594e-06, 0.0497254742707032, -1.93812985474787e-06, 3.40887222398759e-06, -0.00878754641200164, -1.37765326040274e-06, -0.049740112467795, -1.37765326040639e-06, 1.98096082524765e-06, 0.049740112467795, -1.93514719010587e-06, 3.40596039013845e-06, -0.00869323146603369, 4.88539594768722e-09, 1.46381970919914e-05, 4.88539594768902e-09, 8.42812561124412e-09, -1.46381970919914e-05, -2.98266454176675e-09, 2.91183381314255e-09, -9.43149459679604e-05, 
209, 10, -1.30111752021113e-06, -0.0497534242680662, -1.30111752021419e-06, 1.96336461266295e-06, 0.0497534242680662, -2.00923003181101e-06, 3.52294707978379e-06, -0.00877970009985668, -1.30605681212893e-06, -0.0497680672203504, -1.30605681213155e-06, 1.95487552913825e-06, 0.0497680672203504, -2.00626646879127e-06, 3.51998617610635e-06, -0.00868536581876627, 4.93929185027396e-09, 1.46429522844148e-05, 4.93929185027492e-09, 8.4890835238803e-09, -1.46429522844148e-05, -2.96356303628884e-09, 2.96090367970011e-09, -9.43342810904265e-05, 
209, 18, -1.37160440286787e-06, -0.0497773263307961, -1.3716044028712e-06, 1.98913623141741e-06, 0.0497773263307961, -1.9126568905808e-06, 3.51674074835323e-06, -0.00879059559762756, -1.37662220187141e-06, -0.0497919559174154, -1.37662220187436e-06, 1.98054388804806e-06, 0.0497919559174154, -1.90963955020911e-06, 3.51376943999456e-06, -0.00869625959385131, 5.01779900374433e-09, 1.46295866190704e-05, 5.01779900374899e-09, 8.59234335610607e-09, -1.46295866190704e-05, -3.017340300231e-09, 2.97130830613069e-09, -9.43360037762308e-05, 
210, 0, -1.47403062208574e-06, -0.0497790025327912, -1.47403062208885e-06, 1.91586198079093e-06, 0.0497790025327912, -2.09434385031378e-06, 3.41758348246946e-06, -0.00879072059375855, -1.47860065555596e-06, -0.0497936329760837, -1.47860065555935e-06, 1.90700260355533e-06, 0.0497936329760837, -2.09117621504503e-06, 3.41477495576564e-06, -0.0086963850330366, 4.57003346566773e-09, 1.46304432923397e-05, 4.57003346566858e-09, 8.85937722228658e-09, -1.46304432923397e-05, -3.16763513267378e-09, 2.80852673082239e-09, -9.43355607219831e-05, 
210, 10, -1.39203225486934e-06, -0.0497970073857963, -1.39203225487266e-06, 1.89875285921246e-06, 0.0497970073857963, -2.14830290461632e-06, 3.5222565295858e-06, -0.00878235622306924, -1.3966466143521e-06, -0.049811642408469, -1.39664661435581e-06, 1.88983016408005e-06, 0.049811642408469, -2.14514784085794e-06, 3.51939918026616e-06, -0.00868800618500645, 4.61435946334707e-09, 1.46350226727839e-05, 4.61435946335046e-09, 8.92269511037187e-09, -1.46350226727839e-05, -3.15506392508673e-09, 2.85734933266569e-09, -9.43500380628304e-05, 
210, 18, -1.46231771535288e-06, -0.0498211970132569, -1.46231771535604e-06, 1.91861670638359e-06, 0.0498211970132569, -2.06084253109444e-06, 3.520698391043e-06, -0.00879335723137312, -1.46696780734095e-06, -0.049835819458497, -1.46696780734417e-06, 1.909588009952e-06, 0.049835819458497, -2.05764465729855e-06, 3.51783766307534e-06, -0.00869901262823981, 4.65009194859271e-09, 1.46224452401388e-05, 4.65009194859112e-09, 9.02869644233023e-09, -1.46224452401387e-05, -3.19787355769185e-09, 2.86072793576251e-09, -9.43446031332997e-05, 
211, 0, -1.56028410760612e-06, -0.0498225682040732, -1.56028410760982e-06, 1.84062497090494e-06, 0.0498225682040732, -2.24206864145777e-06, 3.41329869936088e-06, -0.00879345951149883, -1.56445978178414e-06, -0.0498371914412679, -1.56445978178752e-06, 1.83135045843637e-06, 0.0498371914412679, -2.23872712674276e-06, 3.41061003246554e-06, -0.00869911605825747, 4.17567418700969e-09, 1.46232371946217e-05, 4.17567418701054e-09, 9.27451247600077e-09, -1.46232371946217e-05, -3.34151461806362e-09, 2.68866699284371e-09, -9.43434532413152e-05, 
211, 10, -1.47374650397229e-06, -0.0498289287360692, -1.47374650397578e-06, 1.83432643229039e-06, 0.0498289287360692, -2.26720594856371e-06, 3.49743474270993e-06, -0.00878408367562113, -1.47793689257236e-06, -0.04984355628823, -1.47793689257541e-06, 1.82499198198219e-06, 0.04984355628823, -2.26387926422391e-06, 3.49469961758532e-06, -0.00868973099773289, 4.19038857157333e-09, 1.46275521608805e-05, 4.19038857157831e-09, 9.33445034349611e-09, -1.46275521608805e-05, -3.32668449513685e-09, 2.7351251330758e-09, -9.43526778882356e-05, 
211, 18, -1.54125816537734e-06, -0.0498533891707645, -1.54125816538159e-06, 1.84819114953922e-06, 0.0498533891707645, -2.18656916210402e-06, 3.49902990581537e-06, -0.00879516194406865, -1.54546063011556e-06, -0.0498680052959389, -1.54546063011893e-06, 1.83877546613719e-06, 0.0498680052959389, -2.18321784073779e-06, 3.49630360704225e-06, -0.00870082208131305, 4.20246471522422e-09, 1.46161251744857e-05, 4.20246471522443e-09, 9.4156834066869e-09, -1.46161251744857e-05, -3.35132144065111e-09, 2.72629869709114e-09, -9.43398627556003e-05, 
212, 0, -1.63474102487027e-06, -0.0498544339808821, -1.63474102487343e-06, 1.76610428220261e-06, 0.0498544339808821, -2.36558742030043e-06, 3.38422068841702e-06, -0.00879522108794063, -1.63844539125768e-06, -0.0498690508437626, -1.63844539126192e-06, 1.75647030882002e-06, 0.0498690508437626, -2.36210058288898e-06, 3.38167407141311e-06, -0.00870088316643151, 3.70436641064062e-09, 1.46168628806194e-05, 3.70436641063787e-09, 9.63397335701014e-09, -1.46168628806194e-05, -3.48683749617725e-09, 2.5466169924915e-09, -9.43379215091261e-05, 
212, 10, -1.54070581773429e-06, -0.0498461404542009, -1.54070581773789e-06, 1.77084169545726e-06, 0.0498461404542009, -2.33543435147305e-06, 3.44044091652963e-06, -0.00878507593865732, -1.54442257884514e-06, -0.049860761847129, -1.54442257884808e-06, 1.76115967340868e-06, 0.049860761847129, -2.33196463167122e-06, 3.43784969003657e-06, -0.00869073355234598, 3.71676114887757e-09, 1.46213929278726e-05, 3.71676114887726e-09, 9.68202202897764e-09, -1.46213929278726e-05, -3.46971979823549e-09, 2.59122643401147e-09, -9.43423863113911e-05, 
212, 18, -1.60537947714321e-06, -0.0498709505183354, -1.60537947714659e-06, 1.77943070639783e-06, 0.0498709505183354, -2.2635650814401e-06, 3.44420758026989e-06, -0.00879613553269706, -1.6090715215101e-06, -0.0498855629742857, -1.60907152151434e-06, 1.76970420616749e-06, 0.0498855629742857, -2.26010167220673e-06, 3.44163818938293e-06, -0.00870181330758416, 3.69204444770121e-09, 1.4612455950292e-05, 3.69204444770385e-09, 9.72650023886076e-09, -1.4612455950292e-05, -3.46340922133558e-09, 2.56939091927992e-09, -9.432222511294e-05, 
213, 0, -1.69446533361047e-06, -0.0498715776861829, -1.69446533361364e-06, 1.69397612866995e-06, 0.0498715776861829, -2.43798233197188e-06, 3.3243118316585e-06, -0.00879616135391628, -1.69763936906367e-06, -0.0498861908580428, -1.69763936906694e-06, 1.68406373324594e-06, 0.0498861908580428, -2.43439327092242e-06, 3.32192775477829e-06, -0.00870184193320921, 3.17403546295703e-09, 1.46131718600105e-05, 3.17403546295608e-09, 9.91239540358396e-09, -1.46131718600105e-05, -3.58906102722857e-09, 2.38407688261884e-09, -9.43194207070894e-05, 
213, 10, -1.5937223795979e-06, -0.0498443042846866, -1.59372237960194e-06, 1.70706624047077e-06, 0.0498443042846866, -2.34522636752245e-06, 3.34762354173357e-06, -0.00878505647827936, -1.59686253333152e-06, -0.0498589229785907, -1.59686253333446e-06, 1.69712655813011e-06, 0.0498589229785907, -2.34167156677969e-06, 3.34519856419963e-06, -0.00869073669705974, 3.14015373902117e-09, 1.46186939039863e-05, 3.14015373902117e-09, 9.93968231638322e-09, -1.46186939039863e-05, -3.55480087407463e-09, 2.42497752059565e-09, -9.43197812195951e-05, 
213, 18, -1.65513166281403e-06, -0.0498693967454218, -1.65513166281762e-06, 1.71133744569187e-06, 0.0498693967454218, -2.27842606735399e-06, 3.35411553391898e-06, -0.00879601298807944, -1.65823898044258e-06, -0.0498840099472756, -1.65823898044606e-06, 1.70140662116264e-06, 0.0498840099472756, -2.27490550510875e-06, 3.35172340774944e-06, -0.00870172065856316, 3.10731766746679e-09, 1.46132018538639e-05, 3.10731766746943e-09, 9.93082453711095e-09, -1.46132018538638e-05, -3.52056228476364e-09, 2.39212617359938e-09, -9.42923295162964e-05, 
214, 0, -1.73992320300234e-06, -0.0498694622384985, -1.73992320300561e-06, 1.62317128781062e-06, 0.0498694622384985, -2.4461251155014e-06, 3.23231295964162e-06, -0.00879599685072699, -1.74250072122272e-06, -0.0498840761478602, -1.74250072122621e-06, 1.61309276376459e-06, 0.0498840761478602, -2.44248919443181e-06, 3.230108771063e-06, -0.00870170817429534, 2.5775182320352e-09, 1.46139093619293e-05, 2.57751823203869e-09, 1.00785240343705e-08, -1.46139093619293e-05, -3.63592093437726e-09, 2.20418853721121e-09, -9.42886764316644e-05, 
214, 10, -1.632404118888e-06, -0.0498221251044312, -1.63240411889214e-06, 1.64311658998893e-06, 0.0498221251044312, -2.30359338765635e-06, 3.2208760705268e-06, -0.00878359975408506, -1.63495459728104e-06, -0.0498367458976375, -1.63495459728463e-06, 1.63305324236523e-06, 0.0498367458976375, -2.29999705015258e-06, 3.21863224125619e-06, -0.00868931425494356, 2.55047838165245e-09, 1.4620793206138e-05, 2.55047838165256e-09, 1.00633476565061e-08, -1.4620793206138e-05, -3.59633746164203e-09, 2.24382928500763e-09, -9.42854991415248e-05, 
214, 18, -1.69152778464149e-06, -0.0498473741831342, -1.69152778464487e-06, 1.64261061428434e-06, 0.0498473741831342, -2.2397939264586e-06, 3.22968509384919e-06, -0.00879437942459071, -1.69401916448615e-06, -0.0498619931975067, -1.69401916448985e-06, 1.63260982686908e-06, 0.0498619931975067, -2.23626661448522e-06, 3.22748457563978e-06, -0.00870012792219371, 2.49137984070436e-09, 1.46190143723991e-05, 2.49137984069927e-09, 1.00007874102532e-08, -1.46190143723991e-05, -3.52731194220185e-09, 2.2005182137991e-09, -9.42515023970509e-05, 
215, 0, -1.77206495449913e-06, -0.0498468698470133, -1.77206495450153e-06, 1.5524070573303e-06, 0.0498468698470133, -2.39952665149403e-06, 3.1087656143422e-06, -0.00879431148054555, -1.77402143915916e-06, -0.0498614895566657, -1.7740214391622e-06, 1.54229893063612e-06, 0.0498614895566657, -2.39589584171874e-06, 3.10675309682679e-06, -0.00870006436123147, 1.95648469551846e-09, 1.46197096521704e-05, 1.95648469552026e-09, 1.0108126704211e-08, -1.46197096521704e-05, -3.63080968969778e-09, 2.0125175173928e-09, -9.42471193140747e-05, 
215, 10, -1.66531255453549e-06, -0.04977913657456, -1.66531255453876e-06, 1.57538934224574e-06, 0.04977913657456, -2.24213696041857e-06, 3.0564959622867e-06, -0.00878051281397843, -1.66723195550532e-06, -0.0497937648864309, -1.66723195550924e-06, 1.56532917012137e-06, 0.0497937648864309, -2.23855677598366e-06, 3.05444909492476e-06, -0.00868627147096161, 1.91940095088514e-09, 1.46283118711493e-05, 1.91940095088874e-09, 1.00601721163062e-08, -1.46283118711493e-05, -3.58018437890683e-09, 2.04686737008648e-09, -9.4241343016822e-05, 
215, 18, -1.72245651994265e-06, -0.0498045455799237, -1.72245651994593e-06, 1.57072837745915e-06, 0.0498045455799237, -2.17821783385574e-06, 3.06958173013521e-06, -0.00879114301576494, -1.72432057015279e-06, -0.0498191757606031, -1.72432057015627e-06, 1.56079054226295e-06, 0.0498191757606031, -2.17472411391325e-06, 3.06758731594266e-06, -0.00869694077848854, 1.86405017097399e-09, 1.46301806794744e-05, 1.86405017097738e-09, 9.93783518586834e-09, -1.46301806794744e-05, -3.49372003689877e-09, 1.99441420903064e-09, -9.42022372763636e-05, 
216, 0, -1.7988808407566e-06, -0.0498034662405472, -1.79888084075985e-06, 1.47871910202449e-06, 0.0498034662405472, -2.32910739289419e-06, 2.95071361991291e-06, -0.0087910254710983, -1.80021579693123e-06, -0.0498180971137421, -1.80021579693472e-06, 1.46871394106933e-06, 0.0498180971137421, -2.32552166789956e-06, 2.94890513406991e-06, -0.00869682816112323, 1.33495616393725e-09, 1.46308731948333e-05, 1.33495616393714e-09, 1.0005160977679e-08, -1.46308731948333e-05, -3.58572497338554e-09, 1.80848577983037e-09, -9.4197309975069e-05, 
216, 10, -1.69710310626011e-06, -0.0497174629670651, -1.69710310626316e-06, 1.50068194098688e-06, 0.0497174629670651, -2.19030372282362e-06, 2.85497107273981e-06, -0.00877571534882139, -1.698391805893e-06, -0.0497321040737457, -1.69839180589649e-06, 1.49075185746717e-06, 0.0497321040737458, -2.18677137687678e-06, 2.85313299898903e-06, -0.00868152557586362, 1.2886996473438e-09, 1.46411066806629e-05, 1.28869964733713e-09, 9.93008350366041e-09, -1.46411066806629e-05, -3.53234609237381e-09, 1.83807375314338e-09, -9.41897729577768e-05, 
216, 18, -1.75384231121349e-06, -0.0497430226986033, -1.75384231121654e-06, 1.49326905775977e-06, 0.0497430226986033, -2.12685810905809e-06, 2.87454327434255e-06, -0.00878624891088599, -1.75510050674978e-06, -0.0497576686306153, -1.75510050675327e-06, 1.48351037018639e-06, 0.0497576686306153, -2.12342082945427e-06, 2.87276591127903e-06, -0.00869210162551574, 1.25819547940621e-09, 1.46459320118656e-05, 1.25819547939933e-09, 9.7586876088846e-09, -1.46459320118656e-05, -3.43727949821174e-09, 1.77736294084434e-09, -9.41472853703002e-05, 
217, 0, -1.82608643644616e-06, -0.049741441050483, -1.82608643644877e-06, 1.39944642386054e-06, 0.049741441050483, -2.26808001911874e-06, 2.75732475115881e-06, -0.00878608264003869, -1.82682843823285e-06, -0.0497560876679315, -1.82682843823549e-06, 1.38965634557845e-06, 0.0497560876679315, -2.26456121079029e-06, 2.75573025515134e-06, -0.00869194063210082, 7.42001783690958e-10, 1.46466174485943e-05, 7.42001783690852e-10, 9.79007826748961e-09, -1.46466174485943e-05, -3.51880841269285e-09, 1.59449600432474e-09, -9.41420079378614e-05, 
217, 10, -1.74032786259969e-06, -0.0496425037243004, -1.74032786260383e-06, 1.4151948749865e-06, 0.0496425037243004, -2.16691611016913e-06, 2.62689383478587e-06, -0.00876958559777809, -1.74103250289326e-06, -0.0496571617152867, -1.74103250289739e-06, 1.40551048062975e-06, 0.0496571617152867, -2.16345284848699e-06, 2.62527281493253e-06, -0.00867545209052357, 7.0464027670523e-10, 1.46579909861618e-05, 7.0464027670703e-10, 9.68439437278438e-09, -1.46579909861619e-05, -3.46326160873588e-09, 1.62101987531648e-09, -9.41335072545088e-05, 
217, 18, -1.7974348018482e-06, -0.0496682163116983, -1.79743480185211e-06, 1.4062770910107e-06, 0.0496682163116983, -2.10200155050413e-06, 2.65461040428504e-06, -0.00878005625595348, -1.79812506819225e-06, -0.0496828810157411, -1.79812506819553e-06, 1.39678184735966e-06, 0.0496828810157411, -2.09863127180622e-06, 2.6530539463863e-06, -0.00868596671194997, 6.90266340677857e-10, 1.46647040426993e-05, 6.90266340674681e-10, 9.49524363250526e-09, -1.46647040426993e-05, -3.37027879316263e-09, 1.55645787627e-09, -9.40895440035326e-05, 
218, 0, -1.86536316287336e-06, -0.0496662999148705, -1.86536316287663e-06, 1.30997862172912e-06, 0.0496662999148705, -2.23254387189804e-06, 2.53818830742028e-06, -0.00877985485138213, -1.86555299644304e-06, -0.049680965296744, -1.86555299644632e-06, 1.30048398353191e-06, 0.049680965296744, -2.22910399894552e-06, 2.53681100674319e-06, -0.00868577072841218, 1.89833556781431e-10, 1.46653818735837e-05, 1.89833556783125e-10, 9.49463821792834e-09, -1.46653818735837e-05, -3.43987280833448e-09, 1.37730068751094e-09, -9.40841229699624e-05, 
218, 10, -1.79546213056052e-06, -0.0495598364057883, -1.79546213056444e-06, 1.31953780082943e-06, 0.0495598364057883, -2.17965448625595e-06, 2.38607285949606e-06, -0.00876293435646099, -1.79563207652495e-06, -0.0495745141037517, -1.79563207652886e-06, 1.31015423666061e-06, 0.0495745141037517, -2.17626649975369e-06, 2.38466726962853e-06, -0.00866885854236152, 1.69945988671745e-10, 1.46776979632527e-05, 1.69945988677037e-10, 9.38356418366678e-09, -1.46776979632527e-05, -3.38798637983292e-09, 1.40558986624702e-09, -9.40758140994584e-05, 
218, 18, -1.85278163672108e-06, -0.0495856048497274, -1.85278163672412e-06, 1.30890392970923e-06, 0.0495856048497274, -2.11285262072088e-06, 2.42080218700082e-06, -0.00877335349854128, -1.852947237948e-06, -0.049600290535621, -1.85294723795147e-06, 1.29970381583065e-06, 0.0496002905356209, -2.10954480633148e-06, 2.41946639673262e-06, -0.00867932091157569, 1.65601247085717e-10, 1.46856858937177e-05, 1.65601247085715e-10, 9.20011387882581e-09, -1.46856858937177e-05, -3.3078142915656e-09, 1.33579034551194e-09, -9.40325869656351e-05, 
219, 0, -1.9157392113158e-06, -0.0495834946001001, -1.9157392113195e-06, 1.20962455153953e-06, 0.0495834946001001, -2.23217413383111e-06, 2.30369943154155e-06, -0.0087731405184924, -1.91542301254312e-06, -0.049598180980517, -1.91542301254726e-06, 1.20045103086692e-06, 0.049598180980517, -2.22880712289487e-06, 2.30253892751801e-06, -0.00867911328152681, -3.16198744747444e-10, 1.4686380416835e-05, -3.16198744750624e-10, 9.17352070334482e-09, -1.4686380416835e-05, -3.36701111552944e-09, 1.16050398890289e-09, -9.40272369656408e-05, 
219, 10, -1.86390264379927e-06, -0.0494739648819016, -1.86390264380255e-06, 1.21054225223982e-06, 0.0494739648819016, -2.23348416906993e-06, 2.14266501254325e-06, -0.00875537310205498, -1.86357734035139e-06, -0.0494886636336051, -1.86357734035443e-06, 1.20148187569232e-06, 0.0494886636336051, -2.2301605574298e-06, 2.14147329950656e-06, -0.00866135370332392, -3.25303461295722e-10, 1.46987517034495e-05, -3.25303461292334e-10, 9.06037651176015e-09, -1.46987517034495e-05, -3.32361173328221e-09, 1.19171304994956e-09, -9.40193987310521e-05, 
219, 18, -1.91994400596209e-06, -0.0494997413180834, -1.91994400596601e-06, 1.19896150944023e-06, 0.0494997413180834, -2.16121785530033e-06, 2.18555326052368e-06, -0.00876576702944194, -1.91963301870767e-06, -0.0495144477669752, -1.91963301871159e-06, 1.19006441999952e-06, 0.0495144477669752, -2.15796280502386e-06, 2.18442550873164e-06, -0.00867178880714893, -3.10987297872471e-10, 1.47064488914959e-05, -3.10987297872469e-10, 8.89708943006175e-09, -1.47064488914959e-05, -3.25505019430002e-09, 1.12775179975121e-09, -9.39782222929837e-05, 
220, 0, -1.97741097223335e-06, -0.0494975470418206, -1.97741097223616e-06, 1.09604786915236e-06, 0.0494975470418206, -2.26913226075816e-06, 2.06638918335286e-06, -0.00876552515230282, -1.97663625045332e-06, -0.0495122541744183, -1.9766362504566e-06, 1.08719833908009e-06, 0.0495122541744183, -2.2658278821302e-06, 2.06543383924739e-06, -0.00867155206500955, -7.74721802908971e-10, 1.47071325978519e-05, -7.74721802907065e-10, 8.84953008267727e-09, -1.47071325978519e-05, -3.30437862520565e-09, 9.55344068950212e-10, -9.39730872932397e-05, 
220, 10, -1.93707203603503e-06, -0.0493849440827605, -1.93707203603874e-06, 1.09221011476614e-06, 0.0493849440827605, -2.32658038639445e-06, 1.90968809387232e-06, -0.00874875531473713, -1.93631331209293e-06, -0.04939966537079, -1.93631331209621e-06, 1.08345129301834e-06, 0.04939966537079, -2.32330447511544e-06, 1.90870159144019e-06, -0.00865478715042636, -7.5872390972593e-10, 1.47212880296623e-05, -7.58723909726142e-10, 8.75882171130645e-09, -1.47212880296623e-05, -3.27591125858194e-09, 9.86502463431293e-10, -9.39681643107903e-05, 
220, 18, -1.99157177660289e-06, -0.0494106287291832, -1.99157177660615e-06, 1.07918497817215e-06, 0.0494106287291832, -2.24785313304742e-06, 1.96060715728828e-06, -0.00875911290264166, -1.99083707759583e-06, -0.0494253590852733, -1.9908370776004e-06, 1.07053541831364e-06, 0.0494253590852733, -2.24462242652163e-06, 1.95968224336427e-06, -0.00866518132530288, -7.3469898110754e-10, 1.47303560902429e-05, -7.34698981109236e-10, 8.64955985641647e-09, -1.47303560902429e-05, -3.23070653284079e-09, 9.24913775257793e-10, -9.39315773387758e-05, 
221, 0, -2.04270643718558e-06, -0.049408328607716, -2.04270643718908e-06, 9.72738573214015e-07, 0.049408328607716, -2.34499285208466e-06, 1.83774248948253e-06, -0.00875890752036888, -2.04152120224664e-06, -0.0494230597716354, -2.04152120224947e-06, 9.64152604662283e-07, 0.0494230597716354, -2.34172287369818e-06, 1.83698873365535e-06, -0.00866498061661443, -1.18523492736857e-09, 1.47311639194624e-05, -1.18523492736857e-09, 8.58596855187761e-09, -1.47311639194624e-05, -3.26997834877729e-09, 7.5375575731129e-10, -9.39269037544453e-05, 
221, 10, -2.01621423478494e-06, -0.0492998683345591, -2.01621423478734e-06, 9.63073382498716e-07, 0.0492998683345591, -2.45486381775034e-06, 1.69551752262426e-06, -0.00874216045414863, -2.01504254829745e-06, -0.049314614619919, -2.01504254830115e-06, 9.54543586202329e-07, 0.049314614619919, -2.45161096454174e-06, 1.69473051400245e-06, -0.00864823569497005, -1.17168652350343e-09, 1.47462853600891e-05, -1.17168652350492e-09, 8.52979631185795e-09, -1.47462853600891e-05, -3.25285313219921e-09, 7.87008618476911e-10, -9.39247591785677e-05, 
221, 18, -2.06986158946882e-06, -0.0493254646524414, -2.06986158947208e-06, 9.48148045104234e-07, 0.0493254646524414, -2.37006434387396e-06, 1.75372080752934e-06, -0.00875254024076337, -2.06872473654981e-06, -0.0493402198464997, -2.06872473655308e-06, 9.39698331980345e-07, 0.0493402198464997, -2.36683344284347e-06, 1.75298892425927e-06, -0.00865864653607237, -1.13685295669811e-09, 1.47551940582649e-05, -1.13685295669662e-09, 8.44971314678232e-09, -1.47551940582649e-05, -3.23090108152506e-09, 7.31883158664156e-10, -9.38937046909844e-05, 
222, 0, -2.1142650683169e-06, -0.0493233166915465, -2.1142650683204e-06, 8.37824905927127e-07, 0.0493233166915465, -2.45736373343684e-06, 1.62555919822122e-06, -0.00875233291939378, -2.11268884019717e-06, -0.0493380727839274, -2.11268884020022e-06, 8.29454118289944e-07, 0.0493380727839274, -2.45410281918679e-06, 1.62499774387879e-06, -0.00865844330753252, -1.57622810645277e-09, 1.47560923807731e-05, -1.57622810645446e-09, 8.37078759494318e-09, -1.47560923807731e-05, -3.26091420098957e-09, 5.61454411963462e-10, -9.38896118612736e-05, 
222, 10, -2.09066416429551e-06, -0.0492229346585893, -2.09066416429879e-06, 8.3116316630038e-07, 0.0492229346585893, -2.605137409863e-06, 1.50907108156991e-06, -0.00873553583013317, -2.08911274779954e-06, -0.0492377055793723, -2.08911274780236e-06, 8.22835382988575e-07, 0.0492377055793723, -2.60187320514934e-06, 1.50846987243796e-06, -0.00864164566879645, -1.55141652158978e-09, 1.47709207829153e-05, -1.55141652158957e-09, 8.32778333619484e-09, -1.47709207829153e-05, -3.26420468069999e-09, 6.01209088093844e-10, -9.38901613366992e-05, 
222, 18, -2.14516845981479e-06, -0.0492484062089587, -2.14516845981785e-06, 8.12761238521943e-07, 0.0492484062089587, -2.5158023550537e-06, 1.57449962679058e-06, -0.0087459599694348, -2.14364253543594e-06, -0.0492631843087364, -2.14364253543835e-06, 8.04470382948286e-07, 0.0492631843087364, -2.51254432586264e-06, 1.57394269947646e-06, -0.00865209490283953, -1.52592437984562e-09, 1.47780997776502e-05, -1.52592437984393e-09, 8.29085562285615e-09, -1.47780997776502e-05, -3.25802916913656e-09, 5.56927334415787e-10, -9.38650665952719e-05, 
223, 0, -2.18232132473397e-06, -0.0492464886280058, -2.18232132473636e-06, 6.99133646859301e-07, 0.0492464886280058, -2.59445986586134e-06, 1.44011643993101e-06, -0.00874575971616948, -2.18036412169029e-06, -0.0492612676561589, -2.18036412169248e-06, 6.9093569643672e-07, 0.0492612676561589, -2.59118031972949e-06, 1.43973064143056e-06, -0.0086518981026097, -1.9572030524001e-09, 1.47790281530309e-05, -1.9572030524001e-09, 8.19795041199885e-09, -1.47790281530309e-05, -3.27954605537226e-09, 3.85798493213765e-10, -9.38616135597886e-05, 
223, 10, -2.16043700074296e-06, -0.0491587565611758, -2.16043700074579e-06, 6.96057671595209e-07, 0.0491587565611758, -2.767492225804e-06, 1.35810789698898e-06, -0.00872988136691957, -2.15849868045692e-06, -0.0491735496806455, -2.15849868045975e-06, 6.8789045897241e-07, 0.0491735496806455, -2.76420173491752e-06, 1.35767851063314e-06, -0.00863601579535862, -1.93832025009634e-09, 1.47931194697115e-05, -1.93832025009931e-09, 8.167212619427e-09, -1.47931194697114e-05, -3.29049087369859e-09, 4.29386312921239e-10, -9.38655715609334e-05, 
223, 18, -2.21565780534236e-06, -0.0491839799620958, -2.21565780534564e-06, 6.7401656700063e-07, 0.0491839799620958, -2.6766512144572e-06, 1.43009808394483e-06, -0.00874032829298244, -2.21371906337305e-06, -0.0491987777734194, -2.21371906337502e-06, 6.65848522110961e-07, 0.0491987777734194, -2.67334550243814e-06, 1.42970221511043e-06, -0.00864648134281215, -1.93874197485945e-09, 1.47978113238083e-05, -1.93874197485903e-09, 8.16804490711369e-09, -1.47978113238083e-05, -3.30571214301867e-09, 3.95868809982999e-10, -9.38469501702968e-05, 
224, 0, -2.24562025214727e-06, -0.0491824248509986, -2.2456202521501e-06, 5.57246329591721e-07, 0.0491824248509986, -2.74840156049472e-06, 1.28886051345869e-06, -0.00874016812885707, -2.24325473756501e-06, -0.0491972235829506, -2.24325473756849e-06, 5.49187567665756e-07, 0.0491972235829506, -2.74508213652614e-06, 1.28863742473136e-06, -0.00864632394560623, -2.36551458540136e-09, 1.47987319517163e-05, -2.36551458539797e-09, 8.05876190911819e-09, -1.47987319517163e-05, -3.31942400271922e-09, 2.23088685353392e-10, -9.38441832508232e-05, 
224, 10, -2.22163584586029e-06, -0.0491111514348608, -2.22163584586398e-06, 5.64277706513933e-07, 0.0491111514348608, -2.93493430187016e-06, 1.25124415763036e-06, -0.00872593048840791, -2.21925362971871e-06, -0.0491259633750226, -2.21925362972155e-06, 5.56240348740555e-07, 0.0491259633750226, -2.93159918623837e-06, 1.25096786678986e-06, -0.00863207820699339, -2.38221617487872e-09, 1.48119401616532e-05, -2.38221617487872e-09, 8.03735781104494e-09, -1.48119401616532e-05, -3.33511570263695e-09, 2.76290768007755e-10, -9.38522814145463e-05, 
224, 18, -2.27774700767121e-06, -0.0491360464190011, -2.27774700767361e-06, 5.37338135161758e-07, 0.0491360464190011, -2.8451208485566e-06, 1.32788133445107e-06, -0.00873640672088819, -2.27536770845853e-06, -0.0491508602451122, -2.2753677084618e-06, 5.29267092435293e-07, 0.0491508602451122, -2.84174980562878e-06, 1.32763248958692e-06, -0.00864256605966876, -2.37929922613351e-09, 1.48138261110359e-05, -2.37929922613372e-09, 8.07104268378914e-09, -1.48138261110359e-05, -3.37104298114545e-09, 2.48844782087638e-10, -9.38406612194223e-05, 
225, 0, -2.30065589341547e-06, -0.0491349584730627, -2.30065589341851e-06, 4.18030265295859e-07, 0.0491349584730627, -2.91199568403881e-06, 1.17957397699552e-06, -0.00873630451320048, -2.29785443496134e-06, -0.0491497731998363, -2.29785443496416e-06, 4.10088532666559e-07, 0.0491497731998362, -2.9086179306656e-06, 1.17950062201497e-06, -0.00864246590500272, -2.80145846710348e-09, 1.48147267738364e-05, -2.80145846710729e-09, 7.9417326363636e-09, -1.48147267738364e-05, -3.37775338277477e-09, 7.33549413558659e-11, -9.38386081977277e-05, 
225, 10, -2.27364989050717e-06, -0.0490813398231047, -2.27364989050957e-06, 4.35377303583373e-07, 0.0490813398231047, -3.12054601622757e-06, 1.1681218754743e-06, -0.00872387377781777, -2.27083772750591e-06, -0.0490961668908083, -2.27083772750896e-06, 4.27445978279618e-07, 0.0490961668908083, -3.11714077128613e-06, 1.16799027977208e-06, -0.00863002261154365, -2.81216301556331e-09, 1.48270677038573e-05, -2.81216301556331e-09, 7.93132531006704e-09, -1.48270677038573e-05, -3.40524492955856e-09, 1.31595718603803e-10, -9.38511662740893e-05, 
225, 18, -2.3313572762807e-06, -0.0491058360745792, -2.33135727628311e-06, 4.01654148542436e-07, 0.0491058360745792, -3.03248034061001e-06, 1.24866411709537e-06, -0.00873438463192944, -2.32850218440842e-06, -0.0491206622067723, -2.32850218441128e-06, 3.9367842182836e-07, 0.0491206622067723, -3.02902676695189e-06, 1.24855344098642e-06, -0.00864053792860647, -2.85509189699774e-09, 1.48261321929589e-05, -2.85509189700092e-09, 7.97572671398492e-09, -1.48261321929589e-05, -3.45357356013426e-09, 1.10676161237169e-10, -9.38467033230186e-05, 
226, 0, -2.34736176068861e-06, -0.0491052353887557, -2.34736176069102e-06, 2.80187487023681e-07, 0.0491052353887557, -3.09606060265595e-06, 1.09159339034765e-06, -0.00873434236413919, -2.34408605252621e-06, -0.0491200624022273, -2.34408605252926e-06, 2.72364461123956e-07, 0.0491200624022273, -3.09260737057795e-06, 1.09166166531195e-06, -0.00864049700142913, -3.27570815915081e-09, 1.48270134715878e-05, -3.27570815915081e-09, 7.82302588456321e-09, -1.48270134715878e-05, -3.45323212749455e-09, -6.82749931746421e-11, -9.38453627100616e-05, 
226, 10, -2.31218062841721e-06, -0.0490693774299559, -2.31218062841961e-06, 3.12685616935987e-07, 0.0490693774299559, -3.32088210833221e-06, 1.09158632610224e-06, -0.00872349621960268, -2.30887391086767e-06, -0.0490842156572074, -2.30887391087049e-06, 3.04857872325897e-07, 0.0490842156572073, -3.31738765086445e-06, 1.09160197010861e-06, -0.00862963402183662, -3.30671756268451e-09, 1.48382272515959e-05, -3.30671756268451e-09, 7.82774466803578e-09, -1.48382272515959e-05, -3.49445747012475e-09, -1.56439505925484e-11, -9.3862197766085e-05, 
226, 18, -2.37219342643793e-06, -0.0490933567577516, -2.37219342644098e-06, 2.70988172239056e-07, 0.0490933567577516, -3.23684701331015e-06, 1.1750612498904e-06, -0.00873400702272385, -2.36881888419315e-06, -0.0491081911225944, -2.36881888419553e-06, 2.63118341776105e-07, 0.0491081911225944, -3.233299527696e-06, 1.17509269845171e-06, -0.00864014269734166, -3.37454224467837e-09, 1.48343648428028e-05, -3.3745422446752e-09, 7.86983037030179e-09, -1.48343648428028e-05, -3.54748547779951e-09, -3.14486656801922e-11, -9.38643253821943e-05, 
227, 0, -2.38154711039768e-06, -0.0490932429897401, -2.38154711040052e-06, 1.4809658778262e-07, 0.0490932429897401, -3.29723291498964e-06, 1.00800751786397e-06, -0.00873401719037005, -2.37775562568105e-06, -0.0491080781992404, -2.37775562568365e-06, 1.40405507141612e-07, 0.0491080781992403, -3.29369297964153e-06, 1.00822237055804e-06, -0.00864015354888993, -3.79148467997124e-09, 1.4835209500229e-05, -3.79148467997484e-09, 7.69108058731891e-09, -1.4835209500229e-05, -3.53993532170869e-09, -2.14852789682656e-10, -9.38636414801456e-05, 
227, 10, -2.33623953176619e-06, -0.0490745014684822, -2.33623953176882e-06, 1.97238719572543e-07, 0.0490745014684822, -3.52472786397197e-06, 1.00089657932111e-06, -0.00872470813223206, -2.3323985398249e-06, -0.0490893465819739, -2.33239853982752e-06, 1.89548196998935e-07, 0.0490893465819738, -3.52114411580743e-06, 1.00106110668024e-06, -0.00863082364744033, -3.84099198022641e-09, 1.48451134917891e-05, -3.84099198022302e-09, 7.69052261628796e-09, -1.48451134917891e-05, -3.58374815046061e-09, -1.64527315669508e-10, -9.38844847917343e-05, 
227, 18, -2.3992321729984e-06, -0.0490978230773153, -2.39923217300103e-06, 1.46350308973095e-07, 0.0490978230773153, -3.44746454352748e-06, 1.08624731855703e-06, -0.00873516393087834, -2.39529857318615e-06, -0.0491126615417523, -2.39529857318943e-06, 1.38616563611665e-07, 0.0491126615417523, -3.44382322981285e-06, 1.08643264130118e-06, -0.00864127155266788, -3.93359982043244e-09, 1.48384644368949e-05, -3.93359982043223e-09, 7.73374540477534e-09, -1.48384644368949e-05, -3.6413136951972e-09, -1.85322789192529e-10, -9.3892378210445e-05, 
228, 0, -2.40240460105959e-06, -0.049098180607577, -2.40240460106178e-06, 2.25637330470063e-08, 0.049098180607577, -3.50358544231648e-06, 9.08261265124112e-07, -0.00873522587500778, -2.39806075903712e-06, -0.0491130198753703, -2.39806075903933e-06, 1.50378167919816e-08, 0.0491130198753703, -3.49995944430562e-06, 9.08634735315574e-07, -0.00864133361356167, -4.34384198640616e-09, 1.48392677933886e-05, -4.34384198640637e-09, 7.52591624634676e-09, -1.48392677933886e-05, -3.62599799327515e-09, -3.73470112699445e-10, -9.38922614461564e-05, 
228, 10, -2.34472234857361e-06, -0.0490946937140405, -2.34472234857622e-06, 9.08136115085172e-08, 0.0490946937140405, -3.71812056140692e-06, 8.76563876679441e-07, -0.00872746345437402, -2.34033767595328e-06, -0.0491095416431101, -2.34033767595589e-06, 8.32822384065714e-08, 0.0491095416431101, -3.71444161557267e-06, 8.76901968203163e-07, -0.00863354667428188, -4.384672634515e-09, 1.48479290694815e-05, -4.38467263452495e-09, 7.53137312455077e-09, -1.48479290694815e-05, -3.67894590148631e-09, -3.38091509993382e-10, -9.39167800921229e-05, 
228, 18, -2.41147307526789e-06, -0.0491171817710826, -2.41147307527009e-06, 2.93391833778093e-08, 0.0491171817710826, -3.64924528342417e-06, 9.63329623058414e-07, -0.00873779555261759, -2.40696748835606e-06, -0.049132020667722, -2.40696748835956e-06, 2.17723211573629e-08, 0.049132020667722, -3.64551285530117e-06, 9.63696109480385e-07, -0.00864386602262989, -4.50558690194352e-09, 1.48388966394373e-05, -4.50558690194712e-09, 7.5668622301147e-09, -1.48388966394373e-05, -3.7324281864486e-09, -3.66486391496845e-10, -9.39295299876923e-05, 
229, 0, -2.40890180730072e-06, -0.0491179510684086, -2.40890180730332e-06, -9.47205869429001e-08, 0.0491179510684086, -3.69905683502925e-06, 7.74201720573776e-07, -0.00873790797946319, -2.40399485643256e-06, -0.04913279073922, -2.40399485643561e-06, -1.02049756119923e-07, 0.04913279073922, -3.69534924784834e-06, 7.74760913799625e-07, -0.00864397809004294, -4.90695086983576e-09, 1.48396708113412e-05, -4.90695086983597e-09, 7.32916915652778e-09, -1.48396708113413e-05, -3.70758720974483e-09, -5.59193272848807e-10, -9.39298894202548e-05, 
229, 10, -2.3430073602012e-06, -0.0491287309447492, -2.34300736020383e-06, -1.22525832936581e-08, 0.0491287309447492, -3.88801977736612e-06, 7.10646291959577e-07, -0.00873128738404545, -2.33806710255238e-06, -0.0491435777754921, -2.33806710255498e-06, -1.95825815430633e-08, 0.0491435777754921, -3.88426127812573e-06, 7.1117465523302e-07, -0.00863732982993744, -4.94025764110727e-09, 1.48468307429852e-05, -4.94025764110727e-09, 7.32999822592789e-09, -1.48468307429852e-05, -3.75849921143005e-09, -5.28363180262829e-10, -9.3957554108005e-05, 
229, 19, -2.41009653235847e-06, -0.0491506559204725, -2.41009653236109e-06, -7.99592763245187e-08, 0.0491506559204725, -3.83066747011222e-06, 7.98090219991996e-07, -0.0087415145637715, -2.40501896654381e-06, -0.0491654920215624, -2.40501896654684e-06, -8.73268936109158e-08, 0.0491654920215624, -3.82686252712049e-06, 7.98663047184675e-07, -0.00864753984388702, -5.07756584970064e-09, 1.48361010899147e-05, -5.07756584970085e-09, 7.36761735079254e-09, -1.48361010899147e-05, -3.8049430805551e-09, -5.72827178647821e-10, -9.39747198844874e-05, 
230, 0, -2.40227702563741e-06, -0.0491517187237524, -2.40227702564089e-06, -2.05288751610537e-07, 0.0491517187237524, -3.87078095694103e-06, 5.97841891133856e-07, -0.00874166999933259, -2.39681396979577e-06, -0.0491665555217259, -2.39681396979839e-06, -2.12386877460741e-07, 0.0491665555217259, -3.86701016095129e-06, 5.98611918709531e-07, -0.00864769453511485, -5.46305585192745e-09, 1.48367979737849e-05, -5.46305585192745e-09, 7.09812582734603e-09, -1.48367979737849e-05, -3.77079598904547e-09, -7.70027705503999e-10, -9.39754642177424e-05, 
230, 10, -2.33371330428693e-06, -0.0491743585326909, -2.33371330428956e-06, -1.16568067839053e-07, 0.0491743585326909, -4.03057860443785e-06, 4.96960198362848e-07, -0.00873627027983782, -2.32821631127039e-06, -0.0491892009018667, -2.32821631127344e-06, -1.23672065414542e-07, 0.0491892009018667, -4.02675601502447e-06, 4.97721341432603e-07, -0.00864226431169699, -5.496992997798e-09, 1.4842369175844e-05, -5.4969929977944e-09, 7.10399757063851e-09, -1.4842369175844e-05, -3.82258946754205e-09, -7.61143066471837e-10, -9.4005968140809e-05, 
230, 19, -2.39908967660105e-06, -0.0491950686714505, -2.39908967660409e-06, -1.87739896613368e-07, 0.0491950686714505, -3.9798401501691e-06, 5.85548225220441e-07, -0.00874625420923048, -2.39348544762266e-06, -0.0492098983953249, -2.39348544762529e-06, -1.94847316013225e-07, 0.0492098983953249, -3.97599035293047e-06, 5.86355316059176e-07, -0.00865222801199668, -5.60422899801728e-09, 1.48297238743782e-05, -5.60422899801431e-09, 7.10741942968634e-09, -1.48297238743782e-05, -3.84979718370974e-09, -8.07090848515848e-10, -9.40261972337805e-05, 
231, 0, -2.38588958390067e-06, -0.0491964465084151, -2.38588958390327e-06, -3.12282484636317e-07, 0.0491964465084151, -4.00853423080166e-06, 3.76615799621508e-07, -0.00874644650288274, -2.37991700823354e-06, -0.0492112769265852, -2.37991700823616e-06, -3.19091814239614e-07, 0.0492112769265852, -4.00473125776374e-06, 3.7762161886109e-07, -0.00865241930173719, -5.97257565940596e-09, 1.48304181698569e-05, -5.97257565940596e-09, 6.80932961662888e-09, -1.48304181698569e-05, -3.80297299388279e-09, -1.00581909573582e-09, -9.40272011455616e-05, 
231, 10, -2.32136804428662e-06, -0.0492308679938202, -2.32136804428923e-06, -2.23877944951394e-07, 0.0492308679938202, -4.12856568447175e-06, 2.65777713694144e-07, -0.00874186749577686, -2.31538209417869e-06, -0.0492457024164108, -2.31538209418219e-06, -2.30691002855471e-07, 0.0492457024164108, -4.12471824497572e-06, 2.66776863834895e-07, -0.00864780754197874, -5.98595010743039e-09, 1.48344225906852e-05, -5.98595010743018e-09, 6.81305788518667e-09, -1.48344225906852e-05, -3.84743950475706e-09, -9.99150022824843e-10, -9.40599537981522e-05, 
231, 19, -2.38284319527112e-06, -0.0492503766001635, -2.38284319527331e-06, -2.95503783826681e-07, 0.0492503766001635, -4.08420989698985e-06, 3.51450192439463e-07, -0.00875153241053623, -2.37680520178074e-06, -0.0492651963844722, -2.37680520178337e-06, -3.02315387572275e-07, 0.0492651963844722, -4.08034968673496e-06, 3.52497312802928e-07, -0.00865745060444233, -6.03799351130255e-09, 1.48197843085136e-05, -6.03799351130594e-09, 6.8116037516012e-09, -1.48197843085136e-05, -3.86021031728997e-09, -1.04712039326155e-09, -9.40818060938623e-05, 
232, 0, -2.36444117373686e-06, -0.0492520821128403, -2.3644411737395e-06, -4.19404617159755e-07, 0.0492520821128403, -4.1001279193351e-06, 1.36877685379688e-07, -0.00875174351495869, -2.35805511503157e-06, -0.0492669025784814, -2.35805511503375e-06, -4.25894332847589e-07, 0.0492669025784814, -4.09632751023311e-06, 1.38123211804913e-07, -0.00865766055441079, -6.38605869469684e-09, 1.48204656408969e-05, -6.38605869469367e-09, 6.48971568378233e-09, -1.48204656408969e-05, -3.80040908846867e-09, -1.24552637193252e-09, -9.40829605479222e-05, 
232, 10, -2.30320506288291e-06, -0.0492968039804171, -2.30320506288552e-06, -3.3316579447162e-07, 0.0492968039804171, -4.18233627852045e-06, 1.07999037418609e-08, -0.00874767293846354, -2.29682589445378e-06, -0.0493116268104468, -2.29682589445639e-06, -3.39661679239658e-07, 0.0493116268104468, -4.17850024159466e-06, 1.20390757562997e-08, -0.00865355580616738, -6.37916843917943e-09, 1.48228300295003e-05, -6.37916843917943e-09, 6.4958847944062e-09, -1.48228300295003e-05, -3.83603688738799e-09, -1.23917210653527e-09, -9.41171322961384e-05, 
232, 19, -2.35876534745216e-06, -0.0493154652392522, -2.35876534745433e-06, -3.98651681096187e-07, 0.0493154652392522, -4.13860200269064e-06, 1.09040583300877e-07, -0.00875699895509121, -2.35240728938807e-06, -0.0493302713905763, -2.35240728939068e-06, -4.0516038345665e-07, 0.0493302713905763, -4.13476882869768e-06, 1.10321634201347e-07, -0.0086628597041349, -6.35805805833114e-09, 1.48061513242034e-05, -6.35805805833114e-09, 6.50870237787367e-09, -1.48061513242034e-05, -3.833174060181e-09, -1.2810509858582e-09, -9.41392509563043e-05, 
233, 0, -2.33523385778946e-06, -0.0493174580965113, -2.3352338577925e-06, -5.21307730238669e-07, 0.0493174580965113, -4.14123661506726e-06, -1.08598550852918e-07, -0.00875721817899227, -2.32854851151319e-06, -0.0493322649223955, -2.32854851151623e-06, -5.27474522038778e-07, 0.0493322649223955, -4.13747617715599e-06, -1.07121798756833e-07, -0.00866307771146405, -6.68534630591104e-09, 1.480682588404e-05, -6.68534630591104e-09, 6.16679178095886e-09, -1.480682588404e-05, -3.76043785841458e-09, -1.4767520469843e-09, -9.41404675282216e-05, 
233, 10, -2.27376309304737e-06, -0.0493703049234526, -2.27376309305041e-06, -4.32423463901998e-07, 0.0493703049234526, -4.18650094777535e-06, -2.560617632772e-07, -0.00875358285605783, -2.26711316145127e-06, -0.0493851128807859, -2.26711316145347e-06, -4.38546445371935e-07, 0.0493851128807859, -4.18272356774877e-06, -2.54604039870232e-07, -0.0086594070482802, -6.64993157247033e-09, 1.48079573334279e-05, -6.64993157247012e-09, 6.12298148464763e-09, -1.48079573334279e-05, -3.77737994443467e-09, -1.45772319139976e-09, -9.41758077776177e-05, 
233, 19, -2.32387093234633e-06, -0.0493887805651478, -2.32387093234852e-06, -4.90026102769943e-07, 0.0493887805651478, -4.14313026725024e-06, -1.36556275106536e-07, -0.00876265938296555, -2.31732991975836e-06, -0.049403570361929, -2.31732991976009e-06, -4.96228505854956e-07, 0.049403570361929, -4.13935836072066e-06, -1.35060975152882e-07, -0.00866846218248177, -6.54101259649077e-09, 1.4789796781094e-05, -6.54101259649098e-09, 6.20240308023795e-09, -1.4789796781094e-05, -3.77190650133873e-09, -1.49529996011969e-09, -9.41972004837749e-05, 
234, 0, -2.29571270401833e-06, -0.0493910267312228, -2.29571270402134e-06, -6.10554428475372e-07, 0.0493910267312228, -4.13218274176738e-06, -3.54320392997403e-07, -0.00876288624922303, -2.28886612885701e-06, -0.0494058172119649, -2.28886612886009e-06, -6.16408290015879e-07, 0.0494058172119649, -4.12849465899208e-06, -3.52633016959391e-07, -0.00866868783745259, -6.84657517363651e-09, 1.47904807420421e-05, -6.8465751736363e-09, 5.85386155790054e-09, -1.47904807420421e-05, -3.68808272077782e-09, -1.6873760613844e-09, -9.41984117704448e-05, 
234, 10, -2.23603097358609e-06, -0.0494455980781086, -2.23603097358871e-06, -5.16387926023882e-07, 0.0494455980781086, -4.14058901516645e-06, -4.890585619461e-07, -0.00875892475367913, -2.2292363467837e-06, -0.0494603895607011, -2.22923634678631e-06, -5.2212769511781e-07, 0.0494603895607011, -4.13690012764182e-06, -4.87401501414961e-07, -0.00866468937629814, -6.79462675823454e-09, 1.47914825923698e-05, -6.79462675823771e-09, 5.73976904055334e-09, -1.47914825923698e-05, -3.68888749000008e-09, -1.65706068282867e-09, -9.42353773809893e-05, 
234, 19, -2.28367757026828e-06, -0.0494647648917855, -2.28367757027089e-06, -5.78755541972067e-07, 0.0494647648917855, -4.10337266782787e-06, -3.66450477785286e-07, -0.00876809355702683, -2.27708257234247e-06, -0.0494795377040943, -2.27708257234509e-06, -5.84655633909416e-07, 0.0494795377040943, -4.0996920775931e-06, -3.64763622049323e-07, -0.00867383878852501, -6.59499791756517e-09, 1.47728123088713e-05, -6.59499791756539e-09, 5.90009195229899e-09, -1.47728123088713e-05, -3.68059026614331e-09, -1.68685573165932e-09, -9.42547685018074e-05, 
235, 0, -2.25117939032484e-06, -0.0494671009464705, -2.25117939032745e-06, -6.97382305045832e-07, 0.0494671009464705, -4.07985163595273e-06, -5.81315535962823e-07, -0.00876831513482126, -2.24430026704653e-06, -0.0494818744554221, -2.24430026704915e-06, -7.02941775600204e-07, 0.0494818744554221, -4.07626365815979e-06, -5.79440601959987e-07, -0.00867405925622543, -6.87912326549668e-09, 1.47735089516131e-05, -6.87912326549351e-09, 5.55947054502002e-09, -1.47735089516131e-05, -3.58797788319595e-09, -1.87493406343395e-09, -9.42558785958673e-05, 
235, 10, -2.19649829006507e-06, -0.049517812886393, -2.19649829006855e-06, -6.01746337927944e-07, 0.049517812886393, -4.06366676023677e-06, -6.82482699750633e-07, -0.0087627270009939, -2.18970122365363e-06, -0.0495325877029759, -2.18970122365624e-06, -6.07303977013201e-07, 0.0495325877029759, -4.06007190353981e-06, -6.80635944026361e-07, -0.0086684334885719, -6.79706640270654e-09, 1.477481658276e-05, -6.79706640270675e-09, 5.55763911347531e-09, -1.477481658276e-05, -3.59485672689251e-09, -1.8467557176515e-09, -9.42935124220042e-05, 
235, 19, -2.24201642835129e-06, -0.0495384028292974, -2.2420164283539e-06, -6.74655788521911e-07, 0.0495384028292974, -4.03372403184508e-06, -5.60792120068756e-07, -0.00877246291440434, -2.23546112323877e-06, -0.0495531589650936, -2.23546112324181e-06, -6.80268804087457e-07, 0.0495531589650936, -4.03015623533523e-06, -5.58951226986962e-07, -0.00867815382892452, -6.55530513286337e-09, 1.47561357962793e-05, -6.55530513286676e-09, 5.61301557538622e-09, -1.47561357962793e-05, -3.56779655609728e-09, -1.8408931707211e-09, -9.43090854798057e-05, 
236, 0, -2.20476604309399e-06, -0.049540687497003, -2.20476604309704e-06, -7.91587206827413e-07, 0.049540687497003, -3.99988434005392e-06, -7.71000713980972e-07, -0.00877265954168419, -2.19794470238633e-06, -0.0495554443499568, -2.19794470238938e-06, -7.96866771593827e-07, 0.0495554443499568, -3.99641664977291e-06, -7.68977565129855e-07, -0.00867834957809216, -6.82134072129844e-09, 1.47568529535634e-05, -6.82134072129527e-09, 5.27956475642765e-09, -1.47568529535634e-05, -3.46769029422578e-09, -2.02314888513976e-09, -9.43099635920054e-05, 
236, 10, -2.15440930540004e-06, -0.049588277898032, -2.15440930540222e-06, -7.03272317732231e-07, 0.049588277898032, -3.97646644309422e-06, -8.64014225681282e-07, -0.00876548193064156, -2.14765973570817e-06, -0.0496030356305124, -2.14765973571078e-06, -7.08555611971938e-07, 0.0496030356305124, -3.97299156966305e-06, -8.62034818607432e-07, -0.00867113631307121, -6.7495696945506e-09, 1.47577324805307e-05, -6.74956969455377e-09, 5.2832942222056e-09, -1.47577324805307e-05, -3.47487338772227e-09, -1.97940720357618e-09, -9.43456175703729e-05, 
236, 19, -2.19889013728554e-06, -0.0496102389121426, -2.1988901372886e-06, -7.83907789161105e-07, 0.0496102389121426, -3.95281144261832e-06, -7.2306392865068e-07, -0.00877588791972444, -2.19243428176313e-06, -0.0496249778271106, -2.19243428176621e-06, -7.89270902607549e-07, 0.0496249778271106, -3.94936184888414e-06, -7.2109607806091e-07, -0.00868153229181984, -6.4558555316765e-09, 1.47389149679597e-05, -6.45585553167311e-09, 5.36311349304515e-09, -1.47389149679597e-05, -3.44959370323412e-09, -1.96785049511026e-09, -9.43556279046366e-05, 
237, 0, -2.15607344772047e-06, -0.0496125041584675, -2.1560734477231e-06, -8.98948015444994e-07, 0.0496125041584675, -3.91069547917768e-06, -9.28066890655545e-07, -0.0087760684807226, -2.14936491736931e-06, -0.049627243803479, -2.14936491737237e-06, -9.03987866066853e-07, 0.049627243803479, -3.90735207847514e-06, -9.25921994411685e-07, -0.00868171234427344, -6.70853034614227e-09, 1.4739645011514e-05, -6.70853034614248e-09, 5.03985056945128e-09, -1.4739645011514e-05, -3.34340071590015e-09, -2.14489624326248e-09, -9.43561364491591e-05, 
237, 10, -2.11101389752254e-06, -0.0496597983004994, -2.11101389752603e-06, -8.2435707849693e-07, 0.0496597983004994, -3.89082211160484e-06, -1.02151176649265e-06, -0.00876861628661378, -2.10439506114148e-06, -0.0496745377349851, -2.10439506114411e-06, -8.29472947656814e-07, 0.0496745377349851, -3.88746230714149e-06, -1.01939808264754e-06, -0.00867422889448568, -6.6188363886969e-09, 1.47394344858276e-05, -6.6188363886969e-09, 5.11586911184687e-09, -1.47394344858276e-05, -3.3598044937149e-09, -2.11368381961891e-09, -9.43873921280665e-05, 
237, 19, -2.15237934022753e-06, -0.0496824037451153, -2.15237934022972e-06, -9.04784572407396e-07, 0.0496824037451153, -3.87395853802785e-06, -8.61178317682755e-07, -0.00877944444673522, -2.14603419428388e-06, -0.0496971240344808, -2.14603419428692e-06, -9.09951390184237e-07, 0.0496971240344808, -3.87062419993285e-06, -8.59099964970483e-07, -0.00868505381744677, -6.34514593807625e-09, 1.47202893654624e-05, -6.34514593807942e-09, 5.16681774250699e-09, -1.47202893654624e-05, -3.3343381178079e-09, -2.07835269197877e-09, -9.43906292884696e-05, 
238, 0, -2.10326239848312e-06, -0.0496847065397892, -2.10326239848619e-06, -1.01759358213151e-06, 0.0496847065397892, -3.82503841743346e-06, -1.06149422797873e-06, -0.0087796386550023, -2.09667375617435e-06, -0.0496994275288734, -2.0966737561774e-06, -1.02244705911646e-06, 0.0496994275288734, -3.82181504617544e-06, -1.05924490870272e-06, -0.00868524803430572, -6.58864229979221e-09, 1.47209890841312e-05, -6.58864229979581e-09, 4.85347698046214e-09, -1.47209890841312e-05, -3.22337119002847e-09, -2.24931950680808e-09, -9.43906206965722e-05, 
238, 10, -2.06317530730347e-06, -0.0497301552141739, -2.06317530730652e-06, -9.51863534443224e-07, 0.0497301552141739, -3.81450904237712e-06, -1.15329236388056e-06, -0.00877250564671322, -2.05668728568089e-06, -0.0497448754438712, -2.05668728568437e-06, -9.56814525464897e-07, 0.0497448754438712, -3.81126093117833e-06, -1.15107194066754e-06, -0.00867808898824231, -6.48802162912676e-09, 1.47202296972392e-05, -6.48802162912655e-09, 4.95099102490737e-09, -1.47202296972392e-05, -3.24811122903062e-09, -2.22042321133471e-09, -9.44166584709311e-05, 
238, 19, -2.10016435310317e-06, -0.0497529832662408, -2.10016435310623e-06, -1.03358001754833e-06, 0.0497529832662408, -3.80629095599492e-06, -9.92386539874063e-07, -0.00878355946090348, -2.09390918029278e-06, -0.0497676841530862, -2.09390918029586e-06, -1.03858305622728e-06, 0.0497676841530862, -3.80306238688834e-06, -9.9020715192888e-07, -0.00868914729496304, -6.25517281073065e-09, 1.47008868455273e-05, -6.25517281073086e-09, 5.00303861492051e-09, -1.47008868455273e-05, -3.22856906238339e-09, -2.17938789653231e-09, -9.44121659404319e-05, 
239, 0, -2.04421944384472e-06, -0.0497552343575667, -2.04421944384735e-06, -1.14372083410571e-06, 0.0497552343575667, -3.75100921244789e-06, -1.1891526660331e-06, -0.00878376805039096, -2.03772613593264e-06, -0.0497699358939901, -2.03772613593526e-06, -1.14841519895259e-06, 0.0497699358939901, -3.74789715082289e-06, -1.18680753136338e-06, -0.00868935649448443, -6.49330790691242e-09, 1.47015364235423e-05, -6.49330790690882e-09, 4.69436487712227e-09, -1.47015364235423e-05, -3.11206159982335e-09, -2.34513470817848e-09, -9.44115559065121e-05, 
239, 10, -2.00905626146306e-06, -0.0497951873792902, -2.00905626146569e-06, -1.08946853489666e-06, 0.0497951873792902, -3.75243837317955e-06, -1.29600655420088e-06, -0.00877553820753234, -2.00265747853296e-06, -0.0498098875678091, -2.00265747853559e-06, -1.09428359528553e-06, 0.0498098875678091, -3.74929862466804e-06, -1.29367289648008e-06, -0.00868110684248091, -6.39878293923433e-09, 1.47001885188475e-05, -6.39878293923073e-09, 4.8150604272768e-09, -1.47001885188475e-05, -3.13974848900221e-09, -2.33365766298319e-09, -9.44313650514203e-05, 
239, 18, -2.04053126026648e-06, -0.0498178911896795, -2.04053126026951e-06, -1.17401582590125e-06, 0.0498178911896795, -3.74820095306493e-06, -1.13673449524589e-06, -0.0087866838177932, -2.03428364701545e-06, -0.0498325704665548, -2.0342836470185e-06, -1.17881317184763e-06, 0.0498325704665548, -3.74507938717868e-06, -1.13444309631338e-06, -0.00869226400061101, -6.24761324908393e-09, 1.46792768752686e-05, -6.24761324908732e-09, 4.79734595635544e-09, -1.46792768752686e-05, -3.12156582362542e-09, -2.29139901290864e-09, -9.44198171821554e-05, 
240, 0, -1.97768229195648e-06, -0.0498200758601279, -1.97768229195953e-06, -1.27918797560559e-06, 0.0498200758601279, -3.68700426435719e-06, -1.3320406543696e-06, -0.00878684926142389, -1.97120305257748e-06, -0.0498347557269526, -1.97120305258099e-06, -1.28367444112749e-06, 0.0498347557269526, -3.68400639754856e-06, -1.32959345839021e-06, -0.00869243090555484, -6.47923937186257e-09, 1.4679866824694e-05, -6.47923937185939e-09, 4.48646554472315e-09, -1.4679866824694e-05, -2.99786679707859e-09, -2.44719591340767e-09, -9.44183558690671e-05, 
240, 10, -1.94942298954183e-06, -0.0498477758634634, -1.94942298954577e-06, -1.22992469802416e-06, 0.0498477758634634, -3.69422150229779e-06, -1.45890799220628e-06, -0.00877936914273811, -1.94300336916159e-06, -0.0498624568513996, -1.94300336916462e-06, -1.23453882169438e-06, 0.0498624568513996, -3.69119150262637e-06, -1.45645989983924e-06, -0.00868493513508978, -6.41962038448897e-09, 1.46809879361663e-05, -6.41962038448568e-09, 4.61412366975601e-09, -1.46809879361663e-05, -3.02999969168343e-09, -2.44809249893698e-09, -9.44340076483143e-05, 
240, 18, -1.97396670248598e-06, -0.0498713785302384, -1.97396670248948e-06, -1.31129432419831e-06, 0.0498713785302384, -3.69670590655195e-06, -1.30494438452099e-06, -0.00879077082676026, -1.96765390030061e-06, -0.049886041636179, -1.96765390030366e-06, -1.31588396003031e-06, 0.049886041636179, -3.69369328029706e-06, -1.30252979320554e-06, -0.00869635374953899, -6.31280216753864e-09, 1.46631059408352e-05, -6.31280216753885e-09, 4.58963582614388e-09, -1.46631059408352e-05, -3.01262623772638e-09, -2.4145913773828e-09, -9.44170772212566e-05, 
241, 0, -1.90394617451945e-06, -0.0498731976993406, -1.9039461745225e-06, -1.41239031598789e-06, 0.0498731976993406, -3.6267682478521e-06, -1.49796166928955e-06, -0.00879095818211232, -1.89740727761088e-06, -0.0498878614789431, -1.8974072776148e-06, -1.41666311524752e-06, 0.0498878614789431, -3.62388559211522e-06, -1.49539653878257e-06, -0.00869654313887232, -6.53889690116461e-09, 1.46637796023968e-05, -6.53889690116112e-09, 4.2727993073721e-09, -1.46637796023968e-05, -2.88265572213891e-09, -2.5651304559768e-09, -9.44150432399969e-05, 
241, 10, -1.88079633472177e-06, -0.0498828303171895, -1.88079633472483e-06, -1.37033621477589e-06, 0.0498828303171895, -3.61626917967703e-06, -1.65013800143256e-06, -0.00878368923177189, -1.87430483731373e-06, -0.0498974993868851, -1.87430483731632e-06, -1.37470197746893e-06, 0.0498974993868851, -3.6133566470298e-06, -1.64756683204205e-06, -0.0086892614000743, -6.49149740682139e-09, 1.46690696958067e-05, -6.49149740682139e-09, 4.3657626939177e-09, -1.46690696958067e-05, -2.91253261076861e-09, -2.57116940767855e-09, -9.44278316975521e-05, 
241, 18, -1.89808564516871e-06, -0.0499077909983235, -1.89808564517134e-06, -1.45124454414415e-06, 0.0499077909983235, -3.62596212059107e-06, -1.50741717934472e-06, -0.00879543855986043, -1.89162889736643e-06, -0.049922449244302, -1.89162889736991e-06, -1.45561105119236e-06, 0.049922449244302, -3.62307473922991e-06, -1.50485737450848e-06, -0.00870103065046954, -6.45674778569891e-09, 1.4658245978487e-05, -6.45674778570219e-09, 4.36650697701927e-09, -1.4658245978487e-05, -2.88738140372725e-09, -2.55980482031189e-09, -9.4407909390894e-05, 
242, 0, -1.82059926135994e-06, -0.0499091013659494, -1.82059926136342e-06, -1.54805361080668e-06, 0.0499091013659494, -3.54476969326043e-06, -1.69675225326899e-06, -0.0087956099349695, -1.81392232278479e-06, -0.0499237605422936, -1.81392232278742e-06, -1.55209212165554e-06, 0.0499237605422936, -3.54202011239114e-06, -1.69404755265836e-06, -0.00870120448017943, -6.67693857875488e-09, 1.46591763443754e-05, -6.67693857875488e-09, 4.03851087920423e-09, -1.46591763443754e-05, -2.74958090699825e-09, -2.70470080445125e-09, -9.44054547900761e-05, 
242, 10, -1.80321076264723e-06, -0.0498837770607251, -1.80321076265028e-06, -1.50176466950673e-06, 0.0498837770607251, -3.49223744841788e-06, -1.85835382964039e-06, -0.00878496758429238, -1.79656857960696e-06, -0.0498984457422783, -1.79656857961085e-06, -1.50576539128203e-06, 0.0498984457422783, -3.48946934844797e-06, -1.85567024833951e-06, -0.00869055557977506, -6.64218303924591e-09, 1.46686815533224e-05, -6.64218303924263e-09, 4.00072180270648e-09, -1.46686815533224e-05, -2.76809998927034e-09, -2.6835814278577e-09, -9.44120045173435e-05, 
242, 18, -1.81352240040755e-06, -0.0499097522546037, -1.8135224004106e-06, -1.58667870002748e-06, 0.0499097522546037, -3.5112710578785e-06, -1.72377974218378e-06, -0.00879705052548035, -1.80683277236724e-06, -0.0499244163473798, -1.80683277237071e-06, -1.59078869420579e-06, 0.0499244163473798, -3.50853984492743e-06, -1.72106220468257e-06, -0.00870266407855611, -6.6896280449171e-09, 1.46640927760711e-05, -6.6896280449172e-09, 4.10999419687778e-09, -1.46640927760711e-05, -2.73121294372323e-09, -2.71753754414661e-09, -9.4386446924241e-05, 
243, 0, -1.72876759499269e-06, -0.0499098689037896, -1.72876759499574e-06, -1.67865320257771e-06, 0.0499098689037896, -3.41750668463122e-06, -1.90645025674825e-06, -0.00879710856963853, -1.72186747443051e-06, -0.0499245341498177, -1.72186747443269e-06, -1.68241583179339e-06, 0.0499245341498177, -3.41492207437872e-06, -1.90359556572178e-06, -0.00870272527028296, -6.90012058633235e-09, 1.4665246028162e-05, -6.90012058633256e-09, 3.76262918714719e-09, -1.4665246028162e-05, -2.58461025400053e-09, -2.85469111423191e-09, -9.43832993555358e-05, 
243, 10, -1.71991765816658e-06, -0.0498693546471725, -1.71991765816965e-06, -1.59647314584748e-06, 0.0498693546471725, -3.30911097812411e-06, -2.0493199966245e-06, -0.00878312837975586, -1.7129855532114e-06, -0.0498840284516618, -1.71298555321358e-06, -1.60008386196448e-06, 0.0498840284516618, -3.30651905946138e-06, -2.04650763487491e-06, -0.00868874702984456, -6.93210495766931e-09, 1.4673804489228e-05, -6.93210495766603e-09, 3.61071615566483e-09, -1.4673804489228e-05, -2.59191872874326e-09, -2.81236156647318e-09, -9.43813499113098e-05, 
243, 18, -1.71963301614431e-06, -0.0498954045551129, -1.71963301614737e-06, -1.70043392864507e-06, 0.0498954045551129, -3.33337820052932e-06, -1.94270113215625e-06, -0.00879512595696169, -1.7126291305286e-06, -0.0499100747913233, -1.71262913053164e-06, -1.70421072095261e-06, 0.0499100747913233, -3.33084537252185e-06, -1.93982451792291e-06, -0.00870077806222422, -7.00388560897301e-09, 1.46702362104255e-05, -7.00388560897322e-09, 3.77679236596765e-09, -1.46702362104255e-05, -2.53282795757463e-09, -2.8766142345786e-09, -9.43478947374657e-05, 
244, 0, -1.62859869745043e-06, -0.0498951858663367, -1.62859869745262e-06, -1.78677065334377e-06, 0.0498951858663367, -3.22641733517717e-06, -2.11520139721882e-06, -0.00879508377355697, -1.62140011649751e-06, -0.0499098571755506, -1.62140011650011e-06, -1.79017875230372e-06, 0.0499098571755506, -3.22403996858816e-06, -2.11219738240825e-06, -0.00870073990706016, -7.19858096221498e-09, 1.46713092138252e-05, -7.19858096221826e-09, 3.40809896706943e-09, -1.46713092138252e-05, -2.37736658318375e-09, -3.00401469952633e-09, -9.43438664968557e-05, 
244, 10, -1.62564509295408e-06, -0.0498497231436144, -1.62564509295713e-06, -1.6885794511494e-06, 0.0498497231436143, -3.06326437864796e-06, -2.23046865909773e-06, -0.00878219630685144, -1.61835070686421e-06, -0.0498644018196335, -1.61835070686727e-06, -1.69196993893929e-06, 0.0498644018196335, -3.06088273324693e-06, -2.2274685716183e-06, -0.00868785958910971, -7.29438607551262e-09, 1.46786760192398e-05, -7.29438607550912e-09, 3.3904878798304e-09, -1.46786760192398e-05, -2.38164542877056e-09, -3.00008750760379e-09, -9.43367177417103e-05, 
244, 18, -1.61652633423717e-06, -0.0498753333862346, -1.61652633424021e-06, -1.79399573648905e-06, 0.0498753333862346, -3.08871108022637e-06, -2.15359040131059e-06, -0.00879364444391385, -1.60916130764821e-06, -0.0498900096617016, -1.60916130765127e-06, -1.79740217305481e-06, 0.0498900096617016, -3.08641551495538e-06, -2.1505519072146e-06, -0.00869934748246506, -7.36502661184481e-09, 1.46762754668834e-05, -7.36502661184481e-09, 3.40643659254134e-09, -1.46762754668834e-05, -2.29556529971522e-09, -3.03849407802441e-09, -9.4296961448832e-05, 
245, 0, -1.52025055190682e-06, -0.0498750132804851, -1.52025055190988e-06, -1.87425560641126e-06, 0.0498750132804851, -2.96911370594818e-06, -2.3120119481917e-06, -0.00879362974002053, -1.5127086555135e-06, -0.0498896904583597, -1.51270865551589e-06, -1.87726357669777e-06, 0.0498896904583597, -2.96698253121671e-06, -2.30885977454246e-06, -0.0086993375052613, -7.54189640830769e-09, 1.46771778744031e-05, -7.54189640830779e-09, 3.00797029089235e-09, -1.46771778744031e-05, -2.1311747824132e-09, -3.15217364161791e-09, -9.42922347592303e-05, 
245, 10, -1.51693730871941e-06, -0.0498196780489571, -1.5169373087218e-06, -1.78585826670901e-06, 0.0498196780489571, -2.76137825516768e-06, -2.41673295719956e-06, -0.00878136183146316, -1.50931389435183e-06, -0.0498343618203096, -1.50931389435425e-06, -1.78877246530659e-06, 0.0498343618203096, -2.75925412895355e-06, -2.41359256227809e-06, -0.00868707965069116, -7.62341439492411e-09, 1.46837713527907e-05, -7.62341439491722e-09, 2.91419855762352e-09, -1.46837713527907e-05, -2.12412621161443e-09, -3.1403948885267e-09, -9.42821807720048e-05, 
245, 18, -1.5047800352372e-06, -0.0498448893682076, -1.50478003524006e-06, -1.87813588170435e-06, 0.0498448893682076, -2.79245799716627e-06, -2.34743026498647e-06, -0.00879227843333153, -1.49703590154523e-06, -0.0498595721558683, -1.49703590154806e-06, -1.88106230764424e-06, 0.0498595721558683, -2.79043206648085e-06, -2.34425591172291e-06, -0.0086980403671874, -7.7441337305999e-09, 1.46827876608482e-05, -7.74413373059661e-09, 2.92642588002265e-09, -1.46827876608482e-05, -2.02593064236895e-09, -3.17435327050128e-09, -9.42380661441372e-05, 
246, 0, -1.40379099937589e-06, -0.0498441851211004, -1.40379099937917e-06, -1.9521079620784e-06, 0.0498441851211004, -2.66154820928566e-06, -2.4894009639822e-06, -0.00879224270217464, -1.3958944420209e-06, -0.0498588686506263, -1.39589444202327e-06, -1.95461679533676e-06, 0.0498588686506263, -2.65969391352801e-06, -2.48612640788968e-06, -0.00869800984580262, -7.89655735208858e-09, 1.46835295257845e-05, -7.89655735209197e-09, 2.50883328260323e-09, -1.46835295257845e-05, -1.85429582648119e-09, -3.27455595770308e-09, -9.42328563720212e-05, 
246, 10, -1.39861384379831e-06, -0.0497736172722063, -1.39861384380094e-06, -1.87790582379293e-06, 0.0497736172722063, -2.43708130279115e-06, -2.58012404989882e-06, -0.00877928442305577, -1.39063632180899e-06, -0.0497883086992787, -1.39063632181227e-06, -1.88036239030342e-06, 0.0497883086992787, -2.4352362883018e-06, -2.57684803311475e-06, -0.00868506253619285, -7.97752201582904e-09, 1.46914270725469e-05, -7.97752201582904e-09, 2.45656651763281e-09, -1.46914270725469e-05, -1.84501446615198e-09, -3.2760167147041e-09, -9.42218868629169e-05, 
246, 18, -1.38626365854718e-06, -0.0497988995291303, -1.38626365854937e-06, -1.9558361305509e-06, 0.0497988995291303, -2.47637213746133e-06, -2.50750993681221e-06, -0.00878991187042677, -1.37815414264302e-06, -0.0498135927208802, -1.37815414264543e-06, -1.95822199262118e-06, 0.0498135927208802, -2.47463306310634e-06, -2.50422154098532e-06, -0.00869573629723096, -8.10951590647889e-09, 1.46931917498661e-05, -8.10951590647899e-09, 2.38586206463082e-09, -1.46931917498661e-05, -1.73907439159661e-09, -3.28839600502835e-09, -9.41755731958187e-05, 
247, 0, -1.28109074318684e-06, -0.0497977040348584, -1.28109074318965e-06, -2.02318557157184e-06, 0.0497977040348584, -2.33701663395627e-06, -2.631640282406e-06, -0.00878982522791943, -1.27285902968403e-06, -0.0498123979172021, -1.27285902968731e-06, -2.02513038161795e-06, 0.0498123979172021, -2.33545467829e-06, -2.62826745785206e-06, -0.00869565511807132, -8.23171352050045e-09, 1.46938823436067e-05, -8.23171352050034e-09, 1.94481001749942e-09, -1.46938823436067e-05, -1.5619556977186e-09, -3.37282457772405e-09, -9.41701098480953e-05, 
247, 10, -1.28382149209866e-06, -0.0497105555901953, -1.28382149210129e-06, -1.94490670141101e-06, 0.0497105555901953, -2.13078789954867e-06, -2.6923517966801e-06, -0.00877501490462501, -1.2755316024267e-06, -0.0497252589228879, -1.27553160242996e-06, -1.94680330092235e-06, 0.0497252589228879, -2.12922705836895e-06, -2.68897936042676e-06, -0.00868085575889455, -8.28988967833403e-09, 1.47033326925615e-05, -8.28988967833752e-09, 1.89659951839744e-09, -1.47033326925615e-05, -1.56084113637061e-09, -3.37243624037489e-09, -9.41591457304995e-05, 
247, 18, -1.27122954762622e-06, -0.049735969447782, -1.27122954762929e-06, -2.01232215914738e-06, 0.049735969447782, -2.17788737576031e-06, -2.61496173877602e-06, -0.00878550969241816, -1.26282021112591e-06, -0.0497506773173268, -1.2628202111283e-06, -2.01411477811285e-06, 0.0497506773173268, -2.17643018122132e-06, -2.61159162615449e-06, -0.00869139752512739, -8.40933648908847e-09, 1.47078695446491e-05, -8.40933648909207e-09, 1.79261893231699e-09, -1.47078695446491e-05, -1.45719456533254e-09, -3.37011266984822e-09, -9.41121672907461e-05, 
248, 0, -1.1635638331779e-06, -0.0497342842993422, -1.16356383318094e-06, -2.07260490623461e-06, 0.0497342842993422, -2.03406251235248e-06, -2.72170174183514e-06, -0.00878535097411496, -1.15506560502759e-06, -0.0497489928685696, -1.15506560503109e-06, -2.07393995165017e-06, 0.0497489928685696, -2.03278608267237e-06, -2.71826304553018e-06, -0.00869124436817841, -8.49822820382072e-09, 1.47085692273666e-05, -8.49822820382739e-09, 1.33504541060641e-09, -1.47085692273666e-05, -1.2764296888626e-09, -3.43869641888015e-09, -9.41066059365826e-05, 
248, 10, -1.17828663975099e-06, -0.0496325659466751, -1.17828663975317e-06, -1.98772430564566e-06, 0.0496325659466751, -1.86247364191164e-06, -2.76362101534885e-06, -0.00876900569180404, -1.16973720372832e-06, -0.0496472856719655, -1.16973720373073e-06, -1.98900162819587e-06, 0.0496472856719655, -1.86119685831696e-06, -2.76018890176906e-06, -0.00867490935486426, -8.5494360476836e-09, 1.47197252903324e-05, -8.54943604768021e-09, 1.27732260829794e-09, -1.47197252903324e-05, -1.27678352641833e-09, -3.43211356795326e-09, -9.40963369398171e-05, 
248, 18, -1.16376916679976e-06, -0.0496581997729466, -1.16376916680213e-06, -2.04927628623978e-06, 0.0496581997729466, -1.91193923112075e-06, -2.68765875669977e-06, -0.00877945819536461, -1.15512019097944e-06, -0.049672926567429, -1.15512019098162e-06, -2.05044689916744e-06, 0.049672926567429, -1.91075670826498e-06, -2.68422994527594e-06, -0.00868540817762621, -8.64897579712221e-09, 1.47267944820888e-05, -8.64897579712211e-09, 1.17061289579171e-09, -1.47267944820888e-05, -1.18252273795615e-09, -3.42881148582872e-09, -9.40500177384053e-05, 
249, 0, -1.05474811893958e-06, -0.0496561231556068, -1.05474811894196e-06, -2.10315709716022e-06, 0.0496561231556068, -1.7655461490372e-06, -2.77977907495917e-06, -0.00877925414579969, -1.04604688709419e-06, -0.0496708507036942, -1.04604688709682e-06, -2.10385709449611e-06, 0.0496708507036942, -1.76454633884271e-06, -2.77629776708538e-06, -0.00868520965516931, -8.70123184491519e-09, 1.47275480875097e-05, -8.70123184491667e-09, 6.99997308012611e-10, -1.47275480875097e-05, -9.99810166542481e-10, -3.48130792824974e-09, -9.40444906303295e-05, 
249, 10, -1.07935397381834e-06, -0.0495442915957379, -1.07935397382096e-06, -2.01843426979003e-06, 0.0495442915957379, -1.63351800443986e-06, -2.81564708756652e-06, -0.00876169495360388, -1.07063360887873e-06, -0.0495590319238062, -1.07063360888201e-06, -2.01906531544225e-06, 0.0495590319238062, -1.63250522570706e-06, -2.81217506785384e-06, -0.00866765967774003, -8.72036496031412e-09, 1.47403280685364e-05, -8.72036496031423e-09, 6.31045623956596e-10, -1.47403280685364e-05, -1.01277872101914e-09, -3.4720197298481e-09, -9.40352758638593e-05, 
249, 18, -1.06175415940469e-06, -0.0495701062168347, -1.06175415940729e-06, -2.07754213741695e-06, 0.0495701062168347, -1.68400017557791e-06, -2.74236639420176e-06, -0.00877214238487256, -1.05295963064592e-06, -0.0495848554906572, -1.0529596306492e-06, -2.07805277750346e-06, 0.0495848554906572, -1.68307095653612e-06, -2.73890215324061e-06, -0.00867815151723299, -8.79452876781028e-09, 1.47492738226498e-05, -8.79452876781198e-09, 5.10640105928309e-10, -1.47492738226498e-05, -9.29219013929998e-10, -3.46424105652815e-09, -9.39908676395627e-05, 
250, 0, -9.5171916697282e-07, -0.0495677880565111, -9.51719166975646e-07, -2.12581826724317e-06, 0.0495677880565111, -1.53609609504705e-06, -2.82248034841716e-06, -0.00877190599775974, -9.4290963188745e-07, -0.0495825381552011, -9.42909631890065e-07, -2.12585227114369e-06, 0.0495825381552011, -1.53535093279449e-06, -2.81897685946315e-06, -0.0086779204988486, -8.80953506505565e-09, 1.4750098690066e-05, -8.80953506505735e-09, 3.40038934439845e-11, -1.4750098690066e-05, -7.45162254877648e-10, -3.50348897498835e-09, -9.39854989111488e-05, 
250, 10, -9.8025664822277e-07, -0.0494499893269422, -9.802566482256e-07, -2.04870673807814e-06, 0.0494499893269422, -1.4476963300433e-06, -2.85308854241664e-06, -0.00875403460605853, -9.71449637415503e-07, -0.049464754089726, -9.71449637419214e-07, -2.04866579060886e-06, 0.049464754089726, -1.44692484855812e-06, -2.84959928281734e-06, -0.00866005645592475, -8.8070107944915e-09, 1.47647627838826e-05, -8.80701079449468e-09, -4.09474548116705e-11, -1.47647627838826e-05, -7.71481423904011e-10, -3.48925950984314e-09, -9.397815013377e-05, 
250, 18, -9.59339009712178e-07, -0.0494759054163599, -9.59339009715004e-07, -2.10686554281297e-06, 0.0494759054163599, -1.49887216858379e-06, -2.78186450425388e-06, -0.00876448449306756, -9.5050550475862e-07, -0.0494906808384408, -9.50505504761444e-07, -2.10668366524765e-06, 0.0494906808384408, -1.49817024309002e-06, -2.77839342658453e-06, -0.00867054743764721, -8.83350493990597e-09, 1.4775422080872e-05, -8.83350493990448e-09, -1.81877555744043e-10, -1.4775422080872e-05, -7.01925520936684e-10, -3.47107768796581e-09, -9.39370554203068e-05, 
251, 0, -8.48074739009853e-07, -0.0494734602743591, -8.48074739012679e-07, -2.14990869358507e-06, 0.049473460274359, -1.3504724348781e-06, -2.85233941825924e-06, -0.00876424768797095, -8.39265191122046e-07, -0.0494882366372908, -8.39265191126173e-07, -2.14925097558776e-06, 0.0494882366372908, -1.34995331651258e-06, -2.84884096622667e-06, -0.0086703156905505, -8.80954789645696e-09, 1.47763629318366e-05, -8.80954789645691e-09, -6.57718029722666e-10, -1.47763629318366e-05, -5.1911833600387e-10, -3.49845198452003e-09, -9.39319974204465e-05, 
251, 10, -8.87124117791054e-07, -0.0493556745834064, -8.87124117793878e-07, -2.06565655058932e-06, 0.0493556745834064, -1.2931323717226e-06, -2.88648058815336e-06, -0.00874627206115752, -8.78315468423988e-07, -0.049370466939429, -8.78315468428135e-07, -2.06495085928412e-06, 0.049370466939429, -1.29257966393191e-06, -2.88299140593727e-06, -0.0086523454739866, -8.80864933328824e-09, 1.4792356022478e-05, -8.80864933329163e-09, -7.05691270029829e-10, -1.4792356022478e-05, -5.52707765854497e-10, -3.4891821600641e-09, -9.39265871709093e-05, 
251, 18, -8.63064776165499e-07, -0.0493816322811393, -8.63064776168765e-07, -2.12401725005484e-06, 0.0493816322811393, -1.34638594093899e-06, -2.81598668621632e-06, -0.00875674641686069, -8.54260555876556e-07, -0.0493964359371302, -8.54260555880247e-07, -2.12318032368592e-06, 0.0493964359371302, -1.34589622986751e-06, -2.81251460138062e-06, -0.00866285657660233, -8.80422030732627e-09, 1.4803655990872e-05, -8.80422030732955e-09, -8.36926410609884e-10, -1.4803655990872e-05, -4.89710988107506e-10, -3.47208474374672e-09, -9.38898402583659e-05, 
252, 0, -7.51504005839821e-07, -0.0493792349689035, -7.51504005843085e-07, -2.16187776034752e-06, 0.0493792349689035, -1.19747317668041e-06, -2.87892967357637e-06, -0.0087565143270681, -7.42760041955048e-07, -0.0493940396700863, -7.42760041958747e-07, -2.16056773682167e-06, 0.0493940396700863, -1.19716571314027e-06, -2.87544234554719e-06, -0.0086626291096061, -8.74396387318941e-09, 1.48047011828286e-05, -8.74396387319274e-09, -1.31002355309071e-09, -1.48047011828286e-05, -3.07463480445638e-10, -3.48732806482193e-09, -9.38852174620308e-05, 
252, 10, -7.84497251925086e-07, -0.0492664691382748, -7.84497251928366e-07, -2.08908040070338e-06, 0.0492664691382749, -1.13276632477513e-06, -2.9420493394741e-06, -0.00873890533823138, -7.75770208434815e-07, -0.0492812905317303, -7.75770208438291e-07, -2.08769737796498e-06, 0.0492812905317303, -1.13242348480062e-06, -2.93857440176459e-06, -0.0086450231516561, -8.72704344692855e-09, 1.48213934553237e-05, -8.72704344692691e-09, -1.38302270535759e-09, -1.48213934553237e-05, -3.42839991204202e-10, -3.47493769546083e-09, -9.38821865752543e-05, 
252, 18, -7.57569885791255e-07, -0.0492923887713673, -7.57569885794744e-07, -2.14708597813563e-06, 0.0492923887713673, -1.18998337569906e-06, -2.87078180187086e-06, -0.00874941258958318, -7.48881139988546e-07, -0.0493072210725661, -7.48881139991383e-07, -2.14559461532637e-06, 0.0493072210725661, -1.18969905426226e-06, -2.86732264228236e-06, -0.00865556164510295, -8.68874575158194e-09, 1.48323011987606e-05, -8.68874575157855e-09, -1.49136279662274e-09, -1.48323011987606e-05, -2.84321391887296e-10, -3.45915958367898e-09, -9.38509444802296e-05, 
253, 0, -6.44813014466505e-07, -0.0492901642224865, -6.44813014469993e-07, -2.17999729463764e-06, 0.0492901642224865, -1.03818478228341e-06, -2.92700123124151e-06, -0.00874920110233305, -6.36220637302896e-07, -0.0493049976501883, -6.36220637306818e-07, -2.17804286122609e-06, 0.0493049976501883, -1.03808093565649e-06, -2.92353767984882e-06, -0.00865535421258786, -8.59237715311962e-09, 1.48334277018709e-05, -8.59237715311787e-09, -1.95443338030095e-09, -1.48334277018709e-05, -1.03846574733873e-10, -3.46355138894559e-09, -9.38468897451776e-05, 
253, 10, -6.75934267601453e-07, -0.049186854997957, -6.75934267604952e-07, -2.11695572762198e-06, 0.0491868549979569, -9.7607622738299e-07, -2.99997087517306e-06, -0.00873251959430471, -6.67379531278251e-07, -0.0492017055392596, -6.67379531281515e-07, -2.11493284048841e-06, 0.0492017055392596, -9.75930322269244e-07, -2.99651999403027e-06, -0.00863867251905249, -8.55473630306247e-09, 1.48505413026391e-05, -8.55473630306755e-09, -2.02288714398174e-09, -1.48505413026391e-05, -1.45905133199727e-10, -3.45088110185624e-09, -9.38470752522402e-05, 
253, 18, -6.46916590404906e-07, -0.049212624397978, -6.46916590408395e-07, -2.17392283945061e-06, 0.049212624397978, -1.04049442788364e-06, -2.92640614593432e-06, -0.00874305140203127, -6.38422660195608e-07, -0.0492274846059065, -6.38422660199077e-07, -2.17180268262802e-06, 0.0492274846059065, -1.04039595585197e-06, -2.92297229969069e-06, -0.00864922894925141, -8.49393020315367e-09, 1.48602079285679e-05, -8.49393020314859e-09, -2.12015686344265e-09, -1.48602079285679e-05, -9.84721421461862e-11, -3.4338462002132e-09, -9.38224527798593e-05, 
254, 0, -5.33014264563256e-07, -0.0492106838905691, -5.33014264566752e-07, -2.20163656338392e-06, 0.0492106838905691, -8.86705518327642e-07, -2.9754168560851e-06, -0.00874287654149165, -5.24649430788051e-07, -0.0492255452816573, -5.24649430791317e-07, -2.19906632714062e-06, 0.0492255452816573, -8.86785681577288e-07, -2.97198830371792e-06, -0.00864905745478417, -8.36483378708942e-09, 1.48613910882779e-05, -8.36483378708773e-09, -2.57023624217801e-09, -1.48613910882779e-05, 8.01632112565503e-11, -3.42855232142368e-09, -9.38190867075137e-05, 
254, 10, -5.70641916703528e-07, -0.0491207172913017, -5.70641916707011e-07, -2.13867677324908e-06, 0.0491207172913017, -8.28977098026416e-07, -3.05410961090604e-06, -0.008727430578927, -5.62329221840689e-07, -0.0491355957432395, -5.62329221844816e-07, -2.13605659818326e-06, 0.0491355957432395, -8.29012200777739e-07, -3.05068942517882e-06, -0.00863360737186985, -8.3126948406948e-09, 1.48784519376197e-05, -8.31269484069818e-09, -2.62017507332268e-09, -1.48784519376197e-05, 3.51027162181538e-11, -3.42018571178345e-09, -9.38232070571613e-05, 
254, 18, -5.38771794710075e-07, -0.0491463236913698, -5.38771794713341e-07, -2.19466544237756e-06, 0.0491463236913698, -8.99193515195384e-07, -2.98025494525374e-06, -0.00873801730676295, -5.30521725776254e-07, -0.049161209835561, -5.30521725778872e-07, -2.19194428798421e-06, 0.0491612098355609, -8.99269538847128e-07, -2.97685443963589e-06, -0.00864421117129844, -8.25006896680378e-09, 1.48861441911414e-05, -8.25006896680717e-09, -2.72115438501077e-09, -1.48861441911414e-05, 7.6023627213095e-11, -3.40050564142818e-09, -9.38061354645124e-05, 
255, 0, -4.24208968727849e-07, -0.049144768830405, -4.24208968731345e-07, -2.21711425133703e-06, 0.049144768830405, -7.43170357153137e-07, -3.02272414815541e-06, -0.00873788692069859, -4.16117277455003e-07, -0.0491596561894921, -4.16117277458933e-07, -2.21395808041186e-06, 0.0491596561894921, -7.43422471139353e-07, -3.01933797145589e-06, -0.00864408337692183, -8.09169130994855e-09, 1.48873590870616e-05, -8.09169130995369e-09, -3.15617091723125e-09, -1.48873590870616e-05, 2.52114043300188e-10, -3.38617664708602e-09, -9.38035437767486e-05, 
255, 10, -4.65620550358262e-07, -0.0490708582210532, -4.65620550361745e-07, -2.15746479698567e-06, 0.0490708582210532, -6.84938219911809e-07, -3.11634969357379e-06, -0.00872393654924755, -4.57557404474017e-07, -0.0490857622719228, -4.57557404477506e-07, -2.15424532085012e-06, 0.0490857622719228, -6.85147318459164e-07, -3.11296429711634e-06, -0.00863012428092502, -8.06314588595478e-09, 1.4904050869235e-05, -8.06314588595165e-09, -3.21947613859997e-09, -1.4904050869235e-05, 2.09098512251939e-10, -3.38539647085053e-09, -9.38122683225306e-05, 
255, 18, -4.29341189757898e-07, -0.049096297962598, -4.29341189761156e-07, -2.21328750552613e-06, 0.049096297962598, -7.60312013554336e-07, -3.0423862423628e-06, -0.00873461777808628, -4.21331014572302e-07, -0.0491112074057559, -4.21331014575344e-07, -2.20999687661207e-06, 0.0491112074057559, -7.60558775564956e-07, -3.03901402787254e-06, -0.00864081454790022, -8.01017521750544e-09, 1.4909443157768e-05, -8.0101752175038e-09, -3.29062893608472e-09, -1.4909443157768e-05, 2.46761940553906e-10, -3.3722144489368e-09, -9.38032301860762e-05, 
256, 0, -3.1401633562162e-07, -0.0490951964668089, -3.14016335625102e-07, -2.23062049850866e-06, 0.0490951964668089, -6.01403697799281e-07, -3.07866664173631e-06, -0.00873454065532714, -3.06191379682726e-07, -0.0491101071300195, -3.06191379685788e-07, -2.22691065359851e-06, 0.0491101071300196, -6.01824413678415e-07, -3.07531707887815e-06, -0.00864073921558874, -7.82495592916565e-09, 1.4910663210985e-05, -7.82495592916731e-09, -3.70984487586286e-09, -1.4910663210985e-05, 4.20715859279931e-10, -3.34956287082549e-09, -9.38014397383831e-05, 
256, 10, -3.55404039640845e-07, -0.0490397068571597, -3.55404039644552e-07, -2.17974271231857e-06, 0.0490397068571597, -5.46102614352887e-07, -3.19485690786548e-06, -0.00872220643315394, -3.47593392927028e-07, -0.0490546333634253, -3.47593392931804e-07, -2.17600024472993e-06, 0.0490546333634253, -5.46483024776581e-07, -3.19149681626175e-06, -0.00862839133981065, -7.81064668701476e-09, 1.4926506265829e-05, -7.81064668701481e-09, -3.74246762468297e-09, -1.4926506265829e-05, 3.80410447209832e-10, -3.36009161457654e-09, -9.38150933432596e-05, 
256, 18, -3.15284522735783e-07, -0.049064846963983, -3.15284522739042e-07, -2.23513528925248e-06, 0.049064846963983, -6.27476631629503e-07, -3.12112328126419e-06, -0.00873293541031057, -3.07491117152907e-07, -0.0490797761751233, -3.07491117157257e-07, -2.23131721705051e-06, 0.0490797761751233, -6.27890487757169e-07, -3.11776931977144e-06, -0.00863912135722564, -7.7934055708402e-09, 1.49292111402505e-05, -7.79340557083337e-09, -3.81807219889092e-09, -1.49292111402505e-05, 4.1385617712233e-10, -3.35396154999788e-09, -9.38140530848829e-05, 
257, 0, -1.98887631587445e-07, -0.0490642572446304, -1.988876315905e-07, -2.24723187675475e-06, 0.0490642572446304, -4.6491052539182e-07, -3.15155065636798e-06, -0.00873291463240943, -1.91302841808839e-07, -0.0490791876569353, -1.91302841812431e-07, -2.24300650403442e-06, 0.0490791876569353, -4.65496884832072e-07, -3.14822729071533e-06, -0.00863910160015533, -7.58478978416952e-09, 1.49304123047491e-05, -7.58478978417457e-09, -4.22537271618297e-09, -1.49304123047491e-05, 5.86359486681526e-10, -3.32336567913821e-09, -9.3813032254067e-05, 
257, 10, -2.36135943012174e-07, -0.0490291389141878, -2.36135943015664e-07, -2.20811108333413e-06, 0.0490291389141878, -4.14413252270009e-07, -3.29481275891039e-06, -0.00872244768251141, -2.28543155496166e-07, -0.0490440838408656, -2.28543155499215e-07, -2.20386208447696e-06, 0.0490440838408656, -4.14959763336919e-07, -3.29146958275992e-06, -0.00862861602086959, -7.59278754939654e-09, 1.49449266777502e-05, -7.59278754939638e-09, -4.24899884906723e-09, -1.49449266777502e-05, 5.46511118548614e-10, -3.34317610703703e-09, -9.38316616418544e-05, 
257, 19, -1.9332184206967e-07, -0.0490543263373883, -1.93321842072721e-07, -2.26224933077351e-06, 0.0490543263373883, -5.03468190662736e-07, -3.22441281569109e-06, -0.00873322718907791, -1.85703438026239e-07, -0.049069272137536, -1.85703438029831e-07, -2.25792919341721e-06, 0.049069272137536, -5.040423939681e-07, -3.2210672694972e-06, -0.00863938903824798, -7.61840404710302e-09, 1.4945800147605e-05, -7.61840404710816e-09, -4.32013736871603e-09, -1.4945800147605e-05, 5.74203265353388e-10, -3.34554626091848e-09, -9.38381508299291e-05, 
258, 0, -7.44718516168724e-08, -0.0490542079208135, -7.44718516204704e-08, -2.26893922286873e-06, 0.0490542079208135, -3.35076425182796e-07, -3.2485648266079e-06, -0.00873328067227719, -6.70827787358022e-08, -0.0490691547627478, -6.70827787385329e-08, -2.26422553999485e-06, 0.0490691547627478, -3.35824578422612e-07, -3.2452538043429e-06, -0.00863944268815409, -7.38907289222919e-09, 1.49468419341395e-05, -7.38907289222662e-09, -4.71368288696397e-09, -1.49468419341395e-05, 7.48153292823321e-10, -3.31102229475843e-09, -9.38379841231081e-05, 
258, 10, -1.10102616338446e-07, -0.0490381586924452, -1.10102616342261e-07, -2.23795741206712e-06, 0.0490381586924452, -2.94845510156279e-07, -3.41462970907535e-06, -0.008724836201781, -1.02685996647683e-07, -0.0490531183429254, -1.02685996651386e-07, -2.23322976577956e-06, 0.0490531183429254, -2.95556022087213e-07, -3.41128634130391e-06, -0.00863097467129517, -7.4166197025162e-09, 1.49596504802522e-05, -7.41661970251616e-09, -4.72764628970525e-09, -1.49596504802522e-05, 7.1051191088803e-10, -3.34336776155703e-09, -9.3861530485852e-05, 
258, 19, -6.45064913749505e-08, -0.0490628877802743, -6.45064913781046e-08, -2.29141990413247e-06, 0.0490628877802743, -3.90884221232209e-07, -3.3457699464398e-06, -0.00873556633962859, -5.70178484532747e-08, -0.0490778455407384, -5.70178484562255e-08, -2.28662753220283e-06, 0.0490778455407384, -3.91617913178391e-07, -3.34241233833599e-06, -0.00864169021642868, -7.4886429249218e-09, 1.49577604641638e-05, -7.48864292492092e-09, -4.79237192759624e-09, -1.49577604641638e-05, 7.33691897192668e-10, -3.35760809008123e-09, -9.38761231998691e-05, 
259, 0, 5.57058678357661e-08, -0.0490632839911183, 5.57058678321723e-08, -2.29181696991789e-06, 0.0490632839911183, -2.16744923902387e-07, -3.36480555379971e-06, -0.00873568293257982, 6.29435850726497e-08, -0.0490782427841147, 6.2943585069587e-08, -2.28663818295966e-06, 0.0490782427841147, -2.17652944535987e-07, -3.36149008715559e-06, -0.00864180634432368, -7.23771723581708e-09, 1.49587929965919e-05, -7.23771723581727e-09, -5.17878695441257e-09, -1.49587929965919e-05, 9.0802057780797e-10, -3.31546661083727e-09, -9.38765882561639e-05, 
259, 10, 1.6639973532935e-08, -0.0490642871758948, 1.66399735302044e-08, -2.26460429776898e-06, 0.0490642871758948, -1.87762678928369e-07, -3.54337523608353e-06, -0.00872827597212926, 2.39113182210284e-08, -0.0490792569838187, 2.39113182174406e-08, -2.25939351099457e-06, 0.0490792569838187, -1.88635657529738e-07, -3.54002304628628e-06, -0.00863437209326344, -7.27134468843597e-09, 1.49698079237858e-05, -7.27134468842822e-09, -5.21078676181195e-09, -1.49698079237858e-05, 8.72978769593032e-10, -3.35218977313538e-09, -9.39038788658033e-05, 
259, 19, 6.39617803204006e-08, -0.0490885846926143, 6.39617803169213e-08, -2.31683948787141e-06, 0.0490885846926143, -2.91211194489819e-07, -3.47676598751099e-06, -0.00873894083483281, 7.13395149179764e-08, -0.0491035494361664, 7.13395149151416e-08, -2.3115857077354e-06, 0.0491035494361664, -2.92098562047279e-07, -3.47338947742511e-06, -0.00864501599925377, -7.37773461324993e-09, 1.49647435521114e-05, -7.37773461324821e-09, -5.25378012863417e-09, -1.49647435521114e-05, 8.87367548724043e-10, -3.3765100612092e-09, -9.39248355790264e-05, 
260, 0, 1.85300058133118e-07, -0.0490894359893152, 1.8530005812952e-07, -2.31087912820109e-06, 0.0490894359893152, -1.10810182078595e-07, -3.49108393664901e-06, -0.00873908540915281, 1.9240591877843e-07, -0.0491044017208836, 1.92405918775371e-07, -2.30524607587439e-06, 0.0491044017208836, -1.11872506047236e-07, -3.48775686357722e-06, -0.00864515960415377, -7.10586063635253e-09, 1.49657315683246e-05, -7.10586063634913e-09, -5.63305232796463e-09, -1.49657315683246e-05, 1.0623238941944e-09, -3.32707306131563e-09, -9.39258049990669e-05, 
260, 10, 1.35314557451216e-07, -0.0491000490337309, 1.35314557448056e-07, -2.28336835977592e-06, 0.0491000490337309, -1.02488116923993e-07, -3.66470745741768e-06, -0.00873389051017518, 1.42454555665809e-07, -0.0491150262483869, 1.4245455566297e-07, -2.27771291158531e-06, 0.0491150262483869, -1.03514868729917e-07, -3.66133733732542e-06, -0.00863993250286392, -7.13999828860565e-09, 1.49772146560938e-05, -7.13999828860658e-09, -5.65544818634198e-09, -1.49772146560938e-05, 1.02675183081677e-09, -3.37012007929462e-09, -9.395800731127e-05, 
260, 19, 1.84391582186536e-07, -0.0491239191693101, 1.84391582183162e-07, -2.33387487918225e-06, 0.0491239191693101, -2.1213856765187e-07, -3.60227346205419e-06, -0.00874446662928966, 1.91667315483212e-07, -0.0491388912299699, 1.91667315479943e-07, -2.32818425556427e-06, 0.0491388912299699, -2.1317245776655e-07, -3.59887451343126e-06, -0.00865048152593207, -7.27573326515739e-09, 1.49720606598913e-05, -7.27573326515991e-09, -5.69062359806872e-09, -1.49720606598913e-05, 1.03389014469558e-09, -3.39894858715281e-09, -9.39851033575777e-05, 
261, 0, 3.06247221161711e-07, -0.0491250008241605, 3.0624722115866e-07, -2.32187769737555e-06, 0.0491250008241605, -2.58311852469386e-08, -3.61261323442478e-06, -0.00874468120810289, 3.13229781401511e-07, -0.0491399739323663, 3.13229781398025e-07, -2.31581356593685e-06, 0.0491399739323663, -2.70407835358489e-08, -3.60927138816061e-06, -0.00865069466870681, -6.98256021618093e-09, 1.49731082058218e-05, -6.98256021618255e-09, -6.06413147175097e-09, -1.49731082058218e-05, 1.20959824210748e-09, -3.34184630097666e-09, -9.39865393961403e-05, 
261, 10, 2.46122629938104e-07, -0.0491449502633363, 2.46122629934829e-07, -2.29445493606027e-06, 0.0491449502633363, -3.31192072753044e-08, -3.77018477007924e-06, -0.00873992008125347, 2.53172150790164e-07, -0.0491599350238946, 2.53172150786894e-07, -2.28837400604341e-06, 0.0491599350238945, -3.42967055838228e-08, -3.76679731922241e-06, -0.00864589804541395, -7.04952084489332e-09, 1.49847605582366e-05, -7.04952084488723e-09, -6.08093001542613e-09, -1.49847605582366e-05, 1.17749827776453e-09, -3.38745085210513e-09, -9.40220358395283e-05, 
261, 19, 2.9758110666708e-07, -0.0491685354343975, 2.97581106663702e-07, -2.34306333127607e-06, 0.0491685354343975, -1.46021412291182e-07, -3.71355210565548e-06, -0.0087504754550253, 3.047437657814e-07, -0.0491835145786138, 3.04743765777804e-07, -2.33696050167964e-06, 0.0491835145786138, -1.47197985181397e-07, -3.71014279634446e-06, -0.00865642199836767, -7.1626591029215e-09, 1.49791442162541e-05, -7.16265910291975e-09, -6.1028295715942e-09, -1.49791442162541e-05, 1.17657289172227e-09, -3.40930930742542e-09, -9.40534566576332e-05, 
262, 0, 4.1978933978387e-07, -0.0491698985311259, 4.1978933977979e-07, -2.32545378218964e-06, 0.0491698985311259, 4.56652360467402e-08, -3.72033866709814e-06, -0.00875069675529977, 4.26636844628669e-07, -0.0491848787650398, 4.26636844625833e-07, -2.31898550643525e-06, 0.0491848787650398, 4.43129231342454e-08, -3.71699392317897e-06, -0.0086566415245121, -6.84750483972395e-09, 1.49802339136806e-05, -6.84750483972392e-09, -6.46827575843556e-09, -1.49802339136806e-05, 1.3523129421907e-09, -3.34474392363799e-09, -9.405523078767e-05, 
262, 10, 3.48285185285427e-07, -0.0491960610927357, 3.48285185282537e-07, -2.29672239865708e-06, 0.0491960610927357, 3.80361965821796e-08, -3.8556905923521e-06, -0.00874546447432948, 3.55194445298774e-07, -0.0492110522671339, 3.55194445295072e-07, -2.29024702947423e-06, 0.0492110522671339, 3.6717159868344e-08, -3.85230420167812e-06, -0.00865137228718216, -6.90925997342778e-09, 1.49911743979756e-05, -6.9092599734349e-09, -6.47536917799553e-09, -1.49911743979756e-05, 1.31903672680991e-09, -3.38639063291214e-09, -9.40921871472892e-05, 
262, 19, 4.04089225573174e-07, -0.0492194727424036, 4.04089225569632e-07, -2.34393692040781e-06, 0.0492194727424036, -7.54611337461994e-08, -3.80593584516483e-06, -0.00875602968615288, 4.11104487023697e-07, -0.0492344571994506, 4.11104487020265e-07, -2.33744471709511e-06, 0.0492344571994506, -7.67844779982034e-08, -3.80253307871408e-06, -0.00866190413495786, -7.01526142385273e-09, 1.49844570468904e-05, -7.015261423853e-09, -6.49220334929455e-09, -1.49844570468904e-05, 1.32334432241642e-09, -3.4027664480509e-09, -9.41255511950428e-05, 
263, 0, 5.26221569062569e-07, -0.0492210048853662, 5.26221569059407e-07, -2.32097949514436e-06, 0.0492210048853662, 1.21266979941719e-07, -3.80888854257531e-06, -0.00875624152848672, 5.32901137986489e-07, -0.0492359904366622, 5.32901137983599e-07, -2.31412986882262e-06, 0.0492359904366622, 1.19768316348672e-07, -3.80555821764893e-06, -0.00866211403319535, -6.67956899433223e-09, 1.49855512957789e-05, -6.67956899433607e-09, -6.84962632166848e-09, -1.49855512957789e-05, 1.49866368816252e-09, -3.33032490016459e-09, -9.41274952913764e-05, 
263, 10, 4.45801048305727e-07, -0.0492523724827895, 4.45801048302891e-07, -2.29124583984846e-06, 0.0492523724827895, 1.33079230568366e-07, -3.91586254390203e-06, -0.00875084528153976, 4.52538122614244e-07, -0.0492673679191663, 4.52538122610216e-07, -2.28439684440694e-06, 0.0492673679191663, 1.31605884924125e-07, -3.91249238436099e-06, -0.00865668061763579, -6.73707427001141e-09, 1.4995436376924e-05, -6.73707427001821e-09, -6.84899545785192e-09, -1.4995436376924e-05, 1.47334553183358e-09, -3.3701595942424e-09, -9.41646639039541e-05, 
263, 19, 5.06041940146268e-07, -0.0492755943289457, 5.06041940143052e-07, -2.33649626029099e-06, 0.0492755943289457, 2.15247992999036e-08, -3.87385510096058e-06, -0.00876139959287736, 5.12836122327377e-07, -0.049290581769228, 5.12836122323243e-07, -2.32963453237188e-06, 0.049290581769228, 2.00486588626892e-08, -3.87048803451375e-06, -0.00866720174818546, -6.79418221936572e-09, 1.49874402822941e-05, -6.79418221936186e-09, -6.86172791366647e-09, -1.49874402822941e-05, 1.47614035907227e-09, -3.36706647122276e-09, -9.41978446918824e-05, 
264, 0, 6.27735313299818e-07, -0.0492772780087317, 6.27735313297306e-07, -2.30836147092476e-06, 0.0492772780087317, 2.2260455773288e-07, -3.87142905821404e-06, -0.00876161491702182, 6.34171553802961e-07, -0.0492922665250423, 6.34171553799747e-07, -2.30115564201554e-06, 0.0492922665250423, 2.20955478500886e-07, -3.86814284506488e-06, -0.00866741511390668, -6.43624049956442e-09, 1.49885163105393e-05, -6.43624049957008e-09, -7.20582890049334e-09, -1.49885163105393e-05, 1.64907925795958e-09, -3.28621315133715e-09, -9.41998031151094e-05, 
264, 10, 5.4719206646624e-07, -0.0493139160165378, 5.47192066463295e-07, -2.27908660298984e-06, 0.0493139160165378, 2.56581043142217e-07, -3.93836665741708e-06, -0.00875649430867904, 5.53619428517979e-07, -0.0493289133168244, 5.5361942851479e-07, -2.27189161942447e-06, 0.0493289133168243, 2.54970470233564e-07, -3.9350599633801e-06, -0.00866225809353522, -6.42736204452508e-09, 1.49973002863619e-05, -6.42736204452709e-09, -7.19498355034318e-09, -1.49973002863619e-05, 1.61057287580399e-09, -3.30669405350357e-09, -9.42362151438397e-05, 
264, 19, 6.08983415782957e-07, -0.049336869745736, 6.0898341577931e-07, -2.32153100602511e-06, 0.049336869745736, 1.46074065543709e-07, -3.90475764277627e-06, -0.00876701637283596, 6.15443094429082e-07, -0.0493518579561752, 6.15443094425707e-07, -2.3143194795946e-06, 0.0493518579561752, 1.4445024335238e-07, -3.90146760460465e-06, -0.0086727489046001, -6.4596786601068e-09, 1.49882104390385e-05, -6.45967866011347e-09, -7.21152641833218e-09, -1.49882104390385e-05, 1.62382223800364e-09, -3.29003815109322e-09, -9.42674682359118e-05, 
265, 0, 7.3001495147293e-07, -0.0493387062334202, 7.300149514695e-07, -2.28813874709909e-06, 0.0493387062334201, 3.49484429668625e-07, -3.89519161426398e-06, -0.00876724292289623, 7.36096038869976e-07, -0.0493536954940328, 7.36096038866732e-07, -2.28060169384448e-06, 0.0493536954940328, 3.47691567129351e-07, -3.89199070058934e-06, -0.00867297361162364, -6.08108738660343e-09, 1.4989260612441e-05, -6.08108738660555e-09, -7.53705329715085e-09, -1.4989260612441e-05, 1.79286257594477e-09, -3.20091363970677e-09, -9.42693112725808e-05, 
265, 10, 6.48329418041978e-07, -0.0493778845928026, 6.48329418038806e-07, -2.25841717696321e-06, 0.0493778845928026, 3.88306239054805e-07, -3.91147757862604e-06, -0.00876228420604925, 6.54388231711629e-07, -0.0493928818170983, 6.54388231709067e-07, -2.25087815015872e-06, 0.0493928818170983, 3.86551828113371e-07, -3.90826741417871e-06, -0.00866798018810852, -6.05881363447219e-09, 1.4997224295752e-05, -6.05881363446731e-09, -7.53902679272484e-09, -1.4997224295752e-05, 1.75441091869146e-09, -3.21016435755691e-09, -9.4304017940721e-05, 
265, 18, 7.1157569907976e-07, -0.0494001864243602, 7.11575699075258e-07, -2.29841585515248e-06, 0.0494001864243602, 2.8121926866859e-07, -3.88334974105588e-06, -0.00877270229630195, 7.17619700134991e-07, -0.0494151727792029, 7.17619700131776e-07, -2.29088563415465e-06, 0.0494151727792029, 2.7944711328567e-07, -3.88017525749334e-06, -0.00867837238352087, -6.04400104240773e-09, 1.49863548425653e-05, -6.0440010424028e-09, -7.53022098604076e-09, -1.49863548425653e-05, 1.77215535512857e-09, -3.17448354493048e-09, -9.43299127810521e-05, 
266, 0, 8.30648899881996e-07, -0.0494021774392835, 8.30648899878996e-07, -2.25999570618819e-06, 0.0494021774392835, 4.83047059112653e-07, -3.86717978885042e-06, -0.0087729254488344, 8.36293402332166e-07, -0.0494171649012954, 8.36293402328731e-07, -2.25216188774977e-06, 0.0494171649012954, 4.81116241128986e-07, -3.86410540593027e-06, -0.00867859381778342, -5.64450239928809e-09, 1.49874620120822e-05, -5.64450239928809e-09, -7.83381846119593e-09, -1.49874620120822e-05, 1.93081806709149e-09, -3.07438290772981e-09, -9.43316310509683e-05, 
266, 10, 7.42025555771369e-07, -0.0494409405268749, 7.42025555768801e-07, -2.22775112959844e-06, 0.0494409405268749, 5.14497633080908e-07, -3.8338328160772e-06, -0.00876750066580794, 7.47655910971802e-07, -0.0494559354594418, 7.47655910967934e-07, -2.21993738020444e-06, 0.0494559354594418, 5.12609803119672e-07, -3.83075490571424e-06, -0.00867313700964944, -5.63035521666633e-09, 1.49949325670057e-05, -5.63035521666977e-09, -7.81374936782804e-09, -1.49949325670057e-05, 1.88783012252675e-09, -3.07791034199287e-09, -9.43636561585121e-05, 
266, 18, 8.06971880189966e-07, -0.0494632482215538, 8.06971880187182e-07, -2.2675187417856e-06, 0.0494632482215538, 4.11813028722207e-07, -3.81811312772801e-06, -0.00877793259105335, 8.12546182118083e-07, -0.0494782317742575, 8.12546182114211e-07, -2.25971958168643e-06, 0.0494782317742574, 4.0991487810749e-07, -3.81509293063226e-06, -0.00868354784279863, -5.57430193863445e-09, 1.49835527036706e-05, -5.5743019386345e-09, -7.79916008772434e-09, -1.49835527036706e-05, 1.89815061352067e-09, -3.02019705577188e-09, -9.43847482547262e-05, 
267, 0, 9.24497043548115e-07, -0.0494652020497513, 9.24497043544654e-07, -2.22411075098544e-06, 0.0494652020497513, 6.10348237523994e-07, -3.79439710161102e-06, -0.00877813533917331, 9.29654569852851e-07, -0.0494801866822792, 9.29654569850047e-07, -2.21603411002497e-06, 0.0494801866822792, 6.08300526357114e-07, -3.79148424744793e-06, -0.00868374927556942, -5.15752641552021e-09, 1.49846325278766e-05, -5.15752641551815e-09, -8.0766409555141e-09, -1.49846325278766e-05, 2.0477111393487e-09, -2.91285409972771e-09, -9.43860636038797e-05, 
267, 10, 8.3730480268377e-07, -0.049501940497683, 8.37304802680111e-07, -2.19156330173788e-06, 0.049501940497683, 6.44026463250494e-07, -3.72195528786153e-06, -0.0087716961650258, 8.42421367656105e-07, -0.0495169314586496, 8.42421367652684e-07, -2.18349450727156e-06, 0.0495169314586496, 6.42033948836369e-07, -3.71905356326353e-06, -0.00867728248180597, -5.11656499468028e-09, 1.4990960966316e-05, -5.11656499467805e-09, -8.06879446060852e-09, -1.4990960966316e-05, 1.99251436807897e-09, -2.90172459956933e-09, -9.44136832199046e-05, 
267, 18, 9.04770538955213e-07, -0.0495245008683719, 9.04770538952215e-07, -2.23075980451426e-06, 0.0495245008683719, 5.46631098348546e-07, -3.71781068143639e-06, -0.00878221013363177, 9.0980996862318e-07, -0.0495394795966053, 9.09809968620194e-07, -2.22273672000597e-06, 0.0495394795966053, 5.44632751844062e-07, -3.71498062193192e-06, -0.00868778153384293, -5.03942966467119e-09, 1.49787282333055e-05, -5.03942966466938e-09, -8.0230845095349e-09, -1.49787282333055e-05, 1.99834645893609e-09, -2.83005949425085e-09, -9.44285997888394e-05, 
268, 0, 1.02056239823996e-06, -0.0495263842577962, 1.02056239823669e-06, -2.18214609701846e-06, 0.0495263842577962, 7.40433860906304e-07, -3.6863742990036e-06, -0.0087823800056923, 1.0251733948423e-06, -0.0495413640138717, 1.0251733948389e-06, -2.17387578856827e-06, 0.0495413640138717, 7.38296081044189e-07, -3.6836565247819e-06, -0.00868795062243104, -4.61099664824869e-09, 1.49797560753388e-05, -4.61099664825419e-09, -8.27030843042061e-09, -1.49797560753388e-05, 2.13777974529783e-09, -2.71777418711829e-09, -9.44293832612279e-05, 
268, 10, 9.41976755766833e-07, -0.0495613542635826, 9.41976755763645e-07, -2.15255375908768e-06, 0.0495613542635826, 7.71795877093586e-07, -3.59118157732031e-06, -0.00877515812656369, 9.46569161605353e-07, -0.0495763388957159, 9.46569161601867e-07, -2.14431020020014e-06, 0.0495763388957159, 7.6971228711186e-07, -3.58847114120427e-06, -0.00868070657014691, -4.5924058360438e-09, 1.49846321330744e-05, -4.59240583604581e-09, -8.24355889704095e-09, -1.49846321330744e-05, 2.08358988172676e-09, -2.71043615755666e-09, -9.4451556416756e-05, 
268, 18, 1.01110774180122e-06, -0.0495841154440287, 1.01110774179803e-06, -2.18964797278246e-06, 0.0495841154440287, 6.79071663026156e-07, -3.59596325072792e-06, -0.00878575875969886, 1.01561931080776e-06, -0.049599086587147, 1.01561931080386e-06, -2.18146730226408e-06, 0.0495990865871469, 6.76991862502156e-07, -3.59332959402393e-06, -0.0086912996712761, -4.51156893724688e-09, 1.49711431184374e-05, -4.511568937249e-09, -8.18067051721523e-09, -1.49711431184374e-05, 2.07980048828311e-09, -2.63365677325527e-09, -9.44590884227687e-05, 
269, 0, 1.12496860909026e-06, -0.0495859364465171, 1.12496860908661e-06, -2.13535129986004e-06, 0.0495859364465171, 8.66637311526108e-07, -3.55718112730821e-06, -0.00878590522715477, 1.12904392705395e-06, -0.0496009085265982, 1.12904392705101e-06, -2.12695260138345e-06, 0.0496009085265982, 8.64428665804906e-07, -3.55466377308798e-06, -0.00869144599751852, -4.07531797569229e-09, 1.49720800812167e-05, -4.07531797569833e-09, -8.39869847496236e-09, -1.49720800812167e-05, 2.20864554253651e-09, -2.51735421165068e-09, -9.44592296362705e-05, 
269, 10, 1.05252638339627e-06, -0.049619552022637, 1.05252638339327e-06, -2.10987438343943e-06, 0.049619552022637, 8.92910021051834e-07, -3.45632644076422e-06, -0.00877805326791863, 1.05657804470606e-06, -0.0496345271100292, 1.0565780447028e-06, -2.10151044398009e-06, 0.0496345271100292, 8.90761209475916e-07, -3.45381655646849e-06, -0.00868357810278801, -4.05166132219706e-09, 1.49750873919929e-05, -4.05166132219282e-09, -8.36393944212884e-09, -1.49750873919929e-05, 2.14881146869196e-09, -2.50988435957142e-09, -9.44751651306242e-05, 
269, 18, 1.12455766090348e-06, -0.04964240109579, 1.12455766090059e-06, -2.14176069840789e-06, 0.04964240109579, 8.08118762883976e-07, -3.46480099216146e-06, -0.00878869135599912, 1.12853587456212e-06, -0.0496573608955177, 1.12853587455912e-06, -2.13346507928331e-06, 0.0496573608955177, 8.05978385455002e-07, -3.46237320068219e-06, -0.0086942168169128, -3.97821368056354e-09, 1.49597997278697e-05, -3.97821368056873e-09, -8.29561912230102e-09, -1.49597997278697e-05, 2.14037738145188e-09, -2.42779152835944e-09, -9.44745390863487e-05, 
270, 0, 1.23595208480785e-06, -0.0496441626147206, 1.23595208480432e-06, -2.08127169182176e-06, 0.0496441626147206, 9.8892845234301e-07, -3.41892511059918e-06, -0.00878881326162996, 1.23948925646936e-06, -0.0496591232062444, 1.23948925646511e-06, -2.07278580064195e-06, 0.0496591232062444, 9.86670007663641e-07, -3.41661617011503e-06, -0.00869433930588317, -3.53717167484109e-09, 1.49605915235979e-05, -3.53717167484353e-09, -8.48589120481643e-09, -1.49605915235979e-05, 2.25844464631407e-09, -2.30894049343922e-09, -9.44739557467891e-05, 
270, 10, 1.16825988172442e-06, -0.0496742785585532, 1.16825988172078e-06, -2.06066800609036e-06, 0.0496742785585532, 1.01120252534237e-06, -3.32837412209957e-06, -0.00878064004270852, 1.17178938515811e-06, -0.0496892406052268, 1.17178938515522e-06, -2.05222312231105e-06, 0.0496892406052268, 1.00899965739419e-06, -3.32606554066371e-06, -0.00868615631562225, -3.52950344740004e-09, 1.49620466737166e-05, -3.52950344740173e-09, -8.44488379067353e-09, -1.49620466737166e-05, 2.20286784202183e-09, -2.30858147251949e-09, -9.44837270862719e-05, 
270, 18, 1.24187270891688e-06, -0.0496971596005298, 1.24187270891312e-06, -2.08512920873472e-06, 0.0496971596005298, 9.32596971483846e-07, -3.33632025326315e-06, -0.00879132488013673, 1.24534050868485e-06, -0.0497121047610099, 1.24534050868163e-06, -2.07676001436401e-06, 0.0497121047610099, 9.30408597668659e-07, -3.33408653773437e-06, -0.00869684981326, -3.46779974998076e-09, 1.49451604802233e-05, -3.46779974997579e-09, -8.36919433585154e-09, -1.49451604802233e-05, 2.18837382855589e-09, -2.23371553770938e-09, -9.44750668767096e-05, 
271, 0, 1.34999317519507e-06, -0.0496987838215958, 1.34999317519157e-06, -2.01825217159815e-06, 0.0496987838215958, 1.1063687919172e-06, -3.28383571931023e-06, -0.00879142990533987, 1.35301653728712e-06, -0.049713729618976, 1.3530165372844e-06, -2.00971909342728e-06, 0.049713729618976, 1.10407274867733e-06, -3.28172246079141e-06, -0.00869695616164669, -3.02336214793325e-09, 1.49457973801975e-05, -3.02336214792912e-09, -8.53307817822488e-09, -1.49457973801975e-05, 2.29604310992552e-09, -2.11325846413179e-09, -9.4473743693174e-05, 
271, 10, 1.28744676837403e-06, -0.0497256298902868, 1.2874467683713e-06, -2.00094392527612e-06, 0.0497256298902868, 1.1464341368419e-06, -3.21527852897025e-06, -0.00878258935063619, 1.29045199862847e-06, -0.0497405751031369, 1.29045199862498e-06, -1.99246652353228e-06, 0.0497405751031369, 1.14419532626907e-06, -3.21315332450915e-06, -0.00868811208893185, -3.00523026664166e-09, 1.49452128497641e-05, -3.00523026663827e-09, -8.47740174336916e-09, -1.49452128497641e-05, 2.23881053530902e-09, -2.12520451339961e-09, -9.44772617043466e-05, 
271, 18, 1.3591881899419e-06, -0.0497484443375361, 1.35918818993896e-06, -2.01785557803501e-06, 0.0497484443375361, 1.07046120623765e-06, -3.22148244757983e-06, -0.00879326222355947, 1.36217042119595e-06, -0.0497633708735485, 1.36217042119268e-06, -2.0094426321362e-06, 0.0497633708735485, 1.06822143589447e-06, -3.21942294074721e-06, -0.00869880140146612, -2.98223131836934e-09, 1.49265360124333e-05, -2.98223131837516e-09, -8.41294589670945e-09, -1.49265360124333e-05, 2.23977032364671e-09, -2.05950683532507e-09, -9.44608220933901e-05, 
272, 0, 1.46328569401343e-06, -0.0497499525383236, 1.46328569400983e-06, -1.94456804760516e-06, 0.0497499525383236, 1.23826743343003e-06, -3.16189451468063e-06, -0.0087933338953179, 1.46582138875236e-06, -0.0497648795301269, 1.46582138874898e-06, -1.93601505442077e-06, 0.0497648795301269, 1.23592871560895e-06, -3.1599577004632e-06, -0.00869887514100958, -2.53569471482617e-09, 1.49269918032494e-05, -2.53569471482183e-09, -8.55299319606319e-09, -1.49269918032494e-05, 2.33871778348215e-09, -1.93681419698862e-09, -9.44587543083703e-05, 
272, 10, 1.40946706945227e-06, -0.0497712738719019, 1.40946706944868e-06, -1.92837888739235e-06, 0.0497712738719019, 1.33936451729575e-06, -3.11739306435089e-06, -0.00878412700285299, 1.41200550851453e-06, -0.0497861985668289, 1.41200550851158e-06, -1.91987927747245e-06, 0.0497861985668289, 1.33706543471471e-06, -3.11543835639761e-06, -0.00868967009046501, -2.53843906966011e-09, 1.49246949272743e-05, -2.53843906966434e-09, -8.49960989427299e-09, -1.49246949272743e-05, 2.29908243395666e-09, -1.9547079265977e-09, -9.4456912387985e-05, 
272, 18, 1.47856720261033e-06, -0.0497941070942279, 1.47856720260619e-06, -1.93810843333417e-06, 0.0497941070942279, 1.26533319647876e-06, -3.12126554229252e-06, -0.00879471332617259, 1.48109925061512e-06, -0.0498090122972665, 1.4810992506113e-06, -1.92965809715323e-06, 0.0498090122972665, 1.26301358706504e-06, -3.11936629909997e-06, -0.00870027975321777, -2.53204797271169e-09, 1.49052030385847e-05, -2.53204797270926e-09, -8.450336174268e-09, -1.49052030385847e-05, 2.31960942463831e-09, -1.89924322965696e-09, -9.44335729548629e-05, 
273, 0, 1.57807365407315e-06, -0.0497954276048808, 1.57807365407032e-06, -1.85826710610201e-06, 0.0497954276048808, 1.4290252444549e-06, -3.05147052543214e-06, -0.00879476130497013, 1.58015805427751e-06, -0.049810333103869, 1.58015805427446e-06, -1.84969865927115e-06, 0.049810333103869, 1.42661420171434e-06, -3.0496969848077e-06, -0.00870033050636629, -2.08440017767818e-09, 1.49054989878579e-05, -2.08440017768146e-09, -8.56844682751915e-09, -1.49054989878579e-05, 2.41104276761957e-09, -1.77354066375516e-09, -9.44307986038765e-05, 
273, 10, 1.54100919448361e-06, -0.0498062231140494, 1.54100919448055e-06, -1.84180756316671e-06, 0.0498062231140494, 1.61486046259007e-06, -3.0255293132786e-06, -0.00878497835228476, 1.54312605682993e-06, -0.0498211255242393, 1.54312605682645e-06, -1.83326578654556e-06, 0.0498211255242393, 1.61245960468543e-06, -3.0237295933409e-06, -0.00869055372449206, -2.11686232046747e-09, 1.4902410189813e-05, -2.11686232046927e-09, -8.54177663919628e-09, -1.4902410189813e-05, 2.40085777707405e-09, -1.79971994268656e-09, -9.44246277927419e-05, 
273, 18, 1.60683711817462e-06, -0.0498291449024191, 1.60683711817103e-06, -1.84507401564744e-06, 0.0498291449024191, 1.5388748270964e-06, -3.0280269650979e-06, -0.00879546426924045, 1.60894217853841e-06, -0.0498440281915929, 1.60894217853546e-06, -1.83657435445368e-06, 0.0498440281915929, 1.53643912563213e-06, -3.0262747495033e-06, -0.0087010691623825, -2.10506035886259e-09, 1.48832891736347e-05, -2.10506035886355e-09, -8.49966121378803e-09, -1.48832891736347e-05, 2.43570152854242e-09, -1.75221556663935e-09, -9.4395106857964e-05, 
274, 0, 1.70116213243172e-06, -0.0498301235303889, 1.70116213242845e-06, -1.75822021543427e-06, 0.0498301235303889, 1.69878917125031e-06, -2.94383204851604e-06, -0.00879548110296098, 1.70281720885058e-06, -0.0498450069937624, 1.70281720884752e-06, -1.74962282927249e-06, 0.0498450069937624, 1.69626837416773e-06, -2.94221089068276e-06, -0.00870108945489304, -1.65507639111125e-09, 1.48834633735775e-05, -1.65507639110776e-09, -8.59738614356357e-09, -1.48834633735775e-05, 2.52079704206517e-09, -1.62115783538592e-09, -9.439164806793e-05, 
274, 10, 1.67671263116213e-06, -0.0498272143666364, 1.67671263115886e-06, -1.74269497787463e-06, 0.0498272143666364, 1.96081154311481e-06, -2.92849519566083e-06, -0.00878471845781427, 1.67838553045276e-06, -0.0498420946373636, 1.67838553044992e-06, -1.73411120119771e-06, 0.0498420946373636, 1.9582864820491e-06, -2.92684134325856e-06, -0.00869033646079628, -1.67289920004559e-09, 1.48802707270171e-05, -1.6728992000477e-09, -8.58377665358691e-09, -1.48802707270171e-05, 2.52506116140007e-09, -1.65385240596231e-09, -9.43819970179755e-05, 
274, 18, 1.73910561662704e-06, -0.0498503027900002, 1.73910561662409e-06, -1.73953863340498e-06, 0.0498503027900002, 1.8806897495901e-06, -2.93111662900967e-06, -0.0087950901204209, 1.74078985803303e-06, -0.0498651653713005, 1.74078985802911e-06, -1.73096709390729e-06, 0.0498651653713005, 1.87810422466707e-06, -2.92950761073177e-06, -0.00870074317293758, -1.6842414322252e-09, 1.48625813003061e-05, -1.68424143223208e-09, -8.57153953135439e-09, -1.48625813003061e-05, 2.58552497191834e-09, -1.60901828690237e-09, -9.43469474832973e-05, 
275, 0, 1.8273892765234e-06, -0.0498508808515326, 1.82738927652057e-06, -1.64553946834004e-06, 0.0498508808515326, 2.03615114011181e-06, -2.82879720766569e-06, -0.00879506646623242, 1.82862047152385e-06, -0.0498657435163159, 1.82862047152078e-06, -1.63688892378565e-06, 0.0498657435163159, 2.03348650878572e-06, -2.82732660642088e-06, -0.00870072360973804, -1.23119503010586e-09, 1.48626647832897e-05, -1.23119503010247e-09, -8.6505445698393e-09, -1.48626647832897e-05, 2.66463121077688e-09, -1.47060127788867e-09, -9.43428564943687e-05, 
275, 10, 1.81043670596717e-06, -0.0498306848707971, 1.81043670596368e-06, -1.63166706820807e-06, 0.0498306848707971, 2.34189781106033e-06, -2.81392302334109e-06, -0.00878309838913522, 1.81172299409463e-06, -0.0498455451083548, 1.81172299409137e-06, -1.62301608357697e-06, 0.0498455451083548, 2.33920029604545e-06, -2.81241498487981e-06, -0.00868876742448625, -1.28628814084274e-09, 1.48602375578437e-05, -1.28628814083925e-09, -8.65098465989078e-09, -1.48602375578437e-05, 2.69751510555826e-09, -1.50803847648927e-09, -9.43309646489751e-05, 
275, 18, 1.86958626473949e-06, -0.0498541216051606, 1.86958626473644e-06, -1.62383415221082e-06, 0.0498541216051606, 2.25749356271477e-06, -2.82072879690136e-06, -0.00879340985987216, 1.87085665526175e-06, -0.0498689666182543, 1.87085665525847e-06, -1.61515354655805e-06, 0.0498689666182543, 2.2547323682102e-06, -2.81926433667214e-06, -0.00869911854473518, -1.2703904923933e-09, 1.48450130936479e-05, -1.27039049239161e-09, -8.68060562503032e-09, -1.48450130936479e-05, 2.76119440999551e-09, -1.46446024456882e-09, -9.42913151369695e-05, 
276, 0, 1.9511782018417e-06, -0.0498542145436208, 1.95117820183843e-06, -1.52292096599318e-06, 0.0498542145436208, 2.40678023308349e-06, -2.69848948240379e-06, -0.00879334563375855, 1.95198966805568e-06, -0.049869059590136, 1.9519896680524e-06, -1.51417992665396e-06, 0.049869059590136, 2.40394666522417e-06, -2.69717222332956e-06, -0.00869905894727241, -8.11466205970335e-10, 1.48450465151123e-05, -8.11466205971924e-10, -8.74103936988197e-09, -1.48450465151123e-05, 2.83356777057452e-09, -1.31725898939391e-09, -9.42866864861282e-05, 
276, 10, 1.93020528201633e-06, -0.0498149539076576, 1.93020528201241e-06, -1.51188075133397e-06, 0.0498149539076576, 2.71163476804735e-06, -2.67612594688446e-06, -0.00877989650826286, 1.93106648991721e-06, -0.0498297978361511, 1.93106648991437e-06, -1.50310594214964e-06, 0.0498297978361511, 2.70875401683796e-06, -2.67477155148589e-06, -0.00868562305285506, -8.61207899314421e-10, 1.48439284934882e-05, -8.61207899312727e-10, -8.77480914341396e-09, -1.48439284934882e-05, 2.8807511767436e-09, -1.35439545977217e-09, -9.42734554078072e-05, 
276, 18, 1.9879501978662e-06, -0.0498388767955512, 1.98795019786315e-06, -1.50197781771002e-06, 0.0498388767955512, 2.62762697102485e-06, -2.69099022349741e-06, -0.00879021407320832, 1.98881027401903e-06, -0.0498537084823326, 1.98881027401554e-06, -1.49314368373313e-06, 0.0498537084823326, 2.62467899761715e-06, -2.68967939493551e-06, -0.00869598387101062, -8.60076137375969e-10, 1.48316867817925e-05, -8.60076137377556e-10, -8.83413393373511e-09, -1.48316867817925e-05, 2.94797329285371e-09, -1.31082859352445e-09, -9.4230202197752e-05, 
277, 0, 2.0623265541298e-06, -0.0498384620245353, 2.06232655412609e-06, -1.39498358145689e-06, 0.0498384620245353, 2.76877943898142e-06, -2.54929410281669e-06, -0.00879010597535971, 2.06271935630251e-06, -0.04985329372359, 2.06271935629925e-06, -1.38610809813208e-06, 0.04985329372359, 2.765766986088e-06, -2.54813972285507e-06, -0.00869588082937267, -3.92802174336233e-10, 1.48316990545804e-05, -3.92802174332951e-10, -8.87548334073751e-09, -1.48316990545804e-05, 3.01245301442224e-09, -1.15437990210199e-09, -9.4225145987037e-05, 
277, 10, 2.0355174169545e-06, -0.0497815340679599, 2.0355174169508e-06, -1.38479080084633e-06, 0.0497815340679599, 3.04017642848256e-06, -2.51313706938567e-06, -0.00877531085997461, 2.03595304230742e-06, -0.0497963661722307, 2.03595304230437e-06, -1.37584406121516e-06, 0.0497963661722307, 3.03711344514316e-06, -2.5119435155849e-06, -0.00868109953965212, -4.35625313082052e-10, 1.48321042705995e-05, -4.3562531307845e-10, -8.94673961784413e-09, -1.48321042705995e-05, 3.06298332569732e-09, -1.1935538147815e-09, -9.4211320322496e-05, 
277, 18, 2.09291835072551e-06, -0.0498060548119823, 2.09291835072157e-06, -1.37527933174265e-06, 0.0498060548119823, 2.95834793263237e-06, -2.53969417372596e-06, -0.0087856683956159, 2.09336894913369e-06, -0.0498208777903731, 2.0933689491302e-06, -1.36625248898551e-06, 0.0498208777903731, 2.95522143168341e-06, -2.53854463052105e-06, -0.00869150281486276, -4.50598455493174e-10, 1.48229783909703e-05, -4.50598455493067e-10, -9.0268427835702e-09, -1.48229783909703e-05, 3.12650087668267e-09, -1.14954324409144e-09, -9.41655807531706e-05, 
278, 0, 2.15999165630762e-06, -0.0498052029079859, 2.15999165630391e-06, -1.26295871052669e-06, 0.0498052029079859, 3.08975557447317e-06, -2.38071876593858e-06, -0.00878552454817815, 2.15996673442444e-06, -0.0498200259020189, 2.15996673442115e-06, -1.25391080965712e-06, 0.0498200259020189, 3.08657275212668e-06, -2.37973471723395e-06, -0.00869136432263677, 2.49218824697673e-11, 1.48229940328663e-05, 2.49218824765453e-11, -9.04790084152519e-09, -1.48229940328663e-05, 3.18282233345956e-09, -9.84048705520941e-10, -9.41602255413623e-05, 
278, 10, 2.1235489516287e-06, -0.0497326255825152, 2.123548951625e-06, -1.25426252598579e-06, 0.0497326255825152, 3.31878743138958e-06, -2.32399545775671e-06, -0.00876996079589231, 2.12360107747722e-06, -0.049747450993927, 2.12360107747415e-06, -1.24511752186991e-06, 0.049747450993927, 3.31554796397971e-06, -2.32297041939312e-06, -0.00867581395198259, -5.21258330790406e-11, 1.4825411411707e-05, -5.21258330840153e-11, -9.14500415396774e-09, -1.4825411411707e-05, 3.23946740337065e-09, -1.0250383824348e-09, -9.41468439097422e-05, 
278, 18, 2.18096180680896e-06, -0.0497577078842698, 2.1809618068059e-06, -1.24581294833452e-06, 0.0497577078842698, 3.23999513338279e-06, -2.36271936243952e-06, -0.00878035778997126, 2.18099846737081e-06, -0.0497725276224026, 2.18099846736689e-06, -1.23658393310086e-06, 0.0497725276224026, 3.23670847870489e-06, -2.36174300720068e-06, -0.008686257676849, -3.66606204475814e-11, 1.48197381327429e-05, -3.66606204509678e-11, -9.22901527277107e-09, -1.48197381327429e-05, 3.28665445246307e-09, -9.76355104056731e-10, -9.41001131222701e-05, 
279, 0, 2.24051529230664e-06, -0.049756476940305, 2.24051529230381e-06, -1.129182824661e-06, 0.049756476940305, 3.36041195234137e-06, -2.1889479083597e-06, -0.00878019581388724, 2.24006429248763e-06, -0.0497712967420059, 2.24006429248437e-06, -1.11995378480872e-06, 0.0497712967420059, 3.35707915783753e-06, -2.18814552025894e-06, -0.00868610120176225, 4.50999841070009e-10, 1.48198017010382e-05, 4.50999841075093e-10, -9.22903985699205e-09, -1.48198017010382e-05, 3.33279441134948e-09, -8.02388189185345e-10, -9.40946121249603e-05, 
279, 10, 2.19853105272746e-06, -0.0496704024790217, 2.19853105272398e-06, -1.12002693512598e-06, 0.0496704024790217, 3.54577529341271e-06, -2.11092060688636e-06, -0.00876328199283442, 2.19813244211442e-06, -0.0496852262938542, 2.19813244211094e-06, -1.11070028521274e-06, 0.0496852262938542, 3.54239807767849e-06, -2.11007830073081e-06, -0.00866920032796603, 3.98610594618504e-10, 1.48238148324643e-05, 3.98610594614904e-10, -9.32664991148606e-09, -1.48238148324643e-05, 3.37721586849907e-09, -8.42306163863948e-10, -9.40816648683771e-05, 
279, 18, 2.25462726187646e-06, -0.049696019785527, 2.25462726187274e-06, -1.11312046633502e-06, 0.049696019785527, 3.467791300793e-06, -2.16166342111433e-06, -0.00877373552153776, 2.25422123108644e-06, -0.0497108404823393, 2.25422123108316e-06, -1.1037065841356e-06, 0.0497108404823393, 3.46437158652805e-06, -2.16087486513991e-06, -0.00867970068529829, 4.06030754481904e-10, 1.4820696812149e-05, 4.06030754478519e-10, -9.41388219102353e-09, -1.4820696812149e-05, 3.41971425951826e-09, -7.88555992069833e-10, -9.4034836239441e-05, 
280, 0, 2.3068021998643e-06, -0.0496944653687619, 2.30680219986083e-06, -9.92860362032242e-07, 0.0496944653687619, 3.57597602646958e-06, -1.97616263647454e-06, -0.0087735339600323, 2.30590019264261e-06, -0.0497092861667772, 2.30590019263935e-06, -9.83471293195868e-07, 0.0497092861667772, 3.5725208166875e-06, -1.97555413397656e-06, -0.00867950466531239, 9.02007245061757e-10, 1.48207980154192e-05, 9.02007245065145e-10, -9.38906883482595e-09, -1.48207980154192e-05, 3.45520977427206e-09, -6.08502495500752e-10, -9.40292947199031e-05, 
280, 10, 2.25369698759603e-06, -0.0495935163015235, 2.25369698759278e-06, -9.88397414204339e-07, 0.0495935163015235, 3.71847243770617e-06, -1.88374640971983e-06, -0.00875696437629091, 2.25284757502628e-06, -0.0496083447385659, 2.252847575023e-06, -9.78918936114118e-07, 0.0496083447385659, 3.71497751645913e-06, -1.88309531410638e-06, -0.0086629454260741, 8.49412541643198e-10, 1.48284370423262e-05, 8.49412541640025e-10, -9.47847807632397e-09, -1.48284370423262e-05, 3.4949213923611e-09, -6.51095539107529e-10, -9.40189502167964e-05, 
280, 18, 2.30876800754546e-06, -0.0496195416156034, 2.30876800754264e-06, -9.81639358356656e-07, 0.0496195416156034, 3.64131807346776e-06, -1.94467225976877e-06, -0.0087674503631119, 2.3079006212495e-06, -0.0496343714474908, 2.30790062124601e-06, -9.72077989342579e-07, 0.0496343714474908, 3.63778989401366e-06, -1.94408149228825e-06, -0.00867347595853895, 8.6738628254169e-10, 1.48298318873819e-05, 8.6738628253661e-10, -9.5613689963083e-09, -1.48298318873819e-05, 3.52817945077406e-09, -5.9076739584342e-10, -9.39744045729396e-05, 
281, 0, 2.35345575039286e-06, -0.0496176072106588, 2.35345575038979e-06, -8.59073006884683e-07, 0.0496176072106588, 3.73680770977026e-06, -1.75047586674807e-06, -0.00876726835088604, 2.35208300834084e-06, -0.0496324373314725, 2.35208300833755e-06, -8.49562224752221e-07, 0.0496324373314725, 3.73325553581685e-06, -1.7500711136902e-06, -0.00867329929513453, 1.37274201216136e-09, 1.48301208137666e-05, 1.37274201216305e-09, -9.51078217133883e-09, -1.48301208137666e-05, 3.55217394285521e-09, -4.04753011724643e-10, -9.39690557515006e-05, 
281, 10, 2.29558785600074e-06, -0.0495092741883647, 2.29558785599854e-06, -8.55427321040543e-07, 0.0495092741883647, 3.85044902563324e-06, -1.64634930685644e-06, -0.0087500287488702, 2.29425018864158e-06, -0.0495241147642166, 2.29425018863875e-06, -8.45837975490953e-07, 0.0495241147642166, 3.84686491765646e-06, -1.64590461428289e-06, -0.00865606785028908, 1.33766735949982e-09, 1.48405758520539e-05, 1.3376673595013e-09, -9.58934551575602e-09, -1.48405758520539e-05, 3.58410790361704e-09, -4.44692597027725e-10, -9.39608985811204e-05, 
281, 18, 2.35036903622337e-06, -0.0495356281262267, 2.35036903622031e-06, -8.48054142482626e-07, 0.0495356281262267, 3.77417349823296e-06, -1.7166198865478e-06, -0.00876058135645144, 2.34899786057901e-06, -0.049550473066121, 2.34899786057594e-06, -8.38409318823789e-07, 0.049550473066121, 3.77057070916268e-06, -1.71623299579748e-06, -0.00866666157909147, 1.37117557591564e-09, 1.48449398941593e-05, 1.37117557592073e-09, -9.64482365471396e-09, -1.48449398941593e-05, 3.60278898559845e-09, -3.86890767643016e-10, -9.39197773599229e-05, 
282, 0, 2.38783523368823e-06, -0.0495335764445161, 2.38783523368409e-06, -7.23709329004497e-07, 0.0495335764445161, 3.85698392556943e-06, -1.51599135556201e-06, -0.00876037993076813, 2.38595466204199e-06, -0.0495484218361359, 2.3859546620385e-06, -7.14143833717963e-07, 0.0495484218361359, 3.85336839270372e-06, -1.5157936749637e-06, -0.00866646517323752, 1.88057158477868e-09, 1.48453916197439e-05, 1.88057158478229e-09, -9.5654952856371e-09, -1.48453916197439e-05, 3.61553279726953e-09, -1.97680644761343e-10, -9.39147575306319e-05, 
282, 10, 2.32071677531004e-06, -0.0494230775924114, 2.32071677530678e-06, -7.26745140536011e-07, 0.0494230775924114, 3.95455450309169e-06, -1.40895866312987e-06, -0.00874241897073898, 2.31883703945634e-06, -0.0494379348016636, 2.31883703945329e-06, -7.17136705086839e-07, 0.0494379348016636, 3.95091870753684e-06, -1.40871825630158e-06, -0.00864851046929835, 1.87973591907438e-09, 1.48572092523807e-05, 1.87973591907608e-09, -9.60843545765155e-09, -1.48572092523807e-05, 3.63579551676048e-09, -2.4040693402419e-10, -9.39085014405798e-05, 
282, 18, 2.37750684416571e-06, -0.0494496026225232, 2.37750684416266e-06, -7.16370522155822e-07, 0.0494496026225232, 3.87937535703963e-06, -1.48746330066926e-06, -0.00875303371115864, 2.37558364217638e-06, -0.0494644652406537, 2.37558364217311e-06, -7.06724059127552e-07, 0.0494644652406537, 3.8757242719794e-06, -1.4872872449441e-06, -0.00865916205031962, 1.92320193241362e-09, 1.48626181306002e-05, 1.92320193240854e-09, -9.64646300058325e-09, -1.48626181306002e-05, 3.65108483457207e-09, -1.76055658999566e-10, -9.38716608390285e-05, 
283, 0, 2.40784391308347e-06, -0.0494475380038551, 2.40784391308066e-06, -5.91263482579514e-07, 0.0494475380038551, 3.94998966939164e-06, -1.28208577011434e-06, -0.00875282155332965, 2.40541252789222e-06, -0.0494624011828177, 2.4054125278898e-06, -5.81727147879783e-07, 0.0494624011828177, 3.94633735341539e-06, -1.28210109860037e-06, -0.00865895447328713, 2.43138518117402e-09, 1.4863178962444e-05, 2.43138518117762e-09, -9.53633468398213e-09, -1.4863178962444e-05, 3.65231598263231e-09, 1.53285352080835e-11, -9.38670800425081e-05, 
283, 10, 2.33558505714839e-06, -0.0493414898939382, 2.33558505714535e-06, -6.01048422043322e-07, 0.0493414898939382, 4.03825383837793e-06, -1.18592023695017e-06, -0.0087351996812222, 2.33313325887932e-06, -0.0493563655495936, 2.3331332588767e-06, -5.91476337914676e-07, 0.0493563655495936, 4.03458661678842e-06, -1.18589133698769e-06, -0.00864133622193281, 2.45179826239702e-09, 1.487565565525e-05, 2.45179826239702e-09, -9.5720841040034e-09, -1.487565565525e-05, 3.66722168365808e-09, -2.88999949091597e-11, -9.38634592893886e-05, 
283, 18, 2.39396117938008e-06, -0.049367907770873, 2.39396117937789e-06, -5.86920899149302e-07, 0.049367907770873, 3.96455558680279e-06, -1.27049958948217e-06, -0.00874582276600448, 2.39145340564759e-06, -0.0493827885609958, 2.39145340564518e-06, -5.77335541526921e-07, 0.0493827885609958, 3.96087658500509e-06, -1.27053244543295e-06, -0.00865199069164253, 2.50777373734081e-09, 1.48807901229606e-05, 2.50777373734081e-09, -9.58535760952286e-09, -1.48807901229606e-05, 3.67900177653832e-09, 3.2855927936735e-11, -9.38320743619757e-05, 
284, 0, 2.41765534453128e-06, -0.0493660036102662, 2.41765534452843e-06, -4.61473076097306e-07, 0.0493660036102662, 4.02395068881983e-06, -1.06174104081945e-06, -0.0087456334817704, 2.41464419532697e-06, -0.0493808850312952, 2.41464419532391e-06, -4.5202975909215e-07, 0.0493808850312952, 4.02028160650106e-06, -1.06196560015248e-06, -0.00865180542264819, 3.01114923801306e-09, 1.48814210289927e-05, 3.01114923801306e-09, -9.44331697070089e-09, -1.48814210289927e-05, 3.66908234908987e-09, 2.24559310275551e-10, -9.38280591221931e-05, 
284, 10, 2.34306881532127e-06, -0.0492707448276376, 2.34306881531887e-06, -4.78314403428828e-07, 0.0492707448276376, 4.11579797822192e-06, -9.75703722013587e-07, -0.00872923506746165, 2.34003449774567e-06, -0.0492856389496773, 2.34003449774303e-06, -4.6884931526101e-07, 0.0492856389496773, 4.11211168619613e-06, -9.75885000369984e-07, -0.00863540697665085, 3.03431755749195e-09, 1.48941220399091e-05, 3.03431755748878e-09, -9.46508815819509e-09, -1.48941220399091e-05, 3.68629210710182e-09, 1.81278336907869e-10, -9.38280908107597e-05, 
284, 18, 2.40283876211481e-06, -0.0492968141316625, 2.40283876211218e-06, -4.5919453522423e-07, 0.0492968141316625, 4.04438174718555e-06, -1.0643141484056e-06, -0.00873983429465813, 2.39972904411155e-06, -0.0493117121498242, 2.39972904410891e-06, -4.49743472072747e-07, 0.0493117121498242, 4.04069342253665e-06, -1.0645446858858e-06, -0.00864603090588581, 3.10971803203016e-09, 1.48980181618044e-05, 3.10971803203016e-09, -9.45106314773164e-09, -1.48980181618044e-05, 3.68832468123485e-09, 2.30537496709497e-10, -9.3803388772309e-05, 
285, 0, 2.42016528418967e-06, -0.0492952277253911, 2.42016528418639e-06, -3.33753618749714e-07, 0.0492952277253911, 4.0936632959243e-06, -8.52180381597354e-07, -0.00873968860641461, 2.41656069549108e-06, -0.0493101264161615, 2.4165606954878e-06, -3.24477407709811e-07, 0.0493101264161614, 4.08999591468471e-06, -8.5260214787647e-07, -0.00864588854858289, 3.60458867992771e-09, 1.48986907705766e-05, 3.60458867992771e-09, -9.2762109994968e-09, -1.48986907705766e-05, 3.66738129538538e-09, 4.21766156373382e-10, -9.3800057831728e-05, 
285, 10, 2.34722504292781e-06, -0.0492145865440971, 2.34722504292561e-06, -3.58507303130218e-07, 0.0492145865440971, 4.18689291293135e-06, -7.86879549422511e-07, -0.00872482779261309, 2.34359627518895e-06, -0.0492294978086978, 2.34359627518633e-06, -3.4923774300995e-07, 0.0492294978086978, 4.18320982475027e-06, -7.87255566364479e-07, -0.00863102322215717, 3.62876771617849e-09, 1.49112646004856e-05, 3.62876771617532e-09, -9.26956008469432e-09, -1.49112646004856e-05, 3.68308816270341e-09, 3.76016936036473e-10, -9.38045704559055e-05, 
285, 18, 2.40986857439698e-06, -0.0492402118945867, 2.40986857439437e-06, -3.31177258049184e-07, 0.0492402118945867, 4.11830505693268e-06, -8.77240984311798e-07, -0.00873543709490153, 2.40615962487545e-06, -0.0492551251903026, 2.40615962487262e-06, -3.21926516709813e-07, 0.0492551251903026, 4.11462188289034e-06, -8.77654312853757e-07, -0.0086416495101332, 3.70894951789072e-09, 1.4913295716113e-05, 3.70894951789728e-09, -9.25074136108067e-09, -1.4913295716113e-05, 3.68317401718076e-09, 4.13328491072014e-10, -9.37875847683268e-05, 
286, 0, 2.42104036182124e-06, -0.0492390250399737, 2.4210403618182e-06, -2.0579421664032e-07, 0.0492390250399737, 4.15841893026334e-06, -6.6228952152016e-07, -0.00873534129431365, 2.41684765650257e-06, -0.0492539390338254, 2.41684765649907e-06, -1.96749888556863e-07, 0.0492539390338254, 4.15476665356363e-06, -6.62892465319458e-07, -0.00864155627781851, 4.19270528743267e-09, 1.49139938517344e-05, 4.19270528742568e-09, -9.04432806990998e-09, -1.49139938517344e-05, 3.65227657513897e-09, 6.02943813124805e-10, -9.37850164951516e-05, 
286, 10, 2.34598592731197e-06, -0.0491757235409822, 2.34598592730869e-06, -2.45962772636489e-07, 0.0491757235409822, 4.24895772170596e-06, -6.25369081805041e-07, -0.0087219647655678, 2.34178020146966e-06, -0.0491906494143993, 2.34178020146661e-06, -2.36945398193797e-07, 0.0491906494143993, 4.24529006216362e-06, -6.25922772899803e-07, -0.00862817032168388, 4.20572583677308e-09, 1.49258734171617e-05, 4.20572583677329e-09, -9.01737443742791e-09, -1.49258734171617e-05, 3.66765955440889e-09, 5.53691076950446e-10, -9.37944438839474e-05, 
286, 18, 2.41242516666538e-06, -0.0492007855361077, 2.41242516666277e-06, -2.07889347359877e-07, 0.0492007855361077, 4.18421714139041e-06, -7.15338406252802e-07, -0.00873259749159416, 2.4081461443896e-06, -0.049215710842108, 2.40814614438699e-06, -1.9888338283573e-07, 0.049215710842108, 4.18055295132554e-06, -7.15917543799285e-07, -0.00863881192106365, 4.27902229622097e-09, 1.49253060003241e-05, 4.27902229622097e-09, -9.00596452145111e-09, -1.49253060003241e-05, 3.66419014879005e-09, 5.79137548962325e-10, -9.37855705305218e-05, 
287, 0, 2.41766060512179e-06, -0.0492000624596621, 2.41766060511898e-06, -8.29517071714978e-08, 0.0492000624596621, 4.21643342570761e-06, -4.98065826375383e-07, -0.00873254931370579, 2.41291281283364e-06, -0.0492149884634683, 2.41291281283104e-06, -7.41815693293531e-08, 0.0492149884634683, 4.21280910655918e-06, -4.98832321484689e-07, -0.00863876552085252, 4.74779226773353e-09, 1.49260038062626e-05, 4.74779226773671e-09, -8.77013784649336e-09, -1.49260038062626e-05, 3.6243191439022e-09, 7.66495174369937e-10, -9.37837928532639e-05, 
287, 10, 2.3422468940632e-06, -0.0491558035383822, 2.34224689406081e-06, -1.40499473187653e-07, 0.0491558035383822, 4.30172500410706e-06, -4.88072949321757e-07, -0.00872083623489028, 2.33747175667241e-06, -0.0491707403653922, 2.33747175666978e-06, -1.31758989641538e-07, 0.0491707403653922, 4.29808472070832e-06, -4.88789183276054e-07, -0.00862703775817225, 4.77513737919639e-09, 1.49368270097846e-05, 4.77513737919639e-09, -8.74048354123249e-09, -1.49368270097846e-05, 3.64028346074658e-09, 7.16233975614958e-10, -9.37984767180143e-05, 
287, 18, 2.41237667267639e-06, -0.0491801268551085, 2.41237667267399e-06, -9.01951926721726e-08, 0.0491801268551085, 4.24242400376793e-06, -5.75215924068995e-07, -0.00873143951252105, 2.40757021475668e-06, -0.0491950602336466, 2.40757021475342e-06, -8.14630668533514e-08, 0.0491950602336466, 4.23879026712167e-06, -5.75942090749542e-07, -0.00863764186178658, 4.80645793395613e-09, 1.49333785380551e-05, 4.80645793395952e-09, -8.73212586371981e-09, -1.49333785380551e-05, 3.63373663014415e-09, 7.26166772571594e-10, -9.37976507344822e-05, 
288, 0, 2.41213289689604e-06, -0.049179907323574, 2.41213289689298e-06, 3.43638538938454e-08, 0.049179907323574, 4.26790538804526e-06, -3.55656323429017e-07, -0.00873144452357879, 2.40687611108539e-06, -0.0491948413746085, 2.40687611108233e-06, 4.28340750981473e-08, 0.0491948413746085, 4.26431892780841e-06, -3.56567324637978e-07, -0.00863764787397342, 5.2567858246612e-09, 1.49340510343914e-05, 5.2567858246612e-09, -8.47022122181166e-09, -1.49340510343914e-05, 3.58646028403876e-09, 9.11001241998737e-10, -9.37966496053703e-05, 
288, 10, 2.3384755716824e-06, -0.0491544184878938, 2.33847557167935e-06, -3.93200128222798e-08, 0.0491544184878938, 4.34502742276942e-06, -3.61312846215493e-07, -0.00872161954322191, 2.33318235282223e-06, -0.0491693622727661, 2.3331823528196e-06, -3.09215544782323e-08, 0.0491693622727661, 4.34143042951934e-06, -3.62168707543821e-07, -0.00862780265883825, 5.29321887207656e-09, 1.49437848723459e-05, 5.29321887207317e-09, -8.39845836580844e-09, -1.49437848723459e-05, 3.59699322205515e-09, 8.5586123207817e-10, -9.38168843836591e-05, 
288, 19, 2.41081849224071e-06, -0.0491782052353696, 2.41081849223808e-06, 2.27756812079412e-08, 0.0491782052353696, 4.29352655146992e-06, -4.46774828817744e-07, -0.00873217191161028, 2.40554631915611e-06, -0.0491931435776484, 2.40554631915348e-06, 3.11962484467021e-08, 0.0491931435776484, 4.28993795277711e-06, -4.47627766645917e-07, -0.00863834845975267, 5.27217307566795e-09, 1.49383422789138e-05, 5.27217307567112e-09, -8.42056729131136e-09, -1.49383422789138e-05, 3.58859860755766e-09, 8.52937818993455e-10, -9.38234518575812e-05, 
289, 0, 2.4056662950394e-06, -0.0491783713152659, 2.40566629503679e-06, 1.48699417109661e-07, 0.0491783713152659, 4.31199363872755e-06, -2.23686142487514e-07, -0.00873224340532856, 2.3999669698781e-06, -0.0491933102378844, 2.39996696987592e-06, 1.56837131232351e-07, 0.0491933102378844, 4.30845498495425e-06, -2.24723649002095e-07, -0.00863842012240035, 5.69932517426435e-09, 1.49389226185791e-05, 5.69932517426413e-09, -8.13771407748253e-09, -1.49389226185791e-05, 3.53865380776644e-09, 1.037506608822e-09, -9.38232829282028e-05, 
289, 10, 2.33816767155786e-06, -0.0491706845915765, 2.33816767155568e-06, 6.85607291403836e-08, 0.0491706845915765, 4.3712248510323e-06, -2.36170835040457e-07, -0.00872392238435934, 2.33245493437693e-06, -0.0491856314747263, 2.33245493437388e-06, 7.66341844233256e-08, 0.0491856314747263, 4.36767254573898e-06, -2.37153484090743e-07, -0.0086300736189929, 5.71273720409173e-09, 1.4946883149709e-05, 5.71273720409533e-09, -8.07345526491206e-09, -1.4946883149709e-05, 3.55230523686853e-09, 9.82649145668611e-10, -9.38487653664371e-05, 
289, 19, 2.41175510395964e-06, -0.0491933351369885, 2.41175510395703e-06, 1.41095942257214e-07, 0.0491933351369885, 4.3268210386239e-06, -3.18157858068345e-07, -0.0087342969351964, 2.40608069981204e-06, -0.0492082737952201, 2.40608069980985e-06, 1.49186287918964e-07, 0.0492082737952201, 4.32328194368764e-06, -3.19134956587265e-07, -0.00864043414365722, 5.6744041415885e-09, 1.49386582317456e-05, 5.67440414159527e-09, -8.09034566852805e-09, -1.49386582317456e-05, 3.53909492175376e-09, 9.77098493320836e-10, -9.38627915391601e-05, 
290, 0, 2.40093474213645e-06, -0.0491939594024034, 2.40093474213384e-06, 2.66975054170864e-07, 0.0491939594024034, 4.33859220681551e-06, -9.37022300364917e-08, -0.00873441002597411, 2.39485251817562e-06, -0.0492088986320535, 2.39485251817345e-06, 2.74763541176048e-07, 0.0492088986320535, 4.33510887768163e-06, -9.48613354863096e-08, -0.00864054682710578, 6.08222399506307e-09, 1.49392296503507e-05, 6.08222399505969e-09, -7.78848698843546e-09, -1.49392296503507e-05, 3.48332908981625e-09, 1.15910552361729e-09, -9.38631988683564e-05, 
290, 10, 2.33471737164388e-06, -0.0492020934164574, 2.33471737164127e-06, 1.77149579568087e-07, 0.0492020934164574, 4.37046895724536e-06, -9.83875378607106e-08, -0.00872789352800978, 2.32863322678705e-06, -0.0492170394696576, 2.328633226784e-06, 1.84880581326647e-07, 0.0492170394696576, 4.36697197115366e-06, -9.94941419936026e-08, -0.00863399969794762, 6.08414484879678e-09, 1.49460532001646e-05, 6.08414484879678e-09, -7.73100176987561e-09, -1.49460532001646e-05, 3.49698610169299e-09, 1.10660420658196e-09, -9.38938300621984e-05, 
290, 19, 2.40655185972345e-06, -0.0492234535504011, 2.40655185972083e-06, 2.54930643070509e-07, 0.0492234535504011, 4.33151357875488e-06, -1.81343618006278e-07, -0.00873800211649867, 2.40052933327903e-06, -0.0492383895266098, 2.4005293332764e-06, 2.62691061555295e-07, 0.0492383895266098, 4.32803442688589e-06, -1.82444653176128e-07, -0.00864408814085159, 6.0225264759261e-09, 1.49359762087479e-05, 6.02252647593287e-09, -7.76041852887788e-09, -1.49359762087479e-05, 3.47915178542899e-09, 1.10103526277769e-09, -9.39139756470825e-05, 
291, 0, 2.39007521292087e-06, -0.0492244801993469, 2.39007521291782e-06, 3.80309610666707e-07, 0.0492244801993469, 4.33596867982363e-06, 4.35315118392231e-08, -0.00873816614875915, 2.38366366521107e-06, -0.0492394167682488, 2.38366366520888e-06, 3.87751263568201e-07, 0.0492394167682488, 4.33255162720712e-06, 4.22517600133553e-08, -0.00864425129463264, 6.41154772312046e-09, 1.4936568901991e-05, 6.41154772312406e-09, -7.44165288335956e-09, -1.4936568901991e-05, 3.41705259527544e-09, 1.27975183294258e-09, -9.39148541264857e-05, 
291, 10, 2.32793195705136e-06, -0.0492468460187159, 2.32793195704831e-06, 2.93981969655142e-07, 0.0492468460187159, 4.33387356415569e-06, 6.27288076943606e-08, -0.00873296962845357, 2.32155154909089e-06, -0.0492617882530999, 2.32155154908784e-06, 3.01390459867614e-07, 0.0492617882530999, 4.33044991655177e-06, 6.1506002681673e-08, -0.00863901982513097, 6.38040793358722e-09, 1.49422343839526e-05, 6.38040793358743e-09, -7.408490227026e-09, -1.49422343839526e-05, 3.42364762888776e-09, 1.22280500494407e-09, -9.39498033225928e-05, 
291, 19, 2.39560607177702e-06, -0.0492669542916548, 2.39560607177484e-06, 3.72053547122645e-07, 0.0492669542916548, 4.30006114017877e-06, -2.28216430980358e-08, -0.00874274872185518, 2.3892749654785e-06, -0.0492818849554378, 2.38927496547629e-06, 3.79481254725022e-07, 0.0492818849554378, 4.29666240425951e-06, -2.40537262497272e-08, -0.00864877463279044, 6.33110628657977e-09, 1.49306637832523e-05, 6.33110628657976e-09, -7.42770761923554e-09, -1.49306637832523e-05, 3.39873589232683e-09, 1.23208299197591e-09, -9.39740890647449e-05, 
292, 0, 2.37337704866551e-06, -0.0492683523267364, 2.37337704866244e-06, 4.97107450662698e-07, 0.0492683523267364, 4.29592583015426e-06, 2.00937065568274e-07, -0.00874294275522575, 2.36667485897617e-06, -0.0492832836102805, 2.36667485897312e-06, 5.04201630545191e-07, 0.0492832836102805, 4.29259585462065e-06, 1.99530343878023e-07, -0.00864896746580736, 6.70218967941375e-09, 1.49312835440489e-05, 6.70218967942391e-09, -7.09417986337091e-09, -1.49312835440489e-05, 3.32997557254731e-09, 1.40672173070015e-09, -9.39752894183659e-05, 
292, 10, 2.31971046879091e-06, -0.0493019966636843, 2.31971046878786e-06, 4.31874793322743e-07, 0.0493019966636843, 4.2636255076916e-06, 2.70009261493531e-07, -0.00873858720697943, 2.31303459049617e-06, -0.0493169324893414, 2.3130345904931e-06, 4.38924876095925e-07, 0.0493169324893414, 4.26029776530265e-06, 2.68664258153673e-07, -0.00864457402387419, 6.67587828200713e-09, 1.4935825656904e-05, 6.67587828201073e-09, -7.05008276175745e-09, -1.4935825656904e-05, 3.32774240463894e-09, 1.34500329461829e-09, -9.40131831052387e-05, 
292, 19, 2.38138522373369e-06, -0.0493212257090074, 2.38138522373062e-06, 5.02624633365586e-07, 0.0493212257090074, 4.2304338290239e-06, 1.65791461254036e-07, -0.00874801466798346, 2.37476517858582e-06, -0.0493361487282332, 2.37476517858276e-06, 5.0973330514124e-07, 0.0493361487282332, 4.22713606584442e-06, 1.64417313718479e-07, -0.00865397532621899, 6.62004516687619e-09, 1.49230192257015e-05, 6.62004516687619e-09, -7.10867181175959e-09, -1.49230192257015e-05, 3.29776318641953e-09, 1.37414748173758e-09, -9.4039341764493e-05, 
293, 0, 2.35268372687891e-06, -0.0493229241390369, 2.35268372687628e-06, 6.27375420783987e-07, 0.0493229241390369, 4.21614722437885e-06, 3.86765062820455e-07, -0.00874822441172404, 2.34570854946537e-06, -0.0493378478141987, 2.34570854946231e-06, 6.34133285600887e-07, 0.0493378478141987, 4.21292590155587e-06, 3.85221870340604e-07, -0.00865418370062366, 6.97517743191773e-09, 1.49236751617901e-05, 6.97517743191773e-09, -6.75786479501457e-09, -1.49236751617901e-05, 3.2213227900065e-09, 1.54319254476875e-09, -9.40407111004189e-05, 
293, 10, 2.30166607571304e-06, -0.0493648404332784, 2.30166607571045e-06, 5.73560947618308e-07, 0.0493648404332784, 4.15507031102963e-06, 5.10477438753281e-07, -0.00874455049165494, 2.29468859082175e-06, -0.0493797679417755, 2.29468859081871e-06, 5.80216140521708e-07, 0.0493797679417755, 4.1518653066252e-06, 5.08980937199754e-07, -0.00865046985741663, 6.97748489761253e-09, 1.49275084971382e-05, 6.97748489760956e-09, -6.65519290167461e-09, -1.49275084971382e-05, 3.20500437261716e-09, 1.4965015347418e-09, -9.40806342382951e-05, 
293, 19, 2.358053389316e-06, -0.0493838306916213, 2.35805338931297e-06, 6.34207144660829e-07, 0.0493838306916213, 4.12258249536961e-06, 3.78414430972673e-07, -0.00875370294082616, 2.35114603619438e-06, -0.049398744813782, 2.35114603619176e-06, 6.40983015744688e-07, 0.049398744813782, 4.1194115360214e-06, 3.76883889485309e-07, -0.00865959609692923, 6.90735312613267e-09, 1.49141221606628e-05, 6.90735312613267e-09, -6.77587105197581e-09, -1.49141221606628e-05, 3.17095936772134e-09, 1.53054156113559e-09, -9.41068438969473e-05, 
294, 0, 2.32264024943345e-06, -0.0493857803876539, 2.32264024943128e-06, 7.57499996967235e-07, 0.0493857803876539, 4.09679153701328e-06, 5.93872596491619e-07, -0.00875392597525026, 2.31539380959215e-06, -0.0494006952181167, 2.31539380958867e-06, 7.63908602732721e-07, 0.0494006952181167, 4.09370542307353e-06, 5.92179512107139e-07, -0.0086598177148695, 7.24643981687347e-09, 1.49148304629207e-05, 7.24643981687347e-09, -6.40860577384584e-09, -1.49148304629207e-05, 3.08611394200105e-09, 1.69308433065689e-09, -9.41082603807514e-05, 
294, 10, 2.27093123939132e-06, -0.0494293750526379, 2.27093123938868e-06, 6.97605177341532e-07, 0.0494293750526379, 4.00326273049137e-06, 7.39696669201931e-07, -0.00875011484174029, 2.26365742690576e-06, -0.0494442940923414, 2.26365742690228e-06, 7.03824359123075e-07, 0.0494442940923414, 4.00020739872699e-06, 7.38052955472538e-07, -0.00865596465737767, 7.27381248505321e-09, 1.49190397036931e-05, 7.27381248505977e-09, -6.21918177150135e-09, -1.49190397036931e-05, 3.05533171475608e-09, 1.64371375795946e-09, -9.41501843626068e-05, 
294, 19, 2.32462572532529e-06, -0.0494489870110446, 2.32462572532225e-06, 7.6068296741226e-07, 0.0494489870110446, 3.97837788901261e-06, 5.98818075655021e-07, -0.00875932585379489, 2.31741336757221e-06, -0.0494638928207678, 2.31741336756959e-06, 7.67070863030702e-07, 0.0494638928207678, 3.97536436365109e-06, 5.97127788260695e-07, -0.00866515132469511, 7.21235776491405e-09, 1.49058097230955e-05, 7.21235776491744e-09, -6.3878956194051e-09, -1.49058097230955e-05, 3.01352545026679e-09, 1.69028748074846e-09, -9.41745290997735e-05, 
295, 0, 2.28278768371499e-06, -0.0494510272437366, 2.2827876837115e-06, 8.82044910775745e-07, 0.0494510272437366, 3.94076096314797e-06, 8.06188041352933e-07, -0.00875954788090184, 2.27525594358668e-06, -0.0494659338113768, 2.27525594358448e-06, 8.88053713336902e-07, 0.0494659338113768, 3.93784006863995e-06, 8.0434247572047e-07, -0.00866537201909141, 7.53174014167055e-09, 1.49065676400723e-05, 7.53174014167055e-09, -6.00880258749165e-09, -1.49065676400723e-05, 2.92089450260394e-09, 1.84556562004074e-09, -9.41758618104499e-05, 
295, 10, 2.22967599901306e-06, -0.0494912671389461, 2.22967599901044e-06, 8.08938915062552e-07, 0.0494912671389461, 3.8219624373137e-06, 9.63981669576382e-07, -0.00875424795367585, 2.22210957565027e-06, -0.0495061785771251, 2.22210957564678e-06, 8.14787990400875e-07, 0.0495061785771251, 3.81907569394927e-06, 9.62174235838977e-07, -0.00866002950445338, 7.5664233488675e-09, 1.49114381789325e-05, 7.5664233488711e-09, -5.84907536487918e-09, -1.49114381789325e-05, 2.88674338536826e-09, 1.80743371096222e-09, -9.42184492224574e-05, 
295, 19, 2.28123076043197e-06, -0.0495122053612006, 2.28123076042893e-06, 8.80536884050118e-07, 0.0495122053612006, 3.80580364081188e-06, 8.20491814392327e-07, -0.00876399244721317, 2.27368520818575e-06, -0.0495271036922002, 2.27368520818313e-06, 8.8647115148895e-07, 0.0495271036922002, 3.80297617525857e-06, 8.18642647686605e-07, -0.00866975374562068, 7.54555222989112e-09, 1.48983309997117e-05, 7.54555222989769e-09, -5.93426745168665e-09, -1.48983309997117e-05, 2.82746556077937e-09, 1.84916676713389e-09, -9.42387015924932e-05, 
296, 0, 2.23325247404949e-06, -0.0495142147954977, 2.23325247404687e-06, 9.994735962231e-07, 0.0495142147954977, 3.75659060328052e-06, 1.01846380444888e-06, -0.00876419305695916, 2.22541083158112e-06, -0.0495291139306428, 2.22541083157805e-06, 1.00501650680137e-06, 0.0495291139306428, 3.75386303867178e-06, 1.01646765754333e-06, -0.00866995324944882, 7.84164245586494e-09, 1.48991351450853e-05, 7.84164245586494e-09, -5.54291058270775e-09, -1.48991351450853e-05, 2.72756463557469e-09, 1.99614699617996e-09, -9.42398075103363e-05, 
296, 10, 2.17988281284289e-06, -0.0495532086205247, 2.17988281283984e-06, 9.17544499994094e-07, 0.0495532086205247, 3.62752454768298e-06, 1.20389621897256e-06, -0.00875743411205295, 2.1719764912971e-06, -0.0495681121829228, 2.17197649129447e-06, 9.2304485865575e-07, 0.0495681121829228, 3.62481202724122e-06, 1.20190486975112e-06, -0.00866315407924685, 7.90632154389017e-09, 1.49035623981065e-05, 7.90632154388657e-09, -5.5003586704728e-09, -1.49035623981065e-05, 2.71252037648638e-09, 1.99134919537949e-09, -9.42800328061054e-05, 
296, 19, 2.22999400959122e-06, -0.0495753558298716, 2.22999400958818e-06, 9.94709515186181e-07, 0.0495753558298716, 3.61826472312167e-06, 1.03858853713913e-06, -0.00876780972275297, 2.22211483893345e-06, -0.04959024564268, 2.22211483893169e-06, 1.00018909420809e-06, 0.04959024564268, 3.61563286943236e-06, 1.03657351952667e-06, -0.00867351539605945, 7.87917066244994e-09, 1.48898128084264e-05, 7.87917066245354e-09, -5.47957897422621e-09, -1.48898128084264e-05, 2.63185375127865e-09, 2.01501751686263e-09, -9.42943266935425e-05, 
297, 0, 2.17616290317746e-06, -0.0495774002768835, 2.17616290317485e-06, 1.11074156417253e-06, 0.0495774002768835, 3.557954615053e-06, 1.22623539019203e-06, -0.00876799757282867, 2.1680072927882e-06, -0.0495922909161721, 2.16800729278472e-06, 1.11580945144577e-06, 0.0495922909161721, 3.5554320973316e-06, 1.22408428203811e-06, -0.00867370249898103, 8.1556103948602e-09, 1.48906392883834e-05, 8.15561039485999e-09, -5.06788729114859e-09, -1.48906392883834e-05, 2.52251776929876e-09, 2.15110805474588e-09, -9.42950738476474e-05, 
297, 10, 2.12697110545579e-06, -0.0496199745888754, 2.12697110545273e-06, 1.02460285036646e-06, 0.0496199745888754, 3.43144641063995e-06, 1.4231553464421e-06, -0.0087611462409496, 2.11872865127775e-06, -0.0496348679976887, 2.1187286512747e-06, 1.02969485686448e-06, 0.0496348679976887, 3.42893921019153e-06, 1.42099031834956e-06, -0.00866681589477905, 8.24245419710972e-09, 1.48934088132916e-05, 8.2424541971093e-09, -5.09200648904601e-09, -1.48934088132916e-05, 2.50720042674307e-09, 2.16502809248762e-09, -9.43303461705732e-05, 
297, 19, 2.17300114012484e-06, -0.0496424957816368, 2.17300114012178e-06, 1.09968151806788e-06, 0.0496424957816368, 3.42840194178134e-06, 1.23776360530087e-06, -0.00877188137885133, 2.16476407479907e-06, -0.0496573739564051, 2.16476407479602e-06, 1.10466055388316e-06, 0.0496573739564051, 3.42598316587176e-06, 1.23559378321326e-06, -0.00867754391438878, 8.23706529990561e-09, 1.48781747685119e-05, 8.23706529990201e-09, -4.97903577612851e-09, -1.48781747685119e-05, 2.41877585367941e-09, 2.16982206093908e-09, -9.43374644625875e-05, 
298, 0, 2.11374037336211e-06, -0.0496446787391467, 2.11374037335991e-06, 1.21241646914592e-06, 0.0496446787391467, 3.35825070949296e-06, 1.41478808939381e-06, -0.0087720865941775, 2.10525228039425e-06, -0.0496595576977479, 2.10525228039161e-06, 1.21696535854059e-06, 0.0496595576977479, 3.35594917990667e-06, 1.41249362880378e-06, -0.00867774888553645, 8.48809297505913e-09, 1.48789586012905e-05, 8.48809297506231e-09, -4.54888939684659e-09, -1.48789586012905e-05, 2.30152967974864e-09, 2.294460608738e-09, -9.43377086410528e-05, 
298, 10, 2.07249765902868e-06, -0.0496914487111135, 2.07249765902608e-06, 1.11670303277764e-06, 0.0496914487111135, 3.24372993148947e-06, 1.59195783351839e-06, -0.00876579682209086, 2.06393279956706e-06, -0.0497063287045475, 2.06393279956402e-06, 1.12124519573024e-06, 0.0497063287045475, 3.24143877872874e-06, 1.58966216857088e-06, -0.00867142998150803, 8.5648594697854e-09, 1.48799934341184e-05, 8.564859469789e-09, -4.54216293018047e-09, -1.48799934341184e-05, 2.29115279240228e-09, 2.29566509623815e-09, -9.43668405828408e-05, 
298, 18, 2.11228964866936e-06, -0.0497132957877515, 2.11228964866631e-06, 1.19562456998016e-06, 0.0497132957877515, 3.24333384724636e-06, 1.40976010156684e-06, -0.00877655751555034, 2.10371468575043e-06, -0.0497281577261659, 2.10371468574735e-06, 1.20006282232046e-06, 0.0497281577261659, 3.24112768933396e-06, 1.40745075222936e-06, -0.00868219115173176, 8.57496294038863e-09, 1.4861938414344e-05, 8.57496294039245e-09, -4.43825232237787e-09, -1.4861938414344e-05, 2.20615793299232e-09, 2.30934923323739e-09, -9.43663638186023e-05, 
299, 0, 2.04844718135257e-06, -0.0497156797356605, 2.04844718135039e-06, 1.30310399260314e-06, 0.0497156797356605, 3.16612666267503e-06, 1.57754125969786e-06, -0.00877678472043299, 2.03964666956016e-06, -0.0497305424300859, 2.03964666955711e-06, 1.30709364246352e-06, 0.0497305424300859, 3.16404775427632e-06, 1.5751246835581e-06, -0.00868241879318525, 8.80051176322967e-09, 1.48626944255549e-05, 8.80051176322945e-09, -3.98964991911919e-09, -1.48626944255549e-05, 2.07890837628159e-09, 2.41657622847376e-09, -9.43659272477223e-05, 
299, 10, 2.0175849734582e-06, -0.0497654419200653, 2.01758497345516e-06, 1.20299652852907e-06, 0.0497654419200653, 3.06941081823392e-06, 1.73192884852244e-06, -0.00876984098555803, 2.00871974442964e-06, -0.0497803037311356, 2.00871974442744e-06, 1.20703613475203e-06, 0.0497803037311356, 3.06734014956396e-06, 1.72949186885711e-06, -0.00867545313827526, 8.86522902779827e-09, 1.48618110703358e-05, 8.86522902779849e-09, -4.03960627234148e-09, -1.48618110703358e-05, 2.0706686764178e-09, 2.43697966918693e-09, -9.43878472827451e-05, 
299, 18, 2.05062808256422e-06, -0.0497873194238479, 2.05062808256119e-06, 1.28255215778893e-06, 0.0497873194238479, 3.07377380079976e-06, 1.5561535814748e-06, -0.00878073045765779, 2.04173307224015e-06, -0.0498021598869252, 2.04173307223797e-06, 1.28646621909313e-06, 0.0498021598869252, 3.07178185033593e-06, 1.55372306465651e-06, -0.00868635124469822, 8.8950103387778e-09, 1.48404630772461e-05, 8.89501033877103e-09, -3.9140613366006e-09, -1.48404630772461e-05, 1.99195046069265e-09, 2.43051683601879e-09, -9.43792129596081e-05, 
300, 0, 1.98231088443159e-06, -0.0497897595334609, 1.98231088442854e-06, 1.38668871282481e-06, 0.0497897595334609, 2.98950011718056e-06, 1.71481286777437e-06, -0.0087809263821026, 1.97321712586705e-06, -0.0498046005766609, 1.97321712586445e-06, 1.39013822798659e-06, 0.0498046005766609, 2.98764109786358e-06, 1.71228702498344e-06, -0.00868654830779587, 9.09375857866553e-09, 1.48410432002403e-05, 9.09375857866881e-09, -3.44951510609049e-09, -1.48410432002403e-05, 1.85901928904784e-09, 2.52584281629379e-09, -9.43780743067376e-05, 
300, 10, 1.96204324115653e-06, -0.0498357502546974, 1.96204324115348e-06, 1.29139593421983e-06, 0.0498357502546974, 2.91409130254446e-06, 1.84774353958195e-06, -0.00877493802191475, 1.95289622106194e-06, -0.0498505906407245, 1.95289622105932e-06, 1.2948586566192e-06, 0.0498505906407245, 2.91223501028267e-06, 1.8452127011411e-06, -0.00868054338551361, 9.14702008291655e-09, 1.48403860271231e-05, 9.14702008291994e-09, -3.46272235374519e-09, -1.48403860271231e-05, 1.85629231493033e-09, 2.53083834719842e-09, -9.43946364011506e-05, 
300, 18, 1.98660831773079e-06, -0.0498580713678444, 1.98660831772815e-06, 1.36802461954677e-06, 0.0498580713678444, 2.92121258870872e-06, 1.68240056294139e-06, -0.00878598735277951, 1.97742242902382e-06, -0.0498728905353742, 1.97742242902122e-06, 1.37141100007241e-06, 0.0498728905353742, 2.91943045927305e-06, 1.67987335111812e-06, -0.00869160715000502, 9.18588871167838e-09, 1.48191675297873e-05, 9.18588871167827e-09, -3.38638049283326e-09, -1.48191675297873e-05, 1.78212943790585e-09, 2.52721180010884e-09, -9.43802027745036e-05, 
301, 0, 1.91382335086842e-06, -0.0498603505462242, 1.91382335086538e-06, 1.46840695048481e-06, 0.0498603505462242, 2.83076854006592e-06, 1.83281662219871e-06, -0.00878620888480315, 1.90446484173837e-06, -0.0498751702798854, 1.90446484173531e-06, 1.47131582011834e-06, 0.0498751702798854, 2.82912369835529e-06, 1.83020509312269e-06, -0.0086918303732461, 9.35850910729505e-09, 1.48197336609927e-05, 9.35850910730183e-09, -2.90886966601167e-09, -1.48197336609927e-05, 1.6448417655118e-09, 2.61152899689594e-09, -9.43785115570439e-05, 
301, 10, 1.90619708383124e-06, -0.0498974080504078, 1.90619708382904e-06, 1.37305218103826e-06, 0.0498974080504078, 2.78604795019493e-06, 1.9206862334686e-06, -0.00878068024112897, 1.89679972494223e-06, -0.0499122290076518, 1.8967997249396e-06, 1.37598007931082e-06, 0.0499122290076518, 2.78439747493006e-06, 1.91808017777086e-06, -0.00868628934465475, 9.39735888001674e-09, 1.48209572439573e-05, 9.39735888001314e-09, -2.92789831059792e-09, -1.48209572439573e-05, 1.65047517467756e-09, 2.60605572565453e-09, -9.43908964742612e-05, 
301, 18, 1.92157073829695e-06, -0.0499206746256526, 1.92157073829434e-06, 1.45117305148927e-06, 0.0499206746256526, 2.79432434648332e-06, 1.77442321437621e-06, -0.00879198171954168, 1.91212599585654e-06, -0.0499354782205727, 1.91212599585351e-06, 1.45405764702478e-06, 0.0499354782205727, 2.79273709691586e-06, 1.77182382589648e-06, -0.00869760876613461, 9.44474246239353e-09, 1.48035949197798e-05, 9.44474246238697e-09, -2.8845955037418e-09, -1.48035949197798e-05, 1.58724961282531e-09, 2.5993884347557e-09, -9.43729534070622e-05, 
302, 0, 1.84443615512147e-06, -0.0499226812819936, 1.84443615511798e-06, 1.54779013964551e-06, 0.0499226812819936, 2.69972388198605e-06, 1.91687460658889e-06, -0.00879219567883246, 1.83484578477235e-06, -0.049937485560161, 1.83484578477017e-06, 1.55018314541457e-06, 0.049937485560161, 2.69827655620857e-06, 1.91420123520153e-06, -0.00869782481229681, 9.59037037068866e-09, 1.48042781674049e-05, 9.59037037068845e-09, -2.39300579374871e-09, -1.48042781674049e-05, 1.4473257868159e-09, 2.67337141557986e-09, -9.43708665356495e-05, 
302, 10, 1.84971749801751e-06, -0.0499334499882263, 1.84971749801533e-06, 1.43835095851608e-06, 0.0499334499882263, 2.694788216942e-06, 1.97057475598735e-06, -0.00878359039010456, 1.84012116520906e-06, -0.0499482574679604, 1.84012116520646e-06, 1.44064014782782e-06, 0.0499482574679604, 2.69332732266429e-06, 1.96794916204078e-06, -0.00868921450176464, 9.59633283569654e-09, 1.4807479734287e-05, 9.59633283569326e-09, -2.28918929941471e-09, -1.4807479734287e-05, 1.4608942886184e-09, 2.62559400453401e-09, -9.43758883399112e-05, 
302, 18, 1.85635094157842e-06, -0.0499574074009944, 1.85635094157538e-06, 1.52221021146887e-06, 0.0499574074009944, 2.70600896165916e-06, 1.83629920838346e-06, -0.00879516486738333, 1.84670079320203e-06, -0.0499722004582641, 1.84670079319898e-06, 1.52462476641554e-06, 0.0499722004582641, 2.70458778903008e-06, 1.8336480792269e-06, -0.00870081270138369, 9.65014836836047e-09, 1.47930572696672e-05, 9.65014836836069e-09, -2.41455492520576e-09, -1.47930572696672e-05, 1.42117267321504e-09, 2.65112914928485e-09, -9.43521659996467e-05, 
303, 0, 1.77543053996259e-06, -0.0499584545470595, 1.77543053996042e-06, 1.61490440096078e-06, 0.0499584545470595, 2.6089365918593e-06, 1.9733270150396e-06, -0.00879527525754653, 1.76566053600196e-06, -0.0499732483600392, 1.76566053599892e-06, 1.61681526431613e-06, 0.0499732483600392, 2.6076570684122e-06, 1.97061039382602e-06, -0.00870092578816694, 9.77000398818605e-09, 1.4793812979924e-05, 9.77000398818594e-09, -1.91086337457366e-09, -1.4793812979924e-05, 1.27952346880037e-09, 2.71662126598059e-09, -9.43494693796299e-05, 
303, 10, 1.79291470317773e-06, -0.0499608417966195, 1.79291470317425e-06, 1.49343684282532e-06, 0.0499608417966195, 2.64771375455645e-06, 2.01095001477046e-06, -0.00878353852490112, 1.78314364757727e-06, -0.0499756359492216, 1.7831436475751e-06, 1.49521569545735e-06, 0.0499756359492216, 2.64640327694343e-06, 2.00828950838397e-06, -0.00868919340953837, 9.77105561122359e-09, 1.47941526022732e-05, 9.7710556112202e-09, -1.77885262244699e-09, -1.47941526022732e-05, 1.31047768325186e-09, 2.6605063421323e-09, -9.4345115362722e-05, 
303, 18, 1.78723289826255e-06, -0.049984710179435, 1.78723289825992e-06, 1.59696250110496e-06, 0.049984710179435, 2.65681197266546e-06, 1.90811280688274e-06, -0.00879504582407671, 1.77743498098428e-06, -0.0499994880324533, 1.77743498098078e-06, 1.59891132934441e-06, 0.0499994880324533, 2.65552719929579e-06, 1.90542143435662e-06, -0.00870073216416848, 9.7979172477938e-09, 1.47778530182282e-05, 9.79791724779708e-09, -1.94882821749047e-09, -1.47778530182282e-05, 1.28477335300111e-09, 2.6913725152576e-09, -9.43136599082459e-05, 
304, 0, 1.70204525549586e-06, -0.049985591967204, 1.70204525549324e-06, 1.68622428267367e-06, 0.049985591967204, 2.55638184511954e-06, 2.04302975378529e-06, -0.00879506389881782, 1.69215472043764e-06, -0.050000370386327, 1.69215472043501e-06, 1.68766069701995e-06, 0.050000370386327, 2.55523981436818e-06, 2.0402802228381e-06, -0.00870075373328931, 9.89053506476448e-09, 1.4778419123199e-05, 9.89053506476469e-09, -1.43641432850856e-09, -1.4778419123199e-05, 1.14203073997143e-09, 2.74953099331011e-09, -9.43101655285202e-05, 
304, 10, 1.72912821145618e-06, -0.0499871825061771, 1.72912821145312e-06, 1.57474260684785e-06, 0.0499871825061771, 2.63942215414303e-06, 2.06544215727082e-06, -0.0087844897256016, 1.71921296838038e-06, -0.0500019587138062, 1.71921296837733e-06, 1.57616544146556e-06, 0.0500019587138062, 2.63822520150285e-06, 2.06273262055451e-06, -0.00869018971568379, 9.91524308306582e-09, 1.4776207629134e-05, 9.91524308306593e-09, -1.42283462712551e-09, -1.4776207629134e-05, 1.19695267949297e-09, 2.70953685085387e-09, -9.4300009917826e-05, 
304, 18, 1.71307603360048e-06, -0.0500106768359266, 1.71307603359787e-06, 1.68113309559907e-06, 0.0500106768359267, 2.64362953937747e-06, 1.99327294679062e-06, -0.00879554491652562, 1.70320126343504e-06, -0.0500254359031744, 1.70320126343241e-06, 1.68261781876669e-06, 0.0500254359031743, 2.6424517465577e-06, 1.99055335124981e-06, -0.00870128257267017, 9.87477016010895e-09, 1.47590672477098e-05, 9.87477016010884e-09, -1.48472314742161e-09, -1.47590672477098e-05, 1.17779278460456e-09, 2.7195955824362e-09, -9.42623438554547e-05, 
305, 0, 1.6231692010012e-06, -0.0500115606615454, 1.62316920099816e-06, 1.76655194049576e-06, 0.0500115606615454, 2.53913055464794e-06, 2.12725441339653e-06, -0.00879559497004243, 1.61322740449857e-06, -0.0500263200536871, 1.61322740449529e-06, 1.7675167999687e-06, 0.0500263200536871, 2.53809624515269e-06, 2.12448205742664e-06, -0.00870133680741344, 9.94179648126429e-09, 1.47593921418975e-05, 9.94179648127107e-09, -9.64859439495096e-10, -1.47593921418975e-05, 1.03430947221516e-09, 2.77235597205761e-09, -9.42581626290245e-05, 
305, 10, 1.65239104240403e-06, -0.0500042360784964, 1.6523910424014e-06, 1.67630594885184e-06, 0.0500042360784964, 2.6434698588905e-06, 2.163628405788e-06, -0.00878559519119656, 1.64247030570544e-06, -0.0500189917037051, 1.64247030570281e-06, 1.67724527921101e-06, 0.0500189917037051, 2.64236742672154e-06, 2.16089654997944e-06, -0.00869135041760789, 9.92073668997742e-09, 1.47556252086311e-05, 9.92073668997742e-09, -9.39330304384174e-10, -1.47556252086311e-05, 1.10243214182683e-09, 2.73185589327897e-09, -9.42447735886941e-05, 
305, 18, 1.63274813172959e-06, -0.0500275648573912, 1.63274813172675e-06, 1.77114439605992e-06, 0.0500275648573912, 2.65064648370847e-06, 2.0988775558859e-06, -0.00879623723783605, 1.62284353211071e-06, -0.0500423038192673, 1.62284353210833e-06, 1.77215039646518e-06, 0.0500423038192673, 2.6495533198013e-06, 2.09613030837821e-06, -0.00870203472761843, 9.90459960840335e-09, 1.47389618761223e-05, 9.90459960839657e-09, -1.00600040406756e-09, -1.47389618761223e-05, 1.09316384711674e-09, 2.74724747215727e-09, -9.42025102176608e-05, 
306, 0, 1.53785131068126e-06, -0.0500280930168285, 1.53785131067864e-06, 1.85216268843874e-06, 0.0500280930168285, 2.54048552226496e-06, 2.23326451586563e-06, -0.00879626914209637, 1.52790643061308e-06, -0.0500428321043338, 1.52790643061024e-06, 1.85264856926449e-06, 0.0500428321043338, 2.53953653719091e-06, 2.23046829371622e-06, -0.00870207136052804, 9.94488004161653e-09, 1.47390875054742e-05, 9.94488004160986e-09, -4.85880836385584e-10, -1.47390875054742e-05, 9.4898506915363e-10, 2.79622225950292e-09, -9.41977815683771e-05, 
306, 10, 1.56119063976276e-06, -0.0500033461590036, 1.5611906397606e-06, 1.78556600541789e-06, 0.0500033461590036, 2.63451208476334e-06, 2.31065512714104e-06, -0.00878543372632279, 1.55129121899088e-06, -0.0500180825655577, 1.55129121898803e-06, 1.78608436337678e-06, 0.0500180825655577, 2.63348441938067e-06, 2.30788810467649e-06, -0.00869125046718523, 9.89942078590442e-09, 1.47364065541735e-05, 9.89942078590453e-09, -5.18357995433322e-10, -1.47364065541735e-05, 1.02766542193445e-09, 2.76702247774627e-09, -9.41832591375969e-05, 
306, 18, 1.54153922457195e-06, -0.0500270978493796, 1.54153922456866e-06, 1.86777399770741e-06, 0.0500270978493796, 2.65053871778861e-06, 2.24291036344621e-06, -0.00879590002250725, 1.53164413856089e-06, -0.0500418204578697, 1.53164413855826e-06, 1.8683094954434e-06, 0.0500418204578697, 2.64952583706106e-06, 2.24012283695875e-06, -0.00870176194013229, 9.89508599480186e-09, 1.47226084898917e-05, 9.89508599480197e-09, -5.35497725852499e-10, -1.47226084898917e-05, 1.01288077272467e-09, 2.78752649333315e-09, -9.41380823750181e-05, 
307, 0, 1.44127287949233e-06, -0.0500270875567941, 1.44127287948929e-06, 1.94391178705441e-06, 0.0500270875567941, 2.53205255925185e-06, 2.37775123952959e-06, -0.00879588139792056, 1.43136247427788e-06, -0.0500418102251604, 1.43136247427483e-06, 1.94392634061824e-06, 0.0500418102251604, 2.53118541612207e-06, 2.37491822648036e-06, -0.00870174842212283, 9.91040522696915e-09, 1.47226683664217e-05, 9.91040522696915e-09, -1.45535623001866e-11, -1.47226683664217e-05, 8.67143180177124e-10, 2.83301321387975e-09, -9.41329757976925e-05, 
307, 10, 1.45908851444557e-06, -0.0499806564540217, 1.45908851444319e-06, 1.88894170408704e-06, 0.0499806564540217, 2.59753213784308e-06, 2.49107563784814e-06, -0.00878293691119672, 1.44922518391645e-06, -0.0499953783895315, 1.44922518391384e-06, 1.88898019168172e-06, 0.0499953783895315, 2.59658349683912e-06, 2.48826296578056e-06, -0.00868881851537789, 9.86333049052669e-09, 1.47219355098852e-05, 9.8633304905267e-09, -3.84875568752007e-11, -1.47219355098852e-05, 9.48641110246198e-10, 2.81267200685687e-09, -9.41183958188355e-05, 
307, 18, 1.44021090310266e-06, -0.0500049838390588, 1.44021090309938e-06, 1.96198691875041e-06, 0.0500049838390588, 2.62541938152861e-06, 2.41635942096362e-06, -0.00879338790081289, 1.43034566900903e-06, -0.0500196957425259, 1.43034566900619e-06, 1.96203861900403e-06, 0.0500196957425259, 2.62448699488002e-06, 2.41351670337993e-06, -0.00869931658657425, 9.86523410435097e-09, 1.47119034672588e-05, 9.86523410435436e-09, -5.17002519610325e-11, -1.47119034672588e-05, 9.3238669310461e-10, 2.84271753879367e-09, -9.40713142386442e-05, 
308, 0, 1.33502295980642e-06, -0.0500043650466737, 1.335022959804e-06, 2.03224891051717e-06, 0.0500043650466737, 2.49706702468495e-06, 2.54977095522507e-06, -0.00879329441825849, 1.3251687654717e-06, -0.0500190770243461, 1.32516876546906e-06, 2.03178395931978e-06, 0.0500190770243461, 2.49628316043651e-06, 2.54688578762689e-06, -0.00869922848052013, 9.85419433603229e-09, 1.47119776724838e-05, 9.854194336029e-09, 4.64951182665485e-10, -1.47119776724838e-05, 7.83864241735278e-10, 2.88516757181032e-09, -9.40659377383548e-05, 
308, 10, 1.34583252816308e-06, -0.0499359617346216, 1.34583252815982e-06, 1.98519534242977e-06, 0.0499359617346216, 2.52443145226221e-06, 2.68539685816228e-06, -0.00877846781676682, 1.33602646603572e-06, -0.0499506755798943, 1.33602646603311e-06, 1.98477938186125e-06, 0.0499506755798942, 2.52356571874786e-06, 2.68251664948355e-06, -0.00868441581690605, 9.8060621239228e-09, 1.47138452724862e-05, 9.80606212392619e-09, 4.1596061067589e-10, -1.47138452724862e-05, 8.65733490088207e-10, 2.88020871311215e-09, -9.40519998607805e-05, 
308, 18, 1.32702329928267e-06, -0.0499609884883926, 1.32702329928005e-06, 2.05248458404109e-06, 0.0499609884883926, 2.56214123326055e-06, 2.60954426069185e-06, -0.00878897943080711, 1.31720847197948e-06, -0.0499756965734384, 1.31720847197687e-06, 2.05205240279315e-06, 0.0499756965734384, 2.56129969749016e-06, 2.6066360632075e-06, -0.00869497542774775, 9.81482730100616e-09, 1.47080850460348e-05, 9.81482730100267e-09, 4.32181265338423e-10, -1.47080850460348e-05, 8.41535788520489e-10, 2.90819767233757e-09, -9.40040030593715e-05, 
309, 0, 1.21715518803141e-06, -0.04995980279098, 1.21715518802858e-06, 2.11641563642939e-06, 0.04995980279098, 2.4228302490285e-06, 2.73948168977906e-06, -0.00878883430009416, 1.20737709485382e-06, -0.0499745110245741, 1.2073770948512e-06, 2.11546775120713e-06, 0.0499745110245741, 2.42214123563701e-06, 2.73653539481133e-06, -0.00869483583634615, 9.77809320612942e-09, 1.47082335942828e-05, 9.77809320612762e-09, 9.47885230401632e-10, -1.47082335942828e-05, 6.89013478464239e-10, 2.94629483456231e-09, -9.39984637480195e-05, 
309, 10, 1.22440335761022e-06, -0.0498724019370588, 1.2244033576076e-06, 2.06857708342366e-06, 0.0498724019370588, 2.4143922368023e-06, 2.87774760522348e-06, -0.00877236367729586, 1.21466743441744e-06, -0.0498871149122134, 1.21466743441549e-06, 2.067648073161e-06, 0.0498871149122134, 2.41362136250679e-06, 2.87480647493863e-06, -0.00867837816831106, 9.73592320499994e-09, 1.47129751543494e-05, 9.73592320499846e-09, 9.29010264110521e-10, -1.47129751543494e-05, 7.70874381291104e-10, 2.94113017055399e-09, -9.39855089847885e-05, 
309, 18, 1.20471409245186e-06, -0.0498980903247163, 1.20471409244903e-06, 2.13376193700273e-06, 0.0498980903247163, 2.46108642021613e-06, 2.80369118535721e-06, -0.00878296187084584, 1.19496667625608e-06, -0.0499128016032592, 1.1949666762535e-06, 2.13283216747569e-06, 0.0499128016032592, 2.46034810879829e-06, 2.80071672555218e-06, -0.0086890242489087, 9.74741616761907e-09, 1.47112785430016e-05, 9.74741616762066e-09, 9.29769507103717e-10, -1.47112785430016e-05, 7.38311390841925e-10, 2.97445974697671e-09, -9.39376219371235e-05, 
310, 0, 1.0908031946036e-06, -0.0498964519255122, 1.09080319460054e-06, 2.19090703178618e-06, 0.0498964519255122, 2.31115710035997e-06, 2.92784279332838e-06, -0.00878277490984469, 1.08111846476134e-06, -0.049911163460784, 1.0811184647572e-06, 2.18946711618259e-06, 0.049911163460784, 2.31057469214948e-06, 2.92483479940666e-06, -0.00868884287663879, 9.68472981610918e-09, 1.47115352717371e-05, 9.68472981610918e-09, 1.43991554798896e-09, -1.47115352717371e-05, 5.82408215509088e-10, 3.00799393104855e-09, -9.39320332059154e-05, 
310, 10, 1.09761699897074e-06, -0.0497935287947687, 1.09761699896704e-06, 2.13942485428379e-06, 0.0497935287947687, 2.26487178903311e-06, 3.06881755807458e-06, -0.0087654944286636, 1.08795051768629e-06, -0.0498082483886312, 1.08795051768278e-06, 2.13801540789353e-06, 0.0498082483886312, 2.2642144909527e-06, 3.06579728346051e-06, -0.00867157368683932, 9.66648127143904e-09, 1.47195938627555e-05, 9.66648127143904e-09, 1.40944642344831e-09, -1.47195938627555e-05, 6.57298078678425e-10, 3.0202744785525e-09, -9.39207418242703e-05, 
310, 18, 1.07664890728699e-06, -0.0498197627405874, 1.07664890728327e-06, 2.20388799954869e-06, 0.0498197627405874, 2.31974810961765e-06, 2.99701227339077e-06, -0.00877617113230991, 1.06696494693673e-06, -0.049834484819046, 1.06696494693347e-06, 2.20247085326447e-06, 0.049834484819046, 2.31913419924713e-06, 2.99396062051473e-06, -0.00868229673245211, 9.68396035210409e-09, 1.47220784584786e-05, 9.68396035210398e-09, 1.41714626640951e-09, -1.47220784584786e-05, 6.13910312495357e-10, 3.05165283233526e-09, -9.38743998577946e-05, 
311, 0, 9.59401023861734e-07, -0.0498177691204676, 9.59401023858033e-07, 2.25407730606715e-06, 0.0498177691204676, 2.15927789825628e-06, 3.11366155846508e-06, -0.008775971203397, 9.49804655213647e-07, -0.0498324916187756, 9.49804655210158e-07, 2.25215224234234e-06, 0.0498324916187756, 2.15882399970015e-06, 3.11058350172347e-06, -0.00868210229206215, 9.59636867308106e-09, 1.4722498308035e-05, 9.59636867307593e-09, 1.92506370197591e-09, -1.4722498308035e-05, 4.53898601438932e-10, 3.07805679488677e-09, -9.38689113348374e-05, 
311, 10, 9.59580210823141e-07, -0.0497054809119633, 9.59580210819658e-07, 2.2127618218725e-06, 0.0497054809119633, 2.08385672582026e-06, 3.25116612083543e-06, -0.00875805843387355, 9.50002563111901e-07, -0.0497202142559552, 9.50002563108858e-07, 2.21086119259826e-06, 0.0497202142559552, 2.08333355505902e-06, 3.24807537501347e-06, -0.00866419926195336, 9.5776477087938e-09, 1.4733343992043e-05, 9.57764770879385e-09, 1.90062926220201e-09, -1.4733343992043e-05, 5.23170728289195e-10, 3.09074574963677e-09, -9.3859171920183e-05, 
311, 18, 9.37209691051771e-07, -0.0497321230782674, 9.3720969104828e-07, 2.27701235143024e-06, 0.0497321230782674, 2.14728140180478e-06, 3.18012475777853e-06, -0.00876881113490886, 9.27614086410472e-07, -0.0497468620229969, 9.27614086406772e-07, 2.27507323107829e-06, 0.0497468620229969, 2.14680263782376e-06, 3.17700865374643e-06, -0.00867499564083938, 9.59560461608898e-09, 1.47389447295912e-05, 9.59560461608903e-09, 1.93912033960036e-09, -1.47389447295912e-05, 4.78763952102873e-10, 3.11610396201865e-09, -9.38154940694846e-05, 
312, 0, 8.16313465172132e-07, -0.0497299513285761, 8.16313465168867e-07, 2.32012136113708e-06, 0.0497299513285761, 1.97725151322224e-06, 3.28758061597499e-06, -0.00876860165560631, 8.06831962083439e-07, -0.0497446908550306, 8.0683196207929e-07, 2.31767795624595e-06, 0.0497446908550306, 1.97693643505175e-06, 3.28444509879705e-06, -0.00867479141506027, 9.48150304467295e-09, 1.47395264542702e-05, 9.48150304466623e-09, 2.44340489864512e-09, -1.47395264542702e-05, 3.15078090115071e-10, 3.13551718329784e-09, -9.38102405460555e-05, 
312, 10, 8.26917962235996e-07, -0.0496140543389359, 8.26917962232282e-07, 2.27163406982154e-06, 0.0496140543389359, 1.90779175328634e-06, 3.39643482633057e-06, -0.0087505238136618, 8.17428037211057e-07, -0.0496288067963357, 8.17428037207992e-07, 2.26918684798679e-06, 0.0496288067963357, 1.90740631057882e-06, 3.3932877923605e-06, -0.00865672149644886, 9.48992504490953e-09, 1.47524573998954e-05, 9.48992504490937e-09, 2.4472218371406e-09, -1.47524573998954e-05, 3.85442714883359e-10, 3.1470339825263e-09, -9.38023172129423e-05, 
312, 18, 8.03188060924296e-07, -0.0496409180805434, 8.03188060921247e-07, 2.33527691072662e-06, 0.0496409180805434, 1.9804378589188e-06, 3.32399235833146e-06, -0.00876132893740315, 7.93685334843082e-07, -0.0496556780502818, 7.9368533484025e-07, 2.33278988032238e-06, 0.0496556780502818, 1.98010073872867e-06, 3.32082983278073e-06, -0.00866756633435529, 9.50272603243148e-09, 1.47599697382209e-05, 9.50272603243318e-09, 2.48703035960376e-09, -1.47599697382209e-05, 3.37120178028535e-10, 3.16252549631408e-09, -9.37626030478526e-05, 
313, 0, 6.79984406063297e-07, -0.0496387068534498, 6.79984406059591e-07, 2.37124537280711e-06, 0.0496387068534498, 1.80421165577919e-06, 3.42188168258093e-06, -0.00876112464342454, 6.70622732720975e-07, -0.0496534675495931, 6.70622732717938e-07, 2.36826009064273e-06, 0.0496534675495931, 1.80404073120472e-06, 3.41870690421223e-06, -0.00866736690933794, 9.36167331615219e-09, 1.4760696143144e-05, 9.3616733161523e-09, 2.98528213426756e-09, -1.4760696143144e-05, 1.70924638129035e-10, 3.17477841861236e-09, -9.37577340865865e-05, 
313, 10, 6.94718429312697e-07, -0.0495247966381701, 6.94718429308767e-07, 2.32126846538109e-06, 0.0495247966381701, 1.72451610474546e-06, 3.52411009329136e-06, -0.00874345874433031, 6.85330725587024e-07, -0.0495395718830386, 6.85330725584191e-07, 2.3182730860501e-06, 0.0495395718830385, 1.72428313706943e-06, 3.52091637677331e-06, -0.00864970647675031, 9.38770368891265e-09, 1.47752448683213e-05, 9.38770368891943e-09, 2.99537932506561e-09, -1.47752448683213e-05, 2.32967763249506e-10, 3.19371656670218e-09, -9.3752267579996e-05, 
313, 18, 6.69997008321955e-07, -0.0495516602231007, 6.69997008317618e-07, 2.38257394399286e-06, 0.0495516602231007, 1.80434872321067e-06, 3.45035653940889e-06, -0.00875427942134946, 6.60602971320086e-07, -0.0495664437495539, 6.6060297131724e-07, 2.37953010452536e-06, 0.0495664437495539, 1.80416407593167e-06, 3.44715433033182e-06, -0.00866056151320712, 9.39403703504881e-09, 1.47835264530787e-05, 9.39403703504876e-09, 3.0438394672825e-09, -1.47835264530787e-05, 1.84647393873386e-10, 3.20220906527439e-09, -9.37179081423311e-05, 
314, 0, 5.44746649925497e-07, -0.0495495440714916, 5.44746649922012e-07, 2.41171275139438e-06, 0.0495495440714916, 1.62180864912568e-06, 3.53931725624651e-06, -0.00875409586702237, 5.35522829432701e-07, -0.049564328448776, 5.35522829429645e-07, 2.4081771224418e-06, 0.049564328448776, 1.6217917061222e-06, 3.53611183445409e-06, -0.00866038228547616, 9.22382046882592e-09, 1.47843772845054e-05, 9.22382046882592e-09, 3.53562892185581e-09, -1.47843772845054e-05, 1.69430158954252e-11, 3.20542179740443e-09, -9.37135815461905e-05, 
314, 10, 5.61086812887737e-07, -0.0494430022980979, 5.61086812884471e-07, 2.36499056109743e-06, 0.0494430022980979, 1.53687858363331e-06, 3.63580798944133e-06, -0.0087372211734596, 5.5184639357285e-07, -0.0494578022017038, 5.51846393568717e-07, 2.36143855267682e-06, 0.0494578022017038, 1.53680456948509e-06, 3.63258314957704e-06, -0.00864350989384089, 9.24041930972674e-09, 1.47999036057654e-05, 9.24041930973007e-09, 3.55200838606633e-09, -1.47999036057654e-05, 7.40142463677434e-11, 3.22483986028494e-09, -9.37112796186924e-05, 
314, 18, 5.34879336950655e-07, -0.0494696987417583, 5.348793369476e-07, 2.42376739969119e-06, 0.0494696987417583, 1.62322681896477e-06, 3.56074428626304e-06, -0.00874803515994367, 5.25621311452229e-07, -0.0494845065342462, 5.25621311448963e-07, 2.42016144774641e-06, 0.0494845065342462, 1.62320191075847e-06, 3.55751828976352e-06, -0.00865435158362165, 9.25802549880725e-09, 1.48077924878935e-05, 9.25802549881588e-09, 3.60595196716428e-09, -1.48077924878935e-05, 2.49082086816899e-11, 3.22599659406938e-09, -9.36835763220253e-05, 
315, 0, 4.07834223371196e-07, -0.0494678091212837, 4.07834223367706e-07, 2.44618259132067e-06, 0.0494678091212837, 1.43551051235228e-06, 3.64046704159733e-06, -0.00874788089509236, 3.9877507757473e-07, -0.0494826178588869, 3.98775077571023e-07, 2.44209209661453e-06, 0.0494826178588869, 1.43565419824756e-06, 3.63724687446614e-06, -0.0086542009646945, 9.05914581947281e-09, 1.48087376032311e-05, 9.05914581947106e-09, 4.09049470057332e-09, -1.48087376032311e-05, -1.4368588310248e-10, 3.22016719168423e-09, -9.36799303978536e-05, 
315, 10, 4.25985741198974e-07, -0.0493729553959669, 4.25985741195483e-07, 2.40367027888528e-06, 0.0493729553959669, 1.34956509121662e-06, 3.72843224649633e-06, -0.00873209473776692, 4.16913289207439e-07, -0.0493877800499189, 4.16913289204817e-07, 2.39953654503851e-06, 0.0493877800499189, 1.34965131080539e-06, 3.72519886053891e-06, -0.00863841307293524, 9.07245198019755e-09, 1.48246539521467e-05, 9.072451980194e-09, 4.13373384874606e-09, -1.48246539521467e-05, -8.62195319907471e-11, 3.23338594254364e-09, -9.3681664831687e-05, 
315, 18, 3.97044889447019e-07, -0.0493994676860719, 3.97044889443745e-07, 2.459696760467e-06, 0.0493994676860719, 1.44078142625194e-06, 3.65181226548045e-06, -0.00874296307088197, 3.87966064972254e-07, -0.0494142989774147, 3.8796606496898e-07, 2.45552209386672e-06, 0.0494142989774147, 1.440914202322e-06, 3.64858327740519e-06, -0.00864930130755355, 9.07882445405061e-09, 1.48312913427431e-05, 9.07882445404892e-09, 4.1746666038888e-09, -1.48312913427431e-05, -1.32776006279378e-10, 3.22898800783324e-09, -9.36617633284214e-05, 
316, 0, 2.68519828055183e-07, -0.049397910803665, 2.68519828051043e-07, 2.47528151940786e-06, 0.049397910803665, 1.24897586449484e-06, 3.72220576784396e-06, -0.00874284738971557, 2.59669981979139e-07, -0.0494127431052446, 2.59669981974998e-07, 2.47063372024314e-06, 0.0494127431052446, 1.24927684486781e-06, 3.71899134667125e-06, -0.00864918849216475, 8.84984609835153e-09, 1.48323015795278e-05, 8.84984609835486e-09, 4.64779916199523e-09, -1.48323015795278e-05, -3.00980274604195e-10, 3.21442108128027e-09, -9.36588975508366e-05, 
316, 10, 2.97868238959675e-07, -0.0493189070124558, 2.97868238957059e-07, 2.42741932153789e-06, 0.0493189070124558, 1.16645026896861e-06, 3.79117674595697e-06, -0.00872831536016893, 2.89015468092224e-07, -0.0493337549159894, 2.89015468088301e-07, 2.42272647591567e-06, 0.0493337549159894, 1.16669585486521e-06, 3.78795290090313e-06, -0.00863465007532279, 8.85277086552003e-09, 1.48479035336303e-05, 8.85277086551842e-09, 4.69284562626658e-09, -1.48479035336303e-05, -2.45585863658577e-10, 3.22384506619843e-09, -9.36652848461292e-05, 
316, 18, 2.64474621231957e-07, -0.0493451637885086, 2.64474621228257e-07, 2.48188119785026e-06, 0.0493451637885086, 1.2602494424029e-06, 3.71526806697759e-06, -0.00873926505305959, 2.55628747581839e-07, -0.04936001618629, 2.55628747578351e-07, 2.47715349953233e-06, 0.04936001618629, 1.2605398362725e-06, 3.71205571840247e-06, -0.00864561136182677, 8.84587364469629e-09, 1.48523977813806e-05, 8.84587364470142e-09, 4.72769832951938e-09, -1.48523977813806e-05, -2.90393944823065e-10, 3.21234862547251e-09, -9.36536912328212e-05, 
317, 0, 1.35362684715952e-07, -0.0493440452608826, 1.35362684712144e-07, 2.49073090227444e-06, 0.0493440452608826, 1.06577793288103e-06, 3.77621123751104e-06, -0.00873919323877338, 1.26774967103381e-07, -0.0493588986862608, 1.26774967100542e-07, 2.48554445295749e-06, 0.0493588986862607, 1.06623478574998e-06, 3.7730221855388e-06, -0.00864554159404605, 8.58771761752461e-09, 1.48534253781649e-05, 8.587717617523e-09, 5.18644931795106e-09, -1.48534253781649e-05, -4.56852819066049e-10, 3.18905204358829e-09, -9.36516447273192e-05, 
317, 10, 1.76266637746314e-07, -0.0492848422698813, 1.76266637742933e-07, 2.43645229887463e-06, 0.0492848422698813, 9.79523084659049e-07, 3.82221203023229e-06, -0.00872635151643032, 1.6769658989845e-07, -0.0492997103834101, 1.67696589895392e-07, 2.43121568655726e-06, 0.0492997103834101, 9.79926167698104e-07, 3.81901833548245e-06, -0.00863268828591926, 8.57004784962249e-09, 1.48681135286349e-05, 8.57004784961916e-09, 5.23661230738035e-09, -1.48681135286349e-05, -4.03083077939546e-10, 3.19369475174262e-09, -9.36632305110616e-05, 
317, 18, 1.37912478621997e-07, -0.049310716738004, 1.37912478618169e-07, 2.49007000838216e-06, 0.049310716738004, 1.07574932000112e-06, 3.74897771111606e-06, -0.00873731563146695, 1.29366064640567e-07, -0.0493255866876005, 1.29366064637199e-07, 2.48481471918011e-06, 0.0493255866876005, 1.07619615788974e-06, 3.74580233757364e-06, -0.00864365542058809, 8.54641395919751e-09, 1.48699495965147e-05, 8.5464139591942e-09, 5.25528919538014e-09, -1.48699495965147e-05, -4.4683784534328e-10, 3.17537349087024e-09, -9.36602108788822e-05, 
318, 0, 8.71051660473103e-09, -0.0493101397305609, 8.71051660059773e-09, 2.4925938268806e-06, 0.0493101397305609, 8.79764342517664e-07, 3.80025063111091e-06, -0.00873730007101083, 4.50186697266888e-10, -0.0493250106896381, 4.50186693339424e-10, 2.48689758708901e-06, 0.0493250106896381, 8.80375198455156e-07, 3.7971071478126e-06, -0.00864364109269905, 8.26032991581897e-09, 1.48709590771798e-05, 8.26032991582492e-09, 5.69623979943758e-09, -1.48709590771798e-05, -6.10855824876405e-10, 3.14348329250274e-09, -9.36589783117673e-05, 
318, 10, 5.7314486083751e-08, -0.0492716082467512, 5.73144860800548e-08, 2.43474950423967e-06, 0.0492716082467512, 7.85734279081231e-07, 3.82160710810794e-06, -0.00872663276222814, 4.9086691319444e-08, -0.0492864929323959, 4.90866913158495e-08, 2.42900864427583e-06, 0.0492864929323959, 7.86292628789322e-07, 3.81846384786639e-06, -0.00863295630381976, 8.22779470964542e-09, 1.48846856447469e-05, 8.2277947096446e-09, 5.74085997365234e-09, -1.48846856447469e-05, -5.58349638840551e-10, 3.14326023666413e-09, -9.36764584084059e-05, 
318, 19, 1.57018802400875e-08, -0.049297366475139, 1.57018802366014e-08, 2.48670575044986e-06, 0.049297366475139, 8.86106613770668e-07, 3.75477865440099e-06, -0.00873759297097886, 7.51688629199827e-09, -0.0493122515173777, 7.51688628840369e-09, 2.4809590068684e-06, 0.0493122515173777, 8.86707538785125e-07, 3.75166785930018e-06, -0.00864391095304739, 8.18499394111052e-09, 1.48850422386296e-05, 8.18499394111637e-09, 5.74674358346792e-09, -1.48850422386296e-05, -6.00924990900936e-10, 3.11079512880585e-09, -9.36820179314156e-05, 
319, 0, -1.140444866856e-07, -0.0492972371767034, -1.14044486688538e-07, 2.48334094129411e-06, 0.0492972371767034, 6.88989145368334e-07, 3.79517136743624e-06, -0.00873765502783569, -1.21916856630542e-07, -0.0493121231025856, -1.21916856633916e-07, 2.47717711191377e-06, 0.0493121231025856, 6.89750491696648e-07, 3.79209813498804e-06, -0.00864397328827031, 7.87236994506319e-09, 1.4885925882138e-05, 7.87236994507169e-09, 6.16382935397837e-09, -1.4885925882138e-05, -7.61346389699125e-10, 3.07323234995297e-09, -9.36817395653905e-05, 
319, 10, -6.22832892903011e-08, -0.0492773195352872, -6.22832892934586e-08, 2.42460122216697e-06, 0.0492773195352872, 5.77693930422902e-07, 3.79723458540861e-06, -0.00872816514172828, -7.01001078811407e-08, -0.0492922172375166, -7.01001078841898e-08, 2.41839140741819e-06, 0.0492922172375166, 5.78407563810423e-07, 3.79416563135889e-06, -0.00863446056211676, 7.81681859909427e-09, 1.48977022294704e-05, 7.81681859909768e-09, 6.20981474148976e-09, -1.48977022294704e-05, -7.13633437613364e-10, 3.06895405422505e-09, -9.37045796115173e-05, 
319, 19, -1.06825102574977e-07, -0.0493025822986493, -1.06825102578135e-07, 2.47544802071371e-06, 0.0493025822986493, 6.82914417175036e-07, 3.73459943160133e-06, -0.00873906169812305, -1.14585924730449e-07, -0.0493174772875937, -1.14585924733506e-07, 2.46925794488392e-06, 0.0493174772875937, 6.83669416282977e-07, 3.73156830152764e-06, -0.00864534252123208, 7.76082213039915e-09, 1.4894988944371e-05, 7.76082213040161e-09, 6.19007584418034e-09, -1.4894988944371e-05, -7.54999078381895e-10, 3.03113012813863e-09, -9.37191768909782e-05, 
320, 0, -2.35891636358885e-07, -0.0493029308193574, -2.35891636362158e-07, 2.46602883011689e-06, 0.0493029308193574, 4.86737931291744e-07, 3.76439498705969e-06, -0.00873915406435529, -2.43316038955047e-07, -0.0493178266723859, -2.43316038958642e-07, 2.45944571815563e-06, 0.0493178266723859, 4.8764854224733e-07, 3.76140953479118e-06, -0.00864543447560502, 7.42440262372672e-09, 1.48958530286523e-05, 7.42440262372599e-09, 6.58311199405713e-09, -1.48958530286522e-05, -9.10610857858964e-10, 2.98545225052408e-09, -9.37195887502549e-05, 
320, 10, -1.79577076433922e-07, -0.0492945416673355, -1.79577076437408e-07, 2.40551072969894e-06, 0.0492945416673355, 3.50391546754081e-07, 3.75474869199126e-06, -0.008732172537031, -1.86924560461939e-07, -0.04930945003029, -1.86924560464666e-07, 2.39889296567192e-06, 0.04930945003029, 3.51259126545032e-07, 3.75176948466672e-06, -0.0086384232510604, 7.34748401030677e-09, 1.49083629546919e-05, 7.3474840103069e-09, 6.61776404827635e-09, -1.49083629546919e-05, -8.67579790065201e-10, 2.97920735207735e-09, -9.37492859706187e-05, 
320, 19, -2.27356938659864e-07, -0.0493193343260154, -2.27356938663679e-07, 2.45491083716985e-06, 0.0493193343260154, 4.58770953123971e-07, 3.69726630950328e-06, -0.00874296076323409, -2.34646932765647e-07, -0.0493342401447298, -2.34646932768151e-07, 2.44833445720174e-06, 0.0493342401447298, 4.59683365627892e-07, 3.69432856093192e-06, -0.00864918791416816, 7.28999414102338e-09, 1.4905818714648e-05, 7.28999414102425e-09, 6.57637998783998e-09, -1.4905818714648e-05, -9.12412456920928e-10, 2.93774863507773e-09, -9.37728490659171e-05, 
321, 0, -3.55255080835995e-07, -0.0493199557394293, -3.55255080838724e-07, 2.43947734880392e-06, 0.0493199557394293, 2.64066440809302e-07, 3.71556871929273e-06, -0.00874312977189563, -3.62190192682646e-07, -0.0493348625084857, -3.62190192686571e-07, 2.43253426478535e-06, 0.0493348625084857, 2.65129502218736e-07, 3.71268429887071e-06, -0.00864935584979749, 6.93511182157137e-09, 1.49067690562589e-05, 6.9351118215662e-09, 6.94308404756408e-09, -1.49067690562589e-05, -1.06306146908286e-09, 2.88442044104594e-09, -9.37739220981776e-05, 
321, 10, -3.0147167343902e-07, -0.0493225663181301, -3.01471673442286e-07, 2.38022836539852e-06, 0.0493225663181301, 9.86482435424419e-08, 3.69908615499093e-06, -0.00873701462011589, -3.08350128937648e-07, -0.04933748625998, -3.08350128941569e-07, 2.37325983022296e-06, 0.04933748625998, 9.96811803905467e-08, 3.69620195102012e-06, -0.00864320552831326, 6.8784554560469e-09, 1.49199418499604e-05, 6.8784554560486e-09, 6.96853515632215e-09, -1.49199418499604e-05, -1.03293689265371e-09, 2.88420395660627e-09, -9.38090918025926e-05, 
321, 19, -3.52642697008331e-07, -0.0493470654227687, -3.52642697011275e-07, 2.42839819238182e-06, 0.0493470654227687, 2.09781025613581e-07, 3.64713155624634e-06, -0.00874776009246091, -3.59448749343488e-07, -0.0493619829239149, -3.59448749346763e-07, 2.42149196032795e-06, 0.0493619829239149, 2.10856128947346e-07, 3.64429344852187e-06, -0.00865392047864757, 6.80605228992874e-09, 1.49175011464788e-05, 6.80605228992887e-09, 6.90623208300379e-09, -1.49175011464788e-05, -1.0751031916719e-09, 2.83810772661967e-09, -9.3839613813372e-05, 
322, 0, -4.79457425888911e-07, -0.0493480064093524, -4.79457425891799e-07, 2.40681036723198e-06, 0.0493480064093524, 1.70346046212568e-08, 3.65274153430824e-06, -0.00874794644645629, -4.85892111078187e-07, -0.0493629249391038, -4.85892111081889e-07, 2.3995644348977e-06, 0.0493629249391038, 1.82547821583396e-08, 3.64996510018365e-06, -0.00865410524425946, 6.43468520278127e-09, 1.49185297512255e-05, 6.43468520278278e-09, 7.24593234417073e-09, -1.49185297512255e-05, -1.22017752078755e-09, 2.77643412066303e-09, -9.38412021968362e-05, 
322, 10, -4.26096982266799e-07, -0.0493576584362751, -4.26096982270286e-07, 2.34881758373633e-06, 0.0493576584362751, -1.57342308765174e-07, 3.62795488697061e-06, -0.00874178625117678, -4.32474461046844e-07, -0.0493725900846888, -4.32474461049573e-07, 2.34155699903027e-06, 0.0493725900846888, -1.56150784735339e-07, 3.62517868296083e-06, -0.00864790635249224, 6.37747875313992e-09, 1.49316484137805e-05, 6.37747875313995e-09, 7.26058471289018e-09, -1.49316484137805e-05, -1.19152391069028e-09, 2.77620399093965e-09, -9.38798986845281e-05, 
322, 19, -4.82365617090027e-07, -0.0493820007965938, -4.8236561709324e-07, 2.39593498223706e-06, 0.0493820007965938, -4.43723513926691e-08, 3.58165879939213e-06, -0.00875251894546521, -4.88676452759253e-07, -0.049396929807859, -4.88676452762467e-07, 2.38874630107075e-06, 0.049396929807859, -4.31406186857309e-08, 3.57893205815882e-06, -0.00865860434306444, 6.31083571007829e-09, 1.49290112651745e-05, 6.31083571007337e-09, 7.18868114297659e-09, -1.49290112651745e-05, -1.23173267665396e-09, 2.72674129755462e-09, -9.39146024007616e-05, 
323, 0, -6.07693940223464e-07, -0.0493831300964527, -6.07693940226518e-07, 2.36789377059012e-06, 0.0493831300964527, -2.33806858864484e-07, 3.57422010915816e-06, -0.00875270592493291, -6.1362079855438e-07, -0.0493980601851782, -6.13620798556944e-07, 2.36039185183596e-06, 0.0493980601851782, -2.3243582570632e-07, 3.57156248420029e-06, -0.0086587894207372, 5.92685837183285e-09, 1.49300887253671e-05, 5.92685837182811e-09, 7.50191873561773e-09, -1.49300887253671e-05, -1.3710330844763e-09, 2.65762498813228e-09, -9.39165041956934e-05, 
323, 10, -5.487686792532e-07, -0.0493981254580937, -5.48768679255977e-07, 2.31051714289944e-06, 0.0493981254580937, -4.00502228218228e-07, 3.54433716123709e-06, -0.00874674599035394, -5.5465038969515e-07, -0.049413068378218, -5.54650389699234e-07, 2.30301140998037e-06, 0.049413068378218, -3.99161328807601e-07, 3.54168015968427e-06, -0.00865278882831506, 5.88171047712609e-09, 1.49429201241218e-05, 5.88171047712525e-09, 7.50573293962012e-09, -1.49429201241218e-05, -1.34089936279948e-09, 2.65700152457748e-09, -9.39571620388565e-05, 
323, 19, -6.10307023262761e-07, -0.0494222961083104, -6.1030702326657e-07, 2.35579766183407e-06, 0.0494222961083104, -2.88573850850173e-07, 3.50444647998795e-06, -0.00875744553198696, -6.16140508931414e-07, -0.0494372361568181, -6.16140508934306e-07, 2.3483734994271e-06, 0.0494372361568181, -2.87195689934748e-07, 3.5018330252871e-06, -0.00866345221308327, 5.83348568315551e-09, 1.4940048507657e-05, 5.83348568314886e-09, 7.42416241904323e-09, -1.4940048507657e-05, -1.37816094364766e-09, 2.61345470070549e-09, -9.39933189036658e-05, 
324, 0, -7.3358349630485e-07, -0.0494235819630954, -7.33583496308548e-07, 2.32133330508279e-06, 0.0494235819630954, -4.73790063265878e-07, 3.48459162262285e-06, -0.00875764434548285, -7.39024068015069e-07, -0.0494385231201686, -7.39024068018015e-07, 2.31362219522482e-06, 0.0494385231201686, -4.72278348342675e-07, 3.48205418285465e-06, -0.00866364899819358, 5.4405717673914e-09, 1.49411570735112e-05, 5.44057176739389e-09, 7.71110983799938e-09, -1.49411570735112e-05, -1.5117150718661e-09, 2.53743978036491e-09, -9.39953472892691e-05, 
324, 10, -6.74156472853129e-07, -0.0494438747361328, -6.74156472855506e-07, 2.26653962969076e-06, 0.0494438747361328, -6.33170427199748e-07, 3.45898333646411e-06, -0.00875226068956807, -6.7956648192855e-07, -0.0494588283701383, -6.79566481932388e-07, 2.25883571670542e-06, 0.0494588283701383, -6.31687427575649e-07, 3.45643787413395e-06, -0.00865822414361952, 5.41000906447165e-09, 1.4953634005467e-05, 5.41000906447525e-09, 7.70391296506285e-09, -1.4953634005467e-05, -1.48299950569056e-09, 2.54546238570814e-09, -9.4036545948539e-05, 
324, 19, -7.38139454326858e-07, -0.0494677643318346, -7.38139454329884e-07, 2.30944586883786e-06, 0.0494677643318346, -5.2193147842925e-07, 3.42650898483025e-06, -0.00876290606702475, -7.43547342918438e-07, -0.0494827149046335, -7.43547342921842e-07, 2.30182879797316e-06, 0.0494827149046335, -5.20406415888062e-07, 3.42400095116576e-06, -0.00866883422353737, 5.40788858903788e-09, 1.49505727990178e-05, 5.4078885890445e-09, 7.61707088633153e-09, -1.49505727990178e-05, -1.52506257360064e-09, 2.50803364870403e-09, -9.40718434873531e-05, 
325, 0, -8.59163232220263e-07, -0.0494692068658257, -8.59163232224154e-07, 2.26854598863376e-06, 0.0494692068658257, -7.02980599826857e-07, 3.39501541988626e-06, -0.00876312288570914, -8.64171684065329e-07, -0.0494841585689839, -8.64171684068341e-07, 2.26066322223189e-06, 0.0494841585689839, -7.01327405729188e-07, 3.39259082336322e-06, -0.00866904904469211, 5.00845182809607e-09, 1.49517031580013e-05, 5.00845182809755e-09, 7.88276640084446e-09, -1.49517031580013e-05, -1.65319418679911e-09, 2.42459656104791e-09, -9.40738410170344e-05, 
325, 10, -7.99341719809048e-07, -0.0494926541893188, -7.99341719812912e-07, 2.21593896001991e-06, 0.0494926541893188, -8.66229257863901e-07, 3.38137870892784e-06, -0.00875815587047254, -8.04363709331837e-07, -0.0495076181090917, -8.04363709334849e-07, 2.20806412906265e-06, 0.0495076181090917, -8.64598159824049e-07, 3.37893977280043e-06, -0.00866404168719269, 5.02198950490843e-09, 1.49639197729843e-05, 5.02198950491505e-09, 7.87483097023425e-09, -1.49639197729843e-05, -1.63109782441781e-09, 2.43893615486736e-09, -9.41141832798552e-05, 
325, 18, -8.64987063408979e-07, -0.0495158126982542, -8.64987063411991e-07, 2.25607589425279e-06, 0.0495158126982542, -7.56520155599715e-07, 3.35320228377418e-06, -0.00876866346094613, -8.70015765716424e-07, -0.0495307721555315, -8.70015765720089e-07, 2.24827529714777e-06, 0.0495307721555315, -7.5484301531445e-07, 3.35079007531594e-06, -0.00867451893763172, 5.02870231978792e-09, 1.49594572771456e-05, 5.02870231978771e-09, 7.80059711155495e-09, -1.49594572771456e-05, -1.6771404853698e-09, 2.41220848573455e-09, -9.41445233144154e-05, 
326, 0, -9.82559086781895e-07, -0.049517429704238, -9.8255908678555e-07, 2.20895116556636e-06, 0.049517429704238, -9.33279676208523e-07, 3.31136106694486e-06, -0.00876888318745119, -9.87180083660258e-07, -0.0495323904252223, -9.87180083663488e-07, 2.20090272202428e-06, 0.0495323904252223, -9.31480045594565e-07, 3.3090421061964e-06, -0.00867473670075065, 4.62099688864148e-09, 1.49607209843675e-05, 4.62099688863783e-09, 8.04844354458283e-09, -1.49607209843675e-05, -1.79963073472611e-09, 2.31896072116571e-09, -9.41464867005226e-05, 
326, 10, -9.26859812250391e-07, -0.0495422811959999, -9.26859812253611e-07, 2.15860433263209e-06, 0.0495422811959999, -1.10203277560521e-06, 3.30904605339347e-06, -0.00876367305283968, -9.31476033982331e-07, -0.0495572538727915, -9.31476033985124e-07, 2.15056326295579e-06, 0.0495572538727915, -1.10026719364034e-06, 3.30670843870309e-06, -0.00866948855033857, 4.61622171278001e-09, 1.49726767916688e-05, 4.61622171278319e-09, 8.04106967549218e-09, -1.49726767916688e-05, -1.76558192840271e-09, 2.33761464775462e-09, -9.41845025011446e-05, 
326, 18, -9.94210946703098e-07, -0.0495652655071412, -9.94210946705883e-07, 2.19816943707377e-06, 0.0495652655071412, -9.92916937529431e-07, 3.29122926078653e-06, -0.00877414975775707, -9.98877061634963e-07, -0.0495802331503081, -9.98877061638833e-07, 2.1901951264928e-06, 0.0495802331503081, -9.91095026179538e-07, 3.28891355449498e-06, -0.00867993943016101, 4.66611485489282e-09, 1.49676431668881e-05, 4.66611485489949e-09, 7.9743105559611e-09, -1.49676431668881e-05, -1.82191139978449e-09, 2.31570627551117e-09, -9.4210327596049e-05, 
327, 0, -1.10904263191943e-06, -0.0495668928652732, -1.10904263192199e-06, 2.14441871126356e-06, 0.0495668928652732, -1.16672390613864e-06, 3.23766589526462e-06, -0.0087743542805428, -1.11329562096233e-06, -0.0495818617678505, -1.11329562096621e-06, 2.13621325707952e-06, 0.0495818617678505, -1.16478415206198e-06, 3.23545087264089e-06, -0.00868014234060014, 4.25298903229758e-09, 1.49689025774321e-05, 4.25298903229748e-09, 8.20545415908668e-09, -1.49689025774321e-05, -1.9397541336205e-09, 2.21502262957986e-09, -9.42119399426434e-05, 
327, 10, -1.05580723995037e-06, -0.04959316162419, -1.05580723995356e-06, 2.09611440693189e-06, 0.04959316162419, -1.32265098678724e-06, 3.24102115804797e-06, -0.00876834207739103, -1.06010393965577e-06, -0.0496081410415045, -1.06010393965898e-06, 2.0879046722634e-06, 0.0496081410415045, -1.32072673572222e-06, 3.23877764703691e-06, -0.00867409664866966, 4.29669969770031e-09, 1.49794173143593e-05, 4.29669969770158e-09, 8.20973469127124e-09, -1.49794173143593e-05, -1.92425098589632e-09, 2.24351100642666e-09, -9.42454287213706e-05, 
327, 18, -1.12502487985008e-06, -0.0496161239947727, -1.12502487985316e-06, 2.13539895212836e-06, 0.0496161239947727, -1.21562478813629e-06, 3.23413346968125e-06, -0.00877883745629549, -1.1293594646194e-06, -0.0496310967676469, -1.12935946462304e-06, 2.12724579872239e-06, 0.0496310967676469, -1.21365573459305e-06, 3.23191277639848e-06, -0.0086845723523657, 4.33458481671411e-09, 1.49727728740856e-05, 4.33458481670882e-09, 8.15315341911718e-09, -1.49727728740856e-05, -1.96905349747657e-09, 2.22069336088445e-09, -9.42651039297732e-05, 
328, 0, -1.2366447223782e-06, -0.0496177660400485, -1.23664472238163e-06, 2.07486077746041e-06, 0.0496177660400485, -1.38597510157734e-06, 3.16934158504865e-06, -0.00877901413313491, -1.24055627600931e-06, -0.0496327400212178, -1.24055627601254e-06, 2.0664924140933e-06, 0.0496327400212178, -1.3838932929442e-06, 3.16722866110935e-06, -0.00868474790482116, 3.91155357420885e-09, 1.49739811693096e-05, 3.91155357420843e-09, 8.36836334480701e-09, -1.49739811693096e-05, -2.08180868402208e-09, 2.11292399982011e-09, -9.42662283137203e-05, 
328, 10, -1.17639731983782e-06, -0.0496474000179855, -1.1763973198411e-06, 2.02918343942544e-06, 0.0496474000179855, -1.52103994176535e-06, 3.17470391196172e-06, -0.00877242850410016, -1.18036044642545e-06, -0.0496623822162324, -1.18036044642845e-06, 2.02080596690848e-06, 0.0496623822162324, -1.51897314111473e-06, 3.17255050780414e-06, -0.00867813482571986, 3.96312657667016e-09, 1.4982198246763e-05, 3.96312657666995e-09, 8.37747253463888e-09, -1.4982198246763e-05, -2.06680075786717e-09, 2.15340413560619e-09, -9.42936783802751e-05, 
328, 18, -1.24759369920826e-06, -0.0496702288595367, -1.24759369921145e-06, 2.0666315769169e-06, 0.0496702288595367, -1.41781622062125e-06, 3.17664955597831e-06, -0.00878294194812606, -1.2515955116938e-06, -0.0496852017697654, -1.25159551169683e-06, 2.05829011988923e-06, 0.0496852017697654, -1.41570627349976e-06, 3.17452624997776e-06, -0.00868863609255661, 4.00181253673948e-09, 1.49729102286703e-05, 4.00181253673132e-09, 8.341457007979e-09, -1.49729102286703e-05, -2.10994697192643e-09, 2.12330596479191e-09, -9.43058555694825e-05, 
329, 0, -1.35529858016873e-06, -0.0496719312899596, -1.35529858017206e-06, 1.99965218383725e-06, 0.0496719312899596, -1.5845157552962e-06, 3.10151078224424e-06, -0.00878310044381693, -1.35886921437565e-06, -0.049686905294027, -1.35886921437902e-06, 1.99111010815088e-06, 0.049686905294027, -1.58229803560513e-06, 3.09950274144891e-06, -0.00868879407077126, 3.57063414948879e-09, 1.49740040673834e-05, 3.57063414948985e-09, 8.54207567082938e-09, -1.49740040673834e-05, -2.21771973508432e-09, 2.0080408192763e-09, -9.43063730456575e-05, 
329, 10, -1.28608401584797e-06, -0.0497067097245812, -1.28608401585097e-06, 1.9607306338012e-06, 0.0497067097245812, -1.69621048962136e-06, 3.10867849875219e-06, -0.00877609332265169, -1.28974396598979e-06, -0.0497216887691158, -1.28974396599345e-06, 1.95217142943017e-06, 0.0497216887691158, -1.69400006292695e-06, 3.10662456694018e-06, -0.00868176673534992, 3.65995016074776e-09, 1.49790445344697e-05, 3.65995016074215e-09, 8.55920438369312e-09, -1.49790445344697e-05, -2.21042663112017e-09, 2.05393180941506e-09, -9.43265873018044e-05, 
329, 18, -1.35972343351694e-06, -0.0497292595980209, -1.35972343351988e-06, 1.99347984072787e-06, 0.0497292595980209, -1.59979541349347e-06, 3.11501814363741e-06, -0.00878657981924022, -1.36338740361205e-06, -0.0497442256157955, -1.36338740361482e-06, 1.98492741280096e-06, 0.0497442256157955, -1.59754807589847e-06, 3.11300303916883e-06, -0.00869224948615873, 3.66397005006118e-09, 1.49660177745029e-05, 3.66397005006849e-09, 8.55242792532083e-09, -1.49660177745029e-05, -2.24733748281161e-09, 2.01510446025088e-09, -9.43303330814783e-05, 
330, 0, -1.46322436871103e-06, -0.0497310556533663, -1.46322436871441e-06, 1.92058704983948e-06, 0.0497310556533663, -1.7626805236997e-06, 3.03036550795735e-06, -0.00878671958914798, -1.46644527716682e-06, -0.0497460225725601, -1.46644527716993e-06, 1.91185006616327e-06, 0.0497460225725601, -1.76033137783993e-06, 3.0284724981716e-06, -0.00869238944001404, 3.22090841214782e-09, 1.4966919193887e-05, 3.22090841214782e-09, 8.73698365342485e-09, -1.4966919193887e-05, -2.34914600233451e-09, 1.89300979883625e-09, -9.43301491339366e-05, 
330, 10, -1.39019870413154e-06, -0.0497694335019112, -1.39019870413486e-06, 1.8905766774856e-06, 0.0497694335019112, -1.86641494321701e-06, 3.03734423405846e-06, -0.00877959500386649, -1.3935021117015e-06, -0.0497844023108537, -1.39350211170418e-06, 1.88182364350564e-06, 0.0497844023108537, -1.86407610025559e-06, 3.03540297251157e-06, -0.00868525201573326, 3.30340758728003e-09, 1.49688089426746e-05, 3.3034075872868e-09, 8.75303398473065e-09, -1.49688089426746e-05, -2.33884297627947e-09, 1.94126155586518e-09, -9.43429881332647e-05, 
330, 18, -1.46472389746745e-06, -0.0497916396380636, -1.46472389747072e-06, 1.91654209081453e-06, 0.0497916396380636, -1.77604411216419e-06, 3.04464558253953e-06, -0.00879006223396508, -1.46804030494808e-06, -0.0498065915254477, -1.46804030495091e-06, 1.90777550448067e-06, 0.0498065915254477, -1.77366327355622e-06, 3.04274352425417e-06, -0.00869572404246594, 3.31640745966144e-09, 1.49518873842014e-05, 3.31640745965816e-09, 8.76658633561345e-09, -1.49518873842014e-05, -2.38083850179353e-09, 1.902058338638e-09, -9.43381914990966e-05, 
331, 0, -1.56368496498839e-06, -0.0497934637759339, -1.56368496499221e-06, 1.83809584945889e-06, 0.0497934637759339, -1.93478850845508e-06, 2.95061410860208e-06, -0.00879019114882773, -1.56654534181027e-06, -0.0498084163443508, -1.56654534181396e-06, 1.82916100866443e-06, 0.0498084163443508, -1.93231241746517e-06, 2.94884128139621e-06, -0.00869585387033275, 2.86037679171653e-09, 1.49525684169201e-05, 2.86037679171738e-09, 8.93484079977792e-09, -1.49525684169201e-05, -2.4760909696953e-09, 1.77282726195019e-09, -9.43372784949625e-05, 
331, 10, -1.49325032439563e-06, -0.0498354515362671, -1.49325032439912e-06, 1.81763386877358e-06, 0.0498354515362671, -2.03149968113348e-06, 2.95110237773347e-06, -0.00878257490415849, -1.49617106587473e-06, -0.0498504022646542, -1.49617106587877e-06, 1.80866957918433e-06, 0.0498504022646542, -2.02903530255349e-06, 2.94928235860042e-06, -0.00868823231137541, 2.92074149330169e-09, 1.49507283871272e-05, 2.92074149330243e-09, 8.96428959580878e-09, -1.49507283871272e-05, -2.46437865229279e-09, 1.82001915863272e-09, -9.43425927830966e-05, 
331, 18, -1.56527735569927e-06, -0.0498572474300519, -1.56527735570254e-06, 1.83687414800588e-06, 0.0498572474300519, -1.94382841198557e-06, 2.95901504665217e-06, -0.00879297597557707, -1.5682225463182e-06, -0.0498721770521607, -1.56822254632212e-06, 1.82788269489529e-06, 0.0498721770521607, -1.94132498944317e-06, 2.95724273073004e-06, -0.00869864663695815, 2.94519064204005e-09, 1.49296221090012e-05, 2.94519064204355e-09, 8.99145309627538e-09, -1.49296221090012e-05, -2.50342252441989e-09, 1.77231599422248e-09, -9.43293386189151e-05, 
332, 0, -1.65946199015125e-06, -0.0498591152054744, -1.65946199015485e-06, 1.75309406913834e-06, 0.0498591152054744, -2.09744334638902e-06, 2.8558053452541e-06, -0.00879307761964459, -1.66193884910443e-06, -0.0498740452507728, -1.66193884910791e-06, 1.74395306916375e-06, 0.0498740452507728, -2.09485177160524e-06, 2.85416839087092e-06, -0.00869874993963726, 2.47685893746771e-09, 1.49300452982698e-05, 2.47685893746422e-09, 9.14099997157269e-09, -1.49300452982698e-05, -2.59157488096056e-09, 1.6369543734367e-09, -9.43276800073449e-05, 
332, 10, -1.58875530532826e-06, -0.049901379663226, -1.58875530533131e-06, 1.7425586895007e-06, 0.049901379663226, -2.165536978433e-06, 2.84671866984396e-06, -0.00878522467447741, -1.59127945570617e-06, -0.0499163045976983, -1.59127945570975e-06, 1.73336925995714e-06, 0.0499163045976983, -2.16296052992006e-06, 2.84503815383072e-06, -0.00869089818827092, 2.52415040735825e-09, 1.49249344723437e-05, 2.52415040736344e-09, 9.18942956257326e-09, -1.49249344723437e-05, -2.57644841270268e-09, 1.68051597432029e-09, -9.43264862065049e-05, 
332, 18, -1.65815771114417e-06, -0.0499229426467494, -1.65815771114766e-06, 1.75527968561957e-06, 0.0499229426467494, -2.08272081257182e-06, 2.85430439721301e-06, -0.00879550743021308, -1.66069366950176e-06, -0.0499378434610691, -1.66069366950437e-06, 1.74606482585398e-06, 0.0499378434610691, -2.08011743160195e-06, 2.85267874700765e-06, -0.00870120183725321, 2.53595832383765e-09, 1.49008143196551e-05, 2.53595832383945e-09, 9.21485977034115e-09, -1.49008143196551e-05, -2.60338085659861e-09, 1.62565018195421e-09, -9.43055929598888e-05, 
333, 0, -1.74732403928826e-06, -0.0499247581078494, -1.74732403929099e-06, 1.66660003282032e-06, 0.0499247581078494, -2.22955667621328e-06, 2.74338066074057e-06, -0.00879559046597757, -1.74937823201011e-06, -0.0499396591047234, -1.74937823201328e-06, 1.65725721097037e-06, 0.0499396591047234, -2.22687339545475e-06, 2.74189507548232e-06, -0.00870128724357721, 2.05419270021881e-09, 1.49009968741026e-05, 2.05419270021976e-09, 9.3428218298555e-09, -1.49009968741026e-05, -2.68328081336818e-09, 1.48558530206619e-09, -9.43032224003536e-05, 
333, 10, -1.67538305194345e-06, -0.0499605380735139, -1.67538305194661e-06, 1.66496409323191e-06, 0.0499605380735139, -2.25493474045409e-06, 2.72682351954422e-06, -0.00878722629201006, -1.67747461597495e-06, -0.0499754318894046, -1.67747461597887e-06, 1.65557173971167e-06, 0.0499754318894046, -2.25227474242061e-06, 2.72529359050552e-06, -0.0086929295696451, 2.09156399881918e-09, 1.48938158907689e-05, 2.09156399881579e-09, 9.39235348551514e-09, -1.48938158907689e-05, -2.65999805803643e-09, 1.52992903264149e-09, -9.42967223649635e-05, 
333, 18, -1.74203924801169e-06, -0.0499820711204694, -1.74203924801517e-06, 1.67127520208537e-06, 0.0499820711204694, -2.17641904184384e-06, 2.73354173168424e-06, -0.00879741192124853, -1.7441320285775e-06, -0.0499969394570505, -1.7441320285814e-06, 1.66185814868844e-06, 0.0499969394570505, -2.17374257268283e-06, 2.73207057200816e-06, -0.00870314275150805, 2.09278052970711e-09, 1.48683365810686e-05, 2.09278052970457e-09, 9.41705338955336e-09, -1.48683365810686e-05, -2.6764690219498e-09, 1.47115966173653e-09, -9.42691697404255e-05, 
334, 0, -1.8259908230017e-06, -0.0499836419579118, -1.82599082300595e-06, 1.57816069619589e-06, 0.0499836419579118, -2.3152031716839e-06, 2.61735229150737e-06, -0.00879746701052693, -1.82758890012251e-06, -0.0499985102849126, -1.82758890012568e-06, 1.56863938982765e-06, 0.0499985102849126, -2.31245578266617e-06, 2.61602455956091e-06, -0.00870320087921339, 1.59807710396758e-09, 1.48683270006834e-05, 1.59807710396758e-09, 9.52130636745651e-09, -1.48683270006834e-05, -2.74738901638959e-09, 1.32773198335814e-09, -9.42661313135751e-05, 
334, 10, -1.75076682901038e-06, -0.0500076464083801, -1.75076682901398e-06, 1.58559981933757e-06, 0.0500076464083801, -2.30198684222755e-06, 2.59937719140575e-06, -0.00878810710926719, -1.75240373197843e-06, -0.0500225065970985, -1.75240373198148e-06, 1.57603542811295e-06, 0.0500225065970984, -2.29926220307459e-06, 2.59800232788795e-06, -0.00869385170608678, 1.63690291300241e-09, 1.48601887182122e-05, 1.6369029130042e-09, 9.56439123142211e-09, -1.48601887182122e-05, -2.72463906149457e-09, 1.37486351997648e-09, -9.42554031804348e-05, 
334, 18, -1.81469360799682e-06, -0.0500293702429521, -1.81469360800041e-06, 1.58508257913124e-06, 0.0500293702429521, -2.22549269547191e-06, 2.60522107634722e-06, -0.00879822380027116, -1.81631870390021e-06, -0.0500442052897444, -1.81631870390425e-06, 1.57549067529215e-06, 0.0500442052897444, -2.22276858380606e-06, 2.60390671962858e-06, -0.0087040016678951, 1.62509593247652e-09, 1.48350467922981e-05, 1.62509593247461e-09, 9.59190385887352e-09, -1.48350467922981e-05, -2.72411173492353e-09, 1.31435665088252e-09, -9.42221323760704e-05, 
335, 0, -1.89326823445839e-06, -0.0500305916501228, -1.89326823446122e-06, 1.48815442451883e-06, 0.0500305916501228, -2.35608035394279e-06, 2.48624764932944e-06, -0.00879823972123828, -1.89438811429804e-06, -0.0500454265471781, -1.89438811430153e-06, 1.47848456530611e-06, 0.0500454265471781, -2.35329428191137e-06, 2.48507872474378e-06, -0.0087040212637897, 1.11987986564683e-09, 1.48348970553319e-05, 1.11987986564863e-09, 9.66985918327057e-09, -1.48348970553319e-05, -2.7860720357534e-09, 1.16892460424072e-09, -9.421845744857e-05, 
335, 10, -1.81858921924411e-06, -0.0500370511413247, -1.81858921924737e-06, 1.50223557235974e-06, 0.0500370511413247, -2.32666193267951e-06, 2.46713568814862e-06, -0.00878757406730128, -1.81970691944074e-06, -0.050051878301236, -1.81970691944423e-06, 1.4925301071727e-06, 0.050051878301236, -2.32390899105077e-06, 2.46591712290769e-06, -0.00869336907476659, 1.11770020698244e-09, 1.4827159911351e-05, 1.11770020697895e-09, 9.70546518686037e-09, -1.4827159911351e-05, -2.75294174428592e-09, 1.21856518332706e-09, -9.42049925346882e-05, 
335, 18, -1.87975610859288e-06, -0.0500593173334801, -1.87975610859571e-06, 1.49622356376461e-06, 0.0500593173334801, -2.25055304609797e-06, 2.47516090634167e-06, -0.008797717689944, -1.88088055453154e-06, -0.0500741213757773, -1.88088055453524e-06, 1.48649710951063e-06, 0.0500741213757773, -2.24780372414671e-06, 2.47400168670204e-06, -0.00870355094027638, 1.12444594609747e-09, 1.48040422971317e-05, 1.12444594609927e-09, 9.72645425470761e-09, -1.48040422971316e-05, -2.74932198126826e-09, 1.15921965103149e-09, -9.41667496676348e-05, 
336, 0, -1.95300879263088e-06, -0.0500600566650852, -1.95300879263435e-06, 1.39587768622342e-06, 0.0500600566650853, -2.3734829286293e-06, 2.3546876805735e-06, -0.00879769321697088, -1.95362192813533e-06, -0.0500748604789063, -1.95362192813859e-06, 1.3861007796672e-06, 0.0500748604789063, -2.37067972421892e-06, 2.35367481421661e-06, -0.00870353073738236, 6.13135476675748e-10, 1.48038138211449e-05, 6.13135476677442e-10, 9.77690655350856e-09, -1.48038138211449e-05, -2.80320422115819e-09, 1.01286636549274e-09, -9.41624795885747e-05, 
336, 10, -1.87895914153226e-06, -0.0500452981358848, -1.87895914153554e-06, 1.4133472051311e-06, 0.0500452981358848, -2.34887112183572e-06, 2.33268186396158e-06, -0.0087853910722283, -1.87959932703194e-06, -0.0500600955519833, -1.8795993270352e-06, 1.40354200564755e-06, 0.0500600955519833, -2.34609424084494e-06, 2.33161479316979e-06, -0.00869124361061701, 6.40185506322465e-10, 1.47974160984043e-05, 6.40185506325959e-10, 9.80519950494977e-09, -1.47974160984043e-05, -2.77688102377515e-09, 1.06707081447885e-09, -9.41474616113355e-05, 
336, 18, -1.93867994752661e-06, -0.0500683475362639, -1.93867994753009e-06, 1.40476264610585e-06, 0.0500683475362639, -2.27416979263156e-06, 2.34737840242543e-06, -0.0087956373978994, -1.9392885379055e-06, -0.0500831250239988, -1.93928853790921e-06, 1.39494441172735e-06, 0.0500831250239988, -2.27140649743551e-06, 2.34636871689786e-06, -0.00870153230213355, 6.08590335367828e-10, 1.47774877349619e-05, 6.08590335364546e-10, 9.81823436389142e-09, -1.47774877349619e-05, -2.76329508725541e-09, 1.0096855121155e-09, -9.41050957658225e-05, 
337, 0, -2.00659412408e-06, -0.0500685389293991, -2.00659412408348e-06, 1.30135678114915e-06, 0.0500685389293991, -2.39023989840658e-06, 2.22554480199877e-06, -0.0087955679560543, -2.00668537915226e-06, -0.0500833161579182, -2.00668537915509e-06, 1.29151605375765e-06, 0.0500833161579182, -2.38743070965252e-06, 2.22468165744478e-06, -0.00870146764781144, 9.12550877869451e-11, 1.47772285187585e-05, 9.1255087780379e-11, 9.84072743587896e-09, -1.47772285187585e-05, -2.80918880193924e-09, 8.63144536127476e-10, -9.4100308242889e-05, 
337, 10, -1.93983184795364e-06, -0.0500325486026877, -1.93983184795691e-06, 1.31817724554054e-06, 0.0500325486026877, -2.37803211971226e-06, 2.20507048295106e-06, -0.00878172334658434, -1.93994226016203e-06, -0.050047321331574, -1.93994226016595e-06, 1.30831062832342e-06, 0.050047321331574, -2.37524234766949e-06, 2.2041498848689e-06, -0.00868763863933467, 1.10412174606025e-10, 1.47727288863456e-05, 1.10412174602743e-10, 9.86661722299286e-09, -1.47727288863456e-05, -2.78977212410401e-09, 9.20598016866505e-10, -9.40847072496857e-05, 
337, 18, -1.99903971449999e-06, -0.0500565395047291, -1.99903971450326e-06, 1.30935465898493e-06, 0.0500565395047291, -2.30451832981428e-06, 2.22950678548953e-06, -0.00879210612969437, -1.99910368923181e-06, -0.0500712961032787, -1.99910368923572e-06, 1.29948052188883e-06, 0.0500712961032787, -2.30174866913114e-06, 2.22863953211863e-06, -0.00869806687887914, 6.39747517755922e-11, 1.47565985496463e-05, 6.39747517789803e-11, 9.87413709157621e-09, -1.47565985496463e-05, -2.76966078819239e-09, 8.67253334200397e-10, -9.40392508152328e-05, 
338, 0, -2.06172887630366e-06, -0.050056220266932, -2.06172887630671e-06, 1.20283509333274e-06, 0.050056220266932, -2.41436509118687e-06, 2.10629354434333e-06, -0.00879199843399369, -2.06127196759405e-06, -0.0500709766140689, -2.06127196759798e-06, 1.19296886979882e-06, 0.0500709766140689, -2.41155709451047e-06, 2.10557262066373e-06, -0.00869796437129671, -4.56908702259273e-10, 1.47563471367519e-05, -4.56908702260969e-10, 9.86622353100904e-09, -1.47563471367519e-05, -2.80799660453972e-09, 7.20923655992424e-10, -9.40340626969849e-05, 
338, 10, -1.99955515032988e-06, -0.0500001509385402, -1.99955515033314e-06, 1.21956361243298e-06, 0.0500001509385402, -2.41794153473887e-06, 2.09003993727694e-06, -0.00877717568433811, -1.99909019934815e-06, -0.050014905382566, -1.99909019935162e-06, 1.20966833614443e-06, 0.050014905382566, -2.41515219912417e-06, 2.08926096357563e-06, -0.0086831566644472, -4.64950980459033e-10, 1.47544440260741e-05, -4.64950980462529e-10, 9.89527627362005e-09, -1.47544440260741e-05, -2.78933561385582e-09, 7.78973764669351e-10, -9.40190198908988e-05, 
338, 18, -2.05849774763821e-06, -0.0500250378902069, -2.05849774764192e-06, 1.21126081077101e-06, 0.0500250378902069, -2.34579361885291e-06, 2.12507068706898e-06, -0.00878767669006388, -2.05798875743e-06, -0.0500397806610813, -2.05798875743282e-06, 1.2013573402411e-06, 0.0500397806610813, -2.34301872054515e-06, 2.12433803814269e-06, -0.00869370480986642, -5.08990237262509e-10, 1.47427708743725e-05, -5.08990237264205e-10, 9.90347054023218e-09, -1.47427708743725e-05, -2.77489830067525e-09, 7.32648918973525e-10, -9.39718801974693e-05, 
339, 0, -2.11577193389293e-06, -0.050024244489417, -2.11577193389686e-06, 1.10180649578776e-06, 0.050024244489417, -2.45024729563927e-06, 2.00000937722473e-06, -0.008787547303838, -2.1147406147475e-06, -0.0500389870730373, -2.11474061475013e-06, 1.09194124703552e-06, 0.0500389870730373, -2.44744120734714e-06, 1.99942260910508e-06, -0.00869358085795753, -1.03131913222787e-09, 1.47425836203782e-05, -1.03131913222597e-09, 9.86524875313965e-09, -1.47425836203782e-05, -2.80608813179724e-09, 5.86768103220221e-10, -9.3966445880441e-05, 
339, 10, -2.05899615738152e-06, -0.0499498793173248, -2.05899615738521e-06, 1.11687428531233e-06, 0.0499498793173248, -2.46936047440043e-06, 1.98845911229638e-06, -0.00877115189032872, -2.05795134225381e-06, -0.0499646223279089, -2.05795134225687e-06, 1.10697677115972e-06, 0.0499646223279089, -2.46656336110802e-06, 1.98780990968081e-06, -0.00867719987751306, -1.04481511348702e-09, 1.47430105840532e-05, -1.04481511348342e-09, 9.8975141385885e-09, -1.47430105840532e-05, -2.79711328701733e-09, 6.49202608404655e-10, -9.39520128156553e-05, 
339, 18, -2.11709999571741e-06, -0.0499756216247389, -2.1170999957209e-06, 1.10966268995079e-06, 0.0499756216247389, -2.39700463247862e-06, 2.03484665740419e-06, -0.00878178249291753, -2.11600666950564e-06, -0.049990356717399, -2.11600666950955e-06, 1.09975797666101e-06, 0.049990356717399, -2.39422285130959e-06, 2.03423463823398e-06, -0.00868787839742881, -1.09332621095052e-09, 1.47350926601766e-05, -1.09332621094893e-09, 9.90471327116719e-09, -1.47350926601766e-05, -2.78178114062406e-09, 6.12019296732295e-10, -9.39040954886988e-05, 
340, 0, -2.16901201502102e-06, -0.0499743999306049, -2.16901201502494e-06, 9.9723410310657e-07, 0.0499743999306049, -2.4967848686228e-06, 1.90759517986677e-06, -0.00878160914973779, -2.16739790561401e-06, -0.0499891348972262, -2.16739790561727e-06, 9.87398241725937e-07, 0.0499891348972261, -2.49397743305854e-06, 1.90712914384623e-06, -0.00868771062446618, -1.61410942627448e-09, 1.47349666211306e-05, -1.61410942627469e-09, 9.83586135217185e-09, -1.47349666211306e-05, -2.80743567305031e-09, 4.66035942964245e-10, -9.38985252716214e-05, 
340, 10, -2.11208303301907e-06, -0.0498802021570379, -2.112083033023e-06, 1.01406683408717e-06, 0.0498802021570379, -2.53141773033555e-06, 1.89831877549312e-06, -0.00876532461831698, -2.11047809469485e-06, -0.0498949419635755, -2.11047809469812e-06, 1.0041969991732e-06, 0.0498949419635755, -2.52861324552516e-06, 1.89779121043271e-06, -0.0086714377702899, -1.60493832898946e-09, 1.47398065375682e-05, -1.60493832898608e-09, 9.86983490846352e-09, -1.47398065375682e-05, -2.8044848996888e-09, 5.27565106502953e-10, -9.3886848027065e-05, 
340, 18, -2.1698226046809e-06, -0.0499066179039941, -2.16982260468439e-06, 1.00712026050035e-06, 0.0499066179039941, -2.45936732817312e-06, 1.95545727916316e-06, -0.00877603824183561, -2.16813570158841e-06, -0.0499213555694812, -2.16813570159233e-06, 9.97233767845782e-07, 0.0499213555694812, -2.45658042890283e-06, 1.95496579778096e-06, -0.00868219769944988, -1.68690309172445e-09, 1.4737665486985e-05, -1.68690309172445e-09, 9.88649266352166e-09, -1.4737665486985e-05, -2.78689921433677e-09, 4.91481480870442e-10, -9.38405423857249e-05, 
341, 0, -2.2161818359426e-06, -0.0499049030004601, -2.21618183594547e-06, 8.92265120088671e-07, 0.0499049030004601, -2.55528774437297e-06, 1.8253166253374e-06, -0.00877587831760526, -2.2139729421768e-06, -0.049919640752221, -2.2139729421801e-06, 8.82478631883358e-07, 0.049919640752221, -2.55248191822789e-06, 1.82497082678324e-06, -0.00868204324672542, -2.20889376456392e-09, 1.47377517609102e-05, -2.20889376456223e-09, 9.78648821372948e-09, -1.47377517609102e-05, -2.80582611862588e-09, 3.45798494834738e-10, -9.3835070879832e-05, 
341, 10, -2.16381440724087e-06, -0.0497986259751519, -2.16381440724371e-06, 9.07976093720477e-07, 0.0497986259751519, -2.60475843655063e-06, 1.80957711035998e-06, -0.00875868627740746, -2.16157923569369e-06, -0.0498133721444138, -2.16157923569652e-06, 8.98147670744131e-07, 0.0498133721444138, -2.60195280384206e-06, 1.8091687338403e-06, -0.00866486068449052, -2.23517153198767e-09, 1.47461692619191e-05, -2.23517153199127e-09, 9.82842302333597e-09, -1.47461692619191e-05, -2.80563267534652e-09, 4.08376469662819e-10, -9.38255929169517e-05, 
341, 18, -2.22196988443222e-06, -0.0498255845649359, -2.2219698844357e-06, 9.00307882276201e-07, 0.0498255845649359, -2.53353781974699e-06, 1.87576747146756e-06, -0.00876950088389395, -2.21968633310997e-06, -0.0498403327776673, -2.21968633311346e-06, 8.90458055146571e-07, 0.0498403327776673, -2.53074351295132e-06, 1.87539171003205e-06, -0.00867571892052947, -2.28355133326553e-09, 1.4748212731245e-05, -2.28355133326383e-09, 9.84982715473789e-09, -1.4748212731245e-05, -2.79430682768446e-09, 3.75761401022269e-10, -9.37819633644617e-05, 
342, 0, -2.26284567893891e-06, -0.0498236429983803, -2.26284567894218e-06, 7.82944386542759e-07, 0.0498236429983803, -2.62572378668759e-06, 1.74189272875126e-06, -0.0087693150069724, -2.26004511402063e-06, -0.0498383914903211, -2.26004511402349e-06, 7.73224761157334e-07, 0.049838391490321, -2.62291641066512e-06, 1.74166287069624e-06, -0.00867553828098214, -2.80056493840517e-09, 1.47484919407078e-05, -2.80056493841025e-09, 9.71962539552121e-09, -1.47484919407078e-05, -2.80737596778172e-09, 2.29858031030899e-10, -9.37767259902786e-05, 
342, 10, -2.20738014997904e-06, -0.0497108569513734, -2.207380149981e-06, 8.03226257635407e-07, 0.0497108569513734, -2.68336851000233e-06, 1.71045064104799e-06, -0.00875115343346038, -2.20455586232132e-06, -0.0497256158986271, -2.20455586232438e-06, 7.93452220846025e-07, 0.0497256158986271, -2.68055550744384e-06, 1.71016112796342e-06, -0.00865738451658921, -2.82428763866007e-09, 1.47589472537625e-05, -2.82428763865965e-09, 9.77403680471454e-09, -1.47589472537625e-05, -2.81300259245073e-09, 2.89513182258632e-10, -9.37689168711861e-05, 
342, 18, -2.26777132591712e-06, -0.0497381396897271, -2.26777132591973e-06, 7.92385594510699e-07, 0.0497381396897271, -2.61355950387617e-06, 1.78431067514236e-06, -0.00876204301338627, -2.26490403091884e-06, -0.0497529028852116, -2.26490403092123e-06, 7.82592346813762e-07, 0.0497529028852116, -2.61075935274262e-06, 1.78405617881694e-06, -0.00866831422513119, -2.86729496247693e-09, 1.47631954845756e-05, -2.86729496248032e-09, 9.79324768669891e-09, -1.47631954845756e-05, -2.80015110495705e-09, 2.54496371650697e-10, -9.37287882550842e-05, 
343, 0, -2.30293586349553e-06, -0.0497360795132697, -2.30293586349858e-06, 6.73116790244436e-07, 0.0497360795132697, -2.70130076688919e-06, 1.64627850978522e-06, -0.00876183880350782, -2.29955661980772e-06, -0.0497508431274427, -2.29955661981053e-06, 6.63483022286329e-07, 0.0497508431274427, -2.69849367829086e-06, 1.64617031573668e-06, -0.00866811491278285, -3.37924368333915e-09, 1.47636141729426e-05, -3.37924368333534e-09, 9.63376796768721e-09, -1.47636141729426e-05, -2.807088684938e-09, 1.08193934340212e-10, -9.37238907249674e-05, 
343, 10, -2.24665739567123e-06, -0.0496238187661206, -2.24665739567407e-06, 6.94576729091781e-07, 0.0496238187661206, -2.76173080601454e-06, 1.59044593076251e-06, -0.00874374947391737, -2.24326142064586e-06, -0.0496385940642517, -2.2432614206487e-06, 6.84904221338029e-07, 0.0496385940642517, -2.75891555590771e-06, 1.59027696193036e-06, -0.00865003124560835, -3.39597502444306e-09, 1.47752981311091e-05, -3.39597502443988e-09, 9.67250775209789e-09, -1.47752981311091e-05, -2.81525016226369e-09, 1.68968866181525e-10, -9.37182283090326e-05, 
343, 18, -2.30866382776436e-06, -0.0496510905983241, -2.30866382776614e-06, 6.79850076527607e-07, 0.0496510905983241, -2.69367677346085e-06, 1.67129784169018e-06, -0.00875464111791317, -2.30523750758799e-06, -0.0496658708878575, -2.3052375075904e-06, 6.7014336388572e-07, 0.0496658708878575, -2.6908766336663e-06, 1.67116624848505e-06, -0.0086609583963002, -3.42632020728232e-09, 1.47802895334479e-05, -3.42632020727893e-09, 9.70671263831308e-09, -1.47802895334479e-05, -2.80013977246047e-09, 1.31593240945951e-10, -9.36827216129598e-05, 
344, 0, -2.3381273481158e-06, -0.0496490905679272, -2.3381273481182e-06, 5.58717058234578e-07, 0.0496490905679272, -2.77584361572715e-06, 1.52896504966815e-06, -0.00875445087632618, -2.33419677302587e-06, -0.0496638713784435, -2.33419677302893e-06, 5.49198063490252e-07, 0.0496638713784435, -2.77304283567741e-06, 1.52897958552473e-06, -0.00866077258135723, -3.93057505294388e-09, 1.47808105163184e-05, -3.93057505294388e-09, 9.51899477638175e-09, -1.47808105163184e-05, -2.80078006469912e-09, -1.45358524382553e-11, -9.36782949689357e-05, 
344, 10, -2.27980063749808e-06, -0.0495442502763612, -2.27980063750091e-06, 5.84075362687101e-07, 0.0495442502763612, -2.82786877732953e-06, 1.45177507110644e-06, -0.00873731851625619, -2.27585241111958e-06, -0.0495590434795097, -2.27585241112242e-06, 5.7453047323142e-07, 0.0495590434795097, -2.82506385662203e-06, 1.45173202366108e-06, -0.0086436428852912, -3.9482263516695e-09, 1.47932031484875e-05, -3.94822635167606e-09, 9.54488946378341e-09, -1.47932031484875e-05, -2.80492073116307e-09, 4.30475117915713e-11, -9.36756309649861e-05, 
344, 18, -2.34318579564613e-06, -0.0495711902532361, -2.34318579564876e-06, 5.64352562725745e-07, 0.0495711902532361, -2.76221951392345e-06, 1.53797458374899e-06, -0.00874814908751461, -2.3392136197617e-06, -0.0495859880223015, -2.33921361976474e-06, 5.54758259740602e-07, 0.0495859880223015, -2.75943017588183e-06, 1.53797994266436e-06, -0.00865450308391237, -3.97217590222722e-09, 1.4797769065256e-05, -3.97217590222722e-09, 9.59430301284376e-09, -1.4797769065256e-05, -2.78933802922041e-09, -5.35895457382013e-12, -9.3646003602243e-05, 
345, 0, -2.36685026058653e-06, -0.0495694160826839, -2.36685026058915e-06, 4.4178932282538e-07, 0.0495694160826839, -2.83751328094892e-06, 1.39215838961172e-06, -0.00874799262500625, -2.36238266459964e-06, -0.0495842144434831, -2.36238266460226e-06, 4.32409295052158e-07, 0.0495842144434831, -2.8347304897602e-06, 1.392309035659e-06, -0.00865435044210126, -4.46759601235642e-09, 1.47983607991935e-05, -4.467596012356e-09, 9.38002777953164e-09, -1.47983607991935e-05, -2.78279119334676e-09, -1.50646047679384e-10, -9.36421829050112e-05, 
345, 10, -2.30666879892425e-06, -0.0494764817389233, -2.30666879892753e-06, 4.70948653954404e-07, 0.0494764817389233, -2.88669091770806e-06, 1.28500724271223e-06, -0.00873211852951374, -2.302193976113e-06, -0.0494912927076159, -2.30219397611564e-06, 4.6154203110174e-07, 0.0494912927076159, -2.88390379659392e-06, 1.2851041914983e-06, -0.00863847522644748, -4.47482281465083e-09, 1.48109686927693e-05, -4.47482281465083e-09, 9.40662285672106e-09, -1.48109686927693e-05, -2.78712119012229e-09, -9.69487634783471e-11, -9.36433030661971e-05, 
345, 18, -2.37219577145905e-06, -0.049502986026928, -2.37219577146188e-06, 4.42881710921994e-07, 0.0495029860269281, -2.82275225966802e-06, 1.37446875024662e-06, -0.008742927216686, -2.36770672153106e-06, -0.0495178003032399, -2.36770672153367e-06, 4.3343174747832e-07, 0.0495178003032399, -2.8199812357876e-06, 1.37462033525466e-06, -0.00864930648867324, -4.48904988917865e-09, 1.48142763119366e-05, -4.48904988917844e-09, 9.44996347290344e-09, -1.48142763119366e-05, -2.77102389173612e-09, -1.51584995157373e-10, -9.36207280127457e-05, 
346, 0, -2.38981064305966e-06, -0.049501534047866, -2.38981064306206e-06, 3.1913373587895e-07, 0.049501534047866, -2.88985883561573e-06, 1.22533286913456e-06, -0.00874281060702179, -2.38483417280901e-06, -0.0495163489639266, -2.38483417281164e-06, 3.0992496456134e-07, 0.0495163489639266, -2.88710237953069e-06, 1.22562861476296e-06, -0.00864919299552631, -4.97647026036089e-09, 1.48149160604771e-05, -4.97647026035771e-09, 9.20877128591651e-09, -1.48149160604771e-05, -2.75645597843185e-09, -2.95745574564282e-10, -9.3617611495524e-05, 
346, 10, -2.32486810871356e-06, -0.0494240591344882, -2.32486810871663e-06, 3.57143602960598e-07, 0.0494240591344882, -2.93305626436229e-06, 1.09537092159128e-06, -0.00872816580874476, -2.31988483377071e-06, -0.0494388861712609, -2.31988483377334e-06, 3.47904180037947e-07, 0.0494388861712609, -2.93029507580291e-06, 1.09561842148425e-06, -0.00863454275392015, -4.98327498208009e-09, 1.48270367726847e-05, -4.98327498207649e-09, 9.23942290291149e-09, -1.48270367726847e-05, -2.76118853208785e-09, -2.47499860363329e-10, -9.36230548245593e-05, 
346, 18, -2.39212421413427e-06, -0.0494500035450365, -2.39212421413733e-06, 3.19286034645978e-07, 0.0494500035450365, -2.87016677320698e-06, 1.18733308381658e-06, -0.0087389740231087, -2.38713759886096e-06, -0.0494648316975591, -2.38713759886311e-06, 3.10001506738327e-07, 0.0494648316975591, -2.86742438617698e-06, 1.18764143849274e-06, -0.00864536580484629, -4.98661529467529e-09, 1.48281525226163e-05, -4.98661529467551e-09, 9.28452794310388e-09, -1.48281525226163e-05, -2.74238696636746e-09, -3.08354627637147e-10, -9.36082182624053e-05, 
347, 0, -2.40355935688925e-06, -0.049448957812476, -2.40355935689188e-06, 1.94978823369841e-07, 0.049448957812476, -2.92773451858339e-06, 1.03592430079128e-06, -0.00873889613805097, -2.398095793409e-06, -0.049463786619398, -2.39809579341205e-06, 1.85960530117147e-07, 0.049463786619398, -2.92501502364463e-06, 1.03637513663518e-06, -0.00864529027591138, -5.46356347585406e-09, 1.48288069219716e-05, -5.46356347584707e-09, 9.01829327466926e-09, -1.48288069219716e-05, -2.71949489372298e-09, -4.50835856743807e-10, -9.36058621395911e-05, 
347, 10, -2.33375224742827e-06, -0.0493894778152986, -2.33375224743154e-06, 2.44674535304558e-07, 0.0493894778152986, -2.96154589245088e-06, 8.94131866327148e-07, -0.00872569183442279, -2.32828477180751e-06, -0.0494043178246265, -2.32828477181033e-06, 2.35621863758236e-07, 0.0494043178246265, -2.95882003883766e-06, 8.94541815937485e-07, -0.0086320755543198, -5.46747561527563e-09, 1.48400093280823e-05, -5.46747561527563e-09, 9.05267157060061e-09, -1.48400093280823e-05, -2.72585361085032e-09, -4.09949555469442e-10, -9.36162801030224e-05, 
347, 18, -2.4029041104186e-06, -0.0494147341976794, -2.40290411042144e-06, 1.95306417971642e-07, 0.0494147341976794, -2.90128249380527e-06, 9.86521653226883e-07, -0.00873648827622728, -2.39743838819145e-06, -0.0494295726158458, -2.39743838819406e-06, 1.86216045211203e-07, 0.0494295726158458, -2.8985814849451e-06, 9.86993787384517e-07, -0.00864287869526517, -5.46572221804492e-09, 1.48384181664092e-05, -5.46572221804132e-09, 9.09037276037322e-09, -1.48384181664092e-05, -2.70100885297869e-09, -4.72134030285489e-10, -9.36095809621116e-05, 
348, 0, -2.40826932089722e-06, -0.0494141578677943, -2.40826932090028e-06, 7.08191568240801e-08, 0.0494141578677943, -2.94859922259509e-06, 8.33796472352497e-07, -0.00873645633852984, -2.4023375381744e-06, -0.0494289969288585, -2.40233753817744e-06, 6.20193907602127e-08, 0.0494289969288584, -2.94592965381793e-06, 8.34408743002929e-07, -0.00864284832786687, -5.93178271839461e-09, 1.48390610642678e-05, -5.93178271839461e-09, 8.79976608887464e-09, -1.48390610642678e-05, -2.66956873809298e-09, -6.12270564163436e-10, -9.36080106629889e-05, 
348, 10, -2.33261379138757e-06, -0.049373149590313, -2.33261379139017e-06, 1.35659781590209e-07, 0.049373149590313, -2.97527219755093e-06, 6.88136076368486e-07, -0.00872501489148519, -2.32668011442454e-06, -0.0493879989075098, -2.32668011442801e-06, 1.26844467728285e-07, 0.0493879989075098, -2.97259710043808e-06, 6.88711843199911e-07, -0.00863139082645169, -5.9336769583449e-09, 1.48493171966016e-05, -5.93367695834511e-09, 8.81531390609827e-09, -1.48493171966016e-05, -2.67509701872165e-09, -5.75766818166076e-10, -9.3624065033495e-05, 
348, 19, -2.40265409217324e-06, -0.0493979065301509, -2.40265409217586e-06, 7.509342301852e-08, 0.0493979065301509, -2.92081803825116e-06, 7.81191527714779e-07, -0.00873577991651555, -2.39673181216314e-06, -0.0494127523733486, -2.39673181216664e-06, 6.62140290885618e-08, 0.0494127523733486, -2.91817040091577e-06, 7.81830891069178e-07, -0.00864215515908988, -5.92228001719263e-09, 1.48458431976807e-05, -5.92228001718522e-09, 8.87939396113371e-09, -1.48458431976807e-05, -2.64763738802574e-09, -6.39363385193308e-10, -9.36247574256422e-05, 
349, 0, -2.4024136976878e-06, -0.0493977025014552, -2.40241369769086e-06, -5.06813337732337e-08, 0.0493977025014552, -2.95696133209341e-06, 6.2650953128116e-07, -0.00873581122561244, -2.396039733737e-06, -0.0494125488872655, -2.39603973374007e-06, -5.92466955743433e-08, 0.0494125488872655, -2.95435165331529e-06, 6.27286123453821e-07, -0.00864218710991744, -6.3739639606743e-09, 1.4846385810413e-05, -6.3739639606779e-09, 8.565361812873e-09, -1.4846385810413e-05, -2.60967867284829e-09, -7.7659230224513e-10, -9.362411569502e-05, 
349, 10, -2.32624599621793e-06, -0.0493746634687207, -2.32624599622098e-06, 2.34195625667104e-08, 0.0493746634687207, -2.98415419643684e-06, 4.83321684637332e-07, -0.00872587862606103, -2.3198661292217e-06, -0.0493895185157126, -2.31986612922474e-06, 1.48280599110802e-08, 0.0493895185157126, -2.98153324724489e-06, 4.84068795641584e-07, -0.00863223252838049, -6.37986697992493e-09, 1.48550469920878e-05, -6.37986697992471e-09, 8.59150271319815e-09, -1.48550469920878e-05, -2.62094919797902e-09, -7.47111001901902e-10, -9.36460976805353e-05, 
349, 19, -2.39659546351779e-06, -0.0493983164845651, -2.39659546351999e-06, -4.67513981006745e-08, 0.0493983164845651, -2.93510024812441e-06, 5.74769386336501e-07, -0.00873647470219129, -2.39024243661289e-06, -0.0494131654757166, -2.39024243661551e-06, -5.53940404420224e-08, 0.0494131654757166, -2.93250688029374e-06, 5.75577109662424e-07, -0.00864281931827045, -6.35302689488987e-09, 1.4848991151519e-05, -6.35302689489326e-09, 8.64264231815924e-09, -1.4848991151519e-05, -2.59336776655473e-09, -8.07723378294437e-10, -9.36553839208469e-05, 
350, 0, -2.39032004072744e-06, -0.0493985686673396, -2.39032004073003e-06, -1.71919222449931e-07, 0.0493985686673396, -2.96084325394786e-06, 4.1991768031462e-07, -0.00873654750715241, -2.38352908171833e-06, -0.049413418203636, -2.38352908172009e-06, -1.80225715634591e-07, 0.049413418203636, -2.95829639787111e-06, 4.20859242514871e-07, -0.00864289210966487, -6.79095902613415e-09, 1.48495362964583e-05, -6.79095902613754e-09, 8.30649317580113e-09, -1.48495362964583e-05, -2.54685601980474e-09, -9.41562227364899e-10, -9.36553974875515e-05, 
350, 10, -2.3177042914507e-06, -0.0493915573198891, -2.31770429145417e-06, -9.34323422674823e-08, 0.0493915573198891, -3.00167264980568e-06, 2.74816348855782e-07, -0.0087285282256281, -2.31091848780369e-06, -0.049406414747664, -2.31091848780675e-06, -1.01739021105387e-07, 0.049406414747664, -2.99911172566119e-06, 2.75731870682143e-07, -0.00863484458009465, -6.78580364554642e-09, 1.48574277748008e-05, -6.78580364554282e-09, 8.30667886671759e-09, -1.48574277748008e-05, -2.56092417295046e-09, -9.15521759826543e-10, -9.36836455334429e-05, 
350, 19, -2.38524259175679e-06, -0.0494139447811429, -2.38524259175897e-06, -1.6808543658471e-07, 0.0494139447811429, -2.95636971788728e-06, 3.67001897535589e-07, -0.00873885777843618, -2.37848956645559e-06, -0.0494287946747727, -2.37848956645737e-06, -1.76454905680179e-07, 0.0494287946747727, -2.95383242511327e-06, 3.67976901089751e-07, -0.00864515717264493, -6.75302528300743e-09, 1.48498936296432e-05, -6.75302528301082e-09, 8.36946907127024e-09, -1.48498936296432e-05, -2.53729278031712e-09, -9.75003574078218e-10, -9.37006057912623e-05, 
351, 0, -2.37295055463705e-06, -0.0494145993420275, -2.37295055464054e-06, -2.92475369640477e-07, 0.0494145993420275, -2.97198768087422e-06, 2.11145332687828e-07, -0.00873898380519711, -2.36577482873087e-06, -0.0494294498200057, -2.36577482873436e-06, -3.0048895640294e-07, 0.0494294498200057, -2.96950520570347e-06, 2.1225093923362e-07, -0.00864528261091885, -7.1757259042014e-09, 1.48504779781863e-05, -7.17572590420119e-09, 8.01358675607962e-09, -1.48504779781864e-05, -2.48247506672387e-09, -1.10560654324869e-09, -9.37011942782586e-05, 
351, 10, -2.30975860247427e-06, -0.0494218258211031, -2.30975860247733e-06, -2.21027562270166e-07, 0.0494218258211031, -3.02805267782518e-06, 7.97925078689059e-08, -0.00873247586631649, -2.30261170920053e-06, -0.0494366835622407, -2.302611709204e-06, -2.29062658681731e-07, 0.0494366835622407, -3.02554610065977e-06, 8.08735428696864e-08, -0.00863874063332737, -7.14689329761028e-09, 1.48577411375183e-05, -7.14689329761028e-09, 8.03509639752605e-09, -1.48577411375183e-05, -2.50657709714177e-09, -1.08103505018108e-09, -9.37352329891376e-05, 
351, 19, -2.37236509645544e-06, -0.0494429761466772, -2.37236509645849e-06, -2.95214724333146e-07, 0.0494429761466772, -2.98662464077223e-06, 1.72487768525879e-07, -0.00874246229195294, -2.36526310910786e-06, -0.0494578254833982, -2.36526310911092e-06, -3.03283293710237e-07, 0.0494578254833982, -2.98414246707147e-06, 1.73619303936414e-07, -0.00864870429338698, -7.10198733285669e-09, 1.4849336720959e-05, -7.10198733285648e-09, 8.06856939135682e-09, -1.4849336720959e-05, -2.48217366775583e-09, -1.1315352835506e-09, -9.37579985659607e-05, 
352, 0, -2.35389667451191e-06, -0.049443999089427, -2.35389667451453e-06, -4.19163619754725e-07, 0.049443999089427, -2.99282089503029e-06, 1.55539289929274e-08, -0.00874262257815651, -2.34638839179801e-06, -0.0494588490640223, -2.34638839180061e-06, -4.26857987009845e-07, 0.0494588490640223, -2.99040155859953e-06, 1.6812752588553e-08, -0.00864886355869776, -7.50828270962924e-09, 1.48499745953992e-05, -7.50828270962564e-09, 7.69436719975656e-09, -1.48499745953992e-05, -2.41933634837541e-09, -1.2588237236204e-09, -9.37590194587089e-05, 
352, 10, -2.29728436003827e-06, -0.0494622092092188, -2.2972843600409e-06, -3.52425169774827e-07, 0.0494622092092188, -3.0697760510726e-06, -1.16582494366049e-07, -0.00873719027052608, -2.28982615577433e-06, -0.0494770660039105, -2.28982615577738e-06, -3.60178938963875e-07, 0.0494770660039105, -3.06731790413472e-06, -1.15338907557243e-07, -0.00864339267825121, -7.45820425001191e-09, 1.48567946916846e-05, -7.45820425000513e-09, 7.75376919255898e-09, -1.48567946916846e-05, -2.45814695333489e-09, -1.24358679864911e-09, -9.37975922748586e-05, 
352, 19, -2.35399952437011e-06, -0.0494824894204629, -2.35399952437315e-06, -4.19702047430552e-07, 0.0494824894204629, -3.02809123342331e-06, -7.90452366585086e-09, -0.00874680525577843, -2.3465986759963e-06, -0.0494973374266714, -2.34659867599933e-06, -4.27482259653224e-07, 0.0494973374266714, -3.02565885406585e-06, -6.62132377885687e-09, -0.00865298139815104, -7.40084838540913e-09, 1.48480062084349e-05, -7.40084838541569e-09, 7.78021227599973e-09, -1.48480062084349e-05, -2.43237941796072e-09, -1.28319980839183e-09, -9.38238576273657e-05, 
353, 0, -2.32932535599661e-06, -0.0494838041451472, -2.32932535599923e-06, -5.42579668419824e-07, 0.0494838041451472, -3.02559480986754e-06, -1.66731705331927e-07, -0.00874698656762977, -2.32153365858864e-06, -0.0494986528591999, -2.32153365859126e-06, -5.49966171838969e-07, 0.0494986528591999, -3.02323361479176e-06, -1.65325059789666e-07, -0.00865316141459383, -7.79169742221734e-09, 1.48487140527577e-05, -7.79169742221734e-09, 7.38650340821846e-09, -1.48487140527577e-05, -2.36119509168961e-09, -1.40664565988934e-09, -9.38251530359435e-05, 
353, 10, -2.27440186005109e-06, -0.0495098295568127, -2.274401860055e-06, -4.72727544252359e-07, 0.0495098295568127, -3.12095272086948e-06, -3.18036708805184e-07, -0.00874249184674793, -2.26663049451462e-06, -0.0495246851476283, -2.26663049451764e-06, -4.80065928268754e-07, 0.0495246851476283, -3.1185687798318e-06, -3.16650070247394e-07, -0.00864862449205605, -7.77136550535192e-09, 1.48555908157845e-05, -7.77136550535171e-09, 7.33838403518058e-09, -1.48555908157845e-05, -2.38394102486088e-09, -1.38663850024743e-09, -9.38673546918779e-05, 
353, 19, -2.32608677374658e-06, -0.0495298535209817, -2.32608677374964e-06, -5.30910164609878e-07, 0.0495298535209816, -3.079463146461e-06, -1.84262617585563e-07, -0.00875180445492818, -2.31843239834105e-06, -0.0495447006918933, -2.31843239834369e-06, -5.38368220253655e-07, 0.0495447006918933, -3.07708061989255e-06, -1.82834925127252e-07, -0.00865790940877795, -7.65437540524034e-09, 1.48471709113849e-05, -7.65437540523674e-09, 7.45805569444506e-09, -1.48471709113849e-05, -2.38252649355009e-09, -1.42769251210571e-09, -9.38950461502577e-05, 
354, 0, -2.29580576198091e-06, -0.0495314077640083, -2.29580576198395e-06, -6.51836237653591e-07, 0.0495314077640083, -3.06827998619891e-06, -3.45473584581136e-07, -0.00875200472257202, -2.28777873809537e-06, -0.0495462557314892, -2.28777873809799e-06, -6.58887650196771e-07, 0.0495462557314892, -3.06597562690326e-06, -3.43925527784307e-07, -0.00865810824370974, -8.02702386993368e-09, 1.48479674808135e-05, -8.02702386992712e-09, 7.05141252328234e-09, -1.48479674808135e-05, -2.30435932533621e-09, -1.54805669258157e-09, -9.3896478862279e-05, 
354, 10, -2.24299725238194e-06, -0.0495587481690303, -2.24299725238454e-06, -5.72910609124149e-07, 0.0495587481690303, -3.17089698655549e-06, -4.92779711316161e-07, -0.00874761827297438, -2.23498551933106e-06, -0.0495736041575072, -2.23498551933365e-06, -5.7979173788418e-07, 0.0495736041575072, -3.16858073250713e-06, -4.91270783893976e-07, -0.00865367620191108, -8.0117330469716e-09, 1.4855988476645e-05, -8.0117330469716e-09, 6.88112875042202e-09, -1.4855988476645e-05, -2.31625407838297e-09, -1.50892741452845e-09, -9.39420710632781e-05, 
354, 19, -2.29275048546728e-06, -0.0495793425746283, -2.29275048547034e-06, -6.35400850703381e-07, 0.0495793425746283, -3.13684744157982e-06, -3.54032800916912e-07, -0.00875695937815357, -2.28489799874387e-06, -0.0495941911324099, -2.2848979987465e-06, -6.42503813960249e-07, 0.0495941911324099, -3.1345172051896e-06, -3.52473252302009e-07, -0.00866299034606286, -7.85248671873255e-09, 1.48485577816028e-05, -7.85248671873594e-09, 7.10296325438746e-09, -1.48485577816028e-05, -2.33023641311325e-09, -1.55954861052457e-09, -9.39690320907081e-05, 
355, 0, -2.2573426089541e-06, -0.0495809791772138, -2.25734260895801e-06, -7.54577648350593e-07, 0.0495809791772138, -3.1172176161091e-06, -5.17619684891008e-07, -0.0087571640176604, -2.24913800150203e-06, -0.0495958286161399, -2.24913800150464e-06, -7.61270938405412e-07, 0.0495958286161399, -3.11497117518319e-06, -5.15941807533813e-07, -0.00866319355797326, -8.20460744697483e-09, 1.48494389260141e-05, -8.20460744697165e-09, 6.69329001693273e-09, -1.48494389260141e-05, -2.24644094073368e-09, -1.67787739495856e-09, -9.39704596871584e-05, 
355, 10, -2.20890217653783e-06, -0.049605090952439, -2.20890217654131e-06, -6.6845375842435e-07, 0.049605090952439, -3.22105755163339e-06, -6.49477231504983e-07, -0.00875149825368474, -2.20074270326589e-06, -0.04961994973094, -2.20074270326939e-06, -6.75042745548352e-07, 0.04961994973094, -3.21878554184258e-06, -6.47831485013804e-07, -0.00865748039642145, -8.15947327146528e-09, 1.48587785009441e-05, -8.15947327146507e-09, 6.58898712988166e-09, -1.48587785009441e-05, -2.27200978153591e-09, -1.64574642429307e-09, -9.40178572632582e-05, 
355, 19, -2.25741396463781e-06, -0.0496269316289821, -2.25741396464044e-06, -7.41581424876391e-07, 0.0496269316289821, -3.19608462839917e-06, -5.11883555460372e-07, -0.00876134590828737, -2.24940721398521e-06, -0.0496417836043289, -2.24940721398781e-06, -7.48295960888715e-07, 0.0496417836043289, -3.19380675740867e-06, -5.10206080285594e-07, -0.00866730432530506, -8.0067506741094e-09, 1.48519753469064e-05, -8.0067506741094e-09, 6.71453599386224e-09, -1.48519753469064e-05, -2.27787098619541e-09, -1.67747525858955e-09, -9.40415829822936e-05, 
356, 0, -2.21677394304874e-06, -0.0496285426352102, -2.21677394305136e-06, -8.59190221600018e-07, 0.0496285426352102, -3.16860658126625e-06, -6.78068917801582e-07, -0.00876153385083269, -2.20843737555608e-06, -0.0496433955667433, -2.20843737555873e-06, -8.65493254570569e-07, 0.0496433955667433, -3.16641738576782e-06, -6.76274629212966e-07, -0.00866749099845458, -8.33656748416338e-09, 1.48529315334613e-05, -8.33656748416338e-09, 6.30303294056278e-09, -1.48529315334613e-05, -2.1891954222312e-09, -1.79428866384632e-09, -9.40428523780859e-05, 
356, 10, -2.17228785445643e-06, -0.0496524930899634, -2.17228785445904e-06, -7.73691226327847e-07, 0.0496524930899634, -3.26814357127786e-06, -8.23902473716194e-07, -0.00875458840292212, -2.16398510938577e-06, -0.04966735520522, -2.16398510938882e-06, -7.80006594642154e-07, 0.04966735520522, -3.26590992922233e-06, -8.22114148653128e-07, -0.00866049989045188, -8.30274509415029e-09, 1.48621152565605e-05, -8.30274509415367e-09, 6.31536830465633e-09, -1.48621152565605e-05, -2.23364208986949e-09, -1.78832497830085e-09, -9.40885124702325e-05, 
356, 19, -2.21996947732081e-06, -0.0496754278663568, -2.21996947732302e-06, -8.54288446364641e-07, 0.0496754278663568, -3.25046750064292e-06, -6.68081331843448e-07, -0.0087650428996153, -2.21184528198986e-06, -0.0496902826534479, -2.21184528199292e-06, -8.60660560714278e-07, 0.0496902826534479, -3.24824444753207e-06, -6.66282610911118e-07, -0.00867093584980362, -8.12419534026149e-09, 1.48547870910377e-05, -8.12419534026509e-09, 6.37211434442328e-09, -1.48547870910377e-05, -2.2230531399562e-09, -1.79872096312685e-09, -9.41070498117196e-05, 
357, 0, -2.17363594383717e-06, -0.0496771031472443, -2.17363594384021e-06, -9.70156661263446e-07, 0.0496771031472443, -3.2149793133088e-06, -8.36824054470409e-07, -0.00876522231458399, -2.16519926007556e-06, -0.0496919589321272, -2.16519926007861e-06, -9.76109849963856e-07, 0.0496919589321272, -3.21285140463943e-06, -8.34911760259193e-07, -0.00867111429002252, -8.4366837742193e-09, 1.48557848828302e-05, -8.4366837742157e-09, 5.95318869675654e-09, -1.48557848828302e-05, -2.12790863309419e-09, -1.91229420772424e-09, -9.41080245614748e-05, 
357, 10, -2.13330030326229e-06, -0.0497070388253182, -2.13330030326579e-06, -8.92410114484919e-07, 0.0497070388253182, -3.29657506781811e-06, -1.00169700057212e-06, -0.00875835406355566, -2.12488328529749e-06, -0.0497219020110659, -2.12488328530053e-06, -8.98410755071385e-07, 0.0497219020110659, -3.29440190858965e-06, -9.99781642676964e-07, -0.00866420507056786, -8.41701794849978e-09, 1.48631857477706e-05, -8.41701794850296e-09, 6.00064056320812e-09, -1.48631857477706e-05, -2.17315928127206e-09, -1.91535775646105e-09, -9.41489929878099e-05, 
357, 19, -2.17756622791573e-06, -0.049730172894732, -2.17756622791792e-06, -9.71489844976037e-07, 0.049730172894732, -3.28608835583202e-06, -8.26535086379387e-07, -0.00876913992042973, -2.16933642181067e-06, -0.0497450268552255, -2.1693364218133e-06, -9.77493698136262e-07, 0.0497450268552255, -3.28393337077048e-06, -8.2462750530111e-07, -0.00867497901835934, -8.22980611127954e-09, 1.48539604935553e-05, -8.22980611127636e-09, 6.00385317515505e-09, -1.48539604935553e-05, -2.15498504127504e-09, -1.90758114136417e-09, -9.41609020703932e-05, 
358, 0, -2.12512250071984e-06, -0.0497320471422768, -2.12512250072288e-06, -1.08524112251309e-06, 0.0497320471422768, -3.242049979846e-06, -9.97096487958187e-07, -0.00876934070486523, -2.11660003514972e-06, -0.0497469020635458, -2.11660003515232e-06, -1.09082433240481e-06, 0.0497469020635458, -3.23999545499905e-06, -9.95078471408491e-07, -0.00867517927602865, -8.522465554516e-09, 1.48549212690091e-05, -8.522465554516e-09, 5.58320989869506e-09, -1.48549212690091e-05, -2.05452479502502e-09, -2.01801664324488e-09, -9.41614288365731e-05, 
358, 10, -2.08788972302491e-06, -0.0497699671053985, -2.08788972302799e-06, -1.00893646586449e-06, 0.0497699671053985, -3.29394636330765e-06, -1.16435054131289e-06, -0.00876320052575757, -2.07940465131131e-06, -0.0497848271262213, -2.07940465131436e-06, -1.01461673196271e-06, 0.0497848271262213, -3.29184052416017e-06, -1.16232132238659e-06, -0.00866900445220092, -8.48507171026557e-09, 1.48600208230318e-05, -8.48507171026197e-09, 5.68026604006015e-09, -1.48600208230318e-05, -2.10583919396922e-09, -2.02921893579245e-09, -9.41960735566806e-05, 
358, 19, -2.12727012096902e-06, -0.0497927434944591, -2.12727012097248e-06, -1.08943087460822e-06, 0.0497927434944591, -3.2917794289282e-06, -9.91486322529888e-07, -0.00877410528456029, -2.11895091526462e-06, -0.0498075912434534, -2.11895091526769e-06, -1.09509457588065e-06, 0.0498075912434534, -3.28970142655293e-06, -9.89472783921403e-07, -0.00867990501885859, -8.31920571428086e-09, 1.48477489941476e-05, -8.31920571428424e-09, 5.66370127213539e-09, -1.48477489941476e-05, -2.07800243725953e-09, -2.01353870447382e-09, -9.42002657017303e-05, 
359, 0, -2.06853627671298e-06, -0.0497948139377459, -2.06853627671558e-06, -1.20058703190704e-06, 0.0497948139377459, -3.23856621957176e-06, -1.16255675878289e-06, -0.00877432987011405, -2.05994121101217e-06, -0.0498096625541971, -2.05994121101565e-06, -1.20582533947405e-06, 0.0498096625541971, -3.23659455402372e-06, -1.16043698723333e-06, -0.00868012960814166, -8.59506569097405e-09, 1.48486164510591e-05, -8.59506569097405e-09, 5.23830758669606e-09, -1.48486164510591e-05, -1.9716655642783e-09, -2.11977170564456e-09, -9.42002619723534e-05, 
359, 10, -2.03447213156954e-06, -0.0498401533044751, -2.03447213157215e-06, -1.12878181280288e-06, 0.0498401533044751, -3.26059794675768e-06, -1.3343506219931e-06, -0.00876757306867, -2.02591357529582e-06, -0.0498550037850941, -2.02591357529885e-06, -1.13411395089283e-06, 0.0498550037850941, -3.25858702308501e-06, -1.33221244524215e-06, -0.00867334606518498, -8.55855628889666e-09, 1.4850480618879e-05, -8.55855628889687e-09, 5.33213806368659e-09, -1.4850480618879e-05, -2.0109236941712e-09, -2.13817679520503e-09, -9.42270034850149e-05, 
359, 18, -2.06751694664128e-06, -0.049862145239953, -2.0675169466439e-06, -1.21293351244827e-06, 0.049862145239953, -3.26117688620943e-06, -1.16703434592958e-06, -0.00877844665765717, -2.05908852455076e-06, -0.0498769777334765, -2.05908852455382e-06, -1.21823581046395e-06, 0.0498769777334765, -3.25919700842992e-06, -1.16491411810727e-06, -0.00868422355557129, -8.42842208803167e-09, 1.48324935236128e-05, -8.4284220880251e-09, 5.30229800686528e-09, -1.48324935236128e-05, -1.9798777714738e-09, -2.12022795727433e-09, -9.42231020859018e-05, 
360, 0, -2.00262577429944e-06, -0.0498644760337915, -2.00262577430334e-06, -1.31916309759141e-06, 0.0498644760337915, -3.19928433720788e-06, -1.33785048932538e-06, -0.0087786443637042, -1.99393950581383e-06, -0.0498793092738604, -1.99393950581688e-06, -1.3240344169551e-06, 0.0498793092738604, -3.19741769279566e-06, -1.33563290686791e-06, -0.00868442199456945, -8.68626851034622e-09, 1.48332400689498e-05, -8.68626851034622e-09, 4.87131940491948e-09, -1.48332400689498e-05, -1.86664437026437e-09, -2.21758242256825e-09, -9.42223691347497e-05, 
360, 10, -1.97424993314896e-06, -0.0499118144849044, -1.97424993315114e-06, -1.24884331960923e-06, 0.0499118144849044, -3.19860953548215e-06, -1.50868630704406e-06, -0.00877310615090524, -1.96561487050076e-06, -0.0499266488770343, -1.96561487050337e-06, -1.25378254644755e-06, 0.0499266488770343, -3.196703653894e-06, -1.50645703573988e-06, -0.00867886312444869, -8.63506267225403e-09, 1.48343921301281e-05, -8.63506267225393e-09, 4.93922687053715e-09, -1.48343921301281e-05, -1.90588167436755e-09, -2.22927147467632e-09, -9.4243026456557e-05, 
360, 18, -1.99920542986712e-06, -0.0499339811188402, -1.99920542987016e-06, -1.3310370838468e-06, 0.0499339811188402, -3.20340044293777e-06, -1.35114005158229e-06, -0.00878410327229796, -1.99067683078805e-06, -0.0499487959302718, -1.99067683079152e-06, -1.33597309429802e-06, 0.0499487959302718, -3.20152518696262e-06, -1.34891819166347e-06, -0.00868987026871389, -8.52859906242103e-09, 1.48148114317318e-05, -8.52859906242092e-09, 4.93601047444972e-09, -1.48148114317318e-05, -1.87525592528537e-09, -2.22185999996445e-09, -9.42330035840694e-05, 
361, 0, -1.92802967073654e-06, -0.0499362983178484, -1.92802967073959e-06, -1.43320951754452e-06, 0.0499362983178483, -3.13129177247747e-06, -1.51892808142401e-06, -0.00878433528656376, -1.91926002124816e-06, -0.0499511138081262, -1.91926002125162e-06, -1.43771059294925e-06, 0.0499511138081262, -3.12953501247024e-06, -1.51661377676257e-06, -0.00869010355815482, -8.769649489772e-09, 1.48154902779314e-05, -8.76964948976522e-09, 4.50107537817384e-09, -1.48154902779314e-05, -1.75676005301076e-09, -2.31430485925124e-09, -9.42317284089383e-05, 
361, 10, -1.90482757430343e-06, -0.0499798973428431, -1.90482757430648e-06, -1.36985891465457e-06, 0.0499798973428431, -3.10936260232839e-06, -1.68942605288329e-06, -0.00877944635265353, -1.89612534432456e-06, -0.0499947147001865, -1.89612534432718e-06, -1.37440727957911e-06, 0.0499947147001865, -3.10756865979467e-06, -1.68709982190003e-06, -0.00868519892734472, -8.7022300092324e-09, 1.48173573433288e-05, -8.70223000922563e-09, 4.54836486750897e-09, -1.48173573433288e-05, -1.7939426191392e-09, -2.3262310071213e-09, -9.42474253087862e-05, 
361, 18, -1.92141161900935e-06, -0.0500027378359685, -1.92141161901239e-06, -1.45256498412944e-06, 0.0500027378359685, -3.11788456414693e-06, -1.54569800137721e-06, -0.0087906667724247, -1.91276831300679e-06, -0.050017537800688, -1.91276831300982e-06, -1.45714475721589e-06, 0.050017537800688, -3.11612488937372e-06, -1.54336972455306e-06, -0.00869643318863922, -8.64330600491676e-09, 1.47999647192889e-05, -8.64330600491337e-09, 4.57977313776099e-09, -1.47999647192889e-05, -1.75967475958484e-09, -2.32827688301388e-09, -9.4233583785451e-05, 
362, 0, -1.84367754528802e-06, -0.0500049060760398, -1.84367754529107e-06, -1.55047308772899e-06, 0.0500049060760398, -3.03501058041785e-06, -1.70853144035897e-06, -0.0087908962142419, -1.83480875620976e-06, -0.0500197067827284, -1.83480875621326e-06, -1.55460740374131e-06, 0.0500197067827284, -3.03337535301597e-06, -1.7061166789099e-06, -0.00869666429738571, -8.86878910854638e-09, 1.48007066886055e-05, -8.8687891085431e-09, 4.134315998393e-09, -1.48007066886055e-05, -1.63522740894772e-09, -2.41476144172816e-09, -9.42319168561981e-05, 
362, 10, -1.8278320001399e-06, -0.0500262485674054, -1.82783200014252e-06, -1.4859265995165e-06, 0.0500262485674054, -2.99397813957525e-06, -1.86335237767676e-06, -0.00878299607255094, -1.81901711394097e-06, -0.0500410519815124, -1.81901711394357e-06, -1.48997221141619e-06, 0.0500410519815124, -2.99231158397521e-06, -1.86096449748401e-06, -0.00868875666807161, -8.81488617276794e-09, 1.48034141069182e-05, -8.81488617277123e-09, 4.04561190507346e-09, -1.48034141069182e-05, -1.6665556050342e-09, -2.38788022055068e-09, -9.42394044792847e-05, 
362, 18, -1.83621760761412e-06, -0.0500495852898595, -1.8362176076163e-06, -1.5734260963314e-06, 0.0500495852898595, -3.00742543024686e-06, -1.72988426713919e-06, -0.00879446965706725, -1.82742632565656e-06, -0.0500643728197723, -1.82742632565919e-06, -1.57760599083624e-06, 0.0500643728197723, -3.00579629754635e-06, -1.72745798641406e-06, -0.00870025025376711, -8.79128195669293e-09, 1.47875299128095e-05, -8.79128195669283e-09, 4.17989451014204e-09, -1.47875299128095e-05, -1.62913270741719e-09, -2.42628062319644e-09, -9.42194033001293e-05, 
363, 0, -1.75197720556849e-06, -0.0500508935038978, -1.75197720557112e-06, -1.6666331538435e-06, 0.0500508935038978, -2.91434202353082e-06, -1.88612138345074e-06, -0.00879459830355389, -1.74297891833635e-06, -0.050065681795509, -1.74297891833897e-06, -1.67035625344605e-06, 0.050065681795509, -2.91284249163726e-06, -1.88361467889481e-06, -0.00870038117313099, -8.99828723063166e-09, 1.47882916111515e-05, -8.99828723063505e-09, 3.72309963240985e-09, -1.47882916111515e-05, -1.49953191724562e-09, -2.50670458794485e-09, -9.42171304229322e-05, 
363, 10, -1.7474036083251e-06, -0.0500664535875732, -1.7474036083286e-06, -1.57223874992413e-06, 0.0500664535875732, -2.85899801601117e-06, -2.00826986789417e-06, -0.00878358113558734, -1.73843137137046e-06, -0.0500812408196019, -1.7384313713735e-06, -1.57583355957061e-06, 0.0500812408196019, -2.8574666021084e-06, -2.00579505326419e-06, -0.00868936665666249, -8.97223695206639e-09, 1.47872320285368e-05, -8.97223695206988e-09, 3.59480964248027e-09, -1.47872320285368e-05, -1.53141388605846e-09, -2.47481472594696e-09, -9.42144789248145e-05, 
363, 18, -1.74395021127271e-06, -0.050089593036155, -1.74395021127532e-06, -1.6786632051418e-06, 0.050089593036155, -2.87228691029719e-06, -1.90321735695483e-06, -0.00879498536021394, -1.73497782602193e-06, -0.0501043613570678, -1.73497782602498e-06, -1.68240108139998e-06, 0.0501043613570678, -2.87079947837624e-06, -1.90069233798979e-06, -0.00870079882007663, -8.97238525889277e-09, 1.47683209126654e-05, -8.97238525889605e-09, 3.73787628296212e-09, -1.47683209126654e-05, -1.48743193361499e-09, -2.52501897794241e-09, -9.41865401373209e-05, 
364, 0, -1.65400404567597e-06, -0.0500907967676954, -1.65400404567902e-06, -1.76642651587649e-06, 0.0500907967676954, -2.7695375496688e-06, -2.05165135595581e-06, -0.00879502305325526, -1.64484667856207e-06, -0.0501055656209609, -1.6448466785636e-06, -1.76969207076286e-06, 0.0501055656209609, -2.76818489316334e-06, -2.04905373298381e-06, -0.00870083956027002, -9.15736707764317e-09, 1.47688532655909e-05, -9.15736707764328e-09, 3.26555487730628e-09, -1.47688532655909e-05, -1.3526564520265e-09, -2.59762290521565e-09, -9.41834929852544e-05, 
364, 10, -1.65843640243324e-06, -0.0501066038865706, -1.65843640243584e-06, -1.66354101061934e-06, 0.0501066038865706, -2.70525723539821e-06, -2.14524053321711e-06, -0.00878514214210824, -1.64925237265974e-06, -0.0501213686112979, -1.64925237266236e-06, -1.66674653024719e-06, 0.0501213686112979, -2.70386493584727e-06, -2.14266262588879e-06, -0.0086909676377653, -9.18402975677019e-09, 1.47647247270559e-05, -9.18402975677009e-09, 3.20551960864245e-09, -1.47647247270559e-05, -1.39229954779547e-09, -2.5779073274391e-09, -9.41745043429311e-05, 
364, 18, -1.64501575543199e-06, -0.0501293744889033, -1.64501575543506e-06, -1.77164010077197e-06, 0.0501293744889033, -2.71532556349836e-06, -2.0701386660335e-06, -0.00879612287354074, -1.63584685841816e-06, -0.0501441187834017, -1.63584685842121e-06, -1.77488611882335e-06, 0.0501441187834017, -2.71398864248389e-06, -2.06752201457061e-06, -0.00870198262993007, -9.1688970100672e-09, 1.474429449833e-05, -9.16889701007398e-09, 3.24601805921543e-09, -1.474429449833e-05, -1.33692104266926e-09, -2.61665145328933e-09, -9.41402436107263e-05, 
365, 0, -1.54998611754125e-06, -0.0501306061250173, -1.54998611754343e-06, -1.85364401887072e-06, 0.0501306061250173, -2.60331496988353e-06, -2.20939659621747e-06, -0.00879619285507496, -1.54065610593126e-06, -0.0501453506884172, -1.54065610593516e-06, -1.8564013902193e-06, 0.0501453506884172, -2.60211767759415e-06, -2.20671584623293e-06, -0.00870205634129558, -9.33001161995131e-09, 1.47445633999138e-05, -9.33001161995798e-09, 2.75737138098886e-09, -1.47445633999138e-05, -1.19729229221151e-09, -2.68074999614883e-09, -9.41365137794127e-05, 
365, 10, -1.5564953457966e-06, -0.0501370711179532, -1.55649534579943e-06, -1.76764795512388e-06, 0.0501370711179532, -2.53024353065504e-06, -2.30184814143501e-06, -0.00878680198087982, -1.54715605488365e-06, -0.0501518098349023, -1.54715605488649e-06, -1.77032661640925e-06, 0.0501518098349022, -2.52900362505478e-06, -2.29918996411073e-06, -0.00869267798899304, -9.33929096018004e-09, 1.47387169489491e-05, -9.33929096017348e-09, 2.67866126767685e-09, -1.47387169489491e-05, -1.23990551091972e-09, -2.65817731844091e-09, -9.41239918868064e-05, 
365, 18, -1.53944024745313e-06, -0.0501598136595392, -1.53944024745576e-06, -1.86377256613129e-06, 0.0501598136595392, -2.54399903164908e-06, -2.23422070209033e-06, -0.00879743298398576, -1.53006430314827e-06, -0.0501745322197372, -1.53006430315065e-06, -1.86646574238832e-06, 0.0501745322197372, -2.54281949436913e-06, -2.23152144117923e-06, -0.00870334800912892, -9.37594427770985e-09, 1.47185601982577e-05, -9.37594427770996e-09, 2.6931762163968e-09, -1.47185601982577e-05, -1.17953722762641e-09, -2.69926105148375e-09, -9.40849748568465e-05, 
366, 0, -1.43936628334701e-06, -0.0501606847046989, -1.43936628335007e-06, -1.93996705957351e-06, 0.0501606847046989, -2.42296038630667e-06, -2.36405036879741e-06, -0.00879748455916837, -1.4298567950938e-06, -0.0501754033250513, -1.42985679509665e-06, -1.94216020133118e-06, 0.0501754033250513, -2.42192449167064e-06, -2.36129487585363e-06, -0.00870340389184043, -9.50948824848494e-09, 1.47186203521202e-05, -9.50948824848166e-09, 2.19314177611925e-09, -1.47186203521202e-05, -1.03589469058953e-09, -2.75549281189874e-09, -9.40806673279488e-05, 
366, 10, -1.44444379823489e-06, -0.0501483143030537, -1.44444379823796e-06, -1.87517729869851e-06, 0.0501483143030537, -2.34900175581976e-06, -2.45838467751048e-06, -0.0087871621587339, -1.43492792886341e-06, -0.0501630282360815, -1.43492792886603e-06, -1.8773181312302e-06, 0.0501630282360815, -2.34792210026599e-06, -2.45564327617079e-06, -0.00869309523918422, -9.5158693547054e-09, 1.47139330279502e-05, -9.5158693547018e-09, 2.14083253417944e-09, -1.47139330279502e-05, -1.07965553808697e-09, -2.74140145270609e-09, -9.40669195496777e-05, 
366, 18, -1.42780181211506e-06, -0.050171681452336, -1.42780181211853e-06, -1.95788463135964e-06, 0.050171681452336, -2.37241470653588e-06, -2.38714539763315e-06, -0.00879768260441633, -1.41821926467851e-06, -0.0501863782751764, -1.41821926468155e-06, -1.95998841858196e-06, 0.0501863782751764, -2.37139644827062e-06, -2.38437032102242e-06, -0.00870365779177893, -9.58254746016031e-09, 1.46968228402608e-05, -9.58254746015015e-09, 2.10378722097695e-09, -1.46968228402608e-05, -1.01825826539193e-09, -2.77507649968915e-09, -9.40248126373916e-05, 
367, 0, -1.32270299564707e-06, -0.0501719887607473, -1.32270299564927e-06, -2.02798899207406e-06, 0.0501719887607473, -2.24346502572365e-06, -2.50723229133635e-06, -0.00879768327033576, -1.31301696091607e-06, -0.0501866855792236, -1.31301696091849e-06, -2.02958103033166e-06, 0.0501866855792236, -2.24259403536468e-06, -2.5044094056925e-06, -0.00870366318659173, -9.68603471670203e-09, 1.46968184760548e-05, -9.68603471670246e-09, 1.59203827300216e-09, -1.46968184760548e-05, -8.70990346571697e-10, -2.82288551937596e-09, -9.40200837440438e-05, 
367, 10, -1.33425191253264e-06, -0.0501359697321928, -1.33425191253592e-06, -1.96518134066777e-06, 0.0501359697321928, -2.18299539536803e-06, -2.58779950966815e-06, -0.0087851719977882, -1.32455486294678e-06, -0.0501506640477632, -1.32455486294961e-06, -1.96673242888234e-06, 0.0501506640477632, -2.18208014636976e-06, -2.58498220655777e-06, -0.00869116565191889, -9.69704957755692e-09, 1.46943155704166e-05, -9.6970495775603e-09, 1.55108821186596e-09, -1.46943155704166e-05, -9.15248980618135e-10, -2.81730304576036e-09, -9.40063458693448e-05, 
367, 18, -1.31860327057321e-06, -0.0501601339678295, -1.31860327057627e-06, -2.0384621340344e-06, 0.0501601339678295, -2.21787455709236e-06, -2.51147727507906e-06, -0.00879573064052985, -1.30881778508359e-06, -0.050174815373752, -1.30881778508642e-06, -2.039963126545e-06, 0.050174815373752, -2.2170143863219e-06, -2.50863698068468e-06, -0.00870176852091188, -9.78548550614155e-09, 1.46814059225004e-05, -9.78548550614155e-09, 1.50099251752147e-09, -1.46814059225004e-05, -8.60170832925642e-10, -2.8402943682337e-09, -9.39621196179918e-05, 
368, 0, -1.20968057096514e-06, -0.0501597946977642, -1.20968057096819e-06, -2.10198816069465e-06, 0.0501597946977642, -2.08311523754895e-06, -2.62218148030759e-06, -0.00879565629903506, -1.19982366146084e-06, -0.0501744761213677, -1.19982366146367e-06, -2.10296542955878e-06, 0.0501744761213677, -2.08240487038726e-06, -2.61930270367404e-06, -0.00870169922290314, -9.8569094728402e-09, 1.46814236038251e-05, -9.85690947284009e-09, 9.77268845757158e-10, -1.46814236038251e-05, -7.10367091280999e-10, -2.8787765874227e-09, -9.39570761319385e-05, 
368, 10, -1.23045499818781e-06, -0.0500996589937043, -1.23045499819042e-06, -2.03627486248957e-06, 0.0500996589937043, -2.03613642134144e-06, -2.69458319802822e-06, -0.00878119614433357, -1.22057122630297e-06, -0.0501143408396675, -1.22057122630581e-06, -2.03722070950939e-06, 0.0501143408396674, -2.03537368250474e-06, -2.69170271140485e-06, -0.00868725198758588, -9.88377186315188e-09, 1.46818459631588e-05, -9.88377186315188e-09, 9.45847015992282e-10, -1.46818459631588e-05, -7.62738872348888e-10, -2.88048671014025e-09, -9.39441567477481e-05, 
368, 18, -1.21415016792161e-06, -0.0501247432162882, -1.21415016792489e-06, -2.10475264736706e-06, 0.0501247432162882, -2.07846242874299e-06, -2.62076621604593e-06, -0.00879186591648082, -1.2041779366347e-06, -0.0501394169731535, -1.2041779366371e-06, -2.10564445569203e-06, 0.0501394169731535, -2.07775071415598e-06, -2.61786927807068e-06, -0.00869796712245677, -9.97223125733556e-09, 1.46737568653137e-05, -9.97223125733916e-09, 8.9180834164028e-10, -1.46737568653137e-05, -7.11714567294683e-10, -2.89693801162953e-09, -9.38987940240231e-05, 
369, 0, -1.10225404782175e-06, -0.0501237939296757, -1.1022540478248e-06, -2.16213578972439e-06, 0.0501237939296757, -1.93846109430075e-06, -2.72367221819663e-06, -0.00879173954194211, -1.09224353292396e-06, -0.0501384677902114, -1.09224353292659e-06, -2.16249672364096e-06, 0.0501384677902114, -1.93790171042055e-06, -2.72074416870182e-06, -0.0086978459940326, -1.00105149071476e-08, 1.46738605358089e-05, -1.00105149071561e-08, 3.60933934988848e-10, -1.46738605358089e-05, -5.59383858642166e-10, -2.92804956335561e-09, -9.3893547909539e-05, 
369, 10, -1.12878027391862e-06, -0.0500426392032886, -1.12878027392147e-06, -2.09830945452432e-06, 0.0500426392032886, -1.89916091766744e-06, -2.79454290598123e-06, -0.00877559099942017, -1.11874422624083e-06, -0.0500573167284233, -1.1187442262428e-06, -2.09864583857796e-06, 0.0500573167284233, -1.89855061012595e-06, -2.79160800705592e-06, -0.00868170911191243, -1.00360476835367e-08, 1.46775251349114e-05, -1.00360476835349e-08, 3.36384036139691e-10, -1.46775251349114e-05, -6.10307558174064e-10, -2.9348989004623e-09, -9.3881887507707e-05, 
369, 18, -1.11123490806273e-06, -0.0500685745855168, -1.11123490806536e-06, -2.16461306820442e-06, 0.0500685745855168, -1.94816796060222e-06, -2.72399238818796e-06, -0.00878638504807939, -1.10110510104064e-06, -0.0500832486664633, -1.10110510104239e-06, -2.16487803556278e-06, 0.0500832486664633, -1.94760755608381e-06, -2.72105039120065e-06, -0.00869254862440471, -1.01298070383722e-08, 1.46740809466744e-05, -1.01298070383704e-08, 2.64967375079963e-10, -1.46740809466744e-05, -5.60404445956103e-10, -2.94199699384642e-09, -9.38364236746572e-05, 
370, 0, -9.96564526472619e-07, -0.0500671306570161, -9.96564526475239e-07, -2.21637042197404e-06, 0.0500671306570161, -1.80311983868271e-06, -2.8199481024261e-06, -0.00878621637683006, -9.86430038767956e-07, -0.0500818049592651, -9.86430038770999e-07, -2.21609839550552e-06, 0.0500818049592651, -1.80271342612526e-06, -2.81698316577825e-06, -0.00869238528596952, -1.01344877076019e-08, 1.46743022493126e-05, -1.01344877076019e-08, -2.72026446761093e-10, -1.46743022493126e-05, -4.06412535642666e-10, -2.96493652703846e-09, -9.3831090860532e-05, 
370, 10, -1.02265011442801e-06, -0.0499686545219132, -1.02265011443151e-06, -2.15936001697728e-06, 0.0499686545219132, -1.77147504395595e-06, -2.88279662902535e-06, -0.00876922164345036, -1.01248771968255e-06, -0.0499833360984722, -1.01248771968581e-06, -2.15905577322663e-06, 0.0499833360984722, -1.77101605446132e-06, -2.87982675997463e-06, -0.00867540036897365, -1.01623947613848e-08, 1.46815765589011e-05, -1.01623947613917e-08, -3.04243803054618e-10, -1.4681576558901e-05, -4.5898955883638e-10, -2.96986885535373e-09, -9.38212744767118e-05, 
370, 18, -1.00347701987164e-06, -0.0499952867738916, -1.00347701987512e-06, -2.22480668485354e-06, 0.0499952867738916, -1.82632606582533e-06, -2.81552168480722e-06, -0.00878012014031433, -9.9322770360154e-07, -0.0500099696060576, -9.93227703605231e-07, -2.22444095846953e-06, 0.0500099696060576, -1.82590846088682e-06, -2.81254462533353e-06, -0.00868634305526766, -1.0249316270527e-08, 1.46828321658444e-05, -1.02493162705201e-08, -3.65726365185432e-10, -1.46828321658444e-05, -4.17604878720227e-10, -2.97705950945e-09, -9.37770850466245e-05, 
371, 0, -8.85868789019367e-07, -0.0499934479093673, -8.85868789022423e-07, -2.27098390298245e-06, 0.0499934479093673, -1.67704025446495e-06, -2.90488190242032e-06, -0.0087799374966007, -8.75647814641216e-07, -0.0500081311367272, -8.75647814644692e-07, -2.27007493169172e-06, 0.0500081311367272, -1.67677791500302e-06, -2.90189019439546e-06, -0.00868616568056198, -1.02209743982931e-08, 1.46832273599765e-05, -1.0220974398295e-08, -9.08971262512421e-10, -1.46832273599765e-05, -2.62339427599136e-10, -2.99170801482264e-09, -9.37718160386785e-05, 
371, 10, -9.18737311845612e-07, -0.0498840814493856, -9.18737311849325e-07, -2.20402761440891e-06, 0.0498840814493857, -1.64359361780549e-06, -2.96318610955773e-06, -0.00876227324442819, -9.08476833625028e-07, -0.0498987749882989, -9.08476833628945e-07, -2.20309267911447e-06, 0.0498987749882989, -1.64328172246526e-06, -2.96018125737096e-06, -0.00866850962503403, -1.02604782400124e-08, 1.46935389131816e-05, -1.02604782400058e-08, -9.34935287352811e-10, -1.46935389131816e-05, -3.1189538537011e-10, -3.00485220964167e-09, -9.37636193941466e-05, 
371, 18, -8.97946816240954e-07, -0.0499112299590577, -8.97946816244233e-07, -2.26900330669538e-06, 0.0499112299590577, -1.70492291866735e-06, -2.8973328951258e-06, -0.00877326078132738, -8.87603777599944e-07, -0.0499259283199858, -8.87603777602984e-07, -2.26801536526322e-06, 0.0499259283199858, -1.70465905495058e-06, -2.89432864649324e-06, -0.00867953907740909, -1.03430386297255e-08, 1.46983609279303e-05, -1.03430386297323e-08, -9.87941426920159e-10, -1.46983609279303e-05, -2.63863713927621e-10, -3.00424867984956e-09, -9.37217039182902e-05, 
372, 0, -7.78537315087079e-07, -0.049909176722342, -7.78537315090989e-07, -2.30936120018174e-06, 0.049909176722342, -1.55173558147454e-06, -2.98032735688257e-06, -0.00877306701298445, -7.6825677006798e-07, -0.0499238756480123, -7.68256770072119e-07, -2.30782764796839e-06, 0.0499238756480123, -1.55162777264352e-06, -2.97731645516109e-06, -0.00867935039210501, -1.02805449792687e-08, 1.4698925670277e-05, -1.02805449792722e-08, -1.53355221845826e-09, -1.4698925670277e-05, -1.07808747795262e-10, -3.01090164855567e-09, -9.37166208794066e-05, 
372, 10, -8.0285214160266e-07, -0.0497948331834654, -8.02852141605703e-07, -2.2490597585517e-06, 0.0497948331834654, -1.48504393853121e-06, -3.05605217751708e-06, -0.00875517950446409, -7.92547350266081e-07, -0.0498095446567571, -7.92547350269354e-07, -2.24747427529976e-06, 0.0498095446567571, -1.48488957126458e-06, -3.0530364158775e-06, -0.00866146947627665, -1.0304791321797e-08, 1.47114732918903e-05, -1.03047913217987e-08, -1.58548324163001e-09, -1.47114732918903e-05, -1.54367265414778e-10, -3.0157615674219e-09, -9.37100281874622e-05, 
372, 18, -7.80552266957052e-07, -0.0498222735429155, -7.80552266960968e-07, -2.31257135557168e-06, 0.0498222735429155, -1.55346863130572e-06, -2.99004034130731e-06, -0.00876622001507374, -7.70181351671068e-07, -0.0498369921353992, -7.7018135167434e-07, -2.31093696345276e-06, 0.0498369921353992, -1.55336196762312e-06, -2.98702303694635e-06, -0.00867254852338642, -1.03709152919195e-08, 1.47185924836615e-05, -1.03709152919178e-08, -1.63439210990278e-09, -1.47185924836615e-05, -1.06663676593353e-10, -3.01730434499013e-09, -9.36714916873371e-05, 
373, 0, -6.58876477297262e-07, -0.0498201445570368, -6.58876477301395e-07, -2.34710584323087e-06, 0.0498201445570368, -1.39487464980742e-06, -3.06591922767283e-06, -0.00876602880103718, -6.48601872711073e-07, -0.0498348638649776, -6.4860187271478e-07, -2.34492534178032e-06, 0.0498348638649776, -1.39492514000823e-06, -3.0629038348027e-06, -0.00867236207374864, -1.02746045840536e-08, 1.47193079409204e-05, -1.02746045840467e-08, -2.18050146355907e-09, -1.47193079409204e-05, 5.04902803065176e-11, -3.01539279837534e-09, -9.36667272885418e-05, 
373, 10, -6.80800933523055e-07, -0.0497064317904441, -6.80800933526978e-07, -2.29037255963393e-06, 0.0497064317904441, -1.31176990810548e-06, -3.13942454860558e-06, -0.00874845553736914, -6.70508362783366e-07, -0.0497211653532465, -6.70508362786429e-07, -2.28812148509135e-06, 0.0497211653532465, -1.31177245605368e-06, -3.13640826250823e-06, -0.00865479345986434, -1.0292570760161e-08, 1.47335628022003e-05, -1.02925707601644e-08, -2.25107454301708e-09, -1.47335628022003e-05, 2.54788377900811e-12, -3.01628599842418e-09, -9.3662077504786e-05, 
373, 18, -6.57359876130169e-07, -0.0497339141984451, -6.57359876133659e-07, -2.35166536880815e-06, 0.0497339141984451, -1.38909242581401e-06, -3.07149331538489e-06, -0.00875950088149273, -6.47018029817745e-07, -0.0497486559530886, -6.4701802982101e-07, -2.34936762565931e-06, 0.0497486559530886, -1.38915255784286e-06, -3.0684808907249e-06, -0.0086658728402512, -1.03418463330696e-08, 1.47417546436565e-05, -1.03418463330679e-08, -2.2977431690402e-09, -1.47417546436565e-05, 6.01320465168387e-11, -3.01242470396692e-09, -9.36280412415214e-05, 
374, 0, -5.33935450662825e-07, -0.0497318408257409, -5.33935450665652e-07, -2.38005719825141e-06, 0.0497318408257409, -1.22678127015393e-06, -3.13879315917031e-06, -0.00875932631031716, -5.23725638684658e-07, -0.0497465834231458, -5.23725638688792e-07, -2.37721750667936e-06, 0.0497465834231458, -1.2269977553115e-06, -3.13579125320313e-06, -0.0086657025785101, -1.02098119893991e-08, 1.4742597404913e-05, -1.02098119893956e-08, -2.83969156080184e-09, -1.4742597404913e-05, 2.16485107473288e-10, -3.00190590223212e-09, -9.36237318070307e-05, 
374, 10, -5.62995536701033e-07, -0.0496240325522213, -5.62995536704299e-07, -2.3170027961533e-06, 0.0496240325522213, -1.13165495476898e-06, -3.20659817152426e-06, -0.0087424027482188, -5.52764769671747e-07, -0.0496387904183341, -5.52764769674367e-07, -2.31412124220952e-06, 0.0496387904183341, -1.1318264552541e-06, -3.20358708097847e-06, -0.00864878131887815, -1.02307670424117e-08, 1.47578661127402e-05, -1.02307670424084e-08, -2.88155394018381e-09, -1.47578661127402e-05, 1.71500503067946e-10, -3.01109052012929e-09, -9.36214293406365e-05, 
374, 18, -5.37438260072124e-07, -0.0496513499703854, -5.3743826007583e-07, -2.37620045637214e-06, 0.0496513499703854, -1.21568394992309e-06, -3.13867049043944e-06, -0.00875341207061785, -5.27179327643057e-07, -0.0496661158717094, -5.27179327646547e-07, -2.3732525107957e-06, 0.0496661158717094, -1.21591025641132e-06, -3.13567072782773e-06, -0.00865981911072201, -1.02589324298156e-08, 1.47659013238218e-05, -1.0258932429819e-08, -2.94794554738475e-09, -1.47659013238218e-05, 2.26306530697424e-10, -2.9997625520079e-09, -9.35929598958633e-05, 
375, 0, -4.13227000849973e-07, -0.0496494579688738, -4.13227000853667e-07, -2.39842568527206e-06, 0.0496494579688738, -1.05024610191599e-06, -3.19715141296223e-06, -0.0087532611674656, -4.0313436426554e-07, -0.0496642248079813, -4.03134364268385e-07, -2.39494058999092e-06, 0.0496642248079813, -1.05062771632882e-06, -3.19417162271021e-06, -0.00865967193773453, -1.0092636535355e-08, 1.47668391075033e-05, -1.00926365353553e-08, -3.48509526062141e-09, -1.47668391075033e-05, 3.81614496821435e-10, -2.97979023852513e-09, -9.35892297310925e-05, 
375, 10, -4.47786105128222e-07, -0.049551670081742, -4.47786105131496e-07, -2.33276735147315e-06, 0.049551670081742, -9.40220710582462e-07, -3.26778703040413e-06, -0.00873722920315961, -4.37682006908495e-07, -0.0495664526088434, -4.37682006911544e-07, -2.32922129145234e-06, 0.0495664526088434, -9.40558096455671e-07, -3.26480027252773e-06, -0.00864363922377922, -1.01040982394907e-08, 1.47825271014979e-05, -1.01040982394907e-08, -3.54606000446428e-09, -1.47825271014979e-05, 3.3738585643e-10, -2.98675797074532e-09, -9.3589979380404e-05, 
375, 18, -4.18212729729875e-07, -0.0495787986414499, -4.18212729733147e-07, -2.39045713203736e-06, 0.0495787986414499, -1.02896513671948e-06, -3.19986379401598e-06, -0.00874825742278274, -4.08063613110937e-07, -0.0495935881384813, -4.0806361311486e-07, -2.38686995242238e-06, 0.0495935881384813, -1.02936645960343e-06, -3.19688662629546e-06, -0.00865468930407323, -1.01491166700299e-08, 1.47894970314762e-05, -1.01491166700349e-08, -3.58717961198939e-09, -1.47894970314762e-05, 4.01322892077802e-10, -2.97716770484492e-09, -9.35681187095424e-05, 
376, 0, -2.93595396436881e-07, -0.0495771879332774, -2.9359539644079e-07, -2.40679697298332e-06, 0.0495771879332774, -8.60524355476787e-07, -3.2492081590693e-06, -0.00874813798585437, -2.8364476628462e-07, -0.049591978431322, -2.83644766288306e-07, -2.4026796797748e-06, 0.049591978431322, -8.61079333637682e-07, -3.24626051256786e-06, -0.00865457292373586, -9.95063011736448e-09, 1.47904980448803e-05, -9.95063011735593e-09, -4.11729321016373e-09, -1.47904980448803e-05, 5.54978162457892e-10, -2.94764646251388e-09, -9.35650621185297e-05, 
376, 10, -3.3082759074843e-07, -0.0494933965017603, -3.30827590751688e-07, -2.3453174027418e-06, 0.0494933965017603, -7.42299430630422e-07, -3.32897703819482e-06, -0.00873311322184663, -3.20873715203254e-07, -0.0495082023576496, -3.20873715207184e-07, -2.34115062534677e-06, 0.0495082023576496, -7.42812804008334e-07, -3.32602296291792e-06, -0.00863954378763818, -9.95387551931456e-09, 1.48058558892451e-05, -9.95387551931279e-09, -4.16677742111296e-09, -1.48058558892451e-05, 5.13373455648475e-10, -2.95407532091722e-09, -9.35694342084396e-05, 
376, 18, -2.96727240950233e-07, -0.0495202849937794, -2.96727240953288e-07, -2.40124337197189e-06, 0.0495202849937794, -8.34825641147942e-07, -3.26078277986729e-06, -0.00874419773403872, -2.86716488080208e-07, -0.0495350958332603, -2.86716488083893e-07, -2.39702473377526e-06, 0.0495350958332603, -8.35403051411585e-07, -3.25783900586768e-06, -0.00865064287546325, -1.0010752866023e-08, 1.48108394807198e-05, -1.0010752866028e-08, -4.21863818922161e-09, -1.48108394807198e-05, 5.77410255477104e-10, -2.94377391403968e-09, -9.35548585754603e-05, 
377, 0, -1.71772052801809e-07, -0.0495190578260858, -1.71772052805392e-07, -2.41177117848859e-06, 0.0495190578260858, -6.63588636680754e-07, -3.30071310760238e-06, -0.008744113811547, -1.61991424640153e-07, -0.0495338696858786, -1.6199142464331e-07, -2.40703041134407e-06, 0.0495338696858786, -6.64317426401905e-07, -3.29780789761767e-06, -0.00865056128208592, -9.78062815408737e-09, 1.48118597928899e-05, -9.7806281540907e-09, -4.74076712715192e-09, -1.48118597928899e-05, 7.28789717000992e-10, -2.90520990397639e-09, -9.35525294610903e-05, 
377, 10, -2.08368016628776e-07, -0.0494530868510932, -2.08368016632036e-07, -2.35901315260077e-06, 0.0494530868510932, -5.44125348389245e-07, -3.39390428798226e-06, -0.00873048822070069, -1.98562848991498e-07, -0.0494679131657495, -1.98562848994879e-07, -2.35421135908207e-06, 0.0494679131657495, -5.44817388174138e-07, -3.39098426448582e-06, -0.00863692702726771, -9.80516760733041e-09, 1.48263146563469e-05, -9.80516760733026e-09, -4.80179349212129e-09, -1.48263146563469e-05, 6.92039737473065e-10, -2.92002346547311e-09, -9.35611934330143e-05, 
377, 18, -1.69009348575794e-07, -0.0494796877207263, -1.69009348578937e-07, -2.41330527538365e-06, 0.0494796877207263, -6.3966600819883e-07, -3.32615120786376e-06, -0.00874160997073313, -1.59149694314193e-07, -0.0494945165467588, -1.59149694317568e-07, -2.40846276795805e-06, 0.0494945165467588, -6.40417521409496e-07, -3.32324546100125e-06, -0.00864805561548933, -9.85965425999097e-09, 1.48288260326104e-05, -9.85965425999084e-09, -4.84250744531392e-09, -1.48288260326104e-05, 7.51513156151554e-10, -2.90574688791312e-09, -9.35543552438247e-05, 
378, 0, -4.34251669647149e-08, -0.0494789485260364, -4.34251669682112e-08, -2.41780401264479e-06, 0.0494789485260364, -4.65416993616032e-07, -3.35665680261654e-06, -0.00874157376215211, -3.38270104834374e-08, -0.0494937783507034, -3.38270104862765e-08, -2.41244884639166e-06, 0.0494937783507034, -4.66317123344838e-07, -3.35379876981931e-06, -0.00864802098919536, -9.59815650433154e-09, 1.48298246671646e-05, -9.5981565043332e-09, -5.35516627477004e-09, -1.48298246671646e-05, 9.00129818893342e-10, -2.85803273127415e-09, -9.35527729567847e-05, 
378, 10, -8.20081422974001e-08, -0.049431702798615, -8.20081423007736e-08, -2.37118294174169e-06, 0.049431702798615, -3.55068567379716e-07, -3.46236399135064e-06, -0.00872987004448833, -7.24093741521518e-08, -0.0494465462436586, -7.24093741551e-08, -2.36575902628484e-06, 0.0494465462436586, -3.55926691024295e-07, -3.4594923405375e-06, -0.00863630330142296, -9.59876811837826e-09, 1.48434450436749e-05, -9.59876811837726e-09, -5.42391548851625e-09, -1.48434450436749e-05, 8.58123761461596e-10, -2.87165080364449e-09, -9.35667430653736e-05, 
378, 19, -3.90206384122787e-08, -0.0494582802870065, -3.90206384157614e-08, -2.42289429637263e-06, 0.0494582802870065, -4.54906138479747e-07, -3.39842538160894e-06, -0.00874101303365454, -2.93282500785817e-08, -0.0494731250499936, -2.9328250081956e-08, -2.41745266764396e-06, 0.0494731250499936, -4.55821601331289e-07, -3.39556631876421e-06, -0.00864744553212909, -9.69238833538284e-09, 1.48447629871449e-05, -9.69238833538273e-09, -5.4416287273688e-09, -1.48447629871449e-05, 9.15462940263043e-10, -2.85906287516476e-09, -9.35675015254586e-05, 
379, 0, 8.78050292922645e-08, -0.0494579401407439, 8.78050292887758e-08, -2.4211920885184e-06, 0.0494579401407439, -2.76612640364828e-07, -3.41892692907021e-06, -0.00874104895043829, 9.72068031328653e-08, -0.0494727857693041, 9.72068031294918e-08, -2.41525021202817e-06, 0.0494727857693041, -2.77675684077205e-07, -3.41612052819935e-06, -0.00864748209447382, -9.40177391976686e-09, 1.4845628560478e-05, -9.40177391976843e-09, -5.94187649094222e-09, -1.4845628560478e-05, 1.0630437809418e-09, -2.80640085919815e-09, -9.35668559644456e-05, 
379, 10, 4.47430721601885e-08, -0.0494274646558156, 4.47430721562789e-08, -2.37901219079962e-06, 0.0494274646558156, -1.80524377712935e-07, -3.53574105968812e-06, -0.00873036104255305, 5.41587542929897e-08, -0.0494423222005787, 5.41587542892867e-08, -2.37303074042172e-06, 0.0494423222005787, -1.81551176561839e-07, -3.53291115807718e-06, -0.00863677490913369, -9.41568209449895e-09, 1.48575447633109e-05, -9.41568209449883e-09, -5.98145037722309e-09, -1.48575447633109e-05, 1.02679903848419e-09, -2.82990158867331e-09, -9.35861334193823e-05, 
379, 19, 9.09626357653277e-08, -0.0494536432480044, 9.09626357620651e-08, -2.42923504331642e-06, 0.0494536432480044, -2.85896703555833e-07, -3.47405302417025e-06, -0.00874146130717663, 1.00459061667277e-07, -0.0494684994627734, 1.00459061663783e-07, -2.4232151832576e-06, 0.0494684994627734, -2.8696840056451e-07, -3.47123714719743e-06, -0.00864786547383336, -9.49642594111383e-09, 1.48562147689585e-05, -9.49642594111286e-09, -6.01986005923579e-09, -1.48562147689585e-05, 1.0716970381711e-09, -2.81587702163453e-09, -9.35958333432702e-05, 
380, 0, 2.17869729903031e-07, -0.0494537367700479, 2.17869729899871e-07, -2.42111659342768e-06, 0.0494537367700479, -1.04387035339243e-07, -3.48624651194763e-06, -0.00874152373794725, 2.27046416120412e-07, -0.0494685938351113, 2.27046416117142e-07, -2.41460817740717e-06, 0.0494685938351113, -1.05603433831519e-07, -3.48349110171309e-06, -0.00864792787367009, -9.17668625064792e-09, 1.48570650633411e-05, -9.17668625064599e-09, -6.50841603133933e-09, -1.48570650633411e-05, 1.21639852077187e-09, -2.75541027429179e-09, -9.35958642771912e-05, 
380, 10, 1.6274399105749e-07, -0.0494329400094905, 1.6274399105444e-07, -2.38089704094098e-06, 0.0494329400094905, -3.38737094052974e-08, -3.6087418477977e-06, -0.00873327744573111, 1.71941551250389e-07, -0.0494478101120608, 1.71941551246365e-07, -2.37433762780144e-06, 0.0494478101120608, -3.50522364537058e-08, -3.6059612031741e-06, -0.00863965504330024, -9.19756020859378e-09, 1.48701025703187e-05, -9.19756020858868e-09, -6.55941315797103e-09, -1.48701025703187e-05, 1.17852705913004e-09, -2.78064456724787e-09, -9.36224024308788e-05, 
380, 19, 2.1211373587089e-07, -0.04945873050318, 2.12113735867403e-07, -2.42951909039834e-06, 0.04945873050318, -1.43162727164059e-07, -3.55165231904043e-06, -0.00874427910515543, 2.21389163353267e-07, -0.0494736000580418, 2.21389163349995e-07, -2.42294912302733e-06, 0.0494736000580418, -1.44378971344331e-07, -3.54887971312539e-06, -0.0086506375596277, -9.27542749383516e-09, 1.48695548617909e-05, -9.27542749383429e-09, -6.56996737663522e-09, -1.48695548617909e-05, 1.2162441400499e-09, -2.77260583092576e-09, -9.36415455277053e-05, 
381, 0, 3.38663598778046e-07, -0.0494590536186553, 3.38663598774782e-07, -2.41540361595888e-06, 0.0494590536186554, 4.15953580589668e-08, -3.55680321790153e-06, -0.00874441627320084, 3.47592049333586e-07, -0.0494739241230474, 3.47592049330212e-07, -2.40835807932244e-06, 0.0494739241230474, 4.02371374551045e-08, -3.55409808232978e-06, -0.0086507740074894, -8.92845057675708e-09, 1.4870504391988e-05, -8.92845057675473e-09, -7.04553665049462e-09, -1.4870504391988e-05, 1.35822054382176e-09, -2.70513557715895e-09, -9.36422657114428e-05, 
381, 10, 2.75739147070774e-07, -0.0494475953610905, 2.75739147067182e-07, -2.37863116049182e-06, 0.0494475953610905, 9.3450227393149e-08, -3.68443040570554e-06, -0.00873707894921532, 2.84704561743757e-07, -0.0494624801344565, 2.847045617406e-07, -2.37155537187896e-06, 0.0494624801344565, 9.21270954369326e-08, -3.68168924113798e-06, -0.00864340371684524, -8.96541471731801e-09, 1.48847733657953e-05, -8.96541471732477e-09, -7.07578861635103e-09, -1.48847733657953e-05, 1.32313192574606e-09, -2.7411646720143e-09, -9.36752323700826e-05, 
381, 19, 3.28124287748073e-07, -0.0494731454896905, 3.2812428774416e-07, -2.42583943224158e-06, 0.0494731454896905, -1.85909222993779e-08, -3.63369475800549e-06, -0.00874802922160862, 3.37152337188793e-07, -0.0494880305860465, 3.37152337185743e-07, -2.41876057391693e-06, 0.0494880305860465, -1.99417124697317e-08, -3.63096409785438e-06, -0.00865432700431374, -9.02804945962091e-09, 1.48850963558041e-05, -9.02804945962416e-09, -7.07885833591103e-09, -1.48850963558041e-05, 1.35079028128104e-09, -2.73066014726441e-09, -9.37022172948936e-05, 
382, 0, 4.54462775755304e-07, -0.0494737517746924, 4.54462775751976e-07, -2.40606789099444e-06, 0.0494737517746924, 1.69985147267312e-07, -3.63273094438191e-06, -0.00874818437884245, 4.6311667624777e-07, -0.0494886379174741, 4.6311667624434e-07, -2.39852761620215e-06, 0.0494886379174741, 1.68495107337537e-07, -3.63007465902764e-06, -0.00865448087028043, -8.6539004483002e-09, 1.48861427816783e-05, -8.65390044830004e-09, -7.54027481868575e-09, -1.48861427816783e-05, 1.49003986239644e-09, -2.65628535006327e-09, -9.37035085620296e-05, 
382, 10, 3.84157558304298e-07, -0.049467907628588, 3.84157558301519e-07, -2.37219862156543e-06, 0.049467907628588, 2.1678305146297e-07, -3.76578662409811e-06, -0.00874092904588952, 3.92846987076852e-07, -0.0494828087090855, 3.92846987073527e-07, -2.36462378461963e-06, 0.0494828087090855, 2.1532729227124e-07, -3.76309188751578e-06, -0.00864718765149917, -8.68942876296676e-09, 1.49010804972935e-05, -8.68942876296133e-09, -7.57483696851908e-09, -1.49010804972935e-05, 1.45575908770554e-09, -2.69473661542431e-09, -9.37413943903581e-05, 
382, 19, 4.41339492734595e-07, -0.0494933246940261, 4.41339492730837e-07, -2.41847473519015e-06, 0.0494933246940261, 1.03225667520547e-07, -3.7223298947616e-06, -0.00875184599088785, 4.50080751147201e-07, -0.0495082267397269, 4.50080751144309e-07, -2.41091637332377e-06, 0.0495082267397269, 1.01744672889459e-07, -3.71964411176097e-06, -0.00865807229918818, -8.74125840744626e-09, 1.49020457006395e-05, -8.7412584074475e-09, -7.55836186682476e-09, -1.49020457006395e-05, 1.48099462413157e-09, -2.68578299162897e-09, -9.37736916996801e-05, 
383, 0, 5.67302054671048e-07, -0.0494940889082173, 5.67302054667398e-07, -2.3931328717665e-06, 0.0494940889082172, 2.96512134733326e-07, -3.71542039001261e-06, -0.00875200419412935, 5.75644210709507e-07, -0.0495089920714792, 5.75644210706073e-07, -2.38512988249039e-06, 0.0495089920714792, 2.94894806501867e-07, -3.71281549098323e-06, -0.00865822882423924, -8.3421560032665e-09, 1.49031632618396e-05, -8.34215600326685e-09, -8.00298925671421e-09, -1.49031632618396e-05, 1.61732824883949e-09, -2.60489902212002e-09, -9.37753698901554e-05, 
383, 10, 4.91483175135008e-07, -0.0494925395316941, 4.91483175131847e-07, -2.36209053852031e-06, 0.0494925395316941, 3.52908651157047e-07, -3.84851687320298e-06, -0.00874512949381777, 4.99843335497299e-07, -0.0495074580765292, 4.99843335495109e-07, -2.35407475825313e-06, 0.0495074580765292, 3.51330267156267e-07, -3.84587370455879e-06, -0.0086513127504742, -8.36016039568635e-09, 1.49185448350951e-05, -8.36016039568635e-09, -8.01578023642012e-09, -1.49185448350951e-05, 1.57838408852651e-09, -2.64316859827462e-09, -9.38167433435226e-05, 
383, 19, 5.53458824565436e-07, -0.0495177841831999, 5.53458824562222e-07, -2.40697292350482e-06, 0.0495177841831999, 2.39930904713053e-07, -3.81279093591473e-06, -0.00875598831366949, 5.618620710909e-07, -0.049532704314846, 5.61862071087471e-07, -2.39898024366677e-06, 0.049532704314846, 2.38325940474402e-07, -3.81015707459844e-06, -0.00866213648009576, -8.40324652725293e-09, 1.49201316457093e-05, -8.40324652725452e-09, -7.99267985108471e-09, -1.49201316457093e-05, 1.60496416208497e-09, -2.63386137909194e-09, -9.38518335737453e-05, 
384, 0, 6.7889150891324e-07, -0.0495186831948567, 6.78891508909595e-07, -2.37604372353056e-06, 0.0495186831948567, 4.38504455338148e-07, -3.79895215377932e-06, -0.00875616179846241, 6.86873692555121e-07, -0.0495336045005968, 6.86873692551961e-07, -2.36762553299231e-06, 0.0495336045005968, 4.36765579209375e-07, -3.79640512313172e-06, -0.00866230807667593, -7.98218361451758e-09, 1.49213057401713e-05, -7.98218361451578e-09, -8.41819054416949e-09, -1.49213057401713e-05, 1.73887609264001e-09, -2.5470306112109e-09, -9.38537217865029e-05, 
384, 10, 6.05071500581951e-07, -0.0495219798838123, 6.05071500578274e-07, -2.34857018200179e-06, 0.0495219798838123, 5.04678577351925e-07, -3.91764473012132e-06, -0.00875006416081301, 6.13065843928406e-07, -0.0495369168868035, 6.13065843925076e-07, -2.34014635738974e-06, 0.0495369168868035, 5.02972959579419e-07, -3.91505421328899e-06, -0.00865616705353702, -7.99434339955187e-09, 1.49370029912914e-05, -7.99434339955017e-09, -8.42382462438225e-09, -1.49370029912914e-05, 1.70561774783605e-09, -2.5905168066094e-09, -9.38971072759712e-05, 
384, 19, 6.68811280856834e-07, -0.0495469099451549, 6.68811280853211e-07, -2.39136017641517e-06, 0.0495469099451549, 3.92286200241744e-07, -3.89041187251232e-06, -0.00876084542334116, 6.76837829071565e-07, -0.0495618490470217, 6.76837829068514e-07, -2.38296471663786e-06, 0.0495618490470217, 3.90556829292959e-07, -3.88784029130478e-06, -0.00866691271334416, -8.02654829106574e-09, 1.49391018668197e-05, -8.02654829106759e-09, -8.39545977500505e-09, -1.49391018668197e-05, 1.72937102829517e-09, -2.57158117664251e-09, -9.39327099970012e-05, 
385, 0, 7.93643591813316e-07, -0.0495479570559949, 7.93643591809868e-07, -2.35462035229689e-06, 0.0495479570559949, 5.9536281821475e-07, -3.86847663398905e-06, -0.00876104082234351, 8.01227692505655e-07, -0.0495628973787349, 8.01227692503075e-07, -2.34581992828076e-06, 0.0495628973787349, 5.93502625496128e-07, -3.86599850707358e-06, -0.0086671061655174, -7.58410071756852e-09, 1.49403227398294e-05, -7.58410071756524e-09, -8.80042401657558e-09, -1.49403227398294e-05, 1.8601926332932e-09, -2.47812688639826e-09, -9.39346568260913e-05, 
385, 10, 7.20063178662509e-07, -0.0495547858719709, 7.20063178659077e-07, -2.32846231800928e-06, 0.0495547858719709, 6.60538322985801e-07, -3.95758392928516e-06, -0.0087555622311283, 7.27666537324075e-07, -0.0495697421162656, 7.27666537321295e-07, -2.31964690926613e-06, 0.0495697421162656, 6.58699716966573e-07, -3.95506296667083e-06, -0.00866158381443501, -7.6033586387547e-09, 1.49562442945022e-05, -7.60335863875507e-09, -8.81540876861147e-09, -1.49562442945022e-05, 1.8386059297347e-09, -2.52096259075682e-09, -9.39784166932844e-05, 
385, 18, 7.85562430753633e-07, -0.0495788958076091, 7.85562430751038e-07, -2.36944993588933e-06, 0.0495788958076091, 5.50109771656543e-07, -3.93644675035876e-06, -0.00876617971753921, 7.93157424955911e-07, -0.0495938530265126, 7.93157424952476e-07, -2.36067064243625e-06, 0.0495938530265126, 5.48257242057869e-07, -3.93395587857124e-06, -0.00867216937043368, -7.59499421897647e-09, 1.49572189035553e-05, -7.59499421898012e-09, -8.77929346629318e-09, -1.49572189035553e-05, 1.85252944948686e-09, -2.4908717983143e-09, -9.40103471055304e-05, 
386, 0, 9.0858279817295e-07, -0.0495801274719564, 9.08582798170158e-07, -2.32694491852557e-06, 0.0495801274719564, 7.55013138880685e-07, -3.90697123079097e-06, -0.0087663816615628, 9.15711804102923e-07, -0.0495950860962444, 9.15711804099698e-07, -2.31778351054616e-06, 0.0495950860962444, 7.53037471298301e-07, -3.90458275888565e-06, -0.00867236931274088, -7.12900593954656e-09, 1.49586242883177e-05, -7.12900593954836e-09, -9.16140796780517e-09, -1.49586242883177e-05, 1.97566740213436e-09, -2.38847189632119e-09, -9.40123488219303e-05, 
386, 10, 8.28880559070673e-07, -0.0495897436358109, 8.28880559067236e-07, -2.29825314926575e-06, 0.0495897436358109, 8.16413045847343e-07, -3.95899135592725e-06, -0.00876084254913059, 8.36044953766337e-07, -0.0496047182245212, 8.36044953762675e-07, -2.28909020382559e-06, 0.0496047182245212, 8.14450432361653e-07, -3.95656131673213e-06, -0.00866678785843267, -7.16439469019185e-09, 1.49745887101182e-05, -7.16439469019545e-09, -9.16294544858662e-09, -1.49745887101182e-05, 1.96261341594616e-09, -2.43003921199529e-09, -9.40546906979639e-05, 
386, 18, 8.96453321891542e-07, -0.0496135400666112, 8.96453321888536e-07, -2.3390697002259e-06, 0.0496135400666112, 7.09154577427439e-07, -3.94916536633026e-06, -0.00877140649492777, 9.03589653778383e-07, -0.0496285150571981, 9.03589653774732e-07, -2.32995071734103e-06, 0.0496285150571981, 7.07187193266913e-07, -3.94677694170094e-06, -0.00867732337549409, -7.13633188405265e-09, 1.49749905871258e-05, -7.13633188404804e-09, -9.11898289533434e-09, -1.49749905871258e-05, 1.96738427004275e-09, -2.38842459814642e-09, -9.40831194336714e-05, 
387, 0, 1.01800093840656e-06, -0.0496148157481496, 1.01800093840375e-06, -2.29079873464965e-06, 0.0496148157481496, 9.14916708447925e-07, -3.91083863614561e-06, -0.00877159755650579, 1.02465442293295e-06, -0.0496297921594312, 1.02465442292946e-06, -2.28132329316483e-06, 0.0496297921594312, 9.12831695699143e-07, -3.90855819352121e-06, -0.00867751268310822, -6.65348452019114e-09, 1.49764112816015e-05, -6.65348452018802e-09, -9.47544147945608e-09, -1.49764112816015e-05, 2.08501268294488e-09, -2.28044258668765e-09, -9.40848733975164e-05, 
387, 10, 9.39968323613566e-07, -0.0496282945372621, 9.39968323609946e-07, -2.26037869516881e-06, 0.0496282945372621, 9.91481541405048e-07, -3.92550872953181e-06, -0.00876541912707125, 9.46640714246989e-07, -0.049643285381269, 9.46640714243776e-07, -2.25090315122233e-06, 0.049643285381269, 9.89415530713571e-07, -3.92318967885626e-06, -0.0086712959587075, -6.67239061036226e-09, 1.49908440067688e-05, -6.67239061036067e-09, -9.47554396173217e-09, -1.49908440067688e-05, 2.06601067364906e-09, -2.31905063473981e-09, -9.41231683637523e-05, 
387, 18, 1.0099529215356e-06, -0.049651883279432, 1.00995292153301e-06, -2.30076602624284e-06, 0.049651883279432, 8.88133812049439e-07, -3.92668268446855e-06, -0.00877597488141431, 1.01661405285673e-06, -0.049666872526533, 1.01661405285243e-06, -2.29134676815477e-06, 0.049666872526533, 8.86056983588732e-07, -3.92441400916114e-06, -0.00868182857042888, -6.66113135135185e-09, 1.49892471011482e-05, -6.66113135135671e-09, -9.41925810119988e-09, -1.49892471011482e-05, 2.07682840414557e-09, -2.26867532054964e-09, -9.41463109854487e-05, 
388, 0, 1.12970833787165e-06, -0.0496532303918145, 1.12970833786849e-06, -2.24648500257937e-06, 0.0496532303918145, 1.09350526713823e-06, -3.87836005520318e-06, -0.00877614230359038, 1.13587156510209e-06, -0.0496682210148107, 1.1358715650984e-06, -2.23673428719828e-06, 0.0496682210148107, 1.09131660509713e-06, -3.87620513689623e-06, -0.00868199463448923, -6.16322721236977e-09, 1.49906229962507e-05, -6.16322721237157e-09, -9.75071539591963e-09, -1.49906229962507e-05, 2.18866198740627e-09, -2.15491827014445e-09, -9.41476691011333e-05, 
388, 10, 1.05918696949892e-06, -0.0496734915595979, 1.05918696949616e-06, -2.21663915796113e-06, 0.0496734915595979, 1.18314936196679e-06, -3.86092203539568e-06, -0.00876953768009115, 1.06536308601234e-06, -0.0496884938648531, 1.06536308600839e-06, -2.20689682834315e-06, 0.0496884938648532, 1.18098327285623e-06, -3.85873454557515e-06, -0.00867535767543614, -6.17611648490178e-09, 1.50023052551118e-05, -6.17611648490516e-09, -9.74232961649345e-09, -1.50023052551118e-05, 2.16608905173626e-09, -2.18748981104172e-09, -9.41800046549906e-05, 
388, 18, 1.13105272470929e-06, -0.0496967192869063, 1.13105272470651e-06, -2.25507451503651e-06, 0.0496967192869063, 1.08381689721787e-06, -3.87048498193309e-06, -0.00878007568306293, 1.13721842416802e-06, -0.0497117165777335, 1.13721842416497e-06, -2.24538682033666e-06, 0.0497117165777335, 1.08163503584409e-06, -3.86835629930485e-06, -0.00868587941253876, -6.16569956230667e-09, 1.4997290827217e-05, -6.16569956230497e-09, -9.68769469854624e-09, -1.4997290827217e-05, 2.18186146198484e-09, -2.12868265413517e-09, -9.41962705241937e-05, 
389, 0, 1.24862409359174e-06, -0.0496982039191433, 1.24862409358874e-06, -2.19432659262012e-06, 0.0496982039191433, 1.28659113542993e-06, -3.81130647998354e-06, -0.00878022885314843, 1.25427782644295e-06, -0.0497132024617507, 1.25427782643951e-06, -2.18433378302652e-06, 0.0497132024617507, 1.28430492298726e-06, -3.80929694416165e-06, -0.00868603175595656, -5.65373288292633e-09, 1.49985426075171e-05, -5.65373288292929e-09, -9.99280957771082e-09, -1.49985426075171e-05, 2.28621256668358e-09, -2.00953577673256e-09, -9.41970971918773e-05, 
389, 10, 1.18244765485561e-06, -0.049727709991277, 1.18244765485228e-06, -2.16612199554801e-06, 0.049727709991277, 1.3803613099526e-06, -3.76794774618323e-06, -0.00877333495472207, 1.18813907468743e-06, -0.049742716288031, 1.18813907468443e-06, -2.15614167082966e-06, 0.049742716288031, 1.3780911609054e-06, -3.76590598380121e-06, -0.00867911300267824, -5.69141981694895e-09, 1.50062967541753e-05, -5.69141981695128e-09, -9.98032471017697e-09, -1.50062967541753e-05, 2.27014907877777e-09, -2.04176237287811e-09, -9.42219520438329e-05, 
389, 18, 1.25647959444867e-06, -0.0497504065867736, 1.25647959444566e-06, -2.19959591427869e-06, 0.0497504065867736, 1.28777902526596e-06, -3.78074422520916e-06, -0.00878380469568051, 1.2621360356831e-06, -0.0497654030393858, 1.26213603567832e-06, -2.18967996144678e-06, 0.0497654030393858, 1.28550019089025e-06, -3.77876871864273e-06, -0.00868957459818498, -5.65644116011401e-09, 1.49964526122047e-05, -5.65644116011157e-09, -9.91595283660707e-09, -1.49964526122047e-05, 2.27883423408056e-09, -1.97550657561648e-09, -9.4230097495523e-05, 
390, 0, 1.37109087088805e-06, -0.0497520764917267, 1.3710908708849e-06, -2.13200691977726e-06, 0.0497520764917267, 1.48591960575828e-06, -3.71018142794181e-06, -0.00878394298202846, 1.37622459064745e-06, -0.0497670739816288, 1.37622459064375e-06, -2.12181287977733e-06, 0.0497670739816288, 1.48354407260067e-06, -3.70832966714079e-06, -0.00868971270419706, -5.13371979372096e-09, 1.49974899021036e-05, -5.13371979371673e-09, -1.0194039991339e-08, -1.49974899021036e-05, 2.37553320918713e-09, -1.8517608106653e-09, -9.42302778313913e-05, 
390, 10, 1.30564437372918e-06, -0.0497894007863878, 1.30564437372607e-06, -2.10713328663638e-06, 0.0497894007863878, 1.56724301048217e-06, -3.65003370709888e-06, -0.00877702520308763, 1.31080380750062e-06, -0.0498044019391906, 1.31080380749638e-06, -2.09696233119453e-06, 0.0498044019391907, 1.56488519723409e-06, -3.64814332760029e-06, -0.00868277803616283, -5.15943376894719e-09, 1.50011528024834e-05, -5.15943376894296e-09, -1.01709554503078e-08, -1.50011528024834e-05, 2.35781311906269e-09, -1.89037950227666e-09, -9.42471669248146e-05, 
390, 18, 1.38081702165178e-06, -0.0498115183707557, 1.3808170216483e-06, -2.13347797238533e-06, 0.0498115183707557, 1.48138220256744e-06, -3.66202905727939e-06, -0.00878744905335935, 1.38595385122142e-06, -0.049826504516551, 1.38595385121831e-06, -2.12336570435665e-06, 0.049826504516551, 1.47902040233902e-06, -3.66021206637217e-06, -0.00869320221315178, -5.13682955892792e-09, 1.49861457952919e-05, -5.13682955892622e-09, -1.01122680354579e-08, -1.49861457952919e-05, 2.36180027245598e-09, -1.81699083669019e-09, -9.4246840207569e-05, 
391, 0, 1.49151337140439e-06, -0.0498133100172225, 1.49151337140123e-06, -2.05916517370982e-06, 0.0498133100172225, 1.67253383875299e-06, -3.5808643632191e-06, -0.00878757967814061, 1.49611669752116e-06, -0.0498282969515764, 1.49611669751822e-06, -2.04880073576546e-06, 0.0498282969515763, 1.67008353259746e-06, -3.57917551518347e-06, -0.00869333334819593, -4.60332612933512e-09, 1.49869343538595e-05, -4.60332612933099e-09, -1.03644379545352e-08, -1.49869343538595e-05, 2.4503061822549e-09, -1.68884806773988e-09, -9.42463299446791e-05, 
391, 10, 1.4258447256333e-06, -0.0498580647650162, 1.42584472562959e-06, -2.03766421932852e-06, 0.0498580647650162, 1.74173118075885e-06, -3.51493620732515e-06, -0.00878022925956742, 1.43047164401181e-06, -0.0498730507048491, 1.43047164400885e-06, -2.02732728856583e-06, 0.0498730507048491, 1.73929926629781e-06, -3.51320766196142e-06, -0.00868597421664655, -4.62691839541291e-09, 1.4985939832849e-05, -4.62691839540857e-09, -1.03369307580264e-08, -1.4985939832849e-05, 2.43191417567208e-09, -1.72854539382387e-09, -9.42550429208629e-05, 
391, 18, 1.49852281839843e-06, -0.0498795683035417, 1.4985228183957e-06, -2.05689026188264e-06, 0.0498795683035417, 1.65891398109421e-06, -3.52490584213166e-06, -0.00879056815587679, 1.5031458574095e-06, -0.0498945337601116, 1.50314585740624e-06, -2.04659966025323e-06, 0.0498945337601116, 1.65647627807324e-06, -3.52325002713232e-06, -0.00869632208785092, -4.6230389999029e-09, 1.49654565699974e-05, -4.62303899990132e-09, -1.02906016280337e-08, -1.49654565699974e-05, 2.43770299135757e-09, -1.65581497269137e-09, -9.42460680258758e-05, 
392, 0, 1.60455439451491e-06, -0.0498814880604204, 1.6045543945123e-06, -1.97618512328265e-06, 0.0498814880604204, 1.84208857756429e-06, -3.43417148634393e-06, -0.00879067426326001, 1.60863355615545e-06, -0.0498964540143279, 1.60863355615176e-06, -1.96566843325234e-06, 0.0498964540143279, 1.83957093741259e-06, -3.4326473303976e-06, -0.00869642943640622, -4.07916162297187e-09, 1.49659539076187e-05, -4.07916162296933e-09, -1.05166900225027e-08, -1.49659539076187e-05, 2.51764021382453e-09, -1.52415592064798e-09, -9.4244826853773e-05, 
392, 10, 1.54042135841446e-06, -0.0499294557991253, 1.54042135841118e-06, -1.95792571082703e-06, 0.0499294557991253, 1.92090495420632e-06, -3.37116696009608e-06, -0.00878310662779726, 1.54452812601487e-06, -0.0499444166736317, 1.54452812601236e-06, -1.94743426369043e-06, 0.0499444166736317, 1.91839994368503e-06, -3.3696052156702e-06, -0.0086888602445958, -4.10676762496347e-09, 1.49608745065254e-05, -4.10676762496093e-09, -1.04914471271814e-08, -1.49608745065254e-05, 2.50501051743558e-09, -1.56174443492211e-09, -9.42463832014599e-05, 
392, 18, 1.6103427577033e-06, -0.0499505829032096, 1.61034275770014e-06, -1.97028239114075e-06, 0.0499505829032096, 1.84289877851517e-06, -3.37826733055913e-06, -0.00879332130376741, 1.61444629230481e-06, -0.049965519167845, 1.61444629230164e-06, -1.9598293105717e-06, 0.049965519167845, 1.84038697745681e-06, -3.37677231400767e-06, -0.00869909186397318, -4.10353465946582e-09, 1.49362646353805e-05, -4.10353465946232e-09, -1.04530805938632e-08, -1.49362646353805e-05, 2.51180100057092e-09, -1.4950165641362e-09, -9.42294397942142e-05, 
393, 0, 1.71117741732527e-06, -0.0499525154028062, 1.71117741732244e-06, -1.88352361426114e-06, 0.0499525154028062, 2.01817009249822e-06, -3.27775630592805e-06, -0.00879341068050028, 1.71472916126423e-06, -0.049967451890532, 1.71472916126073e-06, -1.87287071957238e-06, 0.049967451890532, 2.01558627233189e-06, -3.27639609741067e-06, -0.00869918319453286, -3.55174392384654e-09, 1.49364877258168e-05, -3.551743923844e-09, -1.06528946973891e-08, -1.49364877258168e-05, 2.58382015882236e-09, -1.36020851944783e-09, -9.42274859674119e-05, 
393, 10, 1.65616737957423e-06, -0.0499957698926512, 1.6561673795703e-06, -1.86883277866948e-06, 0.0499957698926512, 2.12215188181943e-06, -3.22347372424772e-06, -0.00878531722988962, 1.65973010861545e-06, -0.0500106986300478, 1.65973010861228e-06, -1.8581984153716e-06, 0.0500106986300478, 2.11957741657643e-06, -3.22207520921979e-06, -0.00869109404290556, -3.56272901684131e-09, 1.49287373965755e-05, -3.562729016843e-09, -1.06343632909352e-08, -1.49287373965755e-05, 2.57446518473262e-09, -1.39851502803253e-09, -9.42231869840474e-05, 
393, 18, 1.72292883698268e-06, -0.050016806967564, 1.72292883697942e-06, -1.87477693684504e-06, 0.050016806967564, 2.04549661567221e-06, -3.22837168479256e-06, -0.00879544247690242, 1.72651274662725e-06, -0.0500317089297258, 1.72651274662322e-06, -1.86417873685227e-06, 0.0500317089297258, 2.04290488825874e-06, -3.22703208175954e-06, -0.00870124325763757, -3.58390967075904e-09, 1.4901962161794e-05, -3.58390967075904e-09, -1.05982000293809e-08, -1.4901962161794e-05, 2.59172743208884e-09, -1.3396029903241e-09, -9.41992192648263e-05, 
394, 0, 1.81823841685433e-06, -0.0500185354784043, 1.81823841685096e-06, -1.78198098122895e-06, 0.0500185354784043, 2.21282257377121e-06, -3.11728720446093e-06, -0.00879550497811949, 1.82126363711485e-06, -0.0500334374438621, 1.82126363711126e-06, -1.77120890885806e-06, 0.0500334374438621, 2.21016679419585e-06, -3.11608597751216e-06, -0.00870130838271, -3.02522026851951e-09, 1.49019654578648e-05, -3.02522026851602e-09, -1.07720723518025e-08, -1.49019654578648e-05, 2.65577955155267e-09, -1.20122695294742e-09, -9.41965954094601e-05, 
394, 10, 1.7698339134305e-06, -0.0500506132545316, 1.7698339134269e-06, -1.7730239339236e-06, 0.0500506132545316, 2.34124906811611e-06, -3.07614834905626e-06, -0.00878637114945499, 1.77288222371587e-06, -0.0500655061972267, 1.77288222371227e-06, -1.76226351192478e-06, 0.0500655061972267, 2.33859560341051e-06, -3.07490441493042e-06, -0.00869218346112488, -3.04831030921823e-09, 1.48929426949951e-05, -3.04831030921643e-09, -1.07604219927003e-08, -1.48929426949951e-05, 2.65346453640852e-09, -1.24393414283504e-09, -9.41876883300989e-05, 
394, 18, 1.83315045209409e-06, -0.0500718616669781, 1.83315045209039e-06, -1.7721774245682e-06, 0.0500718616669781, 2.26328574534573e-06, -3.0792611859815e-06, -0.0087964523376176, 1.83621535458088e-06, -0.0500867277049254, 1.83621535457707e-06, -1.76144635933514e-06, 0.0500867277049254, 2.26060744465836e-06, -3.07807019917605e-06, -0.00870229450082598, -3.06490246850624e-09, 1.4866037947274e-05, -3.06490246850476e-09, -1.07310652429092e-08, -1.4866037947274e-05, 2.67830062466061e-09, -1.19098676384567e-09, -9.41578367916349e-05, 
395, 0, 1.92237386463815e-06, -0.0500732571427967, 1.92237386463596e-06, -1.67358640049847e-06, 0.0500732571427967, 2.42250433810247e-06, -2.95694020446855e-06, -0.00879647547777104, 1.92487291464609e-06, -0.0500881230272044, 1.9248729146426e-06, -1.66270808926123e-06, 0.0500881230272044, 2.41976950992943e-06, -2.95589149580174e-06, -0.00870232088542184, -2.49904996847346e-09, 1.48658844078128e-05, -2.49904996847695e-09, -1.08783112261937e-08, -1.48658844078128e-05, 2.73482821027215e-09, -1.04870861666153e-09, -9.4154592349186e-05, 
395, 10, 1.87746222108931e-06, -0.0500874439626753, 1.8774622210867e-06, -1.67129617301357e-06, 0.0500874439626753, 2.56352342890921e-06, -2.92750684447125e-06, -0.00878597308105361, 1.88000026419408e-06, -0.050102301164327, 1.88000026419059e-06, -1.66043049510724e-06, 0.050102301164327, 2.56078422737023e-06, -2.92641073239498e-06, -0.00869183041325149, -2.53804308678386e-09, 1.48572016516791e-05, -2.53804308678047e-09, -1.08656778857778e-08, -1.48572016516791e-05, 2.7392015308535e-09, -1.0961120916089e-09, -9.41426678021064e-05, 
395, 18, 1.9381046081509e-06, -0.0501093142994898, 1.93810460814764e-06, -1.66465823050514e-06, 0.0501093142994898, 2.4836117527583e-06, -2.93193696382977e-06, -0.00879612330820617, 1.94064598196592e-06, -0.0501241464977446, 1.94064598196375e-06, -1.65380813884042e-06, 0.0501241464977446, 2.4808430078128e-06, -2.9308892360731e-06, -0.00870201538741843, -2.54137379115366e-09, 1.48321982549143e-05, -2.54137379115536e-09, -1.08500916435502e-08, -1.48321982549143e-05, 2.76874484609623e-09, -1.0477277445022e-09, -9.41079207877303e-05, 
396, 0, 2.02097855264703e-06, -0.0501102261205476, 2.02097855264356e-06, -1.56063369170662e-06, 0.0501102261205476, 2.63448064386737e-06, -2.79829638360387e-06, -0.00879610542518561, 2.02294782733832e-06, -0.0501250580818766, 2.02294782733482e-06, -1.54966327557315e-06, 0.0501250580818766, 2.63166273922328e-06, -2.79739497339657e-06, -0.00870200134388893, -1.9692747089493e-09, 1.48319613288664e-05, -1.9692747089512e-09, -1.09704161411236e-08, -1.48319613288664e-05, 2.81790466557425e-09, -9.01410202275021e-10, -9.41040812966771e-05, 
396, 10, 1.97180749231821e-06, -0.0501022592909907, 1.97180749231516e-06, -1.56403790811125e-06, 0.0501022592909907, 2.77225418088346e-06, -2.77381785954626e-06, -0.00878390611342272, 1.97379804743698e-06, -0.0501170840424, 1.9737980474335e-06, -1.55306863267053e-06, 0.0501170840424, 2.76943118111914e-06, -2.77286458115277e-06, -0.00868981564572297, -1.99055507049496e-09, 1.48247514095522e-05, -1.99055507049665e-09, -1.09692754418785e-08, -1.48247514095522e-05, 2.82299963172553e-09, -9.53278422059875e-10, -9.40904676997453e-05, 
396, 18, 2.03140650279265e-06, -0.050125063292567, 2.03140650278939e-06, -1.55463212053227e-06, 0.050125063292567, 2.69364667096482e-06, -2.78463204526657e-06, -0.00879421190374099, 2.03342088209394e-06, -0.0501398663409095, 2.03342088209001e-06, -1.54367179531571e-06, 0.0501398663409095, 2.69078593029835e-06, -2.78372371329311e-06, -0.00870016038866031, -2.01437932344215e-09, 1.48030483426418e-05, -2.01437932344554e-09, -1.0960325221306e-08, -1.48030483426418e-05, 2.8607406084543e-09, -9.08331955480652e-10, -9.40515150806542e-05, 
397, 0, 2.10777240733367e-06, -0.0501254146502582, 2.10777240733062e-06, -1.44588486124892e-06, 0.0501254146502582, 2.83601298389198e-06, -2.64021253765666e-06, -0.00879414909106748, 2.10920913873293e-06, -0.050140217433051, 2.10920913872945e-06, -1.43483176920104e-06, 0.0501402174330511, 2.83311016635326e-06, -2.63945500624823e-06, -0.00870010196173502, -1.43673135561548e-09, 1.48027827928551e-05, -1.43673135561717e-09, -1.10530920063566e-08, -1.48027827928551e-05, 2.90281773917664e-09, -7.57531359435641e-10, -9.40471293324538e-05, 
397, 10, 2.05564510349414e-06, -0.0500951123168337, 2.05564510349109e-06, -1.45040572390893e-06, 0.0500951123168337, 2.96339193287297e-06, -2.6111554398736e-06, -0.00878037307052193, 2.05714339605827e-06, -0.0501099099692467, 2.05714339605521e-06, -1.43933519787375e-06, 0.0501099099692467, 2.9604686683974e-06, -2.61034247542307e-06, -0.00868634016977502, -1.4982926351367e-09, 1.47976524131883e-05, -1.4982926351367e-09, -1.10705260227708e-08, -1.47976524131883e-05, 2.92326440963695e-09, -8.12964408129385e-10, -9.40329007469202e-05, 
397, 18, 2.11560237244398e-06, -0.0501190283533061, 2.11560237244092e-06, -1.44124195555431e-06, 0.0501190283533061, 2.88698580485493e-06, -2.63370206737196e-06, -0.00879086245759953, 2.11709820057623e-06, -0.0501338083633839, 2.11709820057318e-06, -1.43018010707299e-06, 0.0501338083633839, 2.88403216947849e-06, -2.63293366757942e-06, -0.00869687172600437, -1.49582813790932e-09, 1.47800100779089e-05, -1.49582813791122e-09, -1.10618485048211e-08, -1.47800100779089e-05, 2.95363522679989e-09, -7.6839982499961e-10, -9.39907315951332e-05, 
398, 0, 2.18554816798213e-06, -0.050118853721093, 2.18554816797865e-06, -1.32820801701712e-06, 0.050118853721093, 3.02068483183023e-06, -2.4792824355095e-06, -0.00879076209096114, 2.18646223797593e-06, -0.0501336334825485, 2.1864622379718e-06, -1.31708114278579e-06, 0.0501336334825485, 3.01769654134721e-06, -2.47866913009578e-06, -0.00869677618011392, -9.14070011235786e-10, 1.4779761455523e-05, -9.14070011232398e-10, -1.11268742033051e-08, -1.4779761455523e-05, 2.98829040065533e-09, -6.13305374497613e-10, -9.3985910847198e-05, 
398, 10, 2.12959565095433e-06, -0.0500675183199379, 2.12959565095039e-06, -1.33234813750344e-06, 0.0500675183199379, 3.14442176798459e-06, -2.43353139103654e-06, -0.00877600625131379, 2.13054047815594e-06, -0.0500822957488092, 2.13054047815224e-06, -1.32119783786787e-06, 0.0500822957488092, 3.14141396846713e-06, -2.43285926345021e-06, -0.00868203393474968, -9.44827186264705e-10, 1.47774288709804e-05, -9.44827186262903e-10, -1.11502996264914e-08, -1.47774288709804e-05, 3.00779956808943e-09, -6.72127524954964e-10, -9.39723165640816e-05, 
398, 18, 2.19021750342965e-06, -0.050092486677802, 2.19021750342638e-06, -1.32456286896294e-06, 0.050092486677802, 3.07110660016168e-06, -2.4693106177076e-06, -0.00878665302393542, 2.19119621142593e-06, -0.0501072512224136, 2.19119621142245e-06, -1.31342332593195e-06, 0.0501072512224136, 3.06806615436272e-06, -2.46868277386881e-06, -0.00869272471132262, -9.78707983850906e-10, 1.47645446115828e-05, -9.78707983850908e-10, -1.1139543042187e-08, -1.47645446115828e-05, 3.040445731571e-09, -6.27843810820013e-10, -9.39283126127656e-05, 
399, 0, 2.25357160731467e-06, -0.0500918255517156, 2.25357160731097e-06, -1.20781012700838e-06, 0.0500918255517156, 3.19578010006966e-06, -2.30510639808836e-06, -0.00878653212017748, 2.2539663958611e-06, -0.0501065899203674, 2.25396639585763e-06, -1.19663292648067e-06, 0.0501065899203674, 3.1927123033052e-06, -2.30463802738544e-06, -0.00869260890805826, -3.94788485452704e-10, 1.4764368651821e-05, -3.94788485454184e-10, -1.11772004830791e-08, -1.4764368651821e-05, 3.06779679513057e-09, -4.68370703619399e-10, -9.39232121192517e-05, 
399, 10, 2.19896826600901e-06, -0.0500215993010701, 2.19896826600594e-06, -1.20855507031441e-06, 0.0500215993010701, 3.31857806319588e-06, -2.23685051466077e-06, -0.00877024686419631, 2.19942035326315e-06, -0.0500363638200008, 2.19942035325945e-06, -1.19735109018695e-06, 0.0500363638200008, 3.31548126264787e-06, -2.23632667626162e-06, -0.00867633657731324, -4.52087193837202e-10, 1.4764518930885e-05, -4.52087193833919e-10, -1.12039801354359e-08, -1.4764518930885e-05, 3.09680043279985e-09, -5.23838349890404e-10, -9.39102868830507e-05, 
399, 18, 2.25905675067421e-06, -0.0500475359139985, 2.25905675067116e-06, -1.20248011990026e-06, 0.0500475359139985, 3.24594526041924e-06, -2.28601023561387e-06, -0.00878104345320067, 2.25951408337922e-06, -0.0500622915628974, 2.25951408337574e-06, -1.19128483425588e-06, 0.0500622915628974, 3.24282557928772e-06, -2.28553428123647e-06, -0.00868717812488131, -4.57332698540425e-10, 1.4755648898994e-05, -4.57332698543814e-10, -1.11952856018377e-08, -1.4755648898994e-05, 3.11968124920654e-09, -4.75954334624911e-10, -9.38653283193611e-05, 
400, 0, 2.31590716726548e-06, -0.0500464410240245, 2.31590716726155e-06, -1.08218186303021e-06, 0.0500464410240245, 3.36061692122778e-06, -2.11255290351687e-06, -0.00878088049987456, 2.31577807480486e-06, -0.0500611965654969, 2.31577807480182e-06, -1.07097727729851e-06, 0.0500611965654969, 3.35747829611769e-06, -2.11224057549139e-06, -0.00868702043495175, 1.29092437926725e-10, 1.47555414726485e-05, 1.29092437925033e-10, -1.12045857311814e-08, -1.47555414726485e-05, 3.13862515918055e-09, -3.12328051664007e-10, -9.38600649228152e-05, 
400, 10, 2.25771753166282e-06, -0.0499559915658937, 2.25771753165999e-06, -1.08392096075494e-06, 0.0499559915658937, 3.47712141698238e-06, -2.02438562265032e-06, -0.00876475645677723, 2.25761885929255e-06, -0.0499707517526344, 2.25761885929015e-06, -1.07268436233132e-06, 0.0499707517526344, 3.47395316765806e-06, -2.02402276739261e-06, -0.00867090655163375, 9.8672350290682e-11, 1.47601867407575e-05, 9.8672350290682e-11, -1.1236598421058e-08, -1.47601867407575e-05, 3.16824925226286e-09, -3.62855299738026e-10, -9.38499051434641e-05, 
400, 18, 2.31735350265746e-06, -0.049982682260715, 2.31735350265484e-06, -1.07791461912523e-06, 0.049982682260715, 3.40513094630667e-06, -2.08501024621935e-06, -0.00877564743935485, 2.31726750905408e-06, -0.0499974395157619, 2.31726750905105e-06, -1.06669284226546e-06, 0.0499974395157619, 3.40194703878799e-06, -2.08469610930492e-06, -0.00868184118826206, 8.59936068270707e-11, 1.47572550470111e-05, 8.59936068251682e-11, -1.12217768529007e-08, -1.47572550470111e-05, 3.18390765674647e-09, -3.14136883653265e-10, -9.38062510928069e-05, 
401, 0, 2.36736722474369e-06, -0.0499810895398721, 2.36736722474042e-06, -9.54915234234627e-07, 0.0499810895398721, 3.50887989668554e-06, -1.90326034128534e-06, -0.00877549910243637, 2.3666924121191e-06, -0.0499958469046117, 2.36669241211539e-06, -9.43713507285492e-07, 0.0499958469046117, 3.50568602668072e-06, -1.90311292061786e-06, -0.00868169804830443, 6.74812627178969e-10, 1.47573647394463e-05, 6.74812627177277e-10, -1.12017269864341e-08, -1.47573647394463e-05, 3.19386998713607e-09, -1.47420725643007e-10, -9.38010541319645e-05, 
401, 10, 2.31108493309133e-06, -0.049878441184128, 2.3110849330885e-06, -9.5385569149063e-07, 0.049878441184128, 3.6206846010616e-06, -1.79588846013757e-06, -0.00875852322191051, 2.31043034167866e-06, -0.0498932067787981, 2.31043034167517e-06, -9.42638149362895e-07, 0.0498932067787981, 3.61745966608839e-06, -1.79568950655973e-06, -0.00866473026001422, 6.54591432066179e-10, 1.47655946703318e-05, 6.54591432069566e-10, -1.12175421707231e-08, -1.47655946703318e-05, 3.22493511173039e-09, -1.98953602398861e-10, -9.37929618962774e-05, 
401, 18, 2.37072970246789e-06, -0.0499057219664012, 2.37072970246462e-06, -9.47300959382446e-07, 0.0499057219664011, 3.55006627549715e-06, -1.86713998675982e-06, -0.00876951588348116, 2.37008068737754e-06, -0.0499204889100466, 2.3700806873745e-06, -9.36095012652012e-07, 0.0499204889100466, 3.54682860926238e-06, -1.86699591965133e-06, -0.00867576433122289, 6.49015103666411e-10, 1.47669436451742e-05, 6.49015103668105e-10, -1.12059466795759e-08, -1.47669436451742e-05, 3.23766633018259e-09, -1.44067069342504e-10, -9.37515522582398e-05, 
402, 0, 2.41390791800174e-06, -0.0499039019529497, 2.41390791799912e-06, -8.21723970857831e-07, 0.0499039019529497, 3.6422635104228e-06, -1.67790147694804e-06, -0.00876934274224384, 2.41267196464952e-06, -0.0499186692002901, 2.41267196464668e-06, -8.10568434376799e-07, 0.0499186692002901, 3.63902562622801e-06, -1.67792629467861e-06, -0.00867559619484313, 1.23595339694433e-09, 1.47672473404204e-05, 1.23595339694602e-09, -1.11555365091717e-08, -1.47672473404204e-05, 3.23788418074494e-09, 2.48177845659455e-11, -9.37465474007095e-05, 
402, 10, 2.35403768078605e-06, -0.0497947015688165, 2.3540376807832e-06, -8.23906418400072e-07, 0.0497947015688165, 3.74966000439524e-06, -1.56013756712529e-06, -0.00875143350780202, 2.35280666590811e-06, -0.049809479029061, 2.35280666590592e-06, -8.12734164943779e-07, 0.049809479029061, 3.74639510101845e-06, -1.56011806340465e-06, -0.00865769369741791, 1.23101486060791e-09, 1.47774602443938e-05, 1.23101486060982e-09, -1.1172253452572e-08, -1.47774602443938e-05, 3.26490339730083e-09, -1.95037806425875e-11, -9.37398103840955e-05, 
402, 18, 2.41587397132647e-06, -0.0498223300554448, 2.41587397132341e-06, -8.1422424698442e-07, 0.0498223300554448, 3.68116114068603e-06, -1.64005443092677e-06, -0.00876249341738614, 2.41463080749523e-06, -0.049837111090407, 2.4146308074928e-06, -8.03067369578934e-07, 0.049837111090407, 3.67788925289229e-06, -1.64009067403324e-06, -0.00866879214440314, 1.24316385531165e-09, 1.47810349623584e-05, 1.24316385531144e-09, -1.11568773989981e-08, -1.47810349623584e-05, 3.27188778100655e-09, 3.62430363399175e-11, -9.37012729829707e-05, 
403, 0, 2.45200179648247e-06, -0.0498203890017677, 2.45200179647921e-06, -6.86786073010428e-07, 0.0498203890017677, 3.76143046986109e-06, -1.44438017366047e-06, -0.00876230215870136, 2.45017461687472e-06, -0.0498351704743784, 2.45017461687189e-06, -6.75709853195651e-07, 0.0498351704743784, 3.75816781450258e-06, -1.44458678993695e-06, -0.00866860561189553, 1.82717961979232e-09, 1.47814726108067e-05, 1.82717961979211e-09, -1.10762198006774e-08, -1.47814726108067e-05, 3.26265538359517e-09, 2.06616269196686e-10, -9.36965468058294e-05, 
403, 10, 2.39072400846158e-06, -0.0497115723390537, 2.3907240084592e-06, -6.92506630741995e-07, 0.0497115723390537, 3.86291240530005e-06, -1.32939619063352e-06, -0.00874446419823589, 2.38885967167948e-06, -0.0497263651283988, 2.38885967167578e-06, -6.81415571004779e-07, 0.0497263651283988, 3.8596315840979e-06, -1.32955041380007e-06, -0.00865077281253607, 1.86433680104356e-09, 1.47927893453069e-05, 1.86433680104695e-09, -1.10910597438287e-08, -1.47927893453069e-05, 3.28082121339126e-09, 1.54223172412125e-10, -9.36913856998241e-05, 
403, 18, 2.45374219249873e-06, -0.049739195448974, 2.45374219249611e-06, -6.78742179833032e-07, 0.049739195448974, 3.79632222714875e-06, -1.41580554863661e-06, -0.00875550825398571, 2.4518785854636e-06, -0.0497539925211685, 2.45187858546076e-06, -6.67669311640263e-07, 0.0497539925211685, 3.79303221905534e-06, -1.41601627309562e-06, -0.00866185162795896, 1.8636070710354e-09, 1.47970721946929e-05, 1.86360707103519e-09, -1.10728681992187e-08, -1.47970721946929e-05, 3.29000814906755e-09, 2.1072451127779e-10, -9.36566260267275e-05, 
404, 0, 2.48293974602619e-06, -0.0497373062265918, 2.4829397460238e-06, -5.49698623159391e-07, 0.0497373062265918, 3.86487842309387e-06, -1.21489225519657e-06, -0.0087553297367549, 2.48049861841478e-06, -0.0497521038287133, 2.48049861841193e-06, -5.38738100689299e-07, 0.0497521038287133, 3.86160661745709e-06, -1.21527408747208e-06, -0.00866167744618568, 2.44112760831907e-09, 1.47976021213562e-05, 2.4411276083195e-09, -1.09605224655251e-08, -1.47976021213562e-05, 3.27180565606373e-09, 3.81832327040089e-10, -9.36522905691837e-05, 
404, 10, 2.42113820556833e-06, -0.0496355202692683, 2.42113820556637e-06, -5.59197733219613e-07, 0.0496355202692683, 3.97078029256121e-06, -1.10035448923212e-06, -0.00873839313545457, 2.41866235696148e-06, -0.0496503297112385, 2.4186623569591e-06, -5.48247534365174e-07, 0.0496503297112385, 3.9674915743546e-06, -1.10068834166721e-06, -0.00864474380504483, 2.47584860109136e-09, 1.48094419703262e-05, 2.47584860109157e-09, -1.09501988626008e-08, -1.48094419703262e-05, 3.28871816988318e-09, 3.33852480147114e-10, -9.36493304097196e-05, 
404, 18, 2.48475460444352e-06, -0.0496628136466959, 2.48475460444046e-06, -5.40445144809511e-07, 0.0496628136466959, 3.9059178045682e-06, -1.19153904356187e-06, -0.0087493552310253, 2.48224970484751e-06, -0.0496776268987062, 2.48224970484466e-06, -5.29490013918987e-07, 0.0496776268987062, 3.90262646960853e-06, -1.19192925059875e-06, -0.00865573582733582, 2.50489953522291e-09, 1.48132520104627e-05, 2.50489953522313e-09, -1.09551309027562e-08, -1.48132520104627e-05, 3.29133504353074e-09, 3.90207054316236e-10, -9.36194036894977e-05, 
405, 0, 2.5069562550876e-06, -0.0496611336889881, 2.50695625508478e-06, -4.10167118820216e-07, 0.0496611336889881, 3.96313506227317e-06, -9.85486012897608e-07, -0.00874920760771303, 2.50388039020163e-06, -0.0496759475294402, 2.50388039019922e-06, -3.99356325602515e-07, 0.0496759475294402, 3.95987106754535e-06, -9.86046516758942e-07, -0.00865559202913622, 3.07586487669022e-09, 1.48138404521029e-05, 3.07586487669678e-09, -1.08107932020003e-08, -1.48138404521029e-05, 3.26399476347566e-09, 5.60503836131185e-10, -9.36155785768644e-05, 
405, 10, 2.44717953396573e-06, -0.0495705225958482, 2.44717953396332e-06, -4.2482716054033e-07, 0.0495705225958482, 4.07185525557876e-06, -8.80325587938406e-07, -0.00873342206600381, 2.44405072416541e-06, -0.0495853483308831, 2.44405072416278e-06, -4.14046938874682e-07, 0.0495853483308831, 4.06858172128806e-06, -8.80832971469325e-07, -0.00863980657945597, 3.12880981056121e-09, 1.48257350349063e-05, 3.128809810561e-09, -1.07802216262453e-08, -1.48257350349063e-05, 3.27353427292235e-09, 5.07383465598466e-10, -9.3615486547846e-05, 
405, 18, 2.512433145073e-06, -0.0495973723239833, 2.51243314506973e-06, -3.97989282530137e-07, 0.0495973723239833, 4.00825009864999e-06, -9.73898049161218e-07, -0.00874433592587322, 2.50927732535597e-06, -0.0496122005447417, 2.50927732535357e-06, -3.87175407865799e-07, 0.0496122005447417, 4.00497028473243e-06, -9.74459583962092e-07, -0.00865074447529861, 3.15581970968674e-09, 1.48282207585053e-05, 3.15581970969013e-09, -1.0813874647502e-08, -1.48282207585053e-05, 3.27981384118965e-09, 5.61534907961562e-10, -9.35914505746211e-05, 
406, 0, 2.52755648104334e-06, -0.0495959882307071, 2.52755648104072e-06, -2.66682819874379e-07, 0.0495959882307071, 4.05439080827311e-06, -7.63438533377179e-07, -0.00874422377057154, 2.52383764644801e-06, -0.0496108170744419, 2.52383764644474e-06, -2.56045888989541e-07, 0.0496108170744419, 4.05114781792313e-06, -7.64169096031099e-07, -0.00865063554414769, 3.7188345996722e-09, 1.48288437348219e-05, 3.7188345996722e-09, -1.06369308810032e-08, -1.48288437348219e-05, 3.24299047082248e-09, 7.30562609165877e-10, -9.35882264238737e-05, 
406, 10, 2.46486586266324e-06, -0.0495196483560283, 2.46486586266039e-06, -2.94384871333705e-07, 0.0495196483560282, 4.16315858034976e-06, -6.74719045049526e-07, -0.00872950813409138, 2.46111104418325e-06, -0.0495344884687478, 2.46111104418128e-06, -2.83763274108353e-07, 0.0495344884687478, 4.15989669119835e-06, -6.75399731601456e-07, -0.00863591661054856, 3.7548184808787e-09, 1.48401127196819e-05, 3.75481848088188e-09, -1.06215972317245e-08, -1.48401127196819e-05, 3.26188907614703e-09, 6.80686560219798e-10, -9.35915235428078e-05, 
406, 18, 2.53224151171953e-06, -0.0495459550851839, 2.53224151171692e-06, -2.57422461517493e-07, 0.0495459550851839, 4.10152576841174e-06, -7.69152614409157e-07, -0.00874040288169293, 2.52844961015227e-06, -0.0495607955115151, 2.52844961014987e-06, -2.46773387361123e-07, 0.0495607955115151, 4.09826342368949e-06, -7.69878582916675e-07, -0.00864682879600887, 3.79190155248933e-09, 1.48404263313065e-05, 3.79190155248595e-09, -1.06490741737124e-08, -1.48404263313065e-05, 3.2623447846438e-09, 7.25968548120774e-10, -9.35740856840553e-05, 
407, 0, 2.54031834743886e-06, -0.049544940373841, 2.54031834743602e-06, -1.25694119104097e-07, 0.049544940373841, 4.13724620788042e-06, -5.54898484326616e-07, -0.00874032404264577, 2.5359718238381e-06, -0.0495597814237853, 2.53597182383506e-06, -1.15254641154447e-07, 0.0495597814237853, 4.13402979612859e-06, -5.55791505360861e-07, -0.00864675252511224, 4.34652359782984e-09, 1.48410499443589e-05, 4.34652359782624e-09, -1.04394779809556e-08, -1.48410499443589e-05, 3.21641167966136e-09, 8.93021150870891e-10, -9.35715175335206e-05, 
407, 10, 2.4753686398015e-06, -0.0494848745454984, 2.47536863979823e-06, -1.70267277419988e-07, 0.0494848745454984, 4.24522859928483e-06, -4.85267600781155e-07, -0.0087268520554509, 2.47098089956191e-06, -0.0494997258879172, 2.47098089955928e-06, -1.59844280194148e-07, 0.0494997258879172, 4.24199327108817e-06, -4.86106354140588e-07, -0.00863327305768708, 4.3877402537283e-09, 1.48513424186631e-05, 4.38774025373486e-09, -1.04229971939904e-08, -1.48513424186631e-05, 3.23532823262267e-09, 8.38753300311062e-10, -9.35789977638355e-05, 
407, 18, 2.5450205808112e-06, -0.0495105471305559, 2.54502058080835e-06, -1.21048956488484e-07, 0.0495105471305559, 4.18674749341198e-06, -5.77828245328243e-07, -0.00873772967648818, 2.54061158543262e-06, -0.0495253962407323, 2.5406115854302e-06, -1.1059771382309e-07, 0.0495253962407323, 4.18351403227098e-06, -5.78708734851837e-07, -0.00864416093073185, 4.40899536100622e-09, 1.48491101765166e-05, 4.40899536100622e-09, -1.04512427058361e-08, -1.48491101765166e-05, 3.23346112751065e-09, 8.8048949702135e-10, -9.35687457563313e-05, 
408, 0, 2.54642991198885e-06, -0.0495099540496286, 2.5464299119871e-06, 1.08367432690398e-08, 0.0495099540496286, 4.21285084834115e-06, -3.59992228343014e-07, -0.00873769066271357, 2.54147988999536e-06, -0.0495248037640541, 2.54147988999273e-06, 2.10477190803473e-08, 0.0495248037640541, 4.20967132047245e-06, -3.61037436009038e-07, -0.00864412379245991, 4.95002198390316e-09, 1.48497144253031e-05, 4.95002198390315e-09, -1.02109758061206e-08, -1.48497144253031e-05, 3.1795278422495e-09, 1.04520760773207e-09, -9.35668702536762e-05, 
408, 10, 2.4812082333821e-06, -0.0494660402974072, 2.48120823337989e-06, -5.11969750253676e-08, 0.0494660402974072, 4.31827358309922e-06, -3.07421301525656e-07, -0.00872575126345987, 2.47622329506618e-06, -0.0494808994575812, 2.47622329506355e-06, -4.10239181680529e-08, 0.0494808994575812, 4.3150763208657e-06, -3.08413000071232e-07, -0.00863217185206657, 4.98493830376214e-09, 1.48591601738933e-05, 4.98493830376574e-09, -1.01730568318685e-08, -1.48591601738933e-05, 3.19726221731488e-09, 9.91698430178212e-10, -9.35794113933182e-05, 
408, 19, 2.55165161048847e-06, -0.0494913288009251, 2.55165161048542e-06, 1.00263837588464e-08, 0.0494913288009251, 4.26557669876512e-06, -3.977232841554e-07, -0.00873662083538904, 2.54665174425771e-06, -0.0495061841509848, 2.54665174425551e-06, 2.02580420992643e-08, 0.0495061841509848, 4.26238568171721e-06, -3.98748296940985e-07, -0.00864304531117764, 4.99986618448285e-09, 1.48553500597153e-05, 4.99986618448645e-09, -1.02316583389381e-08, -1.48553500597153e-05, 3.19101702890357e-09, 1.02501272840821e-09, -9.35755242113699e-05, 
409, 0, 2.54697621300679e-06, -0.049491051845857, 2.54697621300416e-06, 1.43488609862736e-07, 0.049491051845857, 4.28180476524268e-06, -1.75179987598613e-07, -0.00873663968891768, 2.5414508084301e-06, -0.0495059077012427, 2.54145080842702e-06, 1.53451344636724e-07, 0.0495059077012427, 4.27867210407139e-06, -1.76369161575938e-07, -0.00864306514075051, 5.52540457230553e-09, 1.48558553854243e-05, 5.52540457230553e-09, -9.9627347558565e-09, -1.48558553854243e-05, 3.13266121483619e-09, 1.18917392550104e-09, -9.35745481671915e-05, 
409, 10, 2.48642313399931e-06, -0.0494623096280615, 2.48642313399669e-06, 7.24582298949774e-08, 0.0494623096280615, 4.3772195035972e-06, -1.41536017597678e-07, -0.0087260033098641, 2.48086654309754e-06, -0.0494771736498667, 2.48086654309407e-06, 8.23771733537925e-08, 0.0494771736498667, 4.37407017634446e-06, -1.4266829260698e-07, -0.00863241043596254, 5.55659087167175e-09, 1.48640218051763e-05, 5.55659087167196e-09, -9.91894344429768e-09, -1.48640218051763e-05, 3.14932729155779e-09, 1.13227492780955e-09, -9.35928739015299e-05, 
409, 19, 2.55714028491897e-06, -0.0494866515147652, 2.55714028491635e-06, 1.43895815273965e-07, 0.0494866515147652, 4.3302712403071e-06, -2.28627274811712e-07, -0.008736736576231, 2.5515740197938e-06, -0.0495015097565411, 2.55157401979159e-06, 1.53872165453271e-07, 0.0495015097565411, 4.32713193780357e-06, -2.29787925449881e-07, -0.00864313938983769, 5.56626511486258e-09, 1.48582417759876e-05, 5.56626511486258e-09, -9.97635021503795e-09, -1.48582417759876e-05, 3.1393024399263e-09, 1.16065062037457e-09, -9.35971863933001e-05, 
410, 0, 2.54584929721096e-06, -0.0494867643887321, 2.54584929720748e-06, 2.77353919929182e-07, 0.0494867643887321, 4.33768172356227e-06, -3.55213675847523e-09, -0.00873679189274267, 2.53977183803467e-06, -0.049501623142805, 2.53977183803204e-06, 2.87032914806244e-07, 0.049501623142805, 4.33460780731306e-06, -4.87365348826584e-09, -0.00864319506670939, 6.07745914823875e-09, 1.48587540729647e-05, 6.07745914823897e-09, -9.67899493727973e-09, -1.48587540729647e-05, 3.07391624832738e-09, 1.3215167673062e-09, -9.35968260332808e-05, 
410, 10, 2.48570992873208e-06, -0.049470956198673, 2.4857099287299e-06, 1.92664997542289e-07, 0.049470956198673, 4.41643177298754e-06, 1.30316511853952e-08, -0.00872792291109919, 2.47961746578454e-06, -0.0494858228552109, 2.47961746578107e-06, 2.02312975737468e-07, 0.0494858228552109, 4.41333927554145e-06, 1.17658482861787e-08, -0.00863430117858756, 6.09246292446954e-09, 1.48666565376844e-05, 6.09246292446954e-09, -9.647978188083e-09, -1.48666565376844e-05, 3.09249752606897e-09, 1.2658030229951e-09, -9.3621732511622e-05, 
410, 19, 2.55454269530516e-06, -0.0494941765984804, 2.55454269530252e-06, 2.69149720817542e-07, 0.0494941765984804, 4.37522857983264e-06, -7.41560227640277e-08, -0.00873840620718475, 2.54844078464007e-06, -0.0495090368610799, 2.54844078463746e-06, 2.78849875251357e-07, 0.0495090368610799, 4.37215283001907e-06, -7.5442660497747e-08, -0.00864477246596598, 6.10191068921419e-09, 1.4860262599353e-05, 6.10191068921419e-09, -9.70015437817647e-09, -1.4860262599353e-05, 3.07574984728383e-09, 1.28663760535817e-09, -9.36337412188079e-05, 
411, 0, 2.53691947062758e-06, -0.0494946190465292, 2.53691947062496e-06, 4.02010161339924e-07, 0.0494946190465292, 4.37449359952263e-06, 1.52658452570085e-07, -0.00873851074106268, 2.53032248505284e-06, -0.0495094798732049, 2.53032248505024e-06, 4.11386106753338e-07, 0.0495094798732049, 4.37148962133283e-06, 1.51214731660665e-07, -0.00864487679600817, 6.59698557529667e-09, 1.48608266756666e-05, 6.59698557529688e-09, -9.37594546064044e-09, -1.48608266756666e-05, 3.00397822753655e-09, 1.44372096350661e-09, -9.36339450545266e-05, 
411, 10, 2.48098423545304e-06, -0.0494899926321013, 2.48098423545083e-06, 3.16001821930294e-07, 0.0494899926321013, 4.43383099117923e-06, 1.61806073493844e-07, -0.00873107350954715, 2.47437848576258e-06, -0.0495048614319513, 2.47437848575995e-06, 3.25371141426693e-07, 0.0495048614319513, 4.43080471458519e-06, 1.60423155541679e-07, -0.00863740814427529, 6.60574968613994e-09, 1.48687998500784e-05, 6.60574968613655e-09, -9.36931951751283e-09, -1.48687998500784e-05, 3.02627662809669e-09, 1.38291799081792e-09, -9.36653652718416e-05, 
411, 19, 2.54608649161169e-06, -0.0495120957661019, 2.54608649160906e-06, 3.92862188417996e-07, 0.0495120957661019, 4.39857237962654e-06, 7.29353291987062e-08, -0.00874122151279067, 2.53948499957165e-06, -0.0495269582953998, 2.53948499956903e-06, 4.02267717962578e-07, 0.0495269582953998, 4.39556951770937e-06, 7.15320868366351e-08, -0.00864753792996919, 6.60149205085386e-09, 1.4862529298026e-05, 6.60149205086085e-09, -9.40552953979619e-09, -1.4862529298026e-05, 3.0028619253511e-09, 1.40324220985897e-09, -9.36835828214876e-05, 
412, 0, 2.52234672636163e-06, -0.0495128361796769, 2.522346726359e-06, 5.25330726867508e-07, 0.0495128361796769, 4.39007401379857e-06, 3.00752184039597e-07, -0.00874135781744268, 2.51526664794992e-06, -0.0495276993458011, 2.51526664794728e-06, 5.34385209460936e-07, 0.0495276993458011, 4.38714899017833e-06, 2.99196161535736e-07, -0.00864767357887219, 7.08007840798226e-09, 1.48631661242353e-05, 7.08007840798248e-09, -9.05448265886349e-09, -1.48631661242353e-05, 2.92502353442366e-09, 1.5560225593686e-09, -9.36842385705075e-05, 
412, 10, 2.47568957281585e-06, -0.0495165530346289, 2.47568957281278e-06, 4.56418622405632e-07, 0.0495165530346289, 4.43566609044935e-06, 3.30250370244129e-07, -0.00873499569242614, 2.46860756379155e-06, -0.0495314245267849, 2.46860756378893e-06, 4.65450899765689e-07, 0.0495314245267849, 4.43271909291731e-06, 3.28762295643387e-07, -0.0086412744567809, 7.08200902041616e-09, 1.48714921558075e-05, 7.08200902041573e-09, -9.03227738356827e-09, -1.48714921558075e-05, 2.94699752605928e-09, 1.48807462292798e-09, -9.37212356452235e-05, 
412, 19, 2.53558089637131e-06, -0.0495378543307905, 2.53558089636829e-06, 5.26053451361841e-07, 0.0495378543307905, 4.40256742170933e-06, 2.23956623645681e-07, -0.00874476449334176, 2.52850928303773e-06, -0.0495527201943492, 2.52850928303466e-06, 5.35147447051675e-07, 0.0495527201943492, 4.39964729927016e-06, 2.22443224152374e-07, -0.00865102077722385, 7.07161333297259e-09, 1.48658635584954e-05, 7.07161333297598e-09, -9.09399566313326e-09, -1.48658635584954e-05, 2.92012245849106e-09, 1.51339935597978e-09, -9.37437161178975e-05, 
413, 0, 2.50527011831231e-06, -0.0495388258813086, 2.5052701183088e-06, 6.58279441808262e-07, 0.0495388258813086, 4.38615665385474e-06, 4.52282923288509e-07, -0.00874492102947128, 2.49773635879852e-06, -0.0495536924751091, 2.49773635879635e-06, 6.6699434601709e-07, 0.0495536924751091, 4.38332056399942e-06, 4.50621616691129e-07, -0.00865117633969942, 7.53375948417228e-09, 1.48665938003453e-05, 7.53375948417567e-09, -8.714904188368e-09, -1.48665938003453e-05, 2.83608991334551e-09, 1.66130645568575e-09, -9.37446897718322e-05, 
413, 10, 2.46222085697658e-06, -0.0495484886648301, 2.46222085697398e-06, 5.98906584339958e-07, 0.0495484886648301, 4.41737905463233e-06, 5.16052391757983e-07, -0.00873956861917657, 2.45466007910499e-06, -0.0495633644746482, 2.45466007910195e-06, 6.07498602679937e-07, 0.0495633644746482, 4.41453556569638e-06, 5.14453774528101e-07, -0.00864578203820122, 7.56077787204593e-09, 1.48758098180383e-05, 7.56077787203915e-09, -8.5920183261823e-09, -1.48758098180383e-05, 2.84348893989909e-09, 1.59861723042922e-09, -9.37865809753486e-05, 
413, 19, 2.51763032397844e-06, -0.049569537983203, 2.51763032397583e-06, 6.5859317321361e-07, 0.049569537983203, 4.38631142967747e-06, 3.82411013063267e-07, -0.00874901635291159, 2.51010225216707e-06, -0.0495844094165367, 2.5101022521636e-06, 6.67325212486989e-07, 0.0495844094165367, 4.38348965787502e-06, 3.80789171825868e-07, -0.00865520482666936, 7.52807181727423e-09, 1.48714333337477e-05, 7.52807181727423e-09, -8.73203933068634e-09, -1.48714333337477e-05, 2.8217718169275e-09, 1.62184118711523e-09, -9.38115262422121e-05, 
414, 0, 2.4806076900129e-06, -0.0495707055177442, 2.48060769001027e-06, 7.89639458279023e-07, 0.0495707055177442, 4.36142873632492e-06, 6.09790209830774e-07, -0.00874919270749432, 2.47263630416488e-06, -0.0495855777947337, 2.47263630416227e-06, 7.97967702314926e-07, 0.0495855777947337, 4.35869643732466e-06, 6.08025599208259e-07, -0.00865538000609923, 7.97138584643201e-09, 1.48722769894252e-05, 7.97138584643222e-09, -8.3282440346949e-09, -1.48722769894252e-05, 2.73229894982796e-09, 1.76461049917483e-09, -9.3812701395107e-05, 
414, 10, 2.4369840453603e-06, -0.0495808400058209, 2.4369840453577e-06, 7.23229058985944e-07, 0.0495808400058209, 4.36783773133671e-06, 6.84925597152078e-07, -0.00874407169422476, 2.42895854673783e-06, -0.0495957233878337, 2.42895854673434e-06, 7.31355029815749e-07, 0.0495957233878337, 4.36510700071558e-06, 6.8322030049081e-07, -0.00865021238287679, 8.02549862610207e-09, 1.48833820129404e-05, 8.02549862610885e-09, -8.12597081580949e-09, -1.48833820129404e-05, 2.73073055364254e-09, 1.70529677941181e-09, -9.38593113479678e-05, 
414, 19, 2.49064271447379e-06, -0.0496023985216053, 2.49064271447075e-06, 7.86676501039116e-07, 0.0496023985216053, 4.345342378642e-06, 5.4432426410593e-07, -0.00875352425285101, 2.48267693850342e-06, -0.0496172791391725, 2.4826769385008e-06, 7.94981202693562e-07, 0.0496172791391725, 4.34263551240311e-06, 5.42594688613587e-07, -0.00865963951334499, 7.96577595911195e-09, 1.48806175673555e-05, 7.96577595911195e-09, -8.30470168973963e-09, -1.48806175673555e-05, 2.70686629363547e-09, 1.72957548208232e-09, -9.38847395060221e-05, 
415, 0, 2.44715784637298e-06, -0.0496036280402777, 2.44715784636996e-06, 9.16189336440761e-07, 0.0496036280402777, 4.31173189113851e-06, 7.6910376824982e-07, -0.0087537071839274, 2.43877305844442e-06, -0.0496185096107299, 2.43877305844224e-06, 9.24072066855013e-07, 0.0496185096107299, 4.30911917996015e-06, 7.67236460793966e-07, -0.00865982119115292, 8.38478793452587e-09, 1.48815704522369e-05, 8.38478793452587e-09, -7.88273038529e-09, -1.48815704522369e-05, 2.61271117419649e-09, 1.86730752866645e-09, -9.38859927744694e-05, 
415, 10, 2.40101309892035e-06, -0.0496108853497579, 2.40101309891728e-06, 8.37063697149404e-07, 0.0496108853497579, 4.29145285829427e-06, 8.55946507665541e-07, -0.00874746093543122, 2.39258872060277e-06, -0.0496257798596317, 2.39258872060057e-06, 8.44789974779665e-07, 0.0496257798596317, 4.28883411212867e-06, 8.54123696429153e-07, -0.00865352531866656, 8.42437832754087e-09, 1.48945098740356e-05, 8.42437832754087e-09, -7.72627765944078e-09, -1.48945098740356e-05, 2.61874618006622e-09, 1.82281134050555e-09, -9.39356167646192e-05, 
415, 19, 2.45322355912639e-06, -0.0496335766195875, 2.45322355912294e-06, 9.10304935253827e-07, 0.0496335766195875, 4.27853837196986e-06, 7.14263878608294e-07, -0.00875739292959496, 2.4448348875351e-06, -0.049648469299461, 2.44483488753205e-06, 9.18104508173986e-07, 0.049648469299461, 4.27596565020168e-06, 7.1243106036952e-07, -0.0086634337370801, 8.38867159311129e-09, 1.48926798735016e-05, 8.3886715931079e-09, -7.79957289618439e-09, -1.48926798735016e-05, 2.57272178042293e-09, 1.83281812985385e-09, -9.395919251488e-05, 
416, 0, 2.40340235157656e-06, -0.0496347878686078, 2.40340235157351e-06, 1.03783817683424e-06, 0.0496347878686078, 4.23584973002327e-06, 9.35501567394717e-07, -0.00875756229925279, 2.3946218416159e-06, -0.0496496815949577, 2.39462184161282e-06, 1.04519751288727e-06, 0.0496496815949577, 4.23337595883865e-06, 9.33537212840613e-07, -0.0086636019157446, 8.78050992216409e-09, 1.48937263499223e-05, 8.78050992216049e-09, -7.35933603995733e-09, -1.48937263499223e-05, 2.47377116876299e-09, 1.9643545547808e-09, -9.39603835082043e-05, 
416, 10, 2.35489453406276e-06, -0.0496434793701988, 2.35489453406013e-06, 9.51970202302233e-07, 0.0496434793701988, 4.19637784186812e-06, 1.05924154689231e-06, -0.00875020266728689, 2.34605183891374e-06, -0.0496583860817753, 2.34605183891066e-06, 9.59276251127112e-07, 0.0496583860817753, 4.19388485511481e-06, 1.05729067345186e-06, -0.00865619342859818, 8.84269516453781e-09, 1.49067115762183e-05, 8.84269516454119e-09, -7.30604886859422e-09, -1.49067115762183e-05, 2.49298677892599e-09, 1.95087345262506e-09, -9.40092386887332e-05, 
416, 19, 2.40575019940554e-06, -0.0496671284379999, 2.40575019940293e-06, 1.03198828520435e-06, 0.0496671284379999, 4.19017151791752e-06, 8.96316237206706e-07, -0.00876071887343488, 2.3969751418856e-06, -0.0496820327120399, 2.39697514188344e-06, 1.03927732586268e-06, 0.0496820327120399, 4.18774281896934e-06, 8.94372705785711e-07, -0.0086666898560496, 8.77505753464154e-09, 1.49042740399212e-05, 8.77505753464154e-09, -7.28904065355487e-09, -1.49042740399212e-05, 2.42869899401604e-09, 1.94353142930539e-09, -9.40290173853088e-05, 
417, 0, 2.34965766177427e-06, -0.0496684415507244, 2.34965766177119e-06, 1.15701393205127e-06, 0.0496684415507244, 4.13792649116344e-06, 1.11288348679841e-06, -0.00876088348924585, 2.34051693287233e-06, -0.0496833469240436, 2.34051693286927e-06, 1.16384021967213e-06, 0.0496833469240436, 4.13560267754727e-06, 1.11081611797471e-06, -0.00866685347036421, 9.1407288959355e-09, 1.49053733192515e-05, 9.14072889593211e-09, -6.82628766630819e-09, -1.49053733192515e-05, 2.32381360095591e-09, 2.06736872996453e-09, -9.40300188816375e-05, 
417, 10, 2.3021404946687e-06, -0.0496858838279984, 2.30214049466565e-06, 1.07003371505843e-06, 0.0496858838279984, 4.0863233423248e-06, 1.26429102128081e-06, -0.00875376879623111, 2.29293510961121e-06, -0.0497008002464573, 2.29293510960861e-06, 1.0767829703887e-06, 0.0497008002464573, 4.0839843347374e-06, 1.2622402158766e-06, -0.00865969392663327, 9.20538505381958e-09, 1.49164184588633e-05, 9.20538505381958e-09, -6.7492553522002e-09, -1.49164184588633e-05, 2.33900760016755e-09, 2.0508053145952e-09, -9.40748695978498e-05, 
417, 19, 2.34905876753599e-06, -0.0497095690274648, 2.34905876753294e-06, 1.1487409828517e-06, 0.0497095690274648, 4.08627001698454e-06, 1.08139374940006e-06, -0.00876459942206713, 2.33992965218355e-06, -0.0497244806477687, 2.3399296521805e-06, 1.15544403890133e-06, 0.0497244806477686, 4.08399655970292e-06, 1.07935007544519e-06, -0.00867051008464435, 9.12911535504554e-09, 1.49116203037829e-05, 9.12911535505232e-09, -6.7030560316986e-09, -1.49116203037829e-05, 2.27345729678517e-09, 2.04367384762819e-09, -9.40893374227906e-05, 
418, 0, 2.28688519447589e-06, -0.0497111462454298, 2.2868851944733e-06, 1.27071318712865e-06, 0.0497111462454298, 4.02450095453307e-06, 1.29246813477077e-06, -0.00876478956674436, 2.27742091444502e-06, -0.049726058930553, 2.27742091444195e-06, 1.27693820669953e-06, 0.049726058930553, 4.02233714819128e-06, 1.29030811854999e-06, -0.00867069957236279, 9.46428002133148e-09, 1.49126851230394e-05, 9.46428002133169e-09, -6.22501947064739e-09, -1.49126851230393e-05, 2.1638062840145e-09, 2.1600161541316e-09, -9.40899943815552e-05, 
418, 10, 2.24395385275779e-06, -0.0497402629758939, 2.24395385275433e-06, 1.17742303567324e-06, 0.0497402629758939, 3.9679995485555e-06, 1.44438147585751e-06, -0.00875857015334109, 2.23444361726306e-06, -0.049755183903661, 2.23444361726046e-06, 1.1835868650934e-06, 0.049755183903661, 3.96581222986789e-06, 1.44223115115735e-06, -0.00866444129254457, 9.51023548561775e-09, 1.49209277670729e-05, 9.51023548561754e-09, -6.16382946092525e-09, -1.49209277670729e-05, 2.1873186812857e-09, 2.15032471743508e-09, -9.41288607965316e-05, 
418, 19, 2.28513845032749e-06, -0.0497633990550494, 2.28513845032444e-06, 1.25810931079809e-06, 0.0497633990550494, 3.97403503632093e-06, 1.26430925220225e-06, -0.00876949958775913, 2.27568599033981e-06, -0.0497783113459019, 2.27568599033718e-06, 1.26421936000996e-06, 0.0497783113459019, 3.97191882258845e-06, 1.26216693093199e-06, -0.00867536285855553, 9.45245999435452e-09, 1.49122908525742e-05, 9.45245999435113e-09, -6.11004925928191e-09, -1.49122908525742e-05, 2.11621375743908e-09, 2.14232113833002e-09, -9.41367292036144e-05, 
419, 0, 2.21721912320698e-06, -0.0497652585178833, 2.21721912320393e-06, 1.37665848231632e-06, 0.0497652585178833, 3.90299201565477e-06, 1.46949862446892e-06, -0.00876971780807298, 2.20746177708316e-06, -0.0497801717739917, 2.20746177708097e-06, 1.382274300703e-06, 0.0497801717739917, 3.90099052470515e-06, 1.46724817735836e-06, -0.00867558085593625, 9.75734611291652e-09, 1.49132561084236e-05, 9.75734611292012e-09, -5.61581835590572e-09, -1.49132561084236e-05, 2.00149101183114e-09, 2.25044729239151e-09, -9.41369521367421e-05, 
419, 10, 2.18135420203364e-06, -0.0498060224037963, 2.18135420203059e-06, 1.28395210491732e-06, 0.0498060224037963, 3.84522470274378e-06, 1.6221117140315e-06, -0.00876303846533259, 2.17156426685563e-06, -0.0498209399341347, 2.17156426685346e-06, 1.2895582882274e-06, 0.0498209399341347, 3.84319732614415e-06, 1.61985836714622e-06, -0.00866887050317066, 9.78993519155176e-09, 1.49175303382176e-05, 9.78993519155176e-09, -5.60618336903239e-09, -1.49175303382176e-05, 2.02737658563411e-09, 2.25334694817763e-09, -9.41679621619119e-05, 
419, 19, 2.21578310292095e-06, -0.0498287240470883, 2.21578310291791e-06, 1.36556405057946e-06, 0.0498287240470883, 3.85529308151623e-06, 1.44833618469998e-06, -0.00877403835791836, 2.20602746903545e-06, -0.0498436269188863, 2.20602746903282e-06, 1.3710860742787e-06, 0.0498436269188863, 3.8533370072779e-06, 1.44609689387968e-06, -0.00867987057138734, 9.75563389676907e-09, 1.49028717979679e-05, 9.75563389676907e-09, -5.52202368906402e-09, -1.49028717979679e-05, 1.9560742817307e-09, 2.2392908531519e-09, -9.41677865310214e-05, 
420, 0, 2.14211508237129e-06, -0.0498308442079321, 2.14211508236866e-06, 1.48066840047181e-06, 0.0498308442079321, 3.77483076887616e-06, 1.64746461621425e-06, -0.0087742328081696, 2.13208464068647e-06, -0.0498457478612356, 2.13208464068387e-06, 1.48568012346961e-06, 0.0498457478612356, 3.77299438543941e-06, 1.64512616548145e-06, -0.00868006531785366, 1.00304416744035e-08, 1.49036533035308e-05, 1.00304416744066e-08, -5.01172301668663e-09, -1.49036533035308e-05, 1.83638341162158e-09, 2.33845072965769e-09, -9.41674903159433e-05, 
420, 10, 2.1147731314188e-06, -0.0498771482737163, 2.1147731314162e-06, 1.39263127637667e-06, 0.0498771482737163, 3.71623126203364e-06, 1.79903425630626e-06, -0.00876874417366436, 2.10472393114211e-06, -0.0498920543402033, 2.10472393113906e-06, 1.39764933065019e-06, 0.0498920543402033, 3.71437298306983e-06, 1.79668510205905e-06, -0.00867455205581717, 1.00492002739208e-08, 1.4906066486984e-05, 1.00492002739206e-08, -5.01805423868771e-09, -1.4906066486984e-05, 1.85827899032359e-09, 2.34915421925979e-09, -9.41921178471802e-05, 
420, 18, 2.14016822944502e-06, -0.0498992686761035, 2.1401682294424e-06, 1.47420534387256e-06, 0.0498992686761035, 3.72450880104567e-06, 1.63559729397042e-06, -0.00877972781529795, 2.13013396869254e-06, -0.0499141564125932, 2.13013396868993e-06, 1.47913680816114e-06, 0.0499141564125932, 3.72271453514945e-06, 1.63325865572726e-06, -0.0086855412073196, 1.00342607490654e-08, 1.48877364896239e-05, 1.0034260749062e-08, -4.93146427208836e-09, -1.48877364896239e-05, 1.79426588193086e-09, 2.33863816193525e-09, -9.41866079783307e-05, 
421, 0, 2.06136194267409e-06, -0.049901551044114, 2.06136194267149e-06, 1.58294416729939e-06, 0.049901551044114, 3.6353952173285e-06, 1.82893425192557e-06, -0.00877995812238949, 2.05108125112779e-06, -0.0499164395333673, 2.05108125112563e-06, 1.58735128756997e-06, 0.0499164395333673, 3.63372720164186e-06, 1.82651044851276e-06, -0.00868577238934035, 1.02806915369376e-08, 1.48884892532581e-05, 1.02806915369407e-08, -4.40712025435773e-09, -1.48884892532581e-05, 1.66801576684299e-09, 2.42380341780295e-09, -9.41857330491707e-05, 
421, 10, 2.04458993776578e-06, -0.0499480946858734, 2.04458993776318e-06, 1.49405170059262e-06, 0.0499480946858734, 3.58074395236516e-06, 1.95574445314093e-06, -0.00877529456263573, 2.03431345149008e-06, -0.0499629857084437, 2.03431345148748e-06, 1.4984447897128e-06, 0.0499629857084437, 3.57904859059435e-06, 1.95332403489035e-06, -0.0086810895501669, 1.02764862771988e-08, 1.48910225702075e-05, 1.02764862772021e-08, -4.39308906969287e-09, -1.48910225702075e-05, 1.69536176472089e-09, 2.42041840854339e-09, -9.42050124688193e-05, 
421, 18, 2.06069469080812e-06, -0.0499707379784555, 2.06069469080505e-06, 1.57639798817001e-06, 0.0499707379784555, 3.59000186059201e-06, 1.80971857193159e-06, -0.00878648917308828, 2.0504137963246e-06, -0.0499856117343676, 2.05041379632155e-06, 1.58078177952816e-06, 0.0499856117343676, 3.58836769958801e-06, 1.80729639386996e-06, -0.008692293458819, 1.02808944804337e-08, 1.4873755911768e-05, 1.02808944804337e-08, -4.3837913725324e-09, -1.4873755911768e-05, 1.63416103262815e-09, 2.4221780241488e-09, -9.4195714269299e-05, 
422, 0, 1.97648854373487e-06, -0.0499729730125415, 1.97648854373181e-06, 1.68070322774355e-06, 0.0499729730125415, 3.49199064162265e-06, 1.99499405075689e-06, -0.00878672397729615, 1.96598906025155e-06, -0.0499878475470176, 1.96598906024938e-06, 1.68454898292905e-06, 0.0499878475470176, 3.49048682111714e-06, 1.99249491322121e-06, -0.00869252950378009, 1.04994834877781e-08, 1.48745344760564e-05, 1.04994834877847e-08, -3.84575515152592e-09, -1.48745344760564e-05, 1.50382048260788e-09, 2.49913735164173e-09, -9.41944735160314e-05, 
422, 10, 1.96961366347617e-06, -0.0499999840857154, 1.96961366347399e-06, 1.58006150316692e-06, 0.0499999840857154, 3.44588949260377e-06, 2.10324934706581e-06, -0.00877912708827472, 1.95913404748252e-06, -0.0500148613510155, 1.95913404748032e-06, 1.58378112523517e-06, 0.0500148613510155, 3.44435953871818e-06, 2.10078585097056e-06, -0.0086849219063873, 1.04796159900569e-08, 1.48772653000982e-05, 1.0479615990057e-08, -3.71962207022552e-09, -1.48772653000982e-05, 1.52995389585608e-09, 2.46349597432042e-09, -9.4205181887393e-05, 
422, 19, 1.97760482889794e-06, -0.0500235125347794, 1.97760482889576e-06, 1.66473317631925e-06, 0.0500235125347794, 3.46185984497977e-06, 1.96658564344484e-06, -0.00879066468243321, 1.96711045722318e-06, -0.0500383739525238, 1.96711045722056e-06, 1.66859947775774e-06, 0.0500383739525238, 3.4603812206338e-06, 1.96409701269475e-06, -0.00869647692114659, 1.0494371669539e-08, 1.48614177442914e-05, 1.04943716695354e-08, -3.86630145504686e-09, -1.48614177442914e-05, 1.47862431868423e-09, 2.48863083891896e-09, -9.4187761286585e-05, 
423, 0, 1.88769402446518e-06, -0.0500248775438896, 1.88769402446257e-06, 1.76623013577147e-06, 0.0500248775438896, 3.35461276131137e-06, 2.14413034999387e-06, -0.00879081266195109, 1.87701081135633e-06, -0.0500397396806099, 1.87701081135371e-06, 1.76954758065827e-06, 0.0500397396806099, 3.35326619764303e-06, 2.14156841711767e-06, -0.00869662649823739, 1.06832131113181e-08, 1.48621367202165e-05, 1.06832131113215e-08, -3.31744490194548e-09, -1.48621367202165e-05, 1.34656373860986e-09, 2.56193293818821e-09, -9.41861637137041e-05, 
423, 10, 1.89202019857234e-06, -0.0500468551642092, 1.89202019856883e-06, 1.65308814069262e-06, 0.0500468551642092, 3.32011626378977e-06, 2.23847181177466e-06, -0.00877991059838437, 1.88134713654235e-06, -0.0500617153567081, 1.88134713654015e-06, 1.65622444530144e-06, 0.0500617153567081, 3.31873926551436e-06, 2.23595951609084e-06, -0.00868572422737126, 1.06730620249389e-08, 1.48601924987356e-05, 1.0673062024939e-08, -3.13630459854005e-09, -1.48601924987356e-05, 1.37699825051385e-09, 2.51229578191803e-09, -9.41863710131204e-05, 
423, 18, 1.88776058717155e-06, -0.0500696170642251, 1.88776058716893e-06, 1.75837507257699e-06, 0.0500696170642251, 3.33129776953169e-06, 2.13041352664045e-06, -0.00879129533886517, 1.87709241924752e-06, -0.0500844569026588, 1.87709241924489e-06, 1.76171829108028e-06, 0.0500844569026588, 3.32996602356027e-06, 2.12785769997048e-06, -0.00869713264435326, 1.06681679281028e-08, 1.48398384339134e-05, 1.06681679281061e-08, -3.3432184710056e-09, -1.48398384339134e-05, 1.33174601316441e-09, 2.55582674883346e-09, -9.41626945119465e-05, 
424, 0, 1.79370035591684e-06, -0.0500709580931481, 1.79370035591377e-06, 1.85309532388315e-06, 0.0500709580931481, 3.21668660710901e-06, 2.30169993196954e-06, -0.0087913366380594, 1.78287043940788e-06, -0.0500857984534232, 1.78287043940505e-06, 1.85587922180867e-06, 0.0500857984534232, 3.21549075366519e-06, 2.29908208037141e-06, -0.00869717653478706, 1.082991650002e-08, 1.48403602751432e-05, 1.08299165000235e-08, -2.78389792548162e-09, -1.48403602751431e-05, 1.19585355114572e-09, 2.61785161767667e-09, -9.41601032723712e-05, 
424, 10, 1.81023656664648e-06, -0.0500939289798648, 1.81023656664388e-06, 1.74352613092543e-06, 0.0500939289798648, 3.20180578462164e-06, 2.36948140734524e-06, -0.00878159520887048, 1.79940546303544e-06, -0.0501087643825007, 1.79940546303238e-06, 1.74628193978674e-06, 0.0501087643825007, 3.20056516580252e-06, 2.36687937997887e-06, -0.00868744174636732, 1.08311035913531e-08, 1.48354026358318e-05, 1.08311035913564e-08, -2.7558088338201e-09, -1.48354026358318e-05, 1.24061877107365e-09, 2.60202742810377e-09, -9.41534625031581e-05, 
424, 18, 1.79562215434416e-06, -0.0501163418570993, 1.79562215434197e-06, 1.85098546864155e-06, 0.0501163418570993, 3.20784064529185e-06, 2.29151126620904e-06, -0.0087925753504753, 1.78482712861077e-06, -0.0501311550420173, 1.78482712860815e-06, 1.85382578022511e-06, 0.0501311550420173, 3.20664570649731e-06, 2.28890005474774e-06, -0.00869845197544775, 1.07950257380985e-08, 1.48131849181416e-05, 1.07950257380987e-08, -2.84031156859851e-09, -1.48131849181416e-05, 1.19493880672174e-09, 2.61121152325861e-09, -9.4123375027518e-05, 
425, 0, 1.69659038099296e-06, -0.050117736340533, 1.6965903809899e-06, 1.94066790209207e-06, 0.050117736340533, 3.08504359108115e-06, 2.45564152165467e-06, -0.00879265119343826, 1.68566034814742e-06, -0.0501325497731943, 1.68566034814437e-06, 1.94293901969989e-06, 0.0501325497731943, 3.08398704088257e-06, 2.45297581935752e-06, -0.00869853107666577, 1.09300328143703e-08, 1.48134326613001e-05, 1.09300328143738e-08, -2.27111764777354e-09, -1.48134326613001e-05, 1.0565502616665e-09, 2.66570235885228e-09, -9.41201167724834e-05, 
425, 10, 1.71648939102271e-06, -0.0501309253897255, 1.71648939102031e-06, 1.84903276692862e-06, 0.0501309253897255, 3.07741777428704e-06, 2.51814848182099e-06, -0.00878336571337454, 1.70557944708938e-06, -0.0501457322577401, 1.70557944708677e-06, 1.85124549170574e-06, 0.0501457322577401, 3.07631150980317e-06, 2.51550081338528e-06, -0.00868925607769549, 1.09099439569402e-08, 1.48068680145484e-05, 1.09099439569438e-08, -2.21272477932973e-09, -1.48068680145484e-05, 1.10626457463325e-09, 2.64766853874105e-09, -9.41096356790286e-05, 
425, 18, 1.69806476408127e-06, -0.0501533693097754, 1.69806476407864e-06, 1.94468048366e-06, 0.0501533693097754, 3.08586710459434e-06, 2.44784756911766e-06, -0.00879403496780876, 1.68717586643076e-06, -0.0501681542590244, 1.68717586642769e-06, 1.94700651497231e-06, 0.0501681542590244, 3.08480204662806e-06, 2.44518845749511e-06, -0.00869996027940515, 1.08888976584512e-08, 1.47849492492023e-05, 1.0888897658451e-08, -2.32603134282002e-09, -1.47849492492023e-05, 1.06505789385795e-09, 2.65911149377739e-09, -9.40746884035946e-05, 
426, 0, 1.59395886118189e-06, -0.0501543916408607, 1.59395886117884e-06, 2.02887266903722e-06, 0.0501543916408607, 2.95478751178572e-06, 2.60507703979658e-06, -0.00879409134765351, 1.58296269579644e-06, -0.0501691766380896, 1.58296269579338e-06, 2.03062718534376e-06, 0.0501691766380896, 2.95386280622497e-06, 2.60236911434855e-06, -0.00870002050593837, 1.09961653894717e-08, 1.47849972289023e-05, 1.09961653894717e-08, -1.75451629134217e-09, -1.47849972289023e-05, 9.24705558788702e-10, 2.70792552666776e-09, -9.40708417151499e-05, 
426, 10, 1.61072069439876e-06, -0.050147594178883, 1.61072069439617e-06, 1.95728151973199e-06, 0.0501475941788829, 2.9359568031459e-06, 2.68604142167426e-06, -0.0087837555673317, 1.59975711295878e-06, -0.0501623739724859, 1.59975711295596e-06, 1.95903862439235e-06, 0.0501623739724859, 2.93497726660752e-06, 2.68333264496474e-06, -0.00868969668337494, 1.096358146143e-08, 1.47797936029872e-05, 1.09635814614333e-08, -1.75710464805547e-09, -1.47797936029872e-05, 9.79536600987575e-10, 2.70877665203069e-09, -9.40588839567436e-05, 
426, 18, 1.59249358515865e-06, -0.0501707784618851, 1.59249358515647e-06, 2.03988387623009e-06, 0.0501707784618851, 2.95342008426013e-06, 2.61279913157157e-06, -0.00879436154887722, 1.58154304381983e-06, -0.0501855396157338, 1.58154304381743e-06, 2.04170928616778e-06, 0.0501855396157338, 2.95248050821412e-06, 2.61008734340827e-06, -0.00870034089089564, 1.09505413409263e-08, 1.47611538487761e-05, 1.09505413409262e-08, -1.82540994411927e-09, -1.47611538487761e-05, 9.39576085265221e-10, 2.71178820134128e-09, -9.4020657981595e-05, 
427, 0, 1.48324163378409e-06, -0.050171213667528, 1.48324163378123e-06, 2.11829786886421e-06, 0.050171213667528, 2.8132734623484e-06, 2.76303195224465e-06, -0.00879436489772849, 1.47220994631353e-06, -0.0501859748211665, 1.4722099463109e-06, 2.11954771879022e-06, 0.0501859748211665, 2.81247664300903e-06, 2.76027755274188e-06, -0.00870034854303779, 1.10316874780512e-08, 1.47611536382731e-05, 1.1031687478051e-08, -1.24984993072842e-09, -1.47611536382731e-05, 7.96819410194095e-10, 2.75439941815203e-09, -9.40163546906788e-05, 
427, 10, 1.49834659454346e-06, -0.0501395313916353, 1.49834659454063e-06, 2.0537831563519e-06, 0.0501395313916353, 2.77763943874165e-06, 2.85657273360425e-06, -0.00878176157473596, 1.48736022878214e-06, -0.0501542897353804, 1.48736022877953e-06, 2.05506991240415e-06, 0.0501542897353804, 2.77678483431622e-06, 2.85380473939928e-06, -0.0086877573580566, 1.09863657685935e-08, 1.47583437448653e-05, 1.09863657685901e-08, -1.28675603353123e-09, -1.47583437448653e-05, 8.54604548004404e-10, 2.76799438157146e-09, -9.40042166793676e-05, 
427, 18, 1.48134445203113e-06, -0.0501636408938504, 1.48134445202851e-06, 2.12734205854871e-06, 0.0501636408938504, 2.80774101252673e-06, 2.77721829429105e-06, -0.00879243987006975, 1.47035148619769e-06, -0.0501783851533109, 1.47035148619527e-06, 2.12865774179206e-06, 0.0501783851533109, 2.80692714159091e-06, 2.77445076559111e-06, -0.00869847622876641, 1.09929658525879e-08, 1.47442594603695e-05, 1.09929658525913e-08, -1.31568318092572e-09, -1.47442594603695e-05, 8.13870895821074e-10, 2.76752867457952e-09, -9.39636413033235e-05, 
428, 0, 1.36768148140375e-06, -0.0501634072751802, 1.36768148140157e-06, 2.19926659353492e-06, 0.0501634072751802, 2.65878861351522e-06, 2.91925301130885e-06, -0.00879236769240634, 1.35663439562272e-06, -0.0501781515740958, 1.3566343956201e-06, 2.20000604679399e-06, 0.0501781515740958, 2.65812054440449e-06, 2.91644851350837e-06, -0.00869840871169495, 1.10470857930788e-08, 1.47442989154623e-05, 1.10470857930756e-08, -7.3945324281448e-10, -1.47442989154623e-05, 6.68069019050457e-10, 2.80449784603472e-09, -9.39589807114299e-05, 
428, 10, 1.37976084829872e-06, -0.0501066061845031, 1.3797608482959e-06, 2.13887551536226e-06, 0.0501066061845031, 2.60599307269669e-06, 3.01658785764872e-06, -0.0087777964317817, 1.36875034700559e-06, -0.0501213508026179, 1.36875034700231e-06, 2.13965560024722e-06, 0.0501213508026179, 2.60526478792997e-06, 3.01376517259143e-06, -0.0086838488512489, 1.101050129373e-08, 1.47446181147234e-05, 1.10105012937368e-08, -7.80084922725083e-10, -1.47446181147234e-05, 7.28284809534551e-10, 2.82268500631025e-09, -9.3947580532796e-05, 
428, 18, 1.36296511728883e-06, -0.0501317476509843, 1.36296511728603e-06, 2.20728028462231e-06, 0.0501317476509843, 2.64575951577545e-06, 2.93727172166233e-06, -0.00878861179109948, 1.3519410207421e-06, -0.0501464833389708, 1.35194102073948e-06, 2.20808174704819e-06, 0.0501464833389708, 2.64507570551175e-06, 2.93444345594317e-06, -0.0086947062090304, 1.10240965802222e-08, 1.47356879865732e-05, 1.10240965802255e-08, -8.01462449576314e-10, -1.47356879865732e-05, 6.83810239919204e-10, 2.8282657210359e-09, -9.39055820691119e-05, 
429, 0, 1.24528354468464e-06, -0.0501308879935846, 1.24528354468203e-06, 2.27254446475557e-06, 0.0501308879935846, 2.48820529107885e-06, 3.07040680629301e-06, -0.00878848825942147, 1.2342335111267e-06, -0.0501456238215383, 1.23423351112367e-06, 2.27276797493241e-06, 0.0501456238215383, 2.48767029085485e-06, 3.06754855136179e-06, -0.00869458758294386, 1.10500335145844e-08, 1.47358279537898e-05, 1.10500335145842e-08, -2.23510207826397e-10, -1.47358279537898e-05, 5.35000175796883e-10, 2.85825489837817e-09, -9.39006764775812e-05, 
429, 10, 1.25681034972956e-06, -0.050052465739843, 1.25681034972716e-06, 2.20924033340014e-06, 0.050052465739843, 2.42387961857629e-06, 3.16072867412464e-06, -0.00877226333615172, 1.24578272124866e-06, -0.0500672052556709, 1.24578272124603e-06, 2.20950245568531e-06, 0.0500672052556709, 2.42328207707913e-06, 3.15784806283099e-06, -0.00867837287248888, 1.10276285076523e-08, 1.4739515827638e-05, 1.10276285076489e-08, -2.62122277592283e-10, -1.4739515827638e-05, 5.97541356079964e-10, 2.88061129031127e-09, -9.38904636628467e-05, 
429, 18, 1.23934559345231e-06, -0.0500785444507541, 1.23934559344925e-06, 2.27577292803799e-06, 0.0500785444507541, 2.47243043804151e-06, 3.08437344247614e-06, -0.00878321646992278, 1.22830781576971e-06, -0.050093279955469, 1.22830781576667e-06, 2.27605605692547e-06, 0.050093279955469, 2.47187902359185e-06, 3.08148265411236e-06, -0.00868936840687446, 1.10377776333292e-08, 1.47355047148773e-05, 1.10377776333274e-08, -2.83128892243995e-10, -1.47355047148773e-05, 5.51414408330807e-10, 2.89078836040737e-09, -9.38480630483085e-05, 
430, 0, 1.11834476129128e-06, -0.0500771828408578, 1.1183447612878e-06, 2.33421350961395e-06, 0.0500771828408578, 2.30731542342194e-06, 3.20795783859864e-06, -0.00878305219936412, 1.10730788483686e-06, -0.0500919186146879, 1.10730788483402e-06, 2.33391799574599e-06, 0.0500919186146879, 2.30691566023895e-06, 3.20504397150928e-06, -0.00868920916221826, 1.1036876448797e-08, 1.47357738304652e-05, 1.10368764487987e-08, 2.95513876595358e-10, -1.47357738304652e-05, 3.99763259380137e-10, 2.91386700996436e-09, -9.38430371458842e-05, 
430, 10, 1.13168095901971e-06, -0.0499812581889104, 1.13168095901689e-06, 2.26606719411985e-06, 0.0499812581889104, 2.22886795018528e-06, 3.2996012094143e-06, -0.00876605419252308, 1.12066599548805e-06, -0.0499960013411409, 1.12066599548477e-06, 2.26580876947512e-06, 0.0499960013411409, 2.22840760362328e-06, 3.29666390640999e-06, -0.00867221954989536, 1.10149635485446e-08, 1.47431522303927e-05, 1.10149635485498e-08, 2.58424623413537e-10, -1.47431522303927e-05, 4.60346551542768e-10, 2.93730305387513e-09, -9.38346426277244e-05, 
430, 18, 1.1126441185643e-06, -0.0500080821987194, 1.11264411856146e-06, 2.33261377857982e-06, 0.0500080821987194, 2.28483476020229e-06, 3.2275001439282e-06, -0.00877711134173692, 1.101596433053e-06, -0.0500228262054376, 1.10159643304929e-06, 2.3323637031782e-06, 0.0500228262054376, 2.2844272729513e-06, 3.22454980044561e-06, -0.00868331814515658, 1.10476855194179e-08, 1.47440067181589e-05, 1.10476855194095e-08, 2.50075347157665e-10, -1.47440067181589e-05, 4.07487228950482e-10, 2.95034346841728e-09, -9.37931965803829e-05, 
431, 0, 9.89002738921896e-07, -0.0500063260555345, 9.89002738917964e-07, 2.38423498982337e-06, 0.0500063260555345, 2.1122307918572e-06, 3.34138543756427e-06, -0.00877693500573096, 9.77982711744842e-07, -0.050021070509875, 9.77982711741129e-07, 2.38340586763538e-06, 0.050021070509875, 2.11197819599965e-06, 3.3384190927455e-06, -0.00868314680342934, 1.10200271627872e-08, 1.47444543405698e-05, 1.10200271627855e-08, 8.29122206301267e-10, -1.47444543405698e-05, 2.5259585693841e-10, 2.9663447820477e-09, -9.37882023016309e-05, 
431, 10, 9.96587679470011e-07, -0.0498997481738407, 9.96587679466535e-07, 2.3265960190545e-06, 0.0498997481738407, 2.02279355636227e-06, 3.43655309036747e-06, -0.00875936525146493, 9.85566284358823e-07, -0.0499145030086109, 9.85566284355564e-07, 2.32576677858328e-06, 0.0499145030086109, 2.02248015009542e-06, 3.43356660879568e-06, -0.0086655839442966, 1.102139510019e-08, 1.47548347700942e-05, 1.10213951001867e-08, 8.29240449120945e-10, -1.47548347700942e-05, 3.13406320605795e-10, 2.98648152028121e-09, -9.37813071683239e-05, 
431, 18, 9.75887357254382e-07, -0.049927106521568, 9.75887357251116e-07, 2.39312131704005e-06, 0.049927106521568, 2.08665960014305e-06, 3.36659015773792e-06, -0.00877050115287448, 9.64858286526595e-07, -0.0499418658178788, 9.64858286522889e-07, 2.39227740963963e-06, 0.0499418658178788, 2.08639549596805e-06, 3.36359284302071e-06, -0.00867675942624789, 1.10290707182818e-08, 1.4759296310589e-05, 1.10290707182837e-08, 8.43907396702593e-10, -1.4759296310589e-05, 2.64104227789958e-10, 2.9973145723707e-09, -9.37417266265508e-05, 
432, 0, 8.49232289411581e-07, -0.0499251443683794, 8.49232289408329e-07, 2.43790609975093e-06, 0.0499251443683794, 1.90705634515348e-06, 3.47027434203262e-06, -0.00877031581666592, 8.38262566356255e-07, -0.0499399042812348, 8.38262566352323e-07, 2.43648315566255e-06, 0.0499399042812348, 1.90694974328369e-06, 3.46726866271106e-06, -0.00867657893354565, 1.09697230682374e-08, 1.47599128553455e-05, 1.09697230682441e-08, 1.42294411029099e-09, -1.47599128553455e-05, 1.06601833583243e-10, 3.00567931685894e-09, -9.37368831202447e-05, 
432, 10, 8.66695219669704e-07, -0.0498141244958606, 8.66695219666436e-07, 2.37466054235818e-06, 0.0498141244958606, 1.83439227882061e-06, 3.54907000173283e-06, -0.00875262471518182, 8.55717213900343e-07, -0.0498288969143816, 8.55717213897301e-07, 2.37322375540137e-06, 0.0498288969143816, 1.8342208592602e-06, 3.54604154178318e-06, -0.00865889338653365, 1.09780058081331e-08, 1.47724185210738e-05, 1.09780058081399e-08, 1.43678694086731e-09, -1.47724185210738e-05, 1.71419548116181e-10, 3.02846006288767e-09, -9.37313286481421e-05, 
432, 18, 8.44258523596772e-07, -0.0498417682841153, 8.44258523593072e-07, 2.44080271928435e-06, 0.0498417682841153, 1.90679101366747e-06, 3.47901920415151e-06, -0.00876379619660935, 8.33273495234715e-07, -0.0498565473826602, 8.33273495231225e-07, 2.43933890253641e-06, 0.0498565473826602, 1.90667141351895e-06, 3.47598348097407e-06, -0.00867010160998802, 1.09850283386283e-08, 1.47790985447421e-05, 1.09850283386249e-08, 1.46381677194094e-09, -1.47790985447421e-05, 1.19600207020524e-10, 3.03572322510821e-09, -9.36945866213531e-05, 
433, 0, 7.15777839078087e-07, -0.0498397428725015, 7.15777839073961e-07, 2.47865163346232e-06, 0.0498397428725015, 1.72268634293877e-06, 3.57278927805043e-06, -0.00876361522221934, 7.04883938356483e-07, -0.0498545227303369, 7.0488393835342e-07, 2.47661017405616e-06, 0.0498545227303369, 1.72272640216525e-06, 3.56975308406403e-06, -0.00866992520813301, 1.08939007385601e-08, 1.47798578354923e-05, 1.08939007385601e-08, 2.04145941511214e-09, -1.47798578354923e-05, -4.00592438541336e-11, 3.03619397895526e-09, -9.36900140863211e-05, 
433, 10, 7.35639125270741e-07, -0.0497300238273164, 7.35639125267475e-07, 2.41659654223306e-06, 0.0497300238273164, 1.64385461804927e-06, 3.65911295733773e-06, -0.00874632317346114, 7.24753310156446e-07, -0.0497448177011886, 7.24753310153396e-07, 2.41452778381772e-06, 0.0497448177011886, 1.64383591079254e-06, 3.65605767319921e-06, -0.00865263720509197, 1.08858151361297e-08, 1.47938738721866e-05, 1.08858151361312e-08, 2.06875840665446e-09, -1.47938738721866e-05, 1.87072505168506e-11, 3.05528412620488e-09, -9.36859683692064e-05, 
433, 18, 7.11590247293365e-07, -0.0497576861676867, 7.11590247290303e-07, 2.48042633249822e-06, 0.0497576861676867, 1.7225413363978e-06, 3.58850471013771e-06, -0.00875747653857893, 7.00673636966597e-07, -0.0497724876180929, 7.00673636963114e-07, 2.47831954455374e-06, 0.0497724876180929, 1.72257559054855e-06, 3.58544048777436e-06, -0.00866382353814118, 1.09166103273849e-08, 1.48014504063093e-05, 1.09166103273832e-08, 2.10678794125375e-09, -1.48014504063093e-05, -3.42541264576003e-11, 3.0642223718695e-09, -9.36530004377566e-05, 
434, 0, 5.81321987160357e-07, -0.0497557296053689, 5.81321987156875e-07, 2.51158820893361e-06, 0.0497557296053689, 1.53285034893898e-06, 3.67324440201386e-06, -0.00875731328907823, 5.70529135107354e-07, -0.049770531929287, 5.70529135103863e-07, 2.50890745383625e-06, 0.049770531929287, 1.5330448236651e-06, 3.6701878100034e-06, -0.00866366446711799, 1.07928520702316e-08, 1.48023239180769e-05, 1.07928520702348e-08, 2.68075509825787e-09, -1.48023239180769e-05, -1.94474628894935e-10, 3.0565920903666e-09, -9.36488219602472e-05, 
434, 10, 6.00374870303914e-07, -0.0496524911703609, 6.00374870300645e-07, 2.45595449084507e-06, 0.0496524911703609, 1.44835338239499e-06, 3.76745869922813e-06, -0.00874071732109906, 5.89575948650939e-07, -0.0496673082777813, 5.89575948648107e-07, 2.4532544235305e-06, 0.0496673082777813, 1.44849202861325e-06, 3.76437304663117e-06, -0.00864707081654819, 1.0798921688657e-08, 1.4817107420659e-05, 1.07989216886569e-08, 2.70006732640934e-09, -1.4817107420659e-05, -1.38646278182598e-10, 3.08565256706006e-09, -9.36465045508588e-05, 
434, 18, 5.74307780670143e-07, -0.049679960894481, 5.74307780666443e-07, 2.51691331704285e-06, 0.049679960894481, 1.53285524630538e-06, 3.69589237299385e-06, -0.00875180928927515, 5.63493890448869e-07, -0.0496947851877395, 5.63493890444736e-07, 2.51416172431337e-06, 0.0496947851877395, 1.5330412330147e-06, 3.69280365435926e-06, -0.00865819107723797, 1.08138902217354e-08, 1.482429325851e-05, 1.0813890221734e-08, 2.75159272584481e-09, -1.482429325851e-05, -1.85986603011463e-10, 3.08871853989168e-09, -9.36182120371814e-05, 
435, 0, 4.42376029428135e-07, -0.0496781939839261, 4.42376029424646e-07, 2.54130157875087e-06, 0.0496781939839261, 1.33804119271275e-06, 3.77113329101866e-06, -0.00875166959228863, 4.31719816100125e-07, -0.049693019226253, 4.31719816096635e-07, 2.53798236149025e-06, 0.049693019226253, 1.33838854836531e-06, 3.76806062765124e-06, -0.00865805505856213, 1.06562133412245e-08, 1.48252423267533e-05, 1.06562133412263e-08, 3.31921724186944e-09, -1.48252423267533e-05, -3.47355664166694e-10, 3.07266333656514e-09, -9.36145337264968e-05, 
435, 10, 4.60616974428066e-07, -0.0495851958871101, 4.60616974424583e-07, 2.49330481866847e-06, 0.0495851958871101, 1.25016043944341e-06, 3.86984916924553e-06, -0.00873595354574011, 4.49974779224293e-07, -0.0496000360442425, 4.4997477922104e-07, 2.48993613601239e-06, 0.0496000360442425, 1.25045560478862e-06, 3.86675355320993e-06, -0.00864233907858718, 1.06421952409085e-08, 1.48401571321823e-05, 1.06421952409083e-08, 3.3686826119125e-09, -1.48401571321823e-05, -2.9516539617399e-10, 3.09561604972426e-09, -9.36144671529436e-05, 
435, 18, 4.31544513103976e-07, -0.0496124543298844, 4.31544513100709e-07, 2.55099983010666e-06, 0.0496124543298844, 1.33899178690929e-06, 3.79677772460562e-06, -0.00874704125681238, 4.20898698031108e-07, -0.0496273003789365, 4.20898698028703e-07, 2.54759156961839e-06, 0.0496273003789365, 1.33933133631852e-06, 3.79368708394241e-06, -0.00865344947341278, 1.06458150807533e-08, 1.48460490521913e-05, 1.06458150807568e-08, 3.40826046539683e-09, -1.48460490521913e-05, -3.39549405137072e-10, 3.09064067332253e-09, -9.35917833995637e-05, 
436, 0, 2.98131320669442e-07, -0.0496109669258469, 2.98131320665743e-07, 2.56832666005062e-06, 0.0496109669258469, 1.13945563508659e-06, 3.86220800860809e-06, -0.0087469314098689, 2.87677086960957e-07, -0.0496258139657903, 2.87677086957256e-07, 2.56436194878725e-06, 0.0496258139657903, 1.1399560988713e-06, 3.85914142192336e-06, -0.00865334272499635, 1.04542336536366e-08, 1.484703994349e-05, 1.04542336536385e-08, 3.96471125764016e-09, -1.484703994349e-05, -5.00463923646521e-10, 3.06658669502728e-09, -9.35886848725517e-05, 
436, 10, 3.25054945986599e-07, -0.0495315783331123, 3.25054945983123e-07, 2.51865667106295e-06, 0.0495315783331123, 1.05254914518503e-06, 3.95401883730573e-06, -0.00873214812250464, 3.14626160725909e-07, -0.0495464397157713, 3.14626160721992e-07, 2.51463633820915e-06, 0.0495464397157713, 1.05299989204226e-06, 3.95093016621312e-06, -0.00863855670055728, 1.04287852396705e-08, 1.48613826592285e-05, 1.04287852396621e-08, 4.02033282543394e-09, -1.48613826592285e-05, -4.50746797610497e-10, 3.08867110291273e-09, -9.35914219473666e-05, 
436, 18, 2.91330128550381e-07, -0.0495585945549285, 2.91330128547108e-07, 2.57418366196794e-06, 0.0495585945549285, 1.14384632827536e-06, 3.88124282294298e-06, -0.00874327286639233, 2.80902705518165e-07, -0.0495734596955328, 2.80902705514905e-07, 2.57014115272876e-06, 0.0495734596955328, 1.14433799178711e-06, 3.8781621127921e-06, -0.00864969790852903, 1.04274230716476e-08, 1.48651406042831e-05, 1.04274230716409e-08, 4.04250924387572e-09, -1.48651406042831e-05, -4.91663536818746e-10, 3.08071014997366e-09, -9.35749578633148e-05, 
437, 0, 1.5720783189117e-07, -0.0495574739410341, 1.57207831887239e-07, 2.58440208302736e-06, 0.0495574739410341, 9.40520083376828e-07, 3.9365510298652e-06, -0.00874319538378123, 1.47005298523723e-07, -0.0495723400732667, 1.47005298520782e-07, 2.57981685375686e-06, 0.0495723400732667, 9.41171641054461e-07, 3.9335026732535e-06, -0.00864962289615299, 1.02025333657059e-08, 1.48661322324701e-05, 1.02025333657058e-08, 4.5852292693061e-09, -1.48661322324701e-05, -6.51557694979208e-10, 3.04835667740728e-09, -9.35724876282193e-05, 
437, 10, 1.94326918357211e-07, -0.0494947010028554, 1.94326918354271e-07, 2.53202202101113e-06, 0.0494947010028554, 8.51110163444308e-07, 4.01545568331487e-06, -0.00872967057425157, 1.84159892057611e-07, -0.0495095804314075, 1.84159892054238e-07, 2.52739663682515e-06, 0.0495095804314075, 8.51714106331024e-07, 4.01238632760987e-06, -0.00863609183861671, 1.01670263264618e-08, 1.48794285520587e-05, 1.01670263264602e-08, 4.62538417495504e-09, -1.48794285520587e-05, -6.03942820620715e-10, 3.06935569064068e-09, -9.3578735634872e-05, 
437, 19, 1.56268124629286e-07, -0.0495218375477785, 1.56268124625803e-07, 2.58472706331768e-06, 0.0495218375477784, 9.45369311362877e-07, 3.9463861374204e-06, -0.00874087359531172, 1.46121431878812e-07, -0.0495367192134699, 1.46121431875336e-07, 2.5800825780647e-06, 0.0495367192134699, 9.4601272600044e-07, 3.94333545675943e-06, -0.00864730634221432, 1.01466927382315e-08, 1.48816656914311e-05, 1.01466927382315e-08, 4.64448524130491e-09, -1.48816656914311e-05, -6.43414646654901e-10, 3.05068066075169e-09, -9.3567253097375e-05, 
438, 0, 2.10337635102679e-08, -0.0495210774015063, 2.10337635059245e-08, 2.588369753004e-06, 0.0495210774015063, 7.3805084362074e-07, 3.99042585609345e-06, -0.00874085282452196, 1.11439530400122e-08, -0.0495359598902374, 1.11439530369572e-08, 2.58320201461015e-06, 0.0495359598902374, 7.38852203018065e-07, 3.9874138952489e-06, -0.00864728712997068, 9.88981054426561e-09, 1.48824887312304e-05, 9.88981054425971e-09, 5.16773840215171e-09, -1.48824887312304e-05, -8.01359385937122e-10, 3.01196090169714e-09, -9.35656945512665e-05, 
438, 10, 6.58189391454609e-08, -0.0494743507743213, 6.5818939141541e-08, 2.53630756202092e-06, 0.0494743507743213, 6.4868199916436e-07, 4.04967568549767e-06, -0.00872893543094562, 5.59890078888402e-08, -0.0494892452331823, 5.59890078852447e-08, 2.53111535108589e-06, 0.0494892452331823, 6.49436771610135e-07, 4.04664618922655e-06, -0.00863535867061067, 9.82993124462349e-09, 1.48944588607632e-05, 9.82993124462435e-09, 5.19221092231994e-09, -1.48944588607632e-05, -7.54772517924628e-10, 3.02949627945161e-09, -9.35767603349517e-05, 
438, 19, 2.28038790134847e-08, -0.0495012064438231, 2.28038790097817e-08, 2.58759368854455e-06, 0.0495012064438231, 7.45020973935785e-07, 3.98399904220107e-06, -0.00874014817112527, 1.29948094529734e-08, -0.0495161010783466, 1.29948094492703e-08, 2.58239221864752e-06, 0.0495161010783466, 7.4581288634781e-07, 3.98099281658306e-06, -0.0086465745014973, 9.80906956972317e-09, 1.48946345232589e-05, 9.80906956972477e-09, 5.20146988787139e-09, -1.48946345232589e-05, -7.91912303211268e-10, 3.00622566459117e-09, -9.35736696279542e-05, 
439, 0, -1.12240052479911e-07, -0.049500872586687, -1.1224005248317e-07, 2.58452504091595e-06, 0.049500872586687, 5.36205018852176e-07, 4.01736712239574e-06, -0.00874017871810739, -1.21763284049224e-07, -0.0495157680452862, -1.21763284053371e-07, 2.57881977159447e-06, 0.0495157680452862, 5.37151943211571e-07, 4.01440751778533e-06, -0.00864660596926883, 9.52323151463911e-09, 1.48954585991311e-05, 9.52323151463564e-09, 5.70526933342084e-09, -1.48954585991311e-05, -9.46924325678976e-10, 2.95960459003425e-09, -9.35727488385232e-05, 
439, 10, -6.2178002242331e-08, -0.049468496985292, -6.21780022453835e-08, 2.533803359894e-06, 0.049468496985292, 4.41010103495611e-07, 4.0562818067631e-06, -0.00872915760242798, -7.16565223382816e-08, -0.0494834033696555, -7.16565223416593e-08, 2.52806788283351e-06, 0.0494834033696555, 4.41911504179463e-07, 4.05330725317554e-06, -0.00863556890786605, 9.47852013091544e-09, 1.49063843637634e-05, 9.47852013091632e-09, 5.7354770445089e-09, -1.49063843637634e-05, -9.01400554430965e-10, 2.97455364182091e-09, -9.35886945619713e-05, 
439, 19, -1.08814041738169e-07, -0.0494951087012047, -1.08814041741763e-07, 2.58341142220089e-06, 0.0494951087012047, 5.40636775437569e-07, 3.9945600135883e-06, -0.00874034795759872, -1.18249431965992e-07, -0.0495100132364476, -1.18249431969366e-07, 2.57769813057185e-06, 0.0495100132364476, 5.41574642846562e-07, 3.99161597048145e-06, -0.00864675417604349, 9.43539021694074e-09, 1.49045352427252e-05, 9.43539021693652e-09, 5.71329165309435e-09, -1.49045352427252e-05, -9.37867463957442e-10, 2.94404315695734e-09, -9.35937815552115e-05, 
440, 0, -2.43495526864815e-07, -0.0494951576754124, -2.43495526867865e-07, 2.57379347889789e-06, 0.0494951576754124, 3.31441465627413e-07, 4.0170684397233e-06, -0.00874040262091525, -2.52618759288554e-07, -0.0495100630193996, -2.52618759293236e-07, 2.56759796126099e-06, 0.0495100630193996, 3.3253049462677e-07, 4.01417877398692e-06, -0.00864680914861117, 9.12323240481958e-09, 1.49053439872161e-05, 9.12323240482395e-09, 6.1955176104599e-09, -1.49053439872161e-05, -1.08902893663655e-09, 2.889665783168e-09, -9.35934723041012e-05, 
440, 10, -1.88734933615667e-07, -0.0494689135797252, -1.88734933619269e-07, 2.52284381626238e-06, 0.0494689135797252, 2.24016463756727e-07, 4.03594458206257e-06, -0.00873166318507125, -1.9779824480711e-07, -0.0494838315164727, -1.97798244810607e-07, 2.51662353265228e-06, 0.0494838315164727, 2.25055591006481e-07, 4.03304609661723e-06, -0.00863804646730125, 9.06331120103539e-09, 1.4917936747558e-05, 9.06331120103108e-09, 6.22028363639827e-09, -1.4917936747558e-05, -1.03912715500256e-09, 2.8984854489246e-09, -9.36167177699875e-05, 
440, 19, -2.38446255853509e-07, -0.0494953044818992, -2.38446255856772e-07, 2.57046768145415e-06, 0.0494953044818992, 3.27419672488108e-07, 3.97902512670898e-06, -0.00874278660282757, -2.47480036969289e-07, -0.0495102222999261, -2.47480036972776e-07, 2.56428888611881e-06, 0.0495102222999261, 3.28498413314379e-07, 3.97616070293048e-06, -0.00864915576227722, 9.03378110467389e-09, 1.49178180270058e-05, 9.03378110467297e-09, 6.17879532340283e-09, -1.49178180270058e-05, -1.07874079585921e-09, 2.86442385148433e-09, -9.36308405503505e-05, 
441, 0, -3.72278399837529e-07, -0.0494954965506425, -3.72278399840466e-07, 2.55430632006184e-06, 0.0494954965506425, 1.18952018519659e-07, 3.99022615156805e-06, -0.0087429109918134, -3.80976682891232e-07, -0.0495104152937919, -3.80976682895049e-07, 2.54766944696107e-06, 0.0495104152937919, 1.20177313253041e-07, 3.98742334038361e-06, -0.00864927981056914, 8.69828301730936e-09, 1.49187431494172e-05, 8.69828301730949e-09, 6.63687310747882e-09, -1.49187431494172e-05, -1.22529479790934e-09, 2.80281116953008e-09, -9.36311812442722e-05, 
441, 10, -3.18137461474308e-07, -0.049474657321055, -3.18137461478006e-07, 2.50455819521701e-06, 0.049474657321055, -1.97788226275787e-09, 3.9870623952314e-06, -0.0087348892803859, -3.26794009605178e-07, -0.0494895905661188, -3.26794009608772e-07, 2.49791853271434e-06, 0.0494895905661188, -7.93446141869557e-10, 3.98424808955428e-06, -0.00864122808142213, 8.65654813590203e-09, 1.49332450638873e-05, 8.65654813589951e-09, 6.63966252400016e-09, -1.49332450638873e-05, -1.18443612061563e-09, 2.81430568315867e-09, -9.36611989637296e-05, 
441, 19, -3.70384633075692e-07, -0.0495009683050316, -3.70384633078851e-07, 2.55094386165125e-06, 0.0495009683050316, 1.05625629727225e-07, 3.93657019977331e-06, -0.0087459832180126, -3.78998549824156e-07, -0.0495159034182479, -3.78998549826996e-07, 2.54434501860118e-06, 0.0495159034182479, 1.06840650542208e-07, 3.93380199341781e-06, -0.00865230010473494, 8.61391675379897e-09, 1.49351132164079e-05, 8.61391675379561e-09, 6.59884302917379e-09, -1.49351132164079e-05, -1.21502099213461e-09, 2.76820634284013e-09, -9.36831132776455e-05, 
442, 0, -5.03349552431731e-07, -0.0495013537735141, -5.03349552435376e-07, 2.5282289154668e-06, 0.0495013537735141, -1.00832082055883e-07, 3.93601286120487e-06, -0.00874612029650349, -5.11607734256784e-07, -0.049516289932529, -5.11607734260275e-07, 2.52119446869256e-06, 0.049516289932529, -9.94757562066362e-08, 3.93331308525687e-06, -0.00865243628224896, 8.25818180848241e-09, 1.49361590147544e-05, 8.25818180848257e-09, 7.03444679868248e-09, -1.49361590147544e-05, -1.35632588573716e-09, 2.69977597860522e-09, -9.36840142545192e-05, 
442, 10, -4.46410090180836e-07, -0.0494825968383532, -4.46410090184161e-07, 2.47829201251699e-06, 0.0494825968383532, -2.16098364763329e-07, 3.90617065166293e-06, -0.00873806503157081, -4.54613851742028e-07, -0.0494975489768445, -4.54613851745786e-07, 2.47124502111728e-06, 0.0494975489768445, -2.14785324551455e-07, 3.90346334714365e-06, -0.00864434538261212, 8.20376150225335e-09, 1.49521384914781e-05, 8.20376150225192e-09, 7.04699139202357e-09, -1.49521384914781e-05, -1.3130401879648e-09, 2.70730452400638e-09, -9.37196489587425e-05, 
442, 19, -5.0299355632948e-07, -0.0495088862888125, -5.02993556333076e-07, 2.52406821583146e-06, 0.0495088862888125, -1.054336077188e-07, 3.86293225940676e-06, -0.00874912672256376, -5.11175112662163e-07, -0.0495238420432064, -5.11175112665596e-07, 2.51708601721175e-06, 0.0495238420432064, -1.04094382228459e-07, 3.86027549297723e-06, -0.00865537954920424, 8.18155635925623e-09, 1.49557543938785e-05, 8.18155635925959e-09, 6.9821986210539e-09, -1.49557543938785e-05, -1.33922546409903e-09, 2.65676646929994e-09, -9.37471733595032e-05, 
443, 0, -6.34619328086407e-07, -0.0495093521732072, -6.34619328089244e-07, 2.4946769068646e-06, 0.0495093521732072, -3.07793370669572e-07, 3.85108728843838e-06, -0.00874926351218121, -6.42427366458181e-07, -0.0495243090702708, -6.42427366461615e-07, 2.48728321670313e-06, 0.0495243090702708, -3.06318748146998e-07, 3.84850490785999e-06, -0.00865551503533806, 7.80803839963589e-09, 1.49568970637523e-05, 7.80803839964107e-09, 7.39369018111901e-09, -1.49568970637523e-05, -1.47462252711959e-09, 2.58238057652325e-09, -9.37484768431162e-05, 
443, 10, -5.69157682143534e-07, -0.0494922891545796, -5.69157682146967e-07, 2.4428414091945e-06, 0.0494922891545796, -4.06652543753093e-07, 3.7985320877813e-06, -0.00874156902838524, -5.7692670215444e-07, -0.0495072633175309, -5.76926702157489e-07, 2.43545123740167e-06, 0.0495072633175309, -4.05216988432225e-07, 3.79593839380412e-06, -0.00864778039028616, 7.76901999485967e-09, 1.4974162951314e-05, 7.76901999485673e-09, 7.39017179962921e-09, -1.4974162951314e-05, -1.43555529865333e-09, 2.59369395101185e-09, -9.37886380991069e-05, 
443, 19, -6.30560143003017e-07, -0.0495184440278784, -6.30560143006611e-07, 2.4875300989195e-06, 0.0495184440278784, -2.95863777131525e-07, 3.7634728824459e-06, -0.00875255583174242, -6.38320166774162e-07, -0.049533423355303, -6.38320166778246e-07, 2.48020451069698e-06, 0.049533423355303, -2.94411664810401e-07, 3.76093382770331e-06, -0.00865873622954694, 7.7600237824162e-09, 1.49793274246258e-05, 7.76002378241625e-09, 7.32558820687919e-09, -1.49793274246258e-05, -1.45211229895111e-09, 2.53905474369299e-09, -9.38196021954991e-05, 
444, 0, -7.60236585303932e-07, -0.0495189887461032, -7.60236585306956e-07, 2.4516717232724e-06, 0.0495189887461032, -4.9272099057974e-07, 3.74161432408009e-06, -0.00875270660044444, -7.67606201800291e-07, -0.0495339692956437, -7.67606201803451e-07, 2.44395718928604e-06, 0.0495339692956437, -4.91140005688258e-07, 3.73915535977819e-06, -0.00865888544599007, 7.36961649987015e-09, 1.49805495403756e-05, 7.3696164998737e-09, 7.71453400161113e-09, -1.49805495403756e-05, -1.58098490738486e-09, 2.45896438022755e-09, -9.38211544543684e-05, 
444, 10, -6.92594248858297e-07, -0.0495054274447688, -6.92594248861541e-07, 2.40001280988306e-06, 0.0495054274447688, -5.82613449392446e-07, 3.67951607272523e-06, -0.00874582514585176, -6.99934734269478e-07, -0.0495204262369454, -6.99934734272912e-07, 2.39230447255473e-06, 0.0495204262369453, -5.81073121597647e-07, 3.67704297751287e-06, -0.00865196077698525, 7.34048538422694e-09, 1.4998792176626e-05, 7.3404853842335e-09, 7.70833734467166e-09, -1.4998792176626e-05, -1.54032795047442e-09, 2.47309522274998e-09, -9.38643688665069e-05, 
444, 19, -7.56304697228122e-07, -0.0495312659819398, -7.56304697231281e-07, 2.44246312524244e-06, 0.0495312659819398, -4.71143139116149e-07, 3.65220479072444e-06, -0.00875672688992823, -7.63651387996539e-07, -0.0495462711113597, -7.63651388000159e-07, 2.43482566333975e-06, 0.0495462711113597, -4.69585976948561e-07, 3.64978465467734e-06, -0.00866282998550495, 7.34669075994468e-09, 1.50051294200988e-05, 7.34669075994495e-09, 7.63746190260081e-09, -1.50051294200988e-05, -1.5571620679245e-09, 2.42013601938998e-09, -9.38969044232664e-05, 
445, 0, -8.83763350657639e-07, -0.0495319320955049, -8.8376335066088e-07, 2.40021443723819e-06, 0.0495319320955049, -6.62148659676497e-07, 3.62144019632185e-06, -0.00875689997871387, -8.90706048686256e-07, -0.0495469385160821, -8.9070604868988e-07, 2.39221040138368e-06, 0.0495469385160821, -6.6046849613385e-07, 3.61910509261183e-06, -0.00866300139273627, 6.94269800115093e-09, 1.50064205771868e-05, 6.94269800114744e-09, 8.00403586283227e-09, -1.50064205771868e-05, -1.68016354227837e-09, 2.33510371921263e-09, -9.38985859776095e-05, 
445, 10, -8.14655393880466e-07, -0.0495220559899353, -8.14655393883887e-07, 2.34827770607657e-06, 0.0495220559899353, -7.59302856163686e-07, 3.56125628375363e-06, -0.00875073717001259, -8.21596969953968e-07, -0.0495370813209088, -8.21596969957389e-07, 2.34027755827843e-06, 0.0495370813209088, -7.57661200339655e-07, 3.55889844995327e-06, -0.00865679392828928, 6.94157603875942e-09, 1.5025330973439e-05, 6.94157603875921e-09, 8.00014779259092e-09, -1.5025330973439e-05, -1.64165569241614e-09, 2.35783379145784e-09, -9.39432417233111e-05, 
445, 19, -8.79955855175825e-07, -0.0495474494109995, -8.79955855179242e-07, 2.38890657180488e-06, 0.0495474494109995, -6.49313739853838e-07, 3.54277161158759e-06, -0.00876154637616669, -8.86899838688612e-07, -0.0495624816356504, -8.8689983869227e-07, 2.3809858531349e-06, 0.0495624816356504, -6.47651451661172e-07, 3.54046651465619e-06, -0.0086675709706374, 6.94398353283613e-09, 1.5032224650932e-05, 6.94398353283628e-09, 7.92071866610287e-09, -1.5032224650932e-05, -1.66228823163106e-09, 2.30509694195724e-09, -9.39754055293297e-05, 
446, 0, -1.00477262900934e-06, -0.0495482019400048, -1.00477262901257e-06, 2.34032723101792e-06, 0.0495482019400048, -8.34993897508212e-07, 3.50321124238979e-06, -0.00876173291270134, -1.01129880970421e-06, -0.0495632355152932, -1.01129880970765e-06, 2.33206089002082e-06, 0.0495632355152932, -8.33214371765756e-07, 3.50099638650257e-06, -0.00866775581500003, 6.52618069316237e-09, 1.50335752883086e-05, 6.52618069316195e-09, 8.26634100021387e-09, -1.50335752883086e-05, -1.77952584357133e-09, 2.21485590799253e-09, -9.39770977013162e-05, 
446, 10, -9.39051953860837e-07, -0.0495422817553548, -9.39051953864718e-07, 2.2886175377161e-06, 0.0495422817553548, -9.44662383998856e-07, 3.44896033692507e-06, -0.00875554192280501, -9.45579974137931e-07, -0.0495573339484163, -9.45579974140946e-07, 2.28034383317783e-06, 0.0495573339484163, -9.4291115377293e-07, 3.44671714595327e-06, -0.00866152116186527, 6.52802027335401e-09, 1.50521930616592e-05, 6.52802027335734e-09, 8.2737045530496e-09, -1.50521930616592e-05, -1.75123011812248e-09, 2.24319099070632e-09, -9.40207609397756e-05, 
446, 18, -1.00673741577208e-06, -0.0495667668683359, -1.00673741577509e-06, 2.32837053688358e-06, 0.0495667668683359, -8.34688627316032e-07, 3.43721637880016e-06, -0.00876618996072664, -1.01325606391233e-06, -0.0495818236649109, -1.01325606391599e-06, 2.32017055561278e-06, 0.0495818236649109, -8.32919842237894e-07, 3.43502381138413e-06, -0.00867214112017289, 6.51864818597618e-09, 1.50567965751549e-05, 6.51864818597078e-09, 8.19998129338024e-09, -1.50567965751549e-05, -1.76878513992579e-09, 2.19256736483118e-09, -9.40488405537695e-05, 
447, 0, -1.12782440786383e-06, -0.0495676921801041, -1.12782440786686e-06, 2.27347928990083e-06, 0.0495676921801041, -1.0146963373555e-06, 3.38969765826505e-06, -0.00876636037760923, -1.13390982367262e-06, -0.0495827505087133, -1.13390982367588e-06, 2.26495389161671e-06, 0.0495827505087133, -1.01281740380745e-06, 3.3876029169847e-06, -0.00867230987403539, 6.08541583579802e-09, 1.50583286090939e-05, 6.085415835805e-09, 8.52539827180888e-09, -1.50583286090939e-05, -1.87893354480787e-09, 2.09474130748318e-09, -9.40505035738588e-05, 
447, 10, -1.06381486724322e-06, -0.0495690204055161, -1.06381486724616e-06, 2.22239505204474e-06, 0.0495690204055161, -1.12216004928409e-06, 3.34112302694499e-06, -0.00875979135843824, -1.06990641382754e-06, -0.0495840960762905, -1.06990641383054e-06, 2.21387148679124e-06, 0.0495840960762905, -1.12030477042508e-06, 3.33899125680718e-06, -0.00866570032156715, 6.09154659365864e-09, 1.50756707741446e-05, 6.09154659366023e-09, 8.52356527489371e-09, -1.50756707741446e-05, -1.85527874327245e-09, 2.13177012986322e-09, -9.40910368710581e-05, 
447, 18, -1.13421191331911e-06, -0.0495931223571107, -1.13421191332187e-06, 2.26164257532439e-06, 0.0495931223571107, -1.01534711682988e-06, 3.33912914034045e-06, -0.00877040122368032, -1.14028604227971e-06, -0.0496082001026239, -1.14028604228339e-06, 2.25317781844759e-06, 0.0496082001026239, -1.0134780389708e-06, 3.33704957442177e-06, -0.00867628621677939, 6.07412898251465e-09, 1.50777455130009e-05, 6.07412898251597e-09, 8.46475687794951e-09, -1.50777455130009e-05, -1.86907783785943e-09, 2.07956593398035e-09, -9.41150069009135e-05, 
448, 0, -1.25203990529022e-06, -0.0495942041018503, -1.25203990529319e-06, 2.20015742383218e-06, 0.0495942041018503, -1.19026571798362e-06, 3.28275512308829e-06, -0.00877055581849357, -1.2576681188726e-06, -0.0496092833234442, -1.25766811887603e-06, 2.19138921940548e-06, 0.0496092833234442, -1.18829194777229e-06, 3.28077835635851e-06, -0.00867643943445635, 5.62821366958328e-09, 1.50792215939496e-05, 5.62821366958317e-09, 8.7682044069532e-09, -1.50792215939496e-05, -1.9737702124566e-09, 1.97676671026555e-09, -9.41163840371921e-05, 
448, 10, -1.1846492439e-06, -0.0496061838830511, -1.18464924390254e-06, 2.15039334658104e-06, 0.0496061838830511, -1.29244806732909e-06, 3.2413943933596e-06, -0.00876378699484184, -1.19026686552053e-06, -0.0496212773087278, -1.19026686552398e-06, 2.14162033698146e-06, 0.0496212773087278, -1.29049702316398e-06, 3.23938069730808e-06, -0.00866963544790637, 5.61762163293515e-09, 1.50934256768918e-05, 5.61762163293488e-09, 8.77300958980055e-09, -1.50934256768918e-05, -1.95104422649267e-09, 2.01369604048227e-09, -9.41515469354584e-05, 
448, 18, -1.25701499085368e-06, -0.0496297149415746, -1.25701499085711e-06, 2.18762276809083e-06, 0.0496297149415746, -1.18925403552678e-06, 3.24674892515413e-06, -0.0087743591934664, -1.2626183755109e-06, -0.0496448062549618, -1.26261837551493e-06, 2.17889688693822e-06, 0.0496448062549618, -1.18728713207812e-06, 3.24478452488314e-06, -0.00868018929047989, 5.6033846315827e-09, 1.50913133874618e-05, 5.60338463157836e-09, 8.72588115777423e-09, -1.50913133874618e-05, -1.96690343412168e-09, 1.96440035485908e-09, -9.41699029864935e-05, 
449, 0, -1.37086619329874e-06, -0.0496310187077404, -1.37086619330217e-06, 2.11969607663583e-06, 0.0496310187077404, -1.35922682011164e-06, 3.18178122927397e-06, -0.0087745051322457, -1.37601000515123e-06, -0.0496461113618788, -1.37601000515483e-06, 2.11068926664777e-06, 0.0496461113618788, -1.35716124621329e-06, 3.17992468934565e-06, -0.00868033426099618, 5.14381188254879e-09, 1.50926541381784e-05, 5.1438118825471e-09, 9.00680995974898e-09, -1.50926541381784e-05, -2.06557370788084e-09, 1.85653988797495e-09, -9.41708712495088e-05, 
449, 10, -1.29769389291406e-06, -0.0496562618383777, -1.29769389291721e-06, 2.07627223148166e-06, 0.0496562618383777, -1.45282511544817e-06, 3.15227483380816e-06, -0.00876759376168977, -1.30284817500036e-06, -0.049671364148785, -1.302848175004e-06, 2.06725610259273e-06, 0.049671364148785, -1.45077738069244e-06, 3.15037453968243e-06, -0.00867339492804856, 5.15428208849911e-09, 1.51023104072264e-05, 5.15428208850292e-09, 9.01612887025969e-09, -1.51023104072264e-05, -2.04773481385993e-09, 1.90029412598396e-09, -9.41988336412112e-05, 
449, 18, -1.37231167648925e-06, -0.0496790468609197, -1.37231167649267e-06, 2.108862482576e-06, 0.0496790468609197, -1.35638253502564e-06, 3.16087031056992e-06, -0.00877806862281471, -1.37743376540724e-06, -0.0496941412872774, -1.37743376541034e-06, 2.09987347729835e-06, 0.0496941412872774, -1.35431865762282e-06, 3.15902201725592e-06, -0.00868385851445199, 5.12208893886019e-09, 1.50944263576251e-05, 5.12208893886051e-09, 8.98900525438073e-09, -1.50944263576251e-05, -2.06387732914501e-09, 1.84829337456441e-09, -9.42101083627182e-05, 
450, 0, -1.48181283388763e-06, -0.0496806225805358, -1.48181283389035e-06, 2.03489526145386e-06, 0.0496806225805358, -1.52166142416809e-06, 3.08761950206689e-06, -0.00877820351463928, -1.48646045124541e-06, -0.0496957181170201, -1.48646045124874e-06, 2.02564889466701e-06, 0.0496957181170201, -1.51950526303523e-06, 3.08588394447201e-06, -0.00868399297554719, 4.64761738142137e-09, 1.50955364843195e-05, 4.64761738141883e-09, 9.24636679208821e-09, -1.50955364843195e-05, -2.15616128625889e-09, 1.73555754920054e-09, -9.42105390920697e-05, 
450, 10, -1.40728875937012e-06, -0.0497174796813531, -1.40728875937344e-06, 2.0007893113555e-06, 0.0497174796813531, -1.62006719484818e-06, 3.07206268188751e-06, -0.00877138351630953, -1.41199161112832e-06, -0.0497325800668662, -1.41199161113208e-06, 1.99152968895836e-06, 0.0497325800668662, -1.61791554374205e-06, 3.0702792903459e-06, -0.00867715292208386, 4.7028517668291e-09, 1.51003855130843e-05, 4.70285176682921e-09, 9.25962238024572e-09, -1.51003855130843e-05, -2.15165115588155e-09, 1.78339152549933e-09, -9.42305942256602e-05, 
450, 18, -1.48287957766905e-06, -0.0497394906567496, -1.48287957767216e-06, 2.02661615058925e-06, 0.0497394906567496, -1.52945193953482e-06, 3.08021515818108e-06, -0.00878178135520719, -1.48751890832926e-06, -0.049754577016089, -1.48751890833248e-06, 2.01736515619335e-06, 0.049754577016089, -1.52728661381369e-06, 3.07848589906326e-06, -0.00868754728789284, 4.63933071996992e-09, 1.50863593392001e-05, 4.63933071997331e-09, 9.2509943830041e-09, -1.50863593392001e-05, -2.16532555089771e-09, 1.72925911648141e-09, -9.42340673143276e-05, 
451, 0, -1.58767600931247e-06, -0.0497412696895987, -1.58767600931585e-06, 1.94685342729546e-06, 0.0497412696895987, -1.69037456696194e-06, 2.99824375110965e-06, -0.00878191205825578, -1.59182566900093e-06, -0.0497563568897014, -1.59182566900421e-06, 1.93736939919557e-06, 0.0497563568897014, -1.68812386760219e-06, 2.99663226647678e-06, -0.00868767817123488, 4.14965964453016e-09, 1.50872001024438e-05, 4.14965964452773e-09, 9.48402808855408e-09, -1.50872001024437e-05, -2.25069934335651e-09, 1.6114846285486e-09, -9.4233887020886e-05, 
451, 10, -1.51841745855043e-06, -0.0497886805255942, -1.5184174585538e-06, 1.92303984406876e-06, 0.0497886805255942, -1.79470898878141e-06, 2.9922435354692e-06, -0.00877472331010232, -1.52259767716385e-06, -0.049803767265201, -1.5225976771669e-06, 1.91353627708191e-06, 0.049803767265201, -1.79246608215041e-06, 2.99058193140691e-06, -0.00868047766753308, 4.18021862061519e-09, 1.50867396069057e-05, 4.18021862061678e-09, 9.50356697296721e-09, -1.50867396069057e-05, -2.2429064605471e-09, 1.66160404065972e-09, -9.42456425692506e-05, 
451, 18, -1.5912030810008e-06, -0.049809932145594, -1.59120308100494e-06, 1.94200850032899e-06, 0.049809932145594, -1.70601762984403e-06, 2.99939080265364e-06, -0.0087850252289714, -1.59532817453604e-06, -0.0498249984268158, -1.59532817453877e-06, 1.93250927012724e-06, 0.0498249984268158, -1.70375849758672e-06, 2.9977832626534e-06, -0.00869078446344237, 4.1250935586796e-09, 1.50662812218783e-05, 4.12509355868309e-09, 9.49923022723718e-09, -1.50662812218783e-05, -2.25913227801469e-09, 1.60753999309431e-09, -9.42407655290065e-05, 
452, 0, -1.69106537142044e-06, -0.0498119058830011, -1.69106537142306e-06, 1.85655749759305e-06, 0.0498119058830011, -1.86239734845584e-06, 2.90833608448878e-06, -0.00878513394296764, -1.69468688542695e-06, -0.049826972692619, -1.6946868854301e-06, 1.84685149502616e-06, 0.049826972692619, -1.86005975793847e-06, 2.90685092505533e-06, -0.00869089403841941, 3.62151398607787e-09, 1.50668096177913e-05, 3.62151398607882e-09, 9.70600255120026e-09, -1.50668096177913e-05, -2.33759050853696e-09, 1.48515933111129e-09, -9.42399045482468e-05, 
452, 10, -1.6239706412612e-06, -0.0498646471095911, -1.62397064126424e-06, 1.84350733987898e-06, 0.0498646471095911, -1.95287617327001e-06, 2.9081597276462e-06, -0.00877773300778223, -1.62759597575788e-06, -0.0498797088383943, -1.62759597576017e-06, 1.83377591821656e-06, 0.0498797088383943, -1.95054673238964e-06, 2.90662536578292e-06, -0.00868348874152651, 3.62533449635692e-09, 1.50617288031622e-05, 3.62533449636359e-09, 9.73142164572728e-09, -1.50617288031622e-05, -2.32944089202439e-09, 1.53436184749629e-09, -9.4244266255711e-05, 
452, 18, -1.69405310209725e-06, -0.0498854378092487, -1.69405310210063e-06, 1.85602551384732e-06, 0.0498854378092487, -1.86840004091596e-06, 2.91398550123005e-06, -0.00878791401948961, -1.69763669585081e-06, -0.0499004741868917, -1.69763669585343e-06, 1.8462952589763e-06, 0.0499004741868917, -1.86606030472018e-06, 2.91250678965167e-06, -0.00869368260355273, 3.58359376500861e-09, 1.50363776430687e-05, 3.58359376500861e-09, 9.73025488031487e-09, -1.50363776430687e-05, -2.33973629177436e-09, 1.4787115523422e-09, -9.4231415936853e-05, 
453, 0, -1.78873941958307e-06, -0.0498874686440386, -1.78873941958643e-06, 1.76520844906438e-06, 0.0498874686440386, -2.01936669787604e-06, 2.81448105561228e-06, -0.00878800718872729, -1.79180804686045e-06, -0.0499025052572669, -1.79180804686393e-06, 1.75529949882558e-06, 0.0499025052572669, -2.01695503332134e-06, 2.81312828316484e-06, -0.00869377732551318, 3.06862728630108e-09, 1.50366132280987e-05, 3.06862728629864e-09, 9.90895026228535e-09, -1.50366132280987e-05, -2.4116646251193e-09, 1.35277243844861e-09, -9.42298632141163e-05, 
453, 10, -1.72317731397571e-06, -0.0499365056912374, -1.72317731397919e-06, 1.76191639462041e-06, 0.0499365056912374, -2.08358953370869e-06, 2.81899578276371e-06, -0.0087800354227939, -1.72623982205296e-06, -0.0499515342086221, -1.72623982205622e-06, 1.75197957518319e-06, 0.0499515342086221, -2.08118721057442e-06, 2.81759515246079e-06, -0.00868580734439724, 3.06250809653988e-09, 1.50285173847491e-05, 3.06250809653469e-09, 9.93681945957542e-09, -1.50285173847491e-05, -2.40232320020109e-09, 1.40063031820205e-09, -9.42280783966937e-05, 
453, 18, -1.79020951736129e-06, -0.0499571839482823, -1.79020951736433e-06, 1.76825868240491e-06, 0.0499571839482823, -2.00168272801903e-06, 2.82362651498353e-06, -0.00879014129608098, -1.79323506450692e-06, -0.0499721844682901, -1.79323506451007e-06, 1.75832033217222e-06, 0.0499721844682901, -1.9992786125594e-06, 2.82228080581294e-06, -0.00869593329397469, 3.02554716109348e-09, 1.50005200079002e-05, 3.02554716109337e-09, 9.93835025768174e-09, -1.50005200079002e-05, -2.40411544378629e-09, 1.34570909987777e-09, -9.42080021062408e-05, 
454, 0, -1.8795378521499e-06, -0.0499590311966982, -1.87953785215328e-06, 1.67244995400916e-06, 0.0499590311966982, -2.14654430701964e-06, 2.71721985022806e-06, -0.00879020754269557, -1.88203848593347e-06, -0.0499740317185156, -1.88203848593716e-06, 1.66236251195544e-06, 0.0499740317185156, -2.14407527807514e-06, 2.7160027623655e-06, -0.00869600176571548, 2.50063380548546e-09, 1.50005218174632e-05, 2.50063380548546e-09, 1.00874420675284e-08, -1.50005218174632e-05, -2.46902891206546e-09, 1.21708776304114e-09, -9.42057769800962e-05, 
454, 10, -1.81278200648311e-06, -0.0499969015207612, -1.81278200648615e-06, 1.67908688949276e-06, 0.0499969015207612, -2.1855654274817e-06, 2.72781814268942e-06, -0.00878111870470577, -1.81527278825209e-06, -0.0500118925321182, -1.81527278825502e-06, 1.66896880825068e-06, 0.0500118925321182, -2.18310796726421e-06, 2.72655069553291e-06, -0.00868691961221554, 2.49078174885737e-09, 1.49910113568346e-05, 2.49078174885387e-09, 1.01180812164681e-08, -1.49910113568346e-05, -2.45746028242653e-09, 1.26744709946914e-09, -9.41990924902168e-05, 
454, 18, -1.87707065891686e-06, -0.0500178257924313, -1.87707065892065e-06, 1.67874674584077e-06, 0.0500178257924313, -2.10455266208074e-06, 2.73143410866948e-06, -0.0087912019676135, -1.87952574102318e-06, -0.0500327884885995, -1.87952574102677e-06, 1.66863356341078e-06, 0.0500327884885995, -2.10210141996401e-06, 2.73021764285043e-06, -0.0086970291187217, 2.45508208222039e-09, 1.49626961681105e-05, 2.45508208222526e-09, 1.01131824381365e-08, -1.49626961681105e-05, -2.45124211764935e-09, 1.21646586326134e-09, -9.4172848891809e-05, 
455, 0, -1.96087471618815e-06, -0.0500193393006904, -1.96087471619118e-06, 1.57845032621614e-06, 0.0500193393006904, -2.24342550849494e-06, 2.6196612453942e-06, -0.00879122783364202, -1.96279587562863e-06, -0.0500343018352101, -1.96279587563188e-06, 1.56821872129105e-06, 0.0500343018352101, -2.2409166586979e-06, 2.61857521581697e-06, -0.00869705783640605, 1.92115947389092e-09, 1.49625345197957e-05, 1.92115947388923e-09, 1.02316049206843e-08, -1.49625345197957e-05, -2.50884977833772e-09, 1.08602959662635e-09, -9.41699972359412e-05, 
455, 10, -1.89566603562583e-06, -0.0500385902213831, -1.89566603562952e-06, 1.59258785640808e-06, 0.0500385902213831, -2.2750752715402e-06, 2.63195027704492e-06, -0.0087806770942017, -1.89758346331275e-06, -0.0500535436277785, -1.89758346331666e-06, 1.58233307138437e-06, 0.0500535436277785, -2.2725704549702e-06, 2.63081068384202e-06, -0.00868651706708588, 1.91742766800652e-09, 1.49534063953706e-05, 1.91742766800303e-09, 1.02547850356248e-08, -1.49534063953706e-05, -2.50481649348983e-09, 1.13959316386696e-09, -9.4160027115843e-05, 
455, 18, -1.95724893993555e-06, -0.0500602077687296, -1.95724893993859e-06, 1.58675509654039e-06, 0.0500602077687296, -2.19318664500728e-06, 2.63761073213313e-06, -0.00879086008535115, -1.95913903793169e-06, -0.0500751348164898, -1.95913903793496e-06, 1.57650717020994e-06, 0.0500751348164898, -2.19069668423481e-06, 2.63651889554564e-06, -0.00869673128946357, 1.89009803059284e-09, 1.49270477600863e-05, 1.89009803059283e-09, 1.02479263191507e-08, -1.49270477600863e-05, -2.4899608428882e-09, 1.09183664666018e-09, -9.41287958875375e-05, 
456, 0, -2.03554659888577e-06, -0.0500612224505541, -2.03554659888926e-06, 1.48235829344634e-06, 0.0500612224505541, -2.32646755911604e-06, 2.52117804428369e-06, -0.00879084282420817, -2.03689662863303e-06, -0.0500761492577002, -2.0368966286363e-06, 1.47202244327101e-06, 0.0500761492577002, -2.32392664722148e-06, 2.52021816438021e-06, -0.00869671746721493, 1.35002976119016e-09, 1.49268071460434e-05, 1.35002976119195e-09, 1.03358501483001e-08, -1.49268071460434e-05, -2.54091190782366e-09, 9.59879894360804e-10, -9.41253569932434e-05, 
456, 10, -1.97041856691307e-06, -0.0500572199979053, -1.97041856691656e-06, 1.50083859212031e-06, 0.0500572199979053, -2.36398143224332e-06, 2.52986469615213e-06, -0.00877850547009985, -1.97176897965935e-06, -0.0500721393426884, -1.97176897966327e-06, 1.49048139761438e-06, 0.0500721393426884, -2.36143573389114e-06, 2.52885016084689e-06, -0.00868439200229139, 1.35041274763576e-09, 1.49193447833262e-05, 1.35041274763565e-09, 1.03571944883436e-08, -1.49193447833262e-05, -2.54569857920883e-09, 1.01453533804459e-09, -9.41134678084957e-05, 
456, 18, -2.03123889137427e-06, -0.0500798596244157, -2.03123889137709e-06, 1.49206110298831e-06, 0.0500798596244157, -2.28385147834745e-06, 2.5415864077345e-06, -0.00878888282145448, -2.03257266910395e-06, -0.0500947561213391, -2.03257266910699e-06, 1.48171152404817e-06, 0.0500947561213391, -2.28132361161632e-06, 2.54061592453432e-06, -0.00869480485508066, 1.33377773194021e-09, 1.48964969236629e-05, 1.33377773194529e-09, 1.03495789208683e-08, -1.48964969236629e-05, -2.52786664252596e-09, 9.70483157200224e-10, -9.40779663738162e-05, 
457, 0, -2.10399924373156e-06, -0.0500802930804283, -2.10399924373461e-06, 1.38389503345296e-06, 0.0500802930804283, -2.41192764068502e-06, 2.42029354890967e-06, -0.00878881891943799, -2.10478756002808e-06, -0.0500951893202929, -2.10478756003156e-06, 1.37348718864e-06, 0.0500951893202929, -2.4093549458652e-06, 2.41945656446748e-06, -0.00869474495792311, 7.88316264633764e-10, 1.48962398645359e-05, 7.88316264635352e-10, 1.04078447532346e-08, -1.48962398645359e-05, -2.57269482943543e-09, 8.36984472948027e-10, -9.40739615148771e-05, 
457, 10, -2.04471031727309e-06, -0.0500528142495685, -2.04471031727592e-06, 1.40174391891583e-06, 0.0500528142495685, -2.45738466680928e-06, 2.42508753157021e-06, -0.00877484543338244, -2.04550658852961e-06, -0.0500677053274884, -2.04550658853221e-06, 1.3913193208304e-06, 0.0500677053274884, -2.45479882632597e-06, 2.42419523795512e-06, -0.00868078416966245, 7.96271215446756e-10, 1.4891077919963e-05, 7.96271215448661e-10, 1.04245980786547e-08, -1.4891077919963e-05, -2.58584053277466e-09, 8.92293526736581e-10, -9.40612637199777e-05, 
457, 18, -2.10553258916646e-06, -0.0500766811171705, -2.10553258916972e-06, 1.39286615963391e-06, 0.0500766811171705, -2.37854923685357e-06, 2.44712984504953e-06, -0.00878544172159118, -2.1063007452879e-06, -0.050091553719577, -2.10630074529159e-06, 1.38244887998107e-06, 0.050091553719577, -2.37598680914158e-06, 2.44627546734443e-06, -0.00869141942263857, 7.68156126959362e-10, 1.48726024062234e-05, 7.68156126957772e-10, 1.04172796798361e-08, -1.48726024062234e-05, -2.56242746551701e-09, 8.54377739212567e-10, -9.40222989526051e-05, 
458, 0, -2.17284454664895e-06, -0.05007656804361, -2.17284454665286e-06, 1.28087185793841e-06, 0.05007656804361, -2.50150366946079e-06, 2.32092773349509e-06, -0.00878533968262778, -2.17306380362482e-06, -0.050091440420668, -2.17306380362851e-06, 1.27042635786792e-06, 0.050091440420668, -2.49890215383001e-06, 2.32020837119213e-06, -0.008691321866885, 2.19256968696758e-10, 1.48723770580664e-05, 2.19256968703426e-10, 1.04455000891995e-08, -1.48723770580664e-05, -2.60151550425912e-09, 7.19362304666547e-10, -9.40178157427712e-05, 
458, 10, -2.11572913147645e-06, -0.050027160560372, -2.11572913147972e-06, 1.29803040133206e-06, 0.050027160560372, -2.55317319024899e-06, 2.32217334847639e-06, -0.00877037190280399, -2.11595573406312e-06, -0.0500420307456911, -2.1159557340666e-06, 1.28757673039247e-06, 0.0500420307456911, -2.55055884398286e-06, 2.32139538223853e-06, -0.00867636632812937, 2.26602592702473e-10, 1.48701853190192e-05, 2.26602592705648e-10, 1.04536709184814e-08, -1.48701853190192e-05, -2.61434618993408e-09, 7.77966293728329e-10, -9.40055746745849e-05, 
458, 18, -2.17682852671811e-06, -0.0500521790373709, -2.17682852672095e-06, 1.28997850903483e-06, 0.0500521790373709, -2.47668686035869e-06, 2.35589617417244e-06, -0.00878114813758003, -2.17702916107009e-06, -0.0500670358208571, -2.17702916107314e-06, 1.27951531992278e-06, 0.0500670358208571, -2.47408809703557e-06, 2.35515363351648e-06, -0.00868718363867913, 2.00634391229004e-10, 1.48567834861229e-05, 2.00634391233979e-10, 1.04631891663762e-08, -1.48567834861229e-05, -2.59876312529292e-09, 7.42540698249111e-10, -9.39644989008972e-05, 
459, 0, -2.23842425715634e-06, -0.0500515650281632, -2.23842425716004e-06, 1.17441306645635e-06, 0.0500515650281632, -2.59472994953817e-06, 2.22464403444049e-06, -0.00878102600454347, -2.23807365309975e-06, -0.0500664216741456, -2.23807365310325e-06, 1.16395085093646e-06, 0.0500664216741456, -2.59209767159003e-06, 2.22403831745319e-06, -0.00868706631059016, -3.50604016363436e-10, 1.48566459825744e-05, -3.5060401635825e-10, 1.04622155036065e-08, -1.48566459825744e-05, -2.63227791359238e-09, 6.05717033021597e-10, -9.39596939533209e-05, 
459, 10, -2.1838640706516e-06, -0.049982827126969, -2.18386407065487e-06, 1.18884486677538e-06, 0.049982827126969, -2.64999379791671e-06, 2.22263002824303e-06, -0.00876456615630919, -2.18350617559345e-06, -0.0499976842072253, -2.18350617559672e-06, 1.17837388388105e-06, 0.0499976842072253, -2.64734746568139e-06, 2.22196451853695e-06, -0.0086706181278231, -3.5789506460124e-10, 1.48570802560715e-05, -3.57895064599546e-10, 1.04709829520773e-08, -1.48570802560715e-05, -2.64633214137549e-09, 6.65509683303754e-10, -9.3948028486064e-05, 
459, 18, -2.24455816022243e-06, -0.0500088808430852, -2.24455816022613e-06, 1.18241460947535e-06, 0.0500088808430852, -2.57453880834822e-06, 2.26899809545578e-06, -0.00877550212697261, -2.24417669848109e-06, -0.0500237287601991, -2.24417669848522e-06, 1.17192001888203e-06, 0.0500237287601991, -2.57190175650154e-06, 2.26836521193132e-06, -0.00868159645072079, -3.81461711380237e-10, 1.48479171139034e-05, -3.81461711380238e-10, 1.04945905712762e-08, -1.48479171139034e-05, -2.63705180753364e-09, 6.32883517856643e-10, -9.39056762518075e-05, 
460, 0, -2.30044179293486e-06, -0.0500078294085406, -2.30044179293792e-06, 1.06336732769801e-06, 0.0500078294085406, -2.68780162527818e-06, 2.1328603331548e-06, -0.00877533947247786, -2.2995079833224e-06, -0.050022677266783, -2.29950798332503e-06, 1.05290401148167e-06, 0.0500226772667829, -2.68513734364692e-06, 2.13236569370309e-06, -0.00868143880285116, -9.33809655816393e-10, 1.48478582424121e-05, -9.33809655817877e-10, 1.04633162110921e-08, -1.48478582424121e-05, -2.66428165739369e-09, 4.94639401950735e-10, -9.39006696267083e-05, 
460, 10, -2.24272710476622e-06, -0.0499188216493383, -2.24272710476863e-06, 1.07883142365173e-06, 0.0499188216493383, -2.74623415393951e-06, 2.12746766153754e-06, -0.00875910957498174, -2.24178164630991e-06, -0.0499336744541089, -2.24178164631273e-06, 1.06834120457084e-06, 0.0499336744541089, -2.74354925640001e-06, 2.1269151221469e-06, -0.00866521796763361, -9.4545848070642e-10, 1.48528047705519e-05, -9.45458480704937e-10, 1.04902190674207e-08, -1.48528047705519e-05, -2.68489759118211e-09, 5.5253941617579e-10, -9.3891607348136e-05, 
460, 18, -2.30358402933148e-06, -0.0499456637692267, -2.3035840293343e-06, 1.07274129847691e-06, 0.0499456637692267, -2.67261916619397e-06, 2.18473653095739e-06, -0.0087701385242776, -2.30261248445375e-06, -0.0499605134839864, -2.30261248445703e-06, 1.06221816955978e-06, 0.0499605134839864, -2.66994427896427e-06, 2.18421326787891e-06, -0.00867628827127866, -9.71544887572393e-10, 1.48497147599935e-05, -9.71544887572393e-10, 1.05231288796032e-08, -1.48497147599934e-05, -2.67488720479843e-09, 5.23263125062963e-10, -9.38502529989678e-05, 
461, 0, -2.35346528838211e-06, -0.049944117271358, -2.35346528838517e-06, 9.50917448418257e-07, 0.049944117271358, -2.78143690710686e-06, 2.0436489624994e-06, -0.00876999227032461, -2.35194150454e-06, -0.0499589671517465, -2.35194150454326e-06, 9.40455671109192e-07, 0.0499589671517465, -2.77874056858101e-06, 2.04326603108877e-06, -0.00867614698893395, -1.52378380990374e-09, 1.48498803887051e-05, -1.52378380990374e-09, 1.04617773234735e-08, -1.48498803887051e-05, -2.69633869410911e-09, 3.82931414724298e-10, -9.38452813906508e-05, 
461, 10, -2.29767826660972e-06, -0.0498433899673559, -2.29767826661297e-06, 9.64725037268812e-07, 0.0498433899673559, -2.84493470341063e-06, 2.02925691340247e-06, -0.00875301453991954, -2.29615795329052e-06, -0.0498582483284943, -2.29615795329379e-06, 9.54231535731597e-07, 0.0498582483284943, -2.84222144704162e-06, 2.02880961848006e-06, -0.00865917642844403, -1.52031332144416e-09, 1.48583611383304e-05, -1.52031332144246e-09, 1.04935015297396e-08, -1.48583611383304e-05, -2.71325635368806e-09, 4.47294922462893e-10, -9.38381114755237e-05, 
461, 18, -2.35879448670233e-06, -0.0498708258608883, -2.35879448670603e-06, 9.57983198913902e-07, 0.0498708258608883, -2.77294969099138e-06, 2.0956988541132e-06, -0.00876413380549533, -2.35723754639718e-06, -0.0498856853919456, -2.35723754640045e-06, 9.47451911137676e-07, 0.0498856853919456, -2.77024143824961e-06, 2.09528379232256e-06, -0.00867033517699892, -1.55694033777637e-09, 1.4859531057261e-05, -1.55694033777467e-09, 1.05312877501585e-08, -1.4859531057261e-05, -2.70825263000386e-09, 4.15061928510791e-10, -9.37986284963861e-05, 
462, 0, -2.40271794571995e-06, -0.0498690669336482, -2.40271794572256e-06, 8.33477997193543e-07, 0.0498690669336482, -2.87727043216139e-06, 1.94940364974551e-06, -0.00876396523785462, -2.40060872019028e-06, -0.0498839268228222, -2.40060872019311e-06, 8.23037261486565e-07, 0.0498839268228222, -2.87454598465797e-06, 1.949130522715e-06, -0.00867017142189798, -2.1092255235387e-09, 1.48598891742358e-05, -2.1092255235404e-09, 1.04407357113304e-08, -1.48598891742358e-05, -2.72444743134976e-09, 2.73127087287238e-10, -9.37938159566268e-05, 
462, 10, -2.34181847079081e-06, -0.0497626764899598, -2.34181847079387e-06, 8.51809055413681e-07, 0.0497626764899598, -2.94210624415131e-06, 1.92007671885758e-06, -0.00874617583495173, -2.33967858614317e-06, -0.0497775466942589, -2.33967858614687e-06, 8.41318985455782e-07, 0.0497775466942589, -2.93936720073538e-06, 1.91974057728699e-06, -0.00865238810236328, -2.13988462844105e-09, 1.48702042993037e-05, -2.13988462843745e-09, 1.04900699737585e-08, -1.48702042993037e-05, -2.73904337562759e-09, 3.36141574438623e-10, -9.37877325884706e-05, 
462, 18, -2.40491994527596e-06, -0.0497904403683184, -2.40491994527857e-06, 8.4172108803496e-07, 0.0497904403683184, -2.87213737715305e-06, 1.99397169347835e-06, -0.00875734400136594, -2.40276204617565e-06, -0.0498053137983598, -2.40276204617871e-06, 8.31184421007931e-07, 0.0498053137983598, -2.86940357608004e-06, 1.99367475423972e-06, -0.00866359334375602, -2.15789907353627e-09, 1.48734300414473e-05, -2.15789907353649e-09, 1.05366670633088e-08, -1.48734300414473e-05, -2.7338010329483e-09, 2.96939206880638e-10, -9.37506576099293e-05, 
463, 0, -2.44263007922452e-06, -0.0497885825847013, -2.44263007922649e-06, 7.15266171913219e-07, 0.0497885825847013, -2.97124736297557e-06, 1.84243055396182e-06, -0.00875715993383295, -2.43992146631541e-06, -0.0498034564984012, -2.43992146631866e-06, 7.04851112398004e-07, 0.0498034564984012, -2.96850366406003e-06, 1.84227689269113e-06, -0.00866341384707514, -2.70861289596415e-09, 1.48739137000842e-05, -2.70861289596055e-09, 1.0415059536638e-08, -1.48739137000842e-05, -2.74369883213373e-09, 1.53661312263937e-10, -9.37460867577904e-05, 
463, 10, -2.37983215624949e-06, -0.0496837145945613, -2.3798321562517e-06, 7.34974100161833e-07, 0.0496837145945613, -3.03396357323934e-06, 1.79256640562069e-06, -0.00873956140160072, -2.37711042459976e-06, -0.0496985996802411, -2.37711042460261e-06, 7.24520956840814e-07, 0.0496985996802411, -3.03120523724665e-06, 1.7923551794761e-06, -0.00864582021865534, -2.72173162450356e-09, 1.48850856798176e-05, -2.72173162450716e-09, 1.04531433600408e-08, -1.48850856798176e-05, -2.75833605026324e-09, 2.11226122930651e-10, -9.3741182945404e-05, 
463, 18, -2.44423700862147e-06, -0.0497114358807094, -2.4442370086243e-06, 7.20890180274527e-07, 0.0497114358807094, -2.96662490661558e-06, 1.87233976233362e-06, -0.00875069031432371, -2.4414755304939e-06, -0.0497263246031089, -2.44147553049671e-06, 7.10377496893387e-07, 0.0497263246031089, -2.96387311945036e-06, 1.87216948121088e-06, -0.00865698301410471, -2.76147813907782e-09, 1.48887223995834e-05, -2.76147813907401e-09, 1.05126833937608e-08, -1.48887223995834e-05, -2.75178715562409e-09, 1.70281137478114e-10, -9.37073002189716e-05, 
464, 0, -2.47575902689951e-06, -0.0497096557381563, -2.47575902690213e-06, 5.92672231432571e-07, 0.0497096557381563, -3.05950653678176e-06, 1.71578626181151e-06, -0.00875052123889481, -2.47244872990593e-06, -0.0497245450214686, -2.47244872990789e-06, 5.82311370015063e-07, 0.0497245450214686, -3.05675145368875e-06, 1.71576008788453e-06, -0.00865681816614396, -3.31029697762722e-09, 1.4889283312315e-05, -3.31029697763061e-09, 1.03608613729212e-08, -1.4889283312315e-05, -2.75508307197849e-09, 2.61739730947453e-11, -9.37030727508693e-05, 
464, 10, -2.41056786703063e-06, -0.0496129976877073, -2.41056786703326e-06, 6.17252639867036e-07, 0.0496129976877073, -3.11103032786463e-06, 1.65048981106778e-06, -0.00873392491198582, -2.40725156603963e-06, -0.0496278983301841, -2.40725156604159e-06, 6.06850332446501e-07, 0.0496278983301841, -3.10825501537148e-06, 1.65041204917053e-06, -0.0086402250984193, -3.3163010288344e-09, 1.49006424766066e-05, -3.3163010288344e-09, 1.04023073893072e-08, -1.49006424766066e-05, -2.77531252593842e-09, 7.77618164769973e-11, -9.36998135665112e-05, 
464, 18, -2.47579057338318e-06, -0.049640341003469, -2.47579057338579e-06, 5.97922467892311e-07, 0.049640341003469, -3.04687973946085e-06, 1.73458106745859e-06, -0.00874494426937264, -2.472437257673e-06, -0.0496552444421584, -2.47243725767541e-06, 5.87472319373613e-07, 0.0496552444421584, -3.04411741263435e-06, 1.73454249972308e-06, -0.00865127421462457, -3.35331571557517e-09, 1.49034386894149e-05, -3.3533157155684e-09, 1.04501484806186e-08, -1.49034386894149e-05, -2.76232694268309e-09, 3.85677609231076e-11, -9.36700547480599e-05, 
465, 0, -2.50106395164821e-06, -0.0496387947730775, -2.5010639516506e-06, 4.68439728193603e-07, 0.0496387947730775, -3.13249183849222e-06, 1.57400893076103e-06, -0.00874480766975532, -2.49716603702492e-06, -0.0496536988099709, -2.4971660370273e-06, 4.58172707028905e-07, 0.0496536988099709, -3.12973357965611e-06, 1.57411476133825e-06, -0.00865114139016209, -3.89791461321449e-09, 1.49040368934855e-05, -3.89791461321746e-09, 1.02670211563302e-08, -1.49040368934855e-05, -2.75825880097986e-09, -1.05830499571613e-10, -9.36662795932324e-05, 
465, 10, -2.43483174727388e-06, -0.0495542307527088, -2.4348317472767e-06, 4.97800189466524e-07, 0.0495542307527088, -3.18091464594205e-06, 1.48557369577457e-06, -0.00872941190463923, -2.43091875820306e-06, -0.0495691458501735, -2.43091875820503e-06, 4.87509431966028e-07, 0.0495691458501735, -3.17814070726412e-06, 1.48563165552641e-06, -0.00863574662744603, -3.91298908796221e-09, 1.49150974644653e-05, -3.91298908795882e-09, 1.02907574976602e-08, -1.49150974644653e-05, -2.77393866934933e-09, -5.79598124090354e-11, -9.36652771932056e-05, 
465, 18, -2.50115656026986e-06, -0.0495810999809593, -2.5011565602727e-06, 4.70302203875767e-07, 0.0495810999809593, -3.1183034463931e-06, 1.57229904543859e-06, -0.00874036969194854, -2.49720642677207e-06, -0.0495960161696072, -2.49720642677446e-06, 4.5995433414717e-07, 0.0495960161696072, -3.11554852129227e-06, 1.57240407557167e-06, -0.00864672908929722, -3.95013349317371e-09, 1.49161886481028e-05, -3.95013349317054e-09, 1.03478696950953e-08, -1.49161886481028e-05, -2.75492513388678e-09, -1.05030131180726e-10, -9.36406026513123e-05, 
466, 0, -2.52000265120181e-06, -0.0495798672458578, -2.5200026512053e-06, 3.39863160541045e-07, 0.0495798672458578, -3.1956251287961e-06, 1.40795868372701e-06, -0.00874026894218369, -2.5155147589315e-06, -0.0495947840428162, -2.51551475893412e-06, 3.29729605838991e-07, 0.0495947840428162, -3.19288195850262e-06, 1.40820749899324e-06, -0.00864663158517918, -4.4878922907635e-09, 1.49167969584953e-05, -4.48789229076012e-09, 1.01335547393774e-08, -1.49167969584953e-05, -2.74317039453505e-09, -2.48815204422386e-10, -9.36373570044959e-05, 
466, 10, -2.45026841129071e-06, -0.0495099345923342, -2.45026841129335e-06, 3.7897242342726e-07, 0.0495099345923342, -3.23794189978556e-06, 1.30275993197652e-06, -0.00872594523673085, -2.4457381176126e-06, -0.0495248615088248, -2.44573811761503e-06, 3.68823808922034e-07, 0.0495248615088248, -3.23518670817754e-06, 1.30296510837515e-06, -0.00863230615725819, -4.53029369796219e-09, 1.49269164904505e-05, -4.53029369796219e-09, 1.0148614501969e-08, -1.49269164904505e-05, -2.755191534393e-09, -2.05176484608228e-10, -9.36390794726546e-05, 
466, 18, -2.51750889692276e-06, -0.0495362391583967, -2.51750889692582e-06, 3.41697964779013e-07, 0.0495362391583967, -3.17669375400314e-06, 1.3908893198519e-06, -0.00873687043311582, -2.51296891444096e-06, -0.0495511647014913, -2.51296891444313e-06, 3.31493417184946e-07, 0.0495511647014913, -3.17396006766026e-06, 1.39114250130357e-06, -0.00864325027472335, -4.53998249753067e-09, 1.49255430944882e-05, -4.53998249753406e-09, 1.02045475601033e-08, -1.49255430944882e-05, -2.73368633353968e-09, -2.53181431122908e-10, -9.36201583924835e-05, 
467, 0, -2.52984966936266e-06, -0.0495353792206337, -2.52984966936527e-06, 2.10934178778858e-07, 0.0495353792206337, -3.24457327454557e-06, 1.22383708227573e-06, -0.00873680211627699, -2.52478141661667e-06, -0.0495503053494545, -2.52478141661908e-06, 2.00973870112597e-07, 0.0495503053494545, -3.2418588779985e-06, 1.22423266320056e-06, -0.00864318462490768, -5.06825277931729e-09, 1.49261288206637e-05, -5.06825277931411e-09, 9.96030862859172e-09, -1.49261288206637e-05, -2.7143964720723e-09, -3.95580900297414e-10, -9.36174913693373e-05, 
467, 10, -2.4563523400013e-06, -0.049481201906327, -2.4563523400048e-06, 2.62736956775442e-07, 0.049481201906327, -3.27632259993536e-06, 1.11066353956027e-06, -0.00872366559477116, -2.45125622160373e-06, -0.0494961369772993, -2.45125622160654e-06, 2.52766724142407e-07, 0.0494961369772993, -3.27359821598468e-06, 1.1110179037118e-06, -0.00863004281607962, -5.09611841457951e-09, 1.49350709722984e-05, -5.09611841458289e-09, 9.97023263299849e-09, -1.49350709722984e-05, -2.72438396747207e-09, -3.54364092299543e-10, -9.36227786915231e-05, 
467, 18, -2.52495446401168e-06, -0.0495068816122709, -2.5249544640143e-06, 2.1389183902315e-07, 0.0495068816122709, -3.21833664478308e-06, 1.19818838454139e-06, -0.00873456424914544, -2.51984569171384e-06, -0.0495218126699772, -2.51984569171711e-06, 2.0387237572295e-07, 0.0495218126699772, -3.21563758640948e-06, 1.19859307411907e-06, -0.00864095404861653, -5.1087723046292e-09, 1.49310577062265e-05, -5.10877230462581e-09, 1.00194632604418e-08, -1.49310577062265e-05, -2.69905834244515e-09, -4.04689630973918e-10, -9.36102005288698e-05, 
468, 0, -2.53098138383912e-06, -0.0495064260847216, -2.53098138384173e-06, 8.3149996587454e-08, 0.0495064260847216, -3.27620810541974e-06, 1.02926815764534e-06, -0.00873453346615862, -2.52535521441236e-06, -0.0495213576900381, -2.52535521441499e-06, 7.34046974497927e-08, 0.0495213576900381, -3.27353637433968e-06, 1.02981287061955e-06, -0.00864092531966388, -5.62616943226899e-09, 1.49316053164437e-05, -5.62616943226878e-09, 9.74529910125349e-09, -1.49316053164437e-05, -2.67173109739326e-09, -5.44712993993595e-10, -9.36081464947415e-05, 
468, 10, -2.45278443598959e-06, -0.0494667754988845, -2.45278443599224e-06, 1.50979350298439e-07, 0.0494667754988845, -3.29825377899896e-06, 9.11565377335036e-07, -0.00872280355402132, -2.44713570903456e-06, -0.0494817151720394, -2.44713570903761e-06, 1.41233131927845e-07, 0.0494817151720394, -3.29557120182229e-06, 9.12072954098446e-07, -0.00862918553994088, -5.64872693789926e-09, 1.49396731548292e-05, -5.64872693789249e-09, 9.74621840311826e-09, -1.49396731548292e-05, -2.68257709588693e-09, -5.07576941636775e-10, -9.36180140804646e-05, 
468, 19, -2.52155261918957e-06, -0.049492126008853, -2.52155261919261e-06, 9.07397220155964e-08, 0.049492126008853, -3.24620765088221e-06, 9.98853148551767e-07, -0.0087336956908221, -2.51590266314639e-06, -0.0495070602071422, -2.51590266314988e-06, 8.09405635358968e-08, 0.0495070602071422, -3.24355661212039e-06, 9.99410736339269e-07, -0.00864008489027494, -5.64995607323148e-09, 1.49341982890298e-05, -5.64995607323444e-09, 9.79915843130809e-09, -1.49341982890298e-05, -2.65103870363426e-09, -5.57587700285537e-10, -9.36108005471599e-05, 
469, 0, -2.52175166563104e-06, -0.0494919469868636, -2.52175166563364e-06, -4.10592364481932e-08, 0.0494919469868636, -3.2929858830262e-06, 8.27470355574107e-07, -0.00873371980189719, -2.51559998425509e-06, -0.0495068816369562, -2.51559998425772e-06, -5.05556142529597e-08, 0.0495068816369561, -3.29036828190004e-06, 8.28165282887599e-07, -0.00864011020785864, -6.1516813539992e-09, 1.49346500927036e-05, -6.15168135399581e-09, 9.49637781442876e-09, -1.49346500927036e-05, -2.61760111049113e-09, -6.94927151388339e-10, -9.36095940385246e-05, 
469, 10, -2.44355879450643e-06, -0.0494647115077312, -2.44355879450904e-06, 3.66469038461949e-08, 0.0494647115077312, -3.30885589469253e-06, 7.07007659750993e-07, -0.00872310192564802, -2.43739351938696e-06, -0.0494796531718239, -2.43739351939003e-06, 2.71692008242897e-08, 0.0494796531718239, -3.30622940485595e-06, 7.07663284024338e-07, -0.008629476985265, -6.16527510550761e-09, 1.49416640929881e-05, -6.16527510550401e-09, 9.47770303192664e-09, -1.49416640929881e-05, -2.62648979111419e-09, -6.55624410789165e-10, -9.36249403830518e-05, 
469, 19, -2.51233533201665e-06, -0.0494892652809811, -2.5123353320197e-06, -3.36861206067046e-08, 0.0494892652809811, -3.26249960636345e-06, 7.9163050600029e-07, -0.00873388828036496, -2.50618581056395e-06, -0.0495042000218353, -2.50618581056613e-06, -4.32296222512748e-08, 0.0495042000218353, -3.25990158848054e-06, 7.92343858540089e-07, -0.00864026301183211, -6.14952144471895e-09, 1.49347408543516e-05, -6.14952144472233e-09, 9.54350166474176e-09, -1.49347408543516e-05, -2.59801797768335e-09, -7.13352536481642e-10, -9.36252685328624e-05, 
470, 0, -2.50631881141945e-06, -0.0494894115462664, -2.50631881142206e-06, -1.64669832723008e-07, 0.0494894115462664, -3.29852936480997e-06, 6.19803174898951e-07, -0.00873394407285639, -2.49968258559617e-06, -0.0495043467466644, -2.49968258559838e-06, -1.7388509752841e-07, 0.0495043467466644, -3.29597272046601e-06, 6.2065075252136e-07, -0.00864031945429467, -6.6362258273136e-09, 1.4935200397954e-05, -6.6362258273136e-09, 9.21526479836004e-09, -1.4935200397954e-05, -2.55664434313452e-09, -8.47577556069271e-10, -9.36246185617253e-05, 
470, 10, -2.43117291274357e-06, -0.0494714661969108, -2.43117291274618e-06, -8.23247526807608e-08, 0.0494714661969108, -3.31611644978781e-06, 4.87431318162219e-07, -0.00872487568237034, -2.424547459298e-06, -0.0494864085806844, -2.42454745930061e-06, -9.154931814111e-08, 0.0494864085806844, -3.31354203796314e-06, 4.88248549335079e-07, -0.00863122921361723, -6.62545344245541e-09, 1.49423837734722e-05, -6.62545344245541e-09, 9.2245654309351e-09, -1.49423837734722e-05, -2.5744118567737e-09, -8.17231279473333e-10, -9.36464687531296e-05, 
470, 19, -2.49740591539756e-06, -0.0494950822100821, -2.4974059154002e-06, -1.57655263702497e-07, 0.0494950822100821, -3.27468710523326e-06, 5.72268808667222e-07, -0.00873544571181569, -2.49080621548774e-06, -0.0495100178960843, -2.49080621549079e-06, -1.66916299071072e-07, 0.0495100178960843, -3.27214496296211e-06, 5.73142359557868e-07, -0.0086417916980519, -6.59969990967148e-09, 1.49356860022425e-05, -6.59969990967148e-09, 9.26103535876382e-09, -1.49356860022425e-05, -2.54214221120938e-09, -8.73550824336605e-10, -9.36540137637717e-05, 
471, 0, -2.48518073315745e-06, -0.0494954739730144, -2.48518073316051e-06, -2.87649612444235e-07, 0.0494954739730144, -3.29958991085881e-06, 3.99644848411022e-07, -0.00873554526269482, -2.47811136741912e-06, -0.049510410180108, -2.47811136742217e-06, -2.96559225436611e-07, 0.049510410180108, -3.29709733763635e-06, 4.00649123129059e-07, -0.00864189138113771, -7.06936576294275e-09, 1.49362070936453e-05, -7.06936576294254e-09, 8.90961300386842e-09, -1.49362070936453e-05, -2.49257320034322e-09, -1.00427487553579e-09, -9.36538815571142e-05, 
471, 10, -2.41822789069322e-06, -0.049484693405361, -2.41822789069542e-06, -2.12760453741189e-07, 0.049484693405361, -3.31711900974447e-06, 2.67265746076798e-07, -0.00872770834607894, -2.41117875717502e-06, -0.0494996374833297, -2.41117875717765e-06, -2.21697081541767e-07, 0.0494996374833297, -3.31460513039139e-06, 2.68241350034117e-07, -0.00863402584291285, -7.0491335297852e-09, 1.49440779687099e-05, -7.04913352978181e-09, 8.93662775523509e-09, -1.49440779687099e-05, -2.51387925494757e-09, -9.7560392173576e-10, -9.36825031660844e-05, 
471, 19, -2.48003833705683e-06, -0.0495073661159042, -2.48003833705988e-06, -2.87796268819434e-07, 0.0495073661159042, -3.28054804939228e-06, 3.53986927313924e-07, -0.00873796346872485, -2.47303911263141e-06, -0.049522304671457, -2.47303911263444e-06, -2.96749239194982e-07, 0.049522304671457, -3.27806867614041e-06, 3.55015518471612e-07, -0.00864426745176334, -6.99922442647886e-09, 1.49385555529258e-05, -6.99922442647547e-09, 8.95297036864805e-09, -1.49385555529258e-05, -2.47937320041944e-09, -1.0285911811847e-09, -9.36960169615178e-05, 
472, 0, -2.46143905905469e-06, -0.0495079642979498, -2.46143905905729e-06, -4.17079072854988e-07, 0.0495079642979498, -3.29431114848992e-06, 1.81353546093195e-07, -0.00873808951548592, -2.45398716861039e-06, -0.0495229034645497, -2.45398716861302e-06, -4.25659734437089e-07, 0.0495229034645497, -3.29188924543304e-06, 1.82509240054412e-07, -0.0086443932080002, -7.45189041230623e-09, 1.49391665997556e-05, -7.45189041230284e-09, 8.58066157881217e-09, -1.49391665997556e-05, -2.42190304493733e-09, -1.15569395959582e-09, -9.36963074857287e-05, 
472, 10, -2.39971790123392e-06, -0.0495017137244361, -2.39971790123698e-06, -3.47542743667101e-07, 0.0495017137244361, -3.31623813864395e-06, 3.54655863712018e-08, -0.00873116571433682, -2.39230840734197e-06, -0.0495166618775647, -2.39230840734413e-06, -3.56128053727397e-07, 0.0495166618775647, -3.31379586790225e-06, 3.65896764746153e-08, -0.00863743473928838, -7.40949390961361e-09, 1.49481531284544e-05, -7.40949390961361e-09, 8.58531004284134e-09, -1.49481531284544e-05, -2.44227073956632e-09, -1.12409021632305e-09, -9.37309750484489e-05, 
472, 19, -2.45587119738414e-06, -0.0495237223284962, -2.4558711973872e-06, -4.157578086499e-07, 0.0495237223284962, -3.28032052545642e-06, 1.39870761386684e-07, -0.00874105285683655, -2.44853171880517e-06, -0.0495386666518228, -2.4485317188078e-06, -4.24400798977666e-07, 0.0495386666518228, -3.27790649679901e-06, 1.41047856315644e-07, -0.00864730403806417, -7.33947857170571e-09, 1.49443233263407e-05, -7.3394785717091e-09, 8.64299033032746e-09, -1.49443233263407e-05, -2.41402862199069e-09, -1.17709502373107e-09, -9.37488187723775e-05, 
473, 0, -2.43084910789126e-06, -0.0495244654592083, -2.43084910789431e-06, -5.43667059155426e-07, 0.0495244654592083, -3.28319194821417e-06, -3.26885508854075e-08, -0.00874119470626209, -2.42307403991955e-06, -0.049539410509134, -2.42307403992214e-06, -5.51917378013126e-07, 0.049539410509134, -3.28084344593044e-06, -3.13887357826003e-08, -0.00864744528289291, -7.77506797156371e-09, 1.49450499255683e-05, -7.77506797156668e-09, 8.25031884787977e-09, -1.49450499255683e-05, -2.34850234522536e-09, -1.29981507066932e-09, -9.37494233691781e-05, 
473, 10, -2.36920093933296e-06, -0.0495211542734579, -2.36920093933514e-06, -4.71399601452786e-07, 0.0495211542734579, -3.30924407743486e-06, -2.07664334835617e-07, -0.00873518589900511, -2.36145277577563e-06, -0.0495361099770998, -2.36145277577868e-06, -4.79570980344348e-07, 0.0495361099770998, -3.30688450488358e-06, -2.06391550631397e-07, -0.00864139622370877, -7.74816356870173e-09, 1.49557036421013e-05, -7.74816356869495e-09, 8.17137889218895e-09, -1.49557036421013e-05, -2.3595725701752e-09, -1.27278417220785e-09, -9.37896752963828e-05, 
473, 19, -2.42070728643717e-06, -0.0495429784163016, -2.42070728644023e-06, -5.30417460480545e-07, 0.0495429784163016, -3.27423857240586e-06, -7.56126543391571e-08, -0.00874474678073967, -2.41308038635397e-06, -0.0495579324524441, -2.41308038635659e-06, -5.38743985581012e-07, 0.0495579324524441, -3.27189368941177e-06, -7.42878658631532e-08, -0.00865093641815429, -7.62690007051237e-09, 1.49540361424535e-05, -7.6269000705092e-09, 8.3265251107458e-09, -1.49540361424535e-05, -2.34488310055869e-09, -1.32478832729941e-09, -9.38103625853638e-05, 
474, 0, -2.38987135059385e-06, -0.0495438493885828, -2.38987135059601e-06, -6.56007802141173e-07, 0.0495438493885828, -3.2660226379007e-06, -2.47654374428811e-07, -0.0087449055016261, -2.38182705681941e-06, -0.0495588042877485, -2.38182705682201e-06, -6.63927615407177e-07, 0.0495588042877485, -3.26375064274483e-06, -2.46210878951564e-07, -0.00865109431221272, -8.04429378036098e-09, 1.49548991656784e-05, -8.044293780354e-09, 7.91981327829466e-09, -1.49548991656784e-05, -2.27199517060599e-09, -1.44349554134078e-09, -9.38111894133957e-05, 
474, 10, -2.32909722057277e-06, -0.0495392614025123, -2.32909722057539e-06, -5.74753035682501e-07, 0.0495392614025123, -3.29026637173205e-06, -4.25324489662668e-07, -0.00873910485194546, -2.32106702728601e-06, -0.0495542295248839, -2.32106702728909e-06, -5.82502866613174e-07, 0.0495542295248839, -3.28799071990739e-06, -4.23916406738468e-07, -0.00864524787823368, -8.03019331006866e-09, 1.49681223716159e-05, -8.03019331006866e-09, 7.74983094905078e-09, -1.49681223716159e-05, -2.27565182432794e-09, -1.40808282066136e-09, -9.38569737118096e-05, 
474, 19, -2.37897066903315e-06, -0.0495615846320044, -2.37897066903622e-06, -6.38287361435952e-07, 0.0495615846320044, -3.26262812523939e-06, -2.86010996893299e-07, -0.0087486550884718, -2.37110125818408e-06, -0.0495765533262897, -2.37110125818583e-06, -6.46273186887265e-07, 0.0495765533262897, -3.26035610333207e-06, -2.84544547983524e-07, -0.0086547762171039, -7.86941086218403e-09, 1.49686942851906e-05, -7.86941086218065e-09, 7.98582552281772e-09, -1.49686942851906e-05, -2.27202188638263e-09, -1.46644890502348e-09, -9.38788713679276e-05, 
475, 0, -2.34282608666186e-06, -0.0495624772102493, -2.34282608666491e-06, -7.61708074142586e-07, 0.0495624772102493, -3.24368902956606e-06, -4.56864354171577e-07, -0.0087488192300453, -2.33455871414423e-06, -0.0495774468956671, -2.33455871414727e-06, -7.69281130063359e-07, 0.0495774468956671, -3.2414962314234e-06, -4.5528239663126e-07, -0.00865493940517126, -8.26737254156327e-09, 1.49696854180511e-05, -8.26737254156328e-09, 7.5730558938531e-09, -1.49696854180511e-05, -2.19279808203954e-09, -1.58195755834947e-09, -9.3879824874021e-05, 
475, 10, -2.28582577293569e-06, -0.0495547822431708, -2.28582577293786e-06, -6.73460114662152e-07, 0.0495547822431708, -3.26755449448882e-06, -6.23377830032159e-07, -0.00874194267935407, -2.27759773431948e-06, -0.0495697674565687, -2.27759773432254e-06, -6.80934852331116e-07, 0.0495697674565687, -3.2653429133503e-06, -6.21820960077743e-07, -0.00864801317270641, -8.22803861574407e-09, 1.49852133977981e-05, -8.22803861574428e-09, 7.47473764922652e-09, -1.4985213397798e-05, -2.21158116487007e-09, -1.55686995186988e-09, -9.39295066476623e-05, 
475, 19, -2.33444615276782e-06, -0.0495781545024513, -2.33444615277089e-06, -7.47709492507135e-07, 0.0495781545024513, -3.24836816547359e-06, -4.82927023290643e-07, -0.00875194656123472, -2.32635343762361e-06, -0.0495931414791852, -2.32635343762666e-06, -7.55315329248696e-07, 0.0495931414791852, -3.24617561862556e-06, -4.81330703167358e-07, -0.00865799599268826, -8.09271515127611e-09, 1.49869767339827e-05, -8.0927151512795e-09, 7.6058367802535e-09, -1.49869767339827e-05, -2.19254688852357e-09, -1.59632011273244e-09, -9.39505685464469e-05, 
476, 0, -2.29290686862744e-06, -0.0495790226852161, -2.29290686863049e-06, -8.69107726277544e-07, 0.0495790226852161, -3.21959509602899e-06, -6.52536303145706e-07, -0.00875209770197457, -2.284437178844e-06, -0.0495940107580173, -2.2844371788475e-06, -8.76294635683227e-07, 0.0495940107580173, -3.21748763411224e-06, -6.5082774281727e-07, -0.00865814617102777, -8.46968978292339e-09, 1.49880728011323e-05, -8.46968978292e-09, 7.18690940308108e-09, -1.49880728011323e-05, -2.10746194434581e-09, -1.70856044883999e-09, -9.39515309467791e-05, 
476, 10, -2.23991148534749e-06, -0.0495740603495354, -2.23991148534965e-06, -7.82064292788599e-07, 0.0495740603495354, -3.24561177906534e-06, -8.33753133129655e-07, -0.00874421200894022, -2.23145098282585e-06, -0.049589064142217, -2.2314509828289e-06, -7.89270160912946e-07, 0.049589064142217, -3.2434690245998e-06, -8.32046088798062e-07, -0.00865021074099575, -8.46050251113984e-09, 1.50037926816458e-05, -8.46050251114302e-09, 7.20586808364485e-09, -1.50037926816458e-05, -2.14275445895844e-09, -1.70704447886965e-09, -9.40012679444492e-05, 
476, 19, -2.28738785751151e-06, -0.0495982708961782, -2.28738785751414e-06, -8.6354612469839e-07, 0.0495982708961782, -3.2325460976668e-06, -6.73584715780607e-07, -0.00875477689858892, -2.27909411709293e-06, -0.0496132757307171, -2.27909411709554e-06, -8.70804497161251e-07, 0.0496132757307171, -3.230432813438e-06, -6.71857274080802e-07, -0.00866075711396181, -8.29374045269725e-09, 1.50048345391303e-05, -8.29374045269407e-09, 7.25837251556126e-09, -1.50048345391303e-05, -2.11328422710787e-09, -1.72744171296138e-09, -9.40197846271068e-05, 
477, 0, -2.24002782947095e-06, -0.0495992718716063, -2.24002782947313e-06, -9.82769111675123e-07, 0.0495992718716063, -3.19426607376563e-06, -8.42030310569978e-07, -0.0087549255220194, -2.23137425962592e-06, -0.0496142778593069, -2.23137425962812e-06, -9.89596942432276e-07, 0.0496142778593069, -3.1922447493216e-06, -8.40194836618171e-07, -0.00866090487261239, -8.6535698497579e-09, 1.50059877007704e-05, -8.65356984974774e-09, 6.82783078497472e-09, -1.50059877007704e-05, -2.02132446693362e-09, -1.83547390313332e-09, -9.40206494069897e-05, 
477, 10, -2.19197835213204e-06, -0.0496056811269596, -2.19197835213508e-06, -9.02622932326378e-07, 0.0496056811269596, -3.21587424457646e-06, -1.03891510429917e-06, -0.00874742467285402, -2.18331695614894e-06, -0.0496207007114821, -2.18331695615198e-06, -9.09505322503031e-07, 0.0496207007114821, -3.21381372811426e-06, -1.03706934593905e-06, -0.0086533576232353, -8.6613959852974e-09, 1.50195845226539e-05, -8.66139598530418e-09, 6.88239021915593e-09, -1.50195845226539e-05, -2.0605164745913e-09, -1.84575823466088e-09, -9.40670496187348e-05, 
477, 19, -2.23579755245073e-06, -0.0496297923347546, -2.23579755245376e-06, -9.83349105607891e-07, 0.0496297923347546, -3.20877533624126e-06, -8.594857150948e-07, -0.0087582896794821, -2.22729411437326e-06, -0.0496448101456683, -2.22729411437675e-06, -9.90225939913478e-07, 0.0496448101456682, -3.2067527235242e-06, -8.57638259612674e-07, -0.00866420799714277, -8.50343809562346e-09, 1.50178109136198e-05, -8.50343809562368e-09, 6.87683432934286e-09, -1.50178109136198e-05, -2.02261273695869e-09, -1.84745540999352e-09, -9.40816823393469e-05, 
478, 0, -2.18226035029315e-06, -0.0496311198007452, -2.18226035029576e-06, -1.10005108951998e-06, 0.0496311198007452, -3.16103770366593e-06, -1.02658167914915e-06, -0.00875846743094833, -2.17341659974854e-06, -0.0496461387275034, -2.17341659975114e-06, -1.1064898355499e-06, 0.0496461387275034, -3.15911301497415e-06, -1.02463056131694e-06, -0.0086643851211345, -8.84375056904754e-09, 1.50189267583627e-05, -8.84375056904437e-09, 6.43874606609681e-09, -1.50189267583627e-05, -1.92468868160617e-09, -1.95111790360696e-09, -9.40823098138439e-05, 
478, 10, -2.13893076521733e-06, -0.0496527917696805, -2.13893076521996e-06, -1.02073539141453e-06, 0.0496527917696805, -3.17064379129666e-06, -1.22051020399219e-06, -0.00875204082270849, -2.1300779870304e-06, -0.0496678210469189, -2.13007798703343e-06, -1.02724057882071e-06, 0.0496678210469189, -3.16868131038893e-06, -1.21854871286617e-06, -0.00865791748353607, -8.85277817411082e-09, 1.50292772383044e-05, -8.85277817410743e-09, 6.50518737220018e-09, -1.50292772383044e-05, -1.96248085985892e-09, -1.96149102917572e-09, -9.41233391724152e-05, 
478, 19, -2.17773447545106e-06, -0.0496761728931691, -2.17773447545409e-06, -1.10334928534005e-06, 0.0496761728931691, -3.17075148490995e-06, -1.04329633244963e-06, -0.00876297716566183, -2.16902271075372e-06, -0.0496911958244559, -2.16902271075679e-06, -1.10984861303685e-06, 0.0496911958244559, -3.16882855094088e-06, -1.04133347527344e-06, -0.00866884445941132, -8.71176472492332e-09, 1.5022931286531e-05, -8.71176472491993e-09, 6.49932770764717e-09, -1.5022931286531e-05, -1.92293393254396e-09, -1.96285727939356e-09, -9.41327062505749e-05, 
479, 0, -2.11789108677101e-06, -0.0496778660784514, -2.11789108677365e-06, -1.21711358711215e-06, 0.0496778660784514, -3.11347635265753e-06, -1.2084716556334e-06, -0.00876318740770457, -2.108857901031e-06, -0.0496928900145257, -2.10885790103406e-06, -1.2231643703863e-06, 0.0496928900145257, -3.1116571554206e-06, -1.20641018245601e-06, -0.00866905440165045, -9.03318574579196e-09, 1.50239360744901e-05, -9.03318574579154e-09, 6.0507833017489e-09, -1.50239360744901e-05, -1.81919721844608e-09, -2.06147317794018e-09, -9.41330060541098e-05, 
479, 10, -2.08019465244062e-06, -0.0497151909704828, -2.08019465244413e-06, -1.14182393695302e-06, 0.0497151909704828, -3.11223693141183e-06, -1.39940584342582e-06, -0.00875647311514058, -2.07116820356611e-06, -0.0497302206652279, -2.07116820356916e-06, -1.14794512636844e-06, 0.0497302206652279, -3.1103798351152e-06, -1.39732670280621e-06, -0.00866230658807449, -9.02644886790345e-09, 1.50296947451064e-05, -9.02644886790959e-09, 6.1211893944277e-09, -1.50296947451064e-05, -1.85709630007249e-09, -2.07914077535423e-09, -9.41665270661028e-05, 
479, 19, -2.1128703850548e-06, -0.0497379687899002, -2.11287038505784e-06, -1.22528474835698e-06, 0.0497379687899002, -3.11762868062072e-06, -1.22814121953326e-06, -0.00876746417893345, -2.10394675675425e-06, -0.0497529851784813, -2.10394675675687e-06, -1.23138455388885e-06, 0.0497529851784813, -3.11581213268561e-06, -1.22606994943682e-06, -0.00867329515271393, -8.92362829257325e-09, 1.50163885810442e-05, -8.92362829257663e-09, 6.09980548651745e-09, -1.50163885810442e-05, -1.81654792576009e-09, -2.07127012979787e-09, -9.4169026219481e-05, 
480, 0, -2.04648695941718e-06, -0.0497400160240116, -2.0464869594198e-06, -1.33582896172639e-06, 0.0497400160240116, -3.05068088915519e-06, -1.39056285555875e-06, -0.00876765537067783, -2.03726194119266e-06, -0.0497550332185589, -2.037261941197e-06, -1.34146992438271e-06, 0.0497550332185589, -3.04897340482661e-06, -1.38839846923771e-06, -0.0086734864640692, -9.22501821613291e-09, 1.50171945475099e-05, -9.22501821612952e-09, 5.64096264613489e-09, -1.50171945475099e-05, -1.70748436168286e-09, -2.16438625972237e-09, -9.41689066086459e-05, 
480, 10, -2.01703400688477e-06, -0.0497866156057796, -2.01703400688739e-06, -1.26276416943814e-06, 0.0497866156057796, -3.04448251181931e-06, -1.57140460059926e-06, -0.00876226787895971, -2.00782911454423e-06, -0.049801635998752, -2.00782911454773e-06, -1.26846743603522e-06, 0.049801635998752, -3.04273837052375e-06, -1.5692209767302e-06, -0.00866807171721307, -9.20489231765638e-09, 1.50203929724119e-05, -9.20489231765638e-09, 5.70326655043184e-09, -1.50203929724119e-05, -1.7441413410048e-09, -2.18362369336318e-09, -9.41961617466413e-05, 
480, 19, -2.04160002439014e-06, -0.0498092079012152, -2.04160002439275e-06, -1.34404172015249e-06, 0.0498092079012152, -3.05294271962271e-06, -1.41044376271111e-06, -0.00877334677511124, -2.03245736493813e-06, -0.0498242111059201, -2.0324573649416e-06, -1.34971699347213e-06, 0.0498242111059201, -3.05124232809922e-06, -1.40826943892703e-06, -0.00867915343428494, -9.14265945427125e-09, 1.50032047047244e-05, -9.14265945427125e-09, 5.67527335731724e-09, -1.50032047047244e-05, -1.70039154542001e-09, -2.17432377211258e-09, -9.4193340826315e-05, 
481, 0, -1.96887608832888e-06, -0.049811412934346, -1.96887608833153e-06, -1.45050724669439e-06, 0.049811412934346, -2.97650834706288e-06, -1.5691859744953e-06, -0.00877357997620398, -1.95945169797717e-06, -0.0498264168504413, -1.95945169797977e-06, -1.45571112450477e-06, 0.0498264168504413, -2.97492263031883e-06, -1.56692495339827e-06, -0.00867938710532797, -9.42439034831694e-09, 1.50039160951009e-05, -9.42439034832033e-09, 5.20387779033717e-09, -1.50039160951009e-05, -1.58571669757281e-09, -2.26102122222761e-09, -9.41928708759978e-05, 
481, 10, -1.9484202429634e-06, -0.0498607808033416, -1.94842024296603e-06, -1.38168801577805e-06, 0.0498607808033416, -2.96553303624197e-06, -1.73853404959935e-06, -0.00876895952398049, -1.93902568508326e-06, -0.0498757871097916, -1.93902568508632e-06, -1.3869350329856e-06, 0.0498757871097916, -2.96391326399042e-06, -1.73626671415521e-06, -0.00867474471508806, -9.39455787257657e-09, 1.50063064502136e-05, -9.39455787257e-09, 5.24701725511749e-09, -1.50063064502136e-05, -1.61977217925268e-09, -2.26733538369443e-09, -9.42148088924375e-05, 
481, 19, -1.96441550286763e-06, -0.0498837578216743, -1.9644155028707e-06, -1.46354160225753e-06, 0.0498837578216743, -2.97638011190819e-06, -1.59181087928043e-06, -0.00878023480416908, -1.95504155705444e-06, -0.04989874705556, -1.95504155705703e-06, -1.4687763435118e-06, 0.04989874705556, -2.97480458147858e-06, -1.5895378840942e-06, -0.00868602648370441, -9.37394580949255e-09, 1.49892338856668e-05, -9.37394580949255e-09, 5.23474121395658e-09, -1.49892338856668e-05, -1.57553042505198e-09, -2.27299528681945e-09, -9.42083204646406e-05, 
482, 0, -1.88526891968527e-06, -0.0498859792819841, -1.8852689196879e-06, -1.56567407957475e-06, 0.0498859792819841, -2.89043070312285e-06, -1.74594150471045e-06, -0.00878047650791299, -1.87563511861112e-06, -0.0499009692264144, -1.87563511861417e-06, -1.5704204449378e-06, 0.0499009692264144, -2.88897510641747e-06, -1.74358863170348e-06, -0.0086862689343663, -9.63380108567544e-09, 1.49899444304869e-05, -9.63380108567893e-09, 4.74636537557606e-09, -1.49899444304869e-05, -1.45559664288277e-09, -2.35287293520226e-09, -9.42075735467047e-05, 
482, 10, -1.8748853663552e-06, -0.0499178220197119, -1.87488536635824e-06, -1.49564209804607e-06, 0.0499178220197119, -2.87510803305204e-06, -1.89093891061735e-06, -0.00877291996298548, -1.86528437780876e-06, -0.0499328138909927, -1.86528437781267e-06, -1.50029389655842e-06, 0.0499328138909927, -2.87362062763948e-06, -1.88861373449876e-06, -0.00867869918572145, -9.60098856550795e-09, 1.49918712807105e-05, -9.60098856550806e-09, 4.65179854609361e-09, -1.49918712807105e-05, -1.48740541529487e-09, -2.3251761990347e-09, -9.42207772640311e-05, 
482, 19, -1.88257008291349e-06, -0.0499410939917084, -1.88257008291609e-06, -1.58230534672428e-06, 0.0499410939917084, -2.88973700131203e-06, -1.75532216649928e-06, -0.00878443848733647, -1.87296263557535e-06, -0.0499560686136529, -1.8729626355784e-06, -1.5870349760786e-06, 0.0499560686136529, -2.888290312779e-06, -1.7529668095888e-06, -0.0086902309775338, -9.60744730872543e-09, 1.49746219443019e-05, -9.60744730872204e-09, 4.7296293346375e-09, -1.49746219443019e-05, -1.44668848219242e-09, -2.35535680322757e-09, -9.42075098026692e-05, 
483, 0, -1.79701460166421e-06, -0.0499425720205599, -1.79701460166683e-06, -1.67975383295053e-06, 0.0499425720205599, -2.79505693058937e-06, -1.90444734797076e-06, -0.00878458803015778, -1.78717257904257e-06, -0.0499575473300695, -1.78717257904563e-06, -1.6839792813557e-06, 0.0499575473300695, -2.79373447897017e-06, -1.90201936079187e-06, -0.00869038177739025, -9.84202263639305e-09, 1.49753095097028e-05, -9.84202263638967e-09, 4.22544840303775e-09, -1.49753095097028e-05, -1.32245168277941e-09, -2.42798723210327e-09, -9.4206252767514e-05, 
483, 10, -1.8000686775622e-06, -0.0499710044927634, -1.80006867756523e-06, -1.58017752484544e-06, 0.0499710044927634, -2.77779267684981e-06, -2.01045476022056e-06, -0.00877388227683649, -1.79023532633947e-06, -0.0499859770722316, -1.79023532634207e-06, -1.58419218883464e-06, 0.0499859770722316, -2.77643938684647e-06, -2.00808190591495e-06, -0.0086796735253084, -9.83335121545059e-09, 1.49725794682147e-05, -9.83335121545737e-09, 4.01466397340244e-09, -1.49725794682147e-05, -1.35328996795127e-09, -2.37285429122434e-09, -9.4208751528078e-05, 
483, 18, -1.79579763097847e-06, -0.0499934903359907, -1.79579763098108e-06, -1.68751537268159e-06, 0.0499934903359907, -2.78828386687044e-06, -1.90360770397326e-06, -0.00878525588378356, -1.78595408427896e-06, -0.0500084407783956, -1.78595408428244e-06, -1.6916806455215e-06, 0.0500084407783956, -2.78697097242726e-06, -1.90117728303036e-06, -0.00869106722634405, -9.84354671137053e-09, 1.4950442404961e-05, -9.84354671137403e-09, 4.16527280032272e-09, -1.4950442404961e-05, -1.31289442239142e-09, -2.43042100805422e-09, -9.41886574394843e-05, 
484, 0, -1.70556086862623e-06, -0.0499949865555149, -1.70556086862972e-06, -1.7778657465175e-06, 0.0499949865555149, -2.68692527701238e-06, -2.04701955822456e-06, -0.00878530571820648, -1.69551038817136e-06, -0.0500099374644347, -1.69551038817355e-06, -1.78151236275043e-06, 0.0500099374644347, -2.68574143003979e-06, -2.04452594035311e-06, -0.00869111928590815, -1.00504804524679e-08, 1.49509089198931e-05, -1.0050480452471e-08, 3.64661622776417e-09, -1.49509089198931e-05, -1.18384706170146e-09, -2.49361792838592e-09, -9.4186432298344e-05, 
484, 10, -1.71938606687778e-06, -0.0500244272671733, -1.71938606688039e-06, -1.67021095414093e-06, 0.0500244272671733, -2.66995415276361e-06, -2.12347473298468e-06, -0.00877574387975651, -1.70930606439927e-06, -0.0500393723981864, -1.70930606440232e-06, -1.6737865996422e-06, 0.0500393723981864, -2.66872946136486e-06, -2.12099997837532e-06, -0.00868156194804447, -1.00800024733832e-08, 1.49451310130156e-05, -1.00800024733864e-08, 3.5756455031047e-09, -1.49451310130156e-05, -1.22469132838582e-09, -2.47475466217417e-09, -9.41819317120641e-05, 
484, 18, -1.70531807959936e-06, -0.0500465839850512, -1.70531807960241e-06, -1.77919207807227e-06, 0.0500465839850512, -2.67660096003777e-06, -2.04611948981507e-06, -0.00878673664594963, -1.69525098466594e-06, -0.0500615050732868, -1.69525098466876e-06, -1.78278932173149e-06, 0.0500615050732868, -2.67542226975409e-06, -2.04361711703303e-06, -0.00869258132185483, -1.00670949270318e-08, 1.49210882356902e-05, -1.00670949270321e-08, 3.5972436554644e-09, -1.49210882356902e-05, -1.17869031994891e-09, -2.50237289057649e-09, -9.41553240947861e-05, 
485, 0, -1.61015839766947e-06, -0.0500481259504608, -1.6101583976723e-06, -1.86431004763855e-06, 0.0500481259504608, -2.56759945353016e-06, -2.18296350681181e-06, -0.00878681942625533, -1.59991265787417e-06, -0.0500630472349386, -1.59991265787699e-06, -1.86737027338857e-06, 0.0500630472349386, -2.5665534407562e-06, -2.18040607453933e-06, -0.00869266698187316, -1.02457397818668e-08, 1.49212844781018e-05, -1.02457397818667e-08, 3.06022575768741e-09, -1.49212844781018e-05, -1.04601278621572e-09, -2.55743221940996e-09, -9.41524443822058e-05, 
485, 10, -1.62551417660229e-06, -0.0500667215220442, -1.62551417660556e-06, -1.77571288874292e-06, 0.0500667215220442, -2.54597848445718e-06, -2.2599119732434e-06, -0.00877757588754476, -1.6152619558693e-06, -0.050081635579938, -1.61526195587215e-06, -1.77868134823968e-06, 0.050081635579938, -2.54488732619044e-06, -2.25737193377296e-06, -0.00868343202457518, -1.025222069873e-08, 1.49140578936754e-05, -1.02522206987302e-08, 2.96845952226858e-09, -1.49140578936754e-05, -1.09115824936213e-09, -2.5400394096893e-09, -9.41438629696391e-05, 
485, 18, -1.60777304038328e-06, -0.0500889712064315, -1.60777304038612e-06, -1.87284341192368e-06, 0.0500889712064315, -2.55539554345119e-06, -2.19018190020332e-06, -0.00878828806470905, -1.59750067546595e-06, -0.0501038617129275, -1.59750067546876e-06, -1.87581749326652e-06, 0.0501038617129275, -2.55435087830981e-06, -2.18761740336341e-06, -0.0086941756628166, -1.02723649178026e-08, 1.48905064956857e-05, -1.02723649178025e-08, 2.97408135566084e-09, -1.48905064956857e-05, -1.0446651447789e-09, -2.56449689909097e-09, -9.4112401892469e-05, 
486, 0, -1.5075405811921e-06, -0.0500901128168502, -1.50754058119472e-06, -1.95256045015913e-06, 0.0500901128168502, -2.43855820022238e-06, -2.32039660823694e-06, -0.00878834739114234, -1.49712236287227e-06, -0.0501050033353622, -1.49712236287552e-06, -1.95498725106643e-06, 0.0501050033353622, -2.43764904038741e-06, -2.31778378982247e-06, -0.00869423845341276, -1.04182183028582e-08, 1.48905185119271e-05, -1.04182183028548e-08, 2.42680087841815e-09, -1.48905185119271e-05, -9.0915987007175e-10, -2.61281823299024e-09, -9.41089377296063e-05, 
486, 10, -1.52096868543726e-06, -0.0500872503298623, -1.52096868544009e-06, -1.88568968036109e-06, 0.0500872503298623, -2.41533339516951e-06, -2.40370983096308e-06, -0.00877791566735404, -1.51055038875316e-06, -0.0501021352721357, -1.51055038875536e-06, -1.88803117533095e-06, 0.0501021352721357, -2.41437257347156e-06, -2.40111239620337e-06, -0.00868381702860413, -1.0418296685894e-08, 1.4884942273315e-05, -1.04182966858941e-08, 2.34149493494481e-09, -1.4884942273315e-05, -9.60821791499675e-10, -2.59743476798732e-09, -9.40986387499166e-05, 
486, 18, -1.50348080605633e-06, -0.0501103359808923, -1.50348080605915e-06, -1.96960092360348e-06, 0.0501103359808923, -2.43382958742258e-06, -2.33009454405604e-06, -0.00878860486884286, -1.49303996245861e-06, -0.0501252009899615, -1.49303996246123e-06, -1.97193089505579e-06, 0.0501252009899615, -2.43291447311767e-06, -2.32747379607632e-06, -0.00869454117805246, -1.04408435892065e-08, 1.48650090690206e-05, -1.04408435892031e-08, 2.32997147902479e-09, -1.48650090690206e-05, -9.15114311929262e-10, -2.62074798958336e-09, -9.40636907904065e-05, 
487, 0, -1.39809638821691e-06, -0.0501108574402885, -1.39809638821975e-06, -2.04364075089216e-06, 0.0501108574402885, -2.3096746778249e-06, -2.45350513731224e-06, -0.00878860832575333, -1.38754396551132e-06, -0.0501257224337341, -1.38754396551416e-06, -2.04541414793654e-06, 0.0501257224337341, -2.30889763236285e-06, -2.45084304924138e-06, -0.00869454858808571, -1.0552422701303e-08, 1.48649934458136e-05, -1.05524227013029e-08, 1.7733970925417e-09, -1.48649934458136e-05, -7.77045406364074e-10, -2.66208797279315e-09, -9.40597376675943e-05, 
487, 10, -1.41609717223995e-06, -0.0500815963542617, -1.416097172243e-06, -1.97849149358197e-06, 0.0500815963542617, -2.29425445637727e-06, -2.52877224673531e-06, -0.00877581348833003, -1.40557488261734e-06, -0.0500964584227121, -1.40557488262039e-06, -1.98020883187035e-06, 0.0500964584227121, -2.29342328295672e-06, -2.52611569754033e-06, -0.00868176446900971, -1.05222896086646e-08, 1.4862068450182e-05, -1.05222896086576e-08, 1.71733826228609e-09, -1.4862068450182e-05, -8.31173507914875e-10, -2.65654909232197e-09, -9.40490193203475e-05, 
487, 18, -1.39978094553801e-06, -0.0501057075794106, -1.39978094554041e-06, -2.05381737989878e-06, 0.0501057075794106, -2.32468534808945e-06, -2.45078124640552e-06, -0.0087866058962789, -1.38920669039646e-06, -0.0501205547129995, -1.38920669039908e-06, -2.05550174641567e-06, 0.0501205547129995, -2.32389475937069e-06, -2.44810936838533e-06, -0.00869259447593558, -1.05742551408554e-08, 1.48471335891135e-05, -1.05742551408588e-08, 1.68436649978833e-09, -1.48471335891135e-05, -7.90588691874359e-10, -2.6718780993734e-09, -9.40114203433013e-05, 
488, 0, -1.29032272394488e-06, -0.0501055276698911, -1.2903227239475e-06, -2.12165008413913e-06, 0.050105527669891, -2.19467033028023e-06, -2.56756495954958e-06, -0.00878653215662557, -1.27967094068954e-06, -0.0501203748507306, -1.2796709406926e-06, -2.12277183004776e-06, 0.0501203748507306, -2.19401996278989e-06, -2.56485826300843e-06, -0.00869252509387126, -1.06517832673913e-08, 1.48471808394978e-05, -1.06517832673844e-08, 1.12174593149437e-09, -1.48471808394978e-05, -6.50367577875744e-10, -2.70669641792565e-09, -9.40070627543161e-05, 
488, 10, -1.31441470215428e-06, -0.050049865940472, -1.31441470215756e-06, -2.05448502836606e-06, 0.050049865940472, -2.18416513964262e-06, -2.64223853512978e-06, -0.00877171672712916, -1.30377801804795e-06, -0.0500647135718673, -1.30377801805056e-06, -2.05558795250233e-06, 0.0500647135718673, -2.1834576468776e-06, -2.6395276971204e-06, -0.00867771983205136, -1.06366841140818e-08, 1.48476313952997e-05, -1.0636684114075e-08, 1.10292417000826e-09, -1.48476313952997e-05, -7.07492729193979e-10, -2.71083802519116e-09, -9.39968950778243e-05, 
488, 18, -1.29783359844283e-06, -0.0500750965215665, -1.29783359844565e-06, -2.1254913520426e-06, 0.0500750965215665, -2.22293744534722e-06, -2.56682460275362e-06, -0.0087826659440515, -1.28714520747246e-06, -0.0500899347897778, -1.28714520747551e-06, -2.1265453753081e-06, 0.0500899347897778, -2.22226743448467e-06, -2.56410289946331e-06, -0.0086887084276922, -1.06883909775062e-08, 1.48382682111397e-05, -1.0688390977513e-08, 1.05402326033952e-09, -1.48382682111397e-05, -6.70010928145826e-10, -2.72170323093909e-09, -9.39575163593024e-05, 
489, 0, -1.18501226683773e-06, -0.050074264427019, -1.18501226684078e-06, -2.18741097207304e-06, 0.050074264427019, -2.08699224282043e-06, -2.67808587779043e-06, -0.00878254006793919, -1.17428090246862e-06, -0.0500891028636111, -1.17428090247123e-06, -2.18789735992751e-06, 0.0500891028636111, -2.08646468550762e-06, -2.67533603068406e-06, -0.00868858720140106, -1.07313643955633e-08, 1.48384365920101e-05, -1.07313643955616e-08, 4.86387886637796e-10, -1.48384365920101e-05, -5.27557449828988e-10, -2.74984707066879e-09, -9.39528665381615e-05, 
489, 10, -1.21149699180239e-06, -0.04999614670143, -1.21149699180502e-06, -2.12321637177358e-06, 0.04999614670143, -2.07464473285046e-06, -2.75788896857845e-06, -0.00876607041107376, -1.20077678298489e-06, -0.05001098914532, -1.20077678298752e-06, -2.12367597135178e-06, 0.05001098914532, -2.0740590449626e-06, -2.75513278717007e-06, -0.00867212665532028, -1.07202087805471e-08, 1.48424438898626e-05, -1.07202087805455e-08, 4.59599592969776e-10, -1.48424438898626e-05, -5.85687802547257e-10, -2.7561814242934e-09, -9.39437557534797e-05, 
489, 18, -1.19397276643536e-06, -0.0500223702289028, -1.19397276643841e-06, -2.192720234677e-06, 0.0500223702289028, -2.12127664478523e-06, -2.68652357000068e-06, -0.00877716218493525, -1.18320584954108e-06, -0.0500372085523146, -1.18320584954347e-06, -2.19313675737282e-06, 0.0500372085523146, -2.1207267202469e-06, -2.68375825130459e-06, -0.00868325857322762, -1.07669169029853e-08, 1.48383234116453e-05, -1.07669169029838e-08, 4.16522658803253e-10, -1.48383234116453e-05, -5.49924632637318e-10, -2.76531862782328e-09, -9.39036117076485e-05, 
490, 0, -1.0778788993004e-06, -0.0500210208029465, -1.07787889930367e-06, -2.24903811516357e-06, 0.0500210208029465, -1.97907834673662e-06, -2.79254094867704e-06, -0.00877699581437992, -1.06710221190222e-06, -0.0500358594378002, -1.06710221190528e-06, -2.24888539486127e-06, 0.0500358594378002, -1.97867309253223e-06, -2.78975346191533e-06, -0.00868309701444132, -1.07766874039573e-08, 1.48386348539252e-05, -1.07766874039626e-08, -1.52720288949018e-10, -1.48386348539252e-05, -4.0525423302797e-10, -2.78748675797819e-09, -9.38987999385888e-05, 
490, 10, -1.10081626180523e-06, -0.0499250991299961, -1.1008162618085e-06, -2.19287331289277e-06, 0.0499250991299961, -1.9655477930008e-06, -2.86924142066021e-06, -0.00875980079769793, -1.09005613449693e-06, -0.0499399455330682, -1.09005613449999e-06, -2.19270064204642e-06, 0.0499399455330682, -1.96508544865099e-06, -2.86644201409363e-06, -0.00866590945242327, -1.07601273398493e-08, 1.48464030719103e-05, -1.07601273398443e-08, -1.72670825925057e-10, -1.48464030719102e-05, -4.62344311918851e-10, -2.79940663826032e-09, -9.38913452746543e-05, 
490, 18, -1.08215907651311e-06, -0.0499520876478458, -1.08215907651658e-06, -2.26185453684289e-06, 0.0499520876478458, -2.01951411200564e-06, -2.80193865517619e-06, -0.00877098832596647, -1.0713376370559e-06, -0.0499669349952778, -1.07133763705915e-06, -2.26163617407714e-06, 0.0499669349952778, -2.01908716708478e-06, -2.79913868641829e-06, -0.0086771364874077, -1.08214394812068e-08, 1.48473474322152e-05, -1.08214394812085e-08, -2.18362788395588e-10, -1.48473474322152e-05, -4.26944954614239e-10, -2.79996880594453e-09, -9.3851838558751e-05, 
491, 0, -9.62546485318567e-07, -0.0499503398317171, -9.62546485322485e-07, -2.3124542423555e-06, 0.0499503398317171, -1.87146150035022e-06, -2.90256384465004e-06, -0.0087708110154029, -9.51748618495011e-07, -0.0499651876786034, -9.51748618498284e-07, -2.31166394743391e-06, 0.0499651876786034, -1.87118072374645e-06, -2.89974886216306e-06, -0.00867696398746705, -1.07978668211888e-08, 1.48478468862851e-05, -1.07978668211854e-08, -7.90294916994432e-10, -1.48478468862851e-05, -2.80776601792496e-10, -2.81498242639655e-09, -9.38470279358785e-05, 
491, 10, -9.89832502398261e-07, -0.0498440814051331, -9.89832502402169e-07, -2.24756277964224e-06, 0.0498440814051331, -1.84972444697078e-06, -2.97575638861055e-06, -0.00875313821325484, -9.79021422660363e-07, -0.0498589400167373, -9.79021422664275e-07, -2.24675434387017e-06, 0.0498589400167373, -1.84939160194617e-06, -2.97292360591012e-06, -0.00865929726902583, -1.08110797124749e-08, 1.4858611604155e-05, -1.08110797124714e-08, -8.0843578767703e-10, -1.4858611604155e-05, -3.32845010782258e-10, -2.83278273417806e-09, -9.38409442290596e-05, 
491, 18, -9.69738130932327e-07, -0.0498715889603277, -9.6973813093539e-07, -2.31639625524023e-06, 0.0498715889603277, -1.91072516047482e-06, -2.91104338707158e-06, -0.00876438590245709, -9.58868347895357e-07, -0.0498864521456071, -9.5886834789928e-07, -2.31556456925979e-06, 0.0498864521456071, -1.91043090737545e-06, -2.9082086280712e-06, -0.00867058292871055, -1.08697830611781e-08, 1.48631852793725e-05, -1.08697830611765e-08, -8.31685947076006e-10, -1.48631852793725e-05, -2.9425316809198e-10, -2.83475898414972e-09, -9.3802973746503e-05, 
492, 0, -8.47712724989276e-07, -0.0498696453029642, -8.47712724992542e-07, -2.36085678475118e-06, 0.0498696453029642, -1.75709316694341e-06, -3.00593568002751e-06, -0.00876420162020359, -8.36898120801969e-07, -0.0498845091576523, -8.36898120805885e-07, -2.35945303800597e-06, 0.0498845091576523, -1.75694650126574e-06, -3.00309293447467e-06, -0.00867040333297011, -1.08146041886426e-08, 1.48638546880984e-05, -1.08146041886442e-08, -1.40374674729207e-09, -1.48638546880984e-05, -1.46665796314559e-10, -2.84274551894014e-09, -9.37982872334396e-05, 
492, 10, -8.65222929277626e-07, -0.0497598354571212, -8.65222929280689e-07, -2.3031556138636e-06, 0.0497598354571212, -1.69765226898537e-06, -3.09519056492852e-06, -0.00874653470091862, -8.54401783609041e-07, -0.0497747120825974, -8.54401783612095e-07, -2.30171549043594e-06, 0.0497747120825974, -1.69745515125695e-06, -3.09233257481633e-06, -0.00865274132561689, -1.08211456933504e-08, 1.48766254762313e-05, -1.08211456933419e-08, -1.44012338719779e-09, -1.48766254762313e-05, -1.97117741397728e-10, -2.85799013794423e-09, -9.3793375301703e-05, 
492, 18, -8.43917499601499e-07, -0.0497875823707518, -8.43917499604758e-07, -2.37027996748719e-06, 0.0497875823707518, -1.76671085298419e-06, -3.03084993826095e-06, -0.00875779218761702, -8.33032057662472e-07, -0.0498024656521804, -8.33032057665318e-07, -2.36882316678654e-06, 0.0498024656521804, -1.7665593379725e-06, -3.02799063134007e-06, -0.00866403428825034, -1.08854418957562e-08, 1.48832814285773e-05, -1.0885441895753e-08, -1.45680069790367e-09, -1.48832814285773e-05, -1.51515136379063e-10, -2.85930697322994e-09, -9.37578993667062e-05, 
493, 0, -7.19039968934061e-07, -0.0497855977594117, -7.19039968937747e-07, -2.40845673179871e-06, 0.0497855977594117, -1.60608543321801e-06, -3.11890018798639e-06, -0.0087576148951305, -7.08241837621087e-07, -0.0498004818477688, -7.08241837624793e-07, -2.4064276631971e-06, 0.0498004818477688, -1.6060828816918e-06, -3.11604055801106e-06, -0.00866386143573581, -1.079813135665e-08, 1.48840883570822e-05, -1.079813135665e-08, -2.02906860806496e-09, -1.48840883570822e-05, -2.55152672213045e-12, -2.85962995386546e-09, -9.37534593946707e-05, 
493, 10, -7.33876757538374e-07, -0.0496784256445454, -7.33876757541848e-07, -2.35451770913164e-06, 0.0496784256445454, -1.52814109207435e-06, -3.20235670324503e-06, -0.0087404903809224, -7.23058920791765e-07, -0.0496933237899754, -7.23058920794387e-07, -2.35243574521097e-06, 0.0496933237899754, -1.52809575982594e-06, -3.19948851381207e-06, -0.00864674058091908, -1.08178367614806e-08, 1.48981454299673e-05, -1.08178367614788e-08, -2.08196394036313e-09, -1.48981454299673e-05, -4.53322210839188e-11, -2.86818937366872e-09, -9.37498000032925e-05, 
493, 18, -7.1142326501132e-07, -0.0497061240519077, -7.1142326501458e-07, -2.41912363154923e-06, 0.0497061240519076, -1.606002958063e-06, -3.13664652797453e-06, -0.00875170032175614, -7.00548150526944e-07, -0.0497210294603275, -7.00548150529992e-07, -2.41701027572793e-06, 0.0497210294603275, -1.60600680603324e-06, -3.13378531401359e-06, -0.00865798262401789, -1.0875114494065e-08, 1.49054084196554e-05, -1.08751144940702e-08, -2.11335586895171e-09, -1.49054084196554e-05, 3.84795578973518e-12, -2.8612140477043e-09, -9.3717697738235e-05, 
494, 0, -5.84251495682057e-07, -0.0497042393867026, -5.8425149568554e-07, -2.45062619743458e-06, 0.0497042393867026, -1.440223452748e-06, -3.21608261840303e-06, -0.00875154357127249, -5.73498383970677e-07, -0.0497191457018214, -5.7349838397395e-07, -2.44794062753499e-06, 0.0497191457018214, -1.44037600478194e-06, -3.21322943804889e-06, -0.00865782994998679, -1.0753111701629e-08, 1.49063151185494e-05, -1.07531117016257e-08, -2.68556991150311e-09, -1.49063151185494e-05, 1.52552082110884e-10, -2.85318039023022e-09, -9.37136212856965e-05, 
494, 10, -6.06410509302448e-07, -0.0496050954538644, -6.06410509305281e-07, -2.3903796313888e-06, 0.0496050954538644, -1.34975647625226e-06, -3.28867800653993e-06, -0.00873525511298214, -5.95629432664703e-07, -0.0496200162614282, -5.95629432668843e-07, -2.38764920882583e-06, 0.0496200162614282, -1.34986916392821e-06, -3.28581343739856e-06, -0.00864154381192248, -1.07810766052055e-08, 1.49208075638448e-05, -1.07810766052088e-08, -2.73042256152139e-09, -1.49208075638448e-05, 1.12687607187877e-10, -2.86456919898841e-09, -9.37113010596944e-05, 
494, 18, -5.81932401016414e-07, -0.0496325236339779, -5.8193240101968e-07, -2.45205400034943e-06, 0.0496325236339779, -1.43408375843479e-06, -3.22318094608696e-06, -0.00874637216497238, -5.71099137210951e-07, -0.049647450921012, -5.71099137213768e-07, -2.44926073815132e-06, 0.049647450921012, -1.43424910433883e-06, -3.22033145632049e-06, -0.00865268878256864, -1.08332638058348e-08, 1.49272870339521e-05, -1.08332638058347e-08, -2.79326223510807e-09, -1.49272870339521e-05, 1.65346053303092e-10, -2.84948983020798e-09, -9.36833824037518e-05, 
495, 0, -4.53544577450443e-07, -0.0496308630198274, -4.53544577454149e-07, -2.47680143292487e-06, 0.0496308630198274, -1.26407744643276e-06, -3.29361042474859e-06, -0.00874624161448751, -4.42868300480777e-07, -0.049645791268134, -4.42868300484477e-07, -2.47343903216314e-06, 0.049645791268134, -1.26439076176135e-06, -3.29077750501738e-06, -0.00865256184779195, -1.06762769587575e-08, 1.49282483064609e-05, -1.06762769587524e-08, -3.3624007470008e-09, -1.49282483064609e-05, 3.1331537418588e-10, -2.83291966564706e-09, -9.36797666955491e-05, 
495, 10, -4.82365748458005e-07, -0.0495433692659065, -4.82365748461494e-07, -2.41357915708828e-06, 0.0495433692659065, -1.16033443404674e-06, -3.36279471212262e-06, -0.00873093213321775, -4.7166574588728e-07, -0.0495583117663416, -4.71665745890763e-07, -2.41014739137732e-06, 0.0495583117663416, -1.16060736755949e-06, -3.35995173979885e-06, -0.0086372528947227, -1.07000025430158e-08, 1.49425004351324e-05, -1.07000025430193e-08, -3.431765719011e-09, -1.49425004351324e-05, 2.72933463999097e-10, -2.84297215812271e-09, -9.36792384950779e-05, 
495, 18, -4.53770878162028e-07, -0.0495705275421905, -4.53770878165294e-07, -2.47281349476823e-06, 0.0495705275421905, -1.24828699786871e-06, -3.29769364348564e-06, -0.00874202751782249, -4.43009638830633e-07, -0.0495854747975962, -4.43009638834556e-07, -2.46933086912638e-06, 0.0495854747975962, -1.24861733380096e-06, -3.29486497616432e-06, -0.00864837119502459, -1.07612393147813e-08, 1.49472554057835e-05, -1.07612393147747e-08, -3.48262564239612e-09, -1.49472554057835e-05, 3.3033592284883e-10, -2.82866725668465e-09, -9.3656322797907e-05, 
496, 0, -3.24683612092156e-07, -0.0495691764926981, -3.24683612095862e-07, -2.49107893529007e-06, 0.049569176492698, -1.074630279293e-06, -3.35863966043731e-06, -0.00874192856185927, -3.14113705169243e-07, -0.0495841247294291, -3.14113705172949e-07, -2.48703206132115e-06, 0.0495841247294291, -1.07510715108428e-06, -3.35583626299234e-06, -0.00864827532552447, -1.05699069189234e-08, 1.49482367310016e-05, -1.05699069189251e-08, -4.04687399312533e-09, -1.49482367310016e-05, 4.76871789370286e-10, -2.80339744569816e-09, -9.36532363348301e-05, 
496, 10, -3.5760159281847e-07, -0.0494962197034417, -3.57601592822162e-07, -2.43167914725349e-06, 0.0494962197034417, -9.64232042548541e-07, -3.43144447526046e-06, -0.00872760679754239, -3.46997551094303e-07, -0.0495111812857701, -3.4699755109736e-07, -2.42755907782574e-06, 0.0495111812857701, -9.64672990360509e-07, -3.42862901510158e-06, -0.00863395182013417, -1.06040417296823e-08, 1.49615823284134e-05, -1.06040417296806e-08, -4.12006944298057e-09, -1.49615823284134e-05, 4.40947898229207e-10, -2.81546018031295e-09, -9.36549774082226e-05, 
496, 18, -3.24734946694067e-07, -0.0495230870371422, -3.24734946697982e-07, -2.48792266363215e-06, 0.0495230870371422, -1.05552534881277e-06, -3.36579184170147e-06, -0.00873872113093563, -3.14059928466894e-07, -0.0495380508673518, -3.14059928470174e-07, -2.4837435715564e-06, 0.0495380508673518, -1.05602603195188e-06, -3.36299636289367e-06, -0.00864508351786734, -1.06750182402852e-08, 1.49638302097699e-05, -1.06750182402886e-08, -4.17909208152209e-09, -1.49638302097699e-05, 5.00683215524161e-10, -2.79547871009847e-09, -9.36376130682861e-05, 
497, 0, -1.95141756853289e-07, -0.049522120193493, -1.95141756856129e-07, -2.49985334815707e-06, 0.049522120193493, -8.78716062545725e-07, -3.41705421783291e-06, -0.0087386551114944, -1.84693233366328e-07, -0.0495370849827162, -1.84693233369059e-07, -2.49511565003041e-06, 0.0495370849827162, -8.7936085245381e-07, -3.41429282144458e-06, -0.00864502001754281, -1.04485235171995e-08, 1.49647892231211e-05, -1.04485235172045e-08, -4.73769811435363e-09, -1.49647892231211e-05, 6.44789980009779e-10, -2.76139636564316e-09, -9.36350939515418e-05, 
497, 10, -2.28924564717434e-07, -0.0494658732151763, -2.28924564720694e-07, -2.44850287390951e-06, 0.0494658732151763, -7.67484668457225e-07, -3.49838982121041e-06, -0.00872558344594334, -2.18430746208924e-07, -0.049480850067944, -2.18430746212081e-07, -2.4437041618762e-06, 0.049480850067944, -7.68097811402177e-07, -3.49561136869667e-06, -0.00863194361069215, -1.04938185939988e-08, 1.49768527674509e-05, -1.04938185939971e-08, -4.79871203494569e-09, -1.49768527674509e-05, 6.13143161732791e-10, -2.77845256580528e-09, -9.36398352512019e-05, 
497, 19, -1.92005696181718e-07, -0.0494928325680954, -1.92005696184326e-07, -2.50094252702813e-06, 0.0494928325680954, -8.61636006423211e-07, -3.43516862097846e-06, -0.00873676012165995, -1.81427376490521e-07, -0.0495078098658494, -1.81427376493033e-07, -2.49607673310716e-06, 0.0495078098658494, -8.62302113021907e-07, -3.43241538891351e-06, -0.00864313350428704, -1.05783196735352e-08, 1.49772977540041e-05, -1.05783196735301e-08, -4.86579391358436e-09, -1.49772977540042e-05, 6.66106619106781e-10, -2.75323204051094e-09, -9.36266173728959e-05, 
498, 0, -6.09104256431375e-08, -0.0494922249708051, -6.09104256460757e-08, -2.50662873737114e-06, 0.0494922249708051, -6.80659239198488e-07, -3.47583795643212e-06, -0.00873675032961072, -5.0593970921627e-08, -0.0495072030538477, -5.05939709248955e-08, -2.5012129933929e-06, 0.0495072030538476, -6.81467893436725e-07, -3.47312439203857e-06, -0.00864312537197193, -1.03164546742263e-08, 1.49780830423661e-05, -1.03164546742296e-08, -5.41574398471375e-09, -1.49780830423661e-05, 8.08654178004889e-10, -2.71356439365384e-09, -9.36249576387967e-05, 
498, 10, -9.80259702593481e-08, -0.0494510282916335, -9.80259702625057e-08, -2.46107588370573e-06, 0.0494510282916335, -5.77689381534141e-07, -3.56596954486768e-06, -0.00872519648891827, -8.76745420603312e-08, -0.0494660170456207, -8.7674542063919e-08, -2.45559111099938e-06, 0.0494660170456207, -5.78460418563841e-07, -3.56324006877713e-06, -0.00863156243603326, -1.03514281681684e-08, 1.4988753987364e-05, -1.035142816817e-08, -5.48477268766167e-09, -1.4988753987364e-05, 7.71037110527341e-10, -2.72947609181127e-09, -9.36340528849875e-05, 
498, 19, -5.6261708835469e-08, -0.0494777536983835, -5.626170883884e-08, -2.51105737749909e-06, 0.0494777536983835, -6.73574586519451e-07, -3.5040943354578e-06, -0.00873639030523512, -4.58104632700699e-08, -0.04949274085971, -4.58104632729047e-08, -2.50552077036683e-06, 0.04949274085971, -6.74400685784578e-07, -3.50138283654464e-06, -0.00864276184659749, -1.04512455573912e-08, 1.49871613264862e-05, -1.04512455573903e-08, -5.53660714802382e-09, -1.49871613264862e-05, 8.26099300284707e-10, -2.71149894707635e-09, -9.36284586376221e-05, 
499, 0, 7.50360805762152e-08, -0.0494775464296638, 7.50360805725231e-08, -2.50993032164355e-06, 0.0494775464296638, -4.8967152643637e-07, -3.53526933691202e-06, -0.00873642925120833, 8.51910903732035e-08, -0.0494925343675695, 8.51910903698325e-08, -2.50385224498099e-06, 0.0494925343675695, -4.90637464051837e-07, -3.5326055063446e-06, -0.00864280187606694, -1.01550097616842e-08, 1.49879379055579e-05, -1.01550097616835e-08, -6.07807669795986e-09, -1.49879379055579e-05, 9.65937573514009e-10, -2.66383058774811e-09, -9.36273751413867e-05, 
499, 10, 3.12803167094758e-08, -0.0494485956291242, 3.1280316706098e-08, -2.4676739600966e-06, 0.0494485956291242, -3.96081495623131e-07, -3.63609950648892e-06, -0.00872561261328782, 4.14783865603033e-08, -0.0494635932987572, 4.14783865573702e-08, -2.46153671663562e-06, 0.0494635932987572, -3.97015387668943e-07, -3.63341138888545e-06, -0.0086319716581437, -1.01980698221532e-08, 1.49976696329636e-05, -1.01980698221549e-08, -6.13724343303282e-09, -1.49976696329636e-05, 9.33892018322926e-10, -2.68811761969916e-09, -9.36409551441501e-05, 
499, 19, 7.67005676902948e-08, -0.0494751967515951, 7.67005676871339e-08, -2.51518494892926e-06, 0.049475196751595, -4.95244673697732e-07, -3.57611999049075e-06, -0.00873681258941928, 8.6989312793194e-08, -0.04949019115464, 8.69893127898273e-08, -2.50899875203493e-06, 0.04949019115464, -4.96223658584362e-07, -3.57345137430246e-06, -0.00864316977162242, -1.02887451384134e-08, 1.4994403044942e-05, -1.02887451384142e-08, -6.18619687404263e-09, -1.4994403044942e-05, 9.78984931368782e-10, -2.66861615997753e-09, -9.36428177968626e-05, 
500, 0, 2.07947107243545e-07, -0.049475322793188, 2.07947107239957e-07, -2.50739536740686e-06, 0.049475322793188, -3.08130733908612e-07, -3.59835722160061e-06, -0.00873687179747023, 2.17906068082128e-07, -0.0494903179556049, 2.17906068078758e-07, -2.50067781675903e-06, 0.0494903179556049, -3.09246621185081e-07, -3.59574405369592e-06, -0.00864322951452929, -9.95896079373456e-09, 1.49951624167341e-05, -9.95896079373623e-09, -6.71755064591462e-09, -1.49951624167341e-05, 1.11588725487268e-09, -2.61316793989938e-09, -9.36422829409216e-05, 
500, 10, 1.53396192938823e-07, -0.0494493511819362, 1.53396192935557e-07, -2.46626539356032e-06, 0.0494493511819362, -2.28863473028638e-07, -3.70781903164453e-06, -0.00872812346471665, 1.63393917216059e-07, -0.0494643580484434, 1.63393917212467e-07, -2.45949934037017e-06, 0.0494643580484434, -2.29946277457424e-07, -3.70517877628926e-06, -0.00863446053234131, -9.99772426039505e-09, 1.50068665072714e-05, -9.99772426039831e-09, -6.76605315952836e-09, -1.50068665072714e-05, 1.0828043140522e-09, -2.64025538230286e-09, -9.36629323753047e-05, 
500, 19, 2.02042564131962e-07, -0.0494759010736371, 2.02042564128805e-07, -2.51144592211134e-06, 0.0494759010736371, -3.32461846088117e-07, -3.65107838351078e-06, -0.00873929478257317, 2.12123205929918e-07, -0.0494909070479225, 2.1212320592633e-07, -2.5046413984358e-06, 0.0494909070479225, -3.3358408761776e-07, -3.64845347167037e-06, -0.00864562159863614, -1.00806417858344e-08, 1.50059742852366e-05, -1.00806417858369e-08, -6.80452367550477e-09, -1.50059742852366e-05, 1.1222416095533e-09, -2.62491183690044e-09, -9.36731839370405e-05, 
501, 0, 3.32720245718794e-07, -0.0494760968246904, 3.32720245715318e-07, -2.49736062867368e-06, 0.0494760968246904, -1.42014601469742e-07, -3.66514527063344e-06, -0.00873941864049705, 3.42438473360042e-07, -0.0494911036814748, 3.42438473356237e-07, -2.4900371222614e-06, 0.0494911036814748, -1.43270642615621e-07, -3.66258302274274e-06, -0.00864574539947989, -9.71822767530162e-09, 1.50068567845032e-05, -9.71822767530341e-09, -7.32350640708122e-09, -1.50068567845032e-05, 1.25604130081279e-09, -2.56224782493776e-09, -9.36732410171471e-05, 
501, 10, 2.71007548012468e-07, -0.0494518585580575, 2.71007548009316e-07, -2.45904693113474e-06, 0.0494518585580575, -7.0416297670308e-08, -3.78369055727162e-06, -0.00873116840714142, 2.80738157608778e-07, -0.0494668794943186, 2.80738157604971e-07, -2.45167514640655e-06, 0.0494668794943186, -7.16362419840729e-08, -3.78109936424742e-06, -0.00863746780883658, -9.73060961967714e-09, 1.50209362613222e-05, -9.73060961968039e-09, -7.37178471580139e-09, -1.50209362613222e-05, 1.2199444032689e-09, -2.59119296884157e-09, -9.37005983048194e-05, 
501, 19, 3.22716220605322e-07, -0.0494785153406255, 3.22716220601843e-07, -2.50248232054472e-06, 0.0494785153406255, -1.77582096177336e-07, -3.73269698280382e-06, -0.00874234756807931, 3.32529295377648e-07, -0.0494935382444975, 3.3252929537406e-07, -2.49509773523917e-06, 0.0494935382444975, -1.78837230047579e-07, -3.73011523097376e-06, -0.00864862937674044, -9.81307476657076e-09, 1.50229038720403e-05, -9.81307476657083e-09, -7.38458533443971e-09, -1.50229038720403e-05, 1.25513382183946e-09, -2.58175181875636e-09, -9.37181913388387e-05, 
502, 0, 4.5288250659962e-07, -0.0494788225804106, 4.52882506596137e-07, -2.48248057769696e-06, 0.0494788225804106, 1.68905105155701e-08, -3.73907106353794e-06, -0.00874247899057078, 4.62303290137276e-07, -0.0494938465032444, 4.62303290133576e-07, -2.47459234206207e-06, 0.0494938465032444, 1.55042133682716e-08, -3.73655845444692e-06, -0.00864876022319425, -9.42078352662179e-09, 1.50239228337561e-05, -9.42078352662058e-09, -7.88823564470257e-09, -1.50239228337561e-05, 1.38629703379098e-09, -2.512609037809e-09, -9.37187673765409e-05, 
502, 10, 3.8376164770807e-07, -0.0494529939058459, 3.83761647704967e-07, -2.44622067153958e-06, 0.0494529939058459, 9.24830419420917e-08, -3.86690707242461e-06, -0.00873400416096826, 3.93211591822619e-07, -0.0494680339674861, 3.93211591819514e-07, -2.43830347532818e-06, 0.0494680339674861, 9.11260153520836e-08, -3.86435509332677e-06, -0.00864025227257153, -9.44994407581804e-09, 1.50400616402555e-05, -9.44994407581142e-09, -7.9171962094081e-09, -1.50400616402555e-05, 1.35702658101392e-09, -2.55197908135886e-09, -9.37518883967527e-05, 
502, 19, 4.40441444244762e-07, -0.0494797908013681, 4.40441444241286e-07, -2.48914743708084e-06, 0.0494797908013681, -1.73906625200457e-08, -3.82335490053721e-06, -0.0087451773444359, 4.49943902758721e-07, -0.0494948355438437, 4.49943902755624e-07, -2.4812169980103e-06, 0.0494948355438437, -1.87795972083676e-08, -3.82081289800261e-06, -0.00865140242154991, -9.50245853080329e-09, 1.50447424756286e-05, -9.50245853080507e-09, -7.93043905515745e-09, -1.50447424756286e-05, 1.38893471273414e-09, -2.54200253862322e-09, -9.37749228860281e-05, 
503, 0, 5.69920935659646e-07, -0.049480097741931, 5.69920935656927e-07, -2.46333764764287e-06, 0.049480097741931, 1.82057357397038e-07, -3.8217806318308e-06, -0.00874530391985935, 5.79002106009799e-07, -0.0494951436217804, 5.79002106006588e-07, -2.45492147570949e-06, 0.0494951436217804, 1.80539663755941e-07, -3.8193145594764e-06, -0.00865152803711168, -9.08117031885757e-09, 1.50458798495963e-05, -9.08117031885021e-09, -8.41617194312425e-09, -1.50458798495963e-05, 1.51769358576428e-09, -2.46607243489472e-09, -9.37758827476825e-05, 
503, 10, 4.9563554441773e-07, -0.0494528576176344, 4.95635544414688e-07, -2.42936200671022e-06, 0.0494528576176344, 2.74705336817029e-07, -3.95340474433845e-06, -0.00873705662969423, 5.04736704746631e-07, -0.0494679215705392, 5.04736704744238e-07, -2.42091474715526e-06, 0.0494679215705392, 2.73213197245658e-07, -3.95089782171306e-06, -0.00864324269222758, -9.10116026563304e-09, 1.50639529049081e-05, -9.10116026562529e-09, -8.44725957332871e-09, -1.50639529049081e-05, 1.49213977447565e-09, -2.50692263932331e-09, -9.38139374666288e-05, 
503, 19, 5.57136381555926e-07, -0.0494796197413074, 5.5713638155309e-07, -2.47164764980076e-06, 0.0494796197413074, 1.63191812426733e-07, -3.918247196031e-06, -0.00874816055975827, 5.66283629520261e-07, -0.0494946907952395, 5.66283629516775e-07, -2.46320320417216e-06, 0.0494946907952395, 1.61664986998783e-07, -3.91574998434266e-06, -0.00865432003237566, -9.14724793728239e-09, 1.50710539319601e-05, -9.14724793728239e-09, -8.444445621898e-09, -1.50710539319601e-05, 1.52682533884526e-09, -2.49721167213917e-09, -9.38405273826227e-05, 
504, 0, 6.85811363539703e-07, -0.0494799379684867, 6.85811363536248e-07, -2.4400474729178e-06, 0.0494799379684867, 3.6826295641486e-07, -3.90753337221457e-06, -0.00874829758671572, 6.94511347208426e-07, -0.0494950102600059, 6.94511347205166e-07, -2.43113717307707e-06, 0.0494950102600059, 3.66609398142987e-07, -3.90511897056772e-06, -0.00865445584731352, -8.69998364081498e-09, 1.50722915192483e-05, -8.69998364080778e-09, -8.91029984074952e-09, -1.50722915192483e-05, 1.65355829912009e-09, -2.41440167546795e-09, -9.38417394022332e-05, 
504, 10, 6.14117628510988e-07, -0.0494541527478196, 6.14117628507836e-07, -2.40954869702923e-06, 0.0494541527478195, 4.74988938599538e-07, -4.02883645691193e-06, -0.00874080484133588, 6.22822871461565e-07, -0.0494692446785753, 6.22822871458575e-07, -2.40060700117162e-06, 0.0494692446785753, 4.73358231806535e-07, -4.0263805488402e-06, -0.00864692135289232, -8.7052429509579e-09, 1.50919307557226e-05, -8.70524295095658e-09, -8.94169585848172e-09, -1.50919307557226e-05, 1.63070655896335e-09, -2.45590801797308e-09, -9.38834884435756e-05, 
504, 19, 6.77860449306684e-07, -0.0494806252458277, 6.77860449303718e-07, -2.45039302150582e-06, 0.0494806252458277, 3.6196718117943e-07, -4.00244406047401e-06, -0.00875180681360998, 6.86601622426246e-07, -0.0494957260987683, 6.86601622423253e-07, -2.4414612368717e-06, 0.0494957260987683, 3.60303294992926e-07, -4.00000307627155e-06, -0.00865789474899299, -8.74117311425617e-09, 1.51008529405986e-05, -8.74117311425617e-09, -8.93178463744902e-09, -1.51008529405986e-05, 1.66388620899058e-09, -2.44098415451006e-09, -9.39120646169611e-05, 
505, 0, 8.05689633590746e-07, -0.0494810209351713, 8.05689633586668e-07, -2.41274411434628e-06, 0.0494810209351713, 5.71911842800707e-07, -3.98126417252411e-06, -0.00875196405278883, 8.13957600037095e-07, -0.049496123110813, 8.13957600033427e-07, -2.40336897210897e-06, 0.049496123110813, 5.70124177956007e-07, -3.97891320575097e-06, -0.00865805062219882, -8.26796645384991e-09, 1.51021756419369e-05, -8.26796645385192e-09, -9.37514223228098e-09, -1.51021756419369e-05, 1.78766495413882e-09, -2.35096677463003e-09, -9.39134305900277e-05, 
505, 10, 7.34661094822126e-07, -0.0494582221226538, 7.34661094818702e-07, -2.38375588843301e-06, 0.0494582221226538, 6.77352107193602e-07, -4.07668443253554e-06, -0.00874518914026356, 7.42931594190162e-07, -0.0494733450091536, 7.42931594186724e-07, -2.3743441161854e-06, 0.0494733450091536, 6.75590468009995e-07, -4.07429358900944e-06, -0.00865123185865706, -8.27049932593396e-09, 1.51228864996737e-05, -8.27049932593068e-09, -9.41177223656314e-09, -1.51228864996737e-05, 1.76163921342186e-09, -2.39084350964759e-09, -9.39572816065324e-05, 
505, 19, 8.00456507377554e-07, -0.0494842275889776, 8.00456507373679e-07, -2.42392085616951e-06, 0.0494842275889776, 5.65286456679213e-07, -4.06031507405922e-06, -0.00875608318520095, 8.08752724996674e-07, -0.0494993602616606, 8.08752724993693e-07, -2.41452877970484e-06, 0.0494993602616606, 5.63490224544444e-07, -4.05794689691776e-06, -0.00866209695030878, -8.29621762315956e-09, 1.51326726830015e-05, -8.29621762315792e-09, -9.39207645085641e-09, -1.51326726830015e-05, 1.79623215703339e-09, -2.36817718423187e-09, -9.39862348921986e-05, 
506, 0, 9.27138419713592e-07, -0.0494846966313298, 9.2713841971038e-07, -2.38004589015191e-06, 0.0494846966313298, 7.78277337666141e-07, -4.02813421146589e-06, -0.00875625337483658, 9.34936422551183e-07, -0.0494998306964031, 9.34936422548395e-07, -2.3702345177577e-06, 0.0494998306964031, 7.76361167912162e-07, -4.02586316152632e-06, -0.00866226571285835, -7.79800287434466e-09, 1.5134065073459e-05, -7.79800287434483e-09, -9.81137237765857e-09, -1.5134065073459e-05, 1.91616983081845e-09, -2.27104997824032e-09, -9.39876619782753e-05, 
506, 10, 8.5010984216584e-07, -0.0494666274251267, 8.50109842162838e-07, -2.34897479106918e-06, 0.0494666274251267, 8.74051188363656e-07, -4.08957386706801e-06, -0.00874951861925328, 8.57905139252641e-07, -0.0494817820684805, 8.57905139249858e-07, -2.33912351685261e-06, 0.0494817820684805, 8.7215973364369e-07, -4.08726549155748e-06, -0.00865548742308038, -7.79529711877726e-09, 1.51546433539314e-05, -7.79529711877726e-09, -9.85127421505067e-09, -1.51546433539314e-05, 1.89145478606686e-09, -2.30837551901255e-09, -9.40311961728706e-05, 
506, 18, 9.18682236138854e-07, -0.0494916301306869, 9.18682236135634e-07, -2.38901439877567e-06, 0.0494916301306869, 7.63696994472909e-07, -4.08197462480674e-06, -0.00876022871756412, 9.26502703740956e-07, -0.0495067921794049, 9.26502703737518e-07, -2.37919377322243e-06, 0.0495067921794049, 7.61771090540605e-07, -4.07969537670739e-06, -0.00866617140156021, -7.82046761345643e-09, 1.51620487179395e-05, -7.82046761345659e-09, -9.82062554618412e-09, -1.51620487179395e-05, 1.92590395345888e-09, -2.27924811449489e-09, -9.40573160039153e-05, 
507, 0, 1.04276924416257e-06, -0.0494922903657162, 1.04276924416003e-06, -2.33922689293265e-06, 0.0494922903657162, 9.77162905914497e-07, -4.04013408393424e-06, -0.00876038302691131, 1.05006982385693e-06, -0.0495074540004971, 1.05006982385304e-06, -2.32901145163764e-06, 0.0495074540004971, 9.75124355939491e-07, -4.03796054226673e-06, -0.00866632426789321, -7.30057973639034e-09, 1.51636347807486e-05, -7.30057973639405e-09, -1.02154412702727e-08, -1.51636347807486e-05, 2.03854995253926e-09, -2.173541737593e-09, -9.40587590181226e-05, 
507, 10, 9.65618947163924e-07, -0.0494835538492339, 9.65618947161117e-07, -2.30733319866873e-06, 0.0494835538492339, 1.0784399169312e-06, -4.06743978932438e-06, -0.00875338602354831, 9.7292633012089e-07, -0.0494987367477027, 9.72926330117006e-07, -2.29708537911032e-06, 0.0494987367477027, 1.07641678385568e-06, -4.06522679519958e-06, -0.00865928625478183, -7.30738297653268e-09, 1.51828984687203e-05, -7.30738297653062e-09, -1.02478195640269e-08, -1.51828984687203e-05, 2.0231329964974e-09, -2.21299408808835e-09, -9.40997687664806e-05, 
507, 18, 1.03752388700521e-06, -0.0495080379655196, 1.03752388700157e-06, -2.34710702700562e-06, 0.0495080379655196, 9.73026672791578e-07, -4.07039518520218e-06, -0.00876403428668853, 1.04485331678308e-06, -0.0495232253998891, 1.04485331678034e-06, -2.33689111240714e-06, 0.0495232253998891, 9.70978946708129e-07, -4.06822490666959e-06, -0.00866991140976837, -7.32942973051416e-09, 1.51874343695363e-05, -7.32942973051241e-09, -1.02159146198774e-08, -1.51874343695363e-05, 2.04772605096367e-09, -2.17027856070474e-09, -9.41228769201906e-05, 
508, 0, 1.15971684293834e-06, -0.0495089030027021, 1.15971684293572e-06, -2.29110767949808e-06, 0.0495089030027021, 1.1865100692904e-06, -4.01713379897958e-06, -0.00876417585238876, 1.16650681090112e-06, -0.0495240919612663, 1.16650681089815e-06, -2.28052316647242e-06, 0.0495240919612663, 1.18435511113108e-06, -4.01507553175311e-06, -0.00867005171794941, -6.78996798471433e-09, 1.51889585642705e-05, -6.78996798470925e-09, -1.05845130207575e-08, -1.51889585642705e-05, 2.15495806687073e-09, -2.05826724852557e-09, -9.41241344393324e-05, 
508, 10, 1.09115794857339e-06, -0.0495138119807964, 1.09115794856991e-06, -2.26035892381373e-06, 0.0495138119807964, 1.29333624003348e-06, -4.01499852456225e-06, -0.00875711648754586, 1.09794748426045e-06, -0.0495290167653336, 1.09794748425678e-06, -2.24975130797116e-06, 0.0495290167653336, 1.29119850526608e-06, -4.01290352036285e-06, -0.00866295616971648, -6.78953572861068e-09, 1.52047845373164e-05, -6.78953572860782e-09, -1.06076158587934e-08, -1.52047845373164e-05, 2.13773475423949e-09, -2.09500420447576e-09, -9.41603178293851e-05, 
508, 18, 1.1650702555228e-06, -0.04953757272477, 1.16507025551899e-06, -2.29811380294283e-06, 0.04953757272477, 1.19134826334635e-06, -4.02539088682545e-06, -0.0087677105143967, 1.17188836092939e-06, -0.0495527772187517, 1.17188836092592e-06, -2.28753884845693e-06, 0.0495527772187517, 1.18918820318505e-06, -4.02334763217625e-06, -0.00867353157165818, -6.81810539635054e-09, 1.52044939816457e-05, -6.81810539634514e-09, -1.05749544695599e-08, -1.52044939816457e-05, 2.16006025028826e-09, -2.04325467991535e-09, -9.41789427385473e-05, 
509, 0, 1.28498575197607e-06, -0.0495387275535899, 1.28498575197215e-06, -2.23535915661984e-06, 0.0495387275535899, 1.40261359115275e-06, -3.96024967063651e-06, -0.00876784726804941, 1.29124746486079e-06, -0.0495539334239476, 1.29124746485763e-06, -2.22444240369936e-06, 0.0495539334239476, 1.40035254938454e-06, -3.95832398010068e-06, -0.00867366736613643, -6.26171291558615e-09, 1.52058703577587e-05, -6.26171291558922e-09, -1.09167529304444e-08, -1.52058703577587e-05, 2.26104185735475e-09, -1.92569049503235e-09, -9.41799019129519e-05, 
509, 10, 1.22008974071247e-06, -0.0495603320292198, 1.22008974070931e-06, -2.2069415067333e-06, 0.0495603320292198, 1.5050270678808e-06, -3.93349439230757e-06, -0.00876079042713856, 1.2263955493712e-06, -0.0495755486910498, 1.2263955493682e-06, -2.19601397990457e-06, 0.0495755486910498, 1.50277311590463e-06, -3.93152998672778e-06, -0.00866658111202355, -6.30580864340821e-09, 1.52166618300366e-05, -6.3058086434081e-09, -1.09275268126488e-08, -1.52166618300366e-05, 2.25395196281309e-09, -1.96440554793053e-09, -9.42093151149973e-05, 
509, 18, 1.29630212445323e-06, -0.0495831873217163, 1.29630212445029e-06, -2.23979547850661e-06, 0.0495831873217163, 1.41030706127799e-06, -3.94650415323529e-06, -0.00877127150428244, 1.3025972784165e-06, -0.0495983971295281, 1.30259727841313e-06, -2.22889370083644e-06, 0.0495983971295281, 1.40804370107437e-06, -3.94460380538862e-06, -0.00867704955973934, -6.29515392823896e-09, 1.52098078117817e-05, -6.29515392824161e-09, -1.09017776949345e-08, -1.52098078117817e-05, 2.26336024495266e-09, -1.90034779874616e-09, -9.42219445431364e-05, 
510, 0, 1.41311388010283e-06, -0.0495846907049293, 1.41311388009957e-06, -2.16997627385626e-06, 0.0495846907049293, 1.61722817168581e-06, -3.86937631495426e-06, -0.0087714013970111, 1.41883422720331e-06, -0.0495999016405991, 1.41883422719956e-06, -2.15876047798509e-06, 0.0495999016405991, 1.61487173900828e-06, -3.86759877159089e-06, -0.00867717892257385, -5.72034709386595e-09, 1.52109356697417e-05, -5.72034709386923e-09, -1.12157958594011e-08, -1.52109356697417e-05, 2.35643259791435e-09, -1.77754333539227e-09, -9.42224744372647e-05, 
510, 10, 1.34773914933599e-06, -0.0496212186910491, 1.34773914933262e-06, -2.14485440377081e-06, 0.0496212186910491, 1.70094407343978e-06, -3.82359277694916e-06, -0.00876457821908811, 1.35349799301774e-06, -0.0496364350465258, 1.35349799301448e-06, -2.1336348337767e-06, 0.0496364350465258, 1.69860502027205e-06, -3.82177907723928e-06, -0.0086703338903028, -5.7588437178983e-09, 1.52163554766737e-05, -5.7588437178966e-09, -1.12195699880749e-08, -1.52163554766737e-05, 2.3390531570138e-09, -1.81369966371591e-09, -9.42443287852943e-05, 
510, 18, 1.42474268776077e-06, -0.0496431408027831, 1.42474268775723e-06, -2.17100847225659e-06, 0.0496431408027831, 1.61280851053191e-06, -3.83585313244572e-06, -0.00877495413632388, 1.43049615248709e-06, -0.0496583433614597, 1.43049615248357e-06, -2.15981647911856e-06, 0.0496583433614597, 1.61045716580259e-06, -3.83410537673157e-06, -0.00868070408832763, -5.75346478883788e-09, 1.5202558676782e-05, -5.75346478883353e-09, -1.11919931353265e-08, -1.5202558676782e-05, 2.3513447588213e-09, -1.74775571836161e-09, -9.42500479962482e-05, 
511, 0, 1.53747349091573e-06, -0.0496449187748723, 1.53747349091214e-06, -2.09426671406505e-06, 0.0496449187748723, 1.81295090429977e-06, -3.74769692132428e-06, -0.00877508374689443, 1.5426359023721e-06, -0.0496601221735719, 1.54263590236841e-06, -2.08278880693608e-06, 0.0496601221735719, 1.81051499792145e-06, -3.74607651158171e-06, -0.00868083368851921, -5.16241149548152e-09, 1.52033986996669e-05, -5.16241149547972e-09, -1.1477907106707e-08, -1.52033986996669e-05, 2.43590648673941e-09, -1.620409737595e-09, -9.42500583752575e-05, 
511, 10, 1.47027918014401e-06, -0.04969469887041, 1.47027918014118e-06, -2.07223929352035e-06, 0.04969469887041, 1.88069926385133e-06, -3.69102756831205e-06, -0.00876797984997678, 1.47548390458856e-06, -0.049709901871469, 1.47548390458518e-06, -2.0607712924602e-06, 0.049709901871469, 1.87828554536578e-06, -3.68937115741239e-06, -0.00867371604539393, -5.20472440372353e-09, 1.5203001059059e-05, -5.20472440372681e-09, -1.14680010436884e-08, -1.5203001059059e-05, 2.41371858043995e-09, -1.65641092487383e-09, -9.4263804582897e-05, 
511, 18, 1.54451735223699e-06, -0.0497157535831029, 1.5445173522334e-06, -2.09144974209874e-06, 0.0497157535831029, 1.79562829751106e-06, -3.7008699040232e-06, -0.00877825175044272, 1.549714731746e-06, -0.0497309356212617, 1.54971473174252e-06, -2.07999965405425e-06, 0.0497309356212617, 1.79320110455636e-06, -3.69928304114621e-06, -0.00868398995472002, -5.19737951127148e-09, 1.51820381588774e-05, -5.19737951126957e-09, -1.14500880534523e-08, -1.51820381588774e-05, 2.42719301426099e-09, -1.58686284920426e-09, -9.42617957226992e-05, 
512, 0, 1.6523518985705e-06, -0.0497177838494715, 1.65235189856766e-06, -2.00825493144729e-06, 0.0497177838494715, 1.987697041082e-06, -3.60289925697732e-06, -0.00877836220597361, 1.65694421455747e-06, -0.0497329664004368, 1.65694421455377e-06, -1.99654809316194e-06, 0.0497329664004368, 1.98519391367868e-06, -3.60144286169158e-06, -0.00868410101086961, -4.59231597764302e-09, 1.51825509652005e-05, -4.59231597764799e-09, -1.17068382904084e-08, -1.51825509652005e-05, 2.50312751606092e-09, -1.45639528145888e-09, -9.4261195103955e-05, 
512, 10, 1.58495275116106e-06, -0.0497746808071698, 1.58495275115736e-06, -1.98899186391799e-06, 0.0497746808071698, 2.06164550375918e-06, -3.54152594199858e-06, -0.00877107757741914, 1.58955850451875e-06, -0.0497898579761381, 1.58955850451483e-06, -1.9772962242331e-06, 0.0497898579761381, 2.05916212200931e-06, -3.54003377027786e-06, -0.00867680996841705, -4.60575333999026e-09, 1.5177168968245e-05, -4.60575333999365e-09, -1.16956396572769e-08, -1.5177168968245e-05, 2.48338170617159e-09, -1.49217178034906e-09, -9.42676090021145e-05, 
512, 18, 1.65619125121074e-06, -0.0497952229895348, 1.65619125120717e-06, -2.00148513585204e-06, 0.0497952229895348, 1.98172682866659e-06, -3.54827131818342e-06, -0.00878123469006822, 1.66081377244284e-06, -0.0498103737519651, 1.66081377243904e-06, -1.98980953678429e-06, 0.0498103737519651, 1.97922715129912e-06, -3.54684694832303e-06, -0.00868697672174722, -4.6225212632066e-09, 1.51507624302823e-05, -4.62252126320744e-09, -1.1675599059906e-08, -1.51507624302823e-05, 2.49967749968772e-09, -1.42436985025211e-09, -9.42579683209915e-05, 
513, 0, 1.75860557001253e-06, -0.0497973473132881, 1.75860557000958e-06, -1.91227258215418e-06, 0.0497973473132881, 2.16548259794907e-06, -3.44038422180615e-06, -0.00878133118735574, 1.76261072435697e-06, -0.049812498285006, 1.76261072435338e-06, -1.90037014174842e-06, 0.049812498285006, 2.16291562978162e-06, -3.43909339804881e-06, -0.00868707447019705, -4.00515435658651e-09, 1.5150971718023e-05, -4.00515435658651e-09, -1.19024404145613e-08, -1.5150971718023e-05, 2.56696814450036e-09, -1.29082376167935e-09, -9.4256717158691e-05, 
513, 10, 1.69839739034367e-06, -0.0498513047238575, 1.69839739033986e-06, -1.89615613005971e-06, 0.0498513047238575, 2.26103147515968e-06, -3.37933682166108e-06, -0.0087734562030774, 1.70242731830442e-06, -0.0498664471141809, 1.70242731830073e-06, -1.88426611425321e-06, 0.0498664471141809, 2.25847798069464e-06, -3.37800571584096e-06, -0.00867919920011056, -4.02992795495576e-09, 1.51423903230762e-05, -4.02992795495491e-09, -1.18900158054229e-08, -1.51423903230762e-05, 2.55349449529458e-09, -1.33110579399187e-09, -9.42570029668968e-05, 
513, 18, 1.7663226417528e-06, -0.049871736177385, 1.76632264174986e-06, -1.90247557427851e-06, 0.049871736177385, 2.18240113821168e-06, -3.38396651096936e-06, -0.00878355524136622, 1.77036799728448e-06, -0.0498868492112911, 1.77036799728111e-06, -1.89061205789413e-06, 0.0498868492112911, 2.17982566744335e-06, -3.38269929755128e-06, -0.0086893150863602, -4.04535553701611e-09, 1.51130339057545e-05, -4.04535553701367e-09, -1.18635163979574e-08, -1.51130339057545e-05, 2.57547081408089e-09, -1.26721342658399e-09, -9.42401550060151e-05, 
514, 0, 1.86294544132057e-06, -0.0498736910924213, 1.8629454413173e-06, -1.80739110180295e-06, 0.0498736910924213, 2.35730666965483e-06, -3.2655821843373e-06, -0.00878362518038668, 1.8663638145769e-06, -0.0498888040954006, 1.86636381457472e-06, -1.79533114942091e-06, 0.0498888040954006, 2.35467187679538e-06, -3.26445199017253e-06, -0.00868938693661296, -3.41837326213346e-09, 1.51130029793567e-05, -3.41837326212996e-09, -1.20599523527636e-08, -1.51130029793567e-05, 2.63479287215495e-09, -1.13019421328774e-09, -9.42382437737422e-05, 
514, 10, 1.80756625192281e-06, -0.0499163033484695, 1.80756625191945e-06, -1.79684953964119e-06, 0.0499163033484695, 2.4733192657118e-06, -3.21023670380576e-06, -0.00877457478588987, 1.81101295017054e-06, -0.0499314063099314, 1.81101295016695e-06, -1.7847957472486e-06, 0.0499314063099314, 2.47068597374794e-06, -3.2090666521354e-06, -0.00868034126734689, -3.44669823411812e-09, 1.51029614618038e-05, -3.44669823411992e-09, -1.2053792396902e-08, -1.51029614618038e-05, 2.63329189705093e-09, -1.17005164390893e-09, -9.42335185429701e-05, 
514, 18, 1.87204614767058e-06, -0.0499370249702096, 1.87204614766698e-06, -1.79666708296865e-06, 0.0499370249702096, 2.39331103880956e-06, -3.21334868643283e-06, -0.00878467419316066, 1.87550319211276e-06, -0.0499520982290834, 1.87550319210972e-06, -1.78464780940546e-06, 0.0499520982290834, 2.3906551572028e-06, -3.2122359685999e-06, -0.00869046385555501, -3.45704440185832e-09, 1.50732588737539e-05, -3.45704440185494e-09, -1.20192735996929e-08, -1.50732588737539e-05, 2.65588159488197e-09, -1.11271777109364e-09, -9.42103376056615e-05, 
515, 0, 1.96236461678334e-06, -0.0499386397111505, 1.96236461677965e-06, -1.69606321518555e-06, 0.0499386397111505, 2.55887142978647e-06, -3.08405933947519e-06, -0.00878470301328613, 1.96518720434499e-06, -0.0499537127764624, 1.96518720434172e-06, -1.68387836010292e-06, 0.0499537127764624, 2.55616407385112e-06, -3.08308707685225e-06, -0.0086904952194432, -2.82258761086414e-09, 1.50730653118208e-05, -2.82258761086763e-09, -1.21848550997071e-08, -1.50730653118208e-05, 2.70735594232248e-09, -9.72262614077379e-10, -9.42077938429456e-05, 
515, 10, 1.9091450469952e-06, -0.0499617226245405, 1.90914504699192e-06, -1.69244551771395e-06, 0.0499617226245405, 2.6836034419727e-06, -3.03561720559045e-06, -0.00877410858661356, 1.91199328789161e-06, -0.0499767861508249, 1.91199328788791e-06, -1.68026885333273e-06, 0.0499767861508249, 2.68088916517628e-06, -3.03460108170248e-06, -0.00867990894684278, -2.84824094250845e-09, 1.50635262844752e-05, -2.84824094250337e-09, -1.21766643787e-08, -1.50635262844752e-05, 2.71427660911291e-09, -1.01612390811083e-09, -9.4199639770763e-05, 
515, 18, 1.97094319974857e-06, -0.0499832137539362, 1.97094319974573e-06, -1.68660371357306e-06, 0.0499832137539362, 2.60168030768575e-06, -3.0398997049597e-06, -0.00878433434701998, 1.97380106148801e-06, -0.049998249726817, 1.97380106148409e-06, -1.67446298297281e-06, 0.049998249726817, 2.59894291362049e-06, -3.03893580437784e-06, -0.00869016309076477, -2.85786173832768e-09, 1.50359728806951e-05, -2.85786173832588e-09, -1.21407306072177e-08, -1.50359728806951e-05, 2.73739408061484e-09, -9.63900655170462e-10, -9.41712562552239e-05, 
516, 0, 2.05474780327079e-06, -0.0499843077407102, 2.05474780326773e-06, -1.58097359269921e-06, 0.0499843077407102, 2.75753673813823e-06, -2.89999300032673e-06, -0.00878431832715951, 2.05696654515046e-06, -0.0499993434493137, 2.05696654514676e-06, -1.56869910184962e-06, 0.0499993434493137, 2.75475498679755e-06, -2.89917354553079e-06, -0.00869015020672542, -2.21874187937817e-09, 1.50357086034293e-05, -2.21874187937817e-09, -1.22744908452036e-08, -1.50357086034293e-05, 2.78175133361185e-09, -8.19454761049367e-10, -9.41681204340698e-05, 
516, 10, 1.99663899786138e-06, -0.0499828123423777, 1.99663899785809e-06, -1.58374381954068e-06, 0.0499828123423777, 2.87638689258329e-06, -2.85492317948984e-06, -0.0087718456964642, 1.99891045367431e-06, -0.0499978404130088, 1.99891045367082e-06, -1.57147455277268e-06, 0.0499978404130088, 2.87358365411038e-06, -2.85405735967913e-06, -0.00867768780179219, -2.27145577285553e-09, 1.50280706311905e-05, -2.27145577285532e-09, -1.22692668088246e-08, -1.50280706311905e-05, 2.8032384270397e-09, -8.65819779305821e-10, -9.41578946719963e-05, 
516, 18, 2.05761132551665e-06, -0.0500054098947664, 2.05761132551295e-06, -1.5749784656082e-06, 0.0500054098947664, 2.79576415938692e-06, -2.86495869933466e-06, -0.00878229685530571, 2.05988377426407e-06, -0.0500204142688016, 2.05988377426081e-06, -1.56274603604501e-06, 0.0500204142688016, 2.79294110277151e-06, -2.86414089608679e-06, -0.00868817167676106, -2.27244874194167e-09, 1.50043740352229e-05, -2.27244874194167e-09, -1.22324295417095e-08, -1.50043740352229e-05, 2.823056567919e-09, -8.17803180551367e-10, -9.41251785446392e-05, 
517, 0, 2.13482575593064e-06, -0.050005893067109, 2.13482575592652e-06, -1.46503246453266e-06, 0.050005893067109, 2.94175490091474e-06, -2.71517174174432e-06, -0.00878223173571499, 2.13645242499997e-06, -0.050020897177053, 2.13645242499628e-06, -1.4526975072609e-06, 0.050020897177053, 2.93889592392375e-06, -2.71450231854295e-06, -0.00868811026501283, -1.62666900241589e-09, 1.50041099440046e-05, -1.6266690024144e-09, -1.23349572863711e-08, -1.50041099440046e-05, 2.85897703954144e-09, -6.69423191350882e-10, -9.41214707021951e-05, 
517, 10, 2.0738091144461e-06, -0.0499795102095858, 2.07380911444241e-06, -1.46982896678464e-06, 0.0499795102095858, 3.04825322307838e-06, -2.66678254000625e-06, -0.00876804406280371, 2.07547015427997e-06, -0.0499945092728994, 2.07547015427779e-06, -1.45748696484604e-06, 0.0499945092728994, 3.04536979360668e-06, -2.66606625615364e-06, -0.00867393379838856, -1.66103981152866e-09, 1.4999063313562e-05, -1.66103981152506e-09, -1.23420019242725e-08, -1.4999063313562e-05, 2.88342939024714e-09, -7.16283773992457e-10, -9.41102644151628e-05, 
517, 18, 2.13552605159529e-06, -0.050003423757228, 2.13552605159201e-06, -1.46108026531239e-06, 0.050003423757228, 2.97059308225812e-06, -2.6880129011192e-06, -0.00877874400920759, 2.13720749623096e-06, -0.0500184038929892, 2.13720749622748e-06, -1.44878606061251e-06, 0.0500184038929892, 2.96769162727146e-06, -2.6873405621868e-06, -0.00868467013605922, -1.68144459984186e-09, 1.49801357611233e-05, -1.68144459984006e-09, -1.22942047267426e-08, -1.49801357611233e-05, 2.90145492032956e-09, -6.72338969401744e-10, -9.4073873148358e-05, 
518, 0, 2.20634243506956e-06, -0.0500033303313362, 2.20634243506651e-06, -1.34721127935389e-06, 0.0500033303313362, 3.10668347342369e-06, -2.52928053331635e-06, -0.00877863903598743, 2.20737651813288e-06, -0.0500183102534586, 2.20737651812961e-06, -1.33484715283114e-06, 0.0500183102534586, 3.10375383788784e-06, -2.52876015793803e-06, -0.00868456938642955, -1.0340830715797e-09, 1.49799221223512e-05, -1.03408307158149e-09, -1.23641265329233e-08, -1.49799221223512e-05, 2.92963553751203e-09, -5.20375269591721e-10, -9.40696495578833e-05, 
518, 10, 2.1424279592857e-06, -0.0499537982780802, 2.14242795928242e-06, -1.35209349930342e-06, 0.0499537982780802, 3.20894657517471e-06, -2.46735178678463e-06, -0.00876341319205341, 2.14351122630418e-06, -0.0499687763536953, 2.14351122630113e-06, -1.33971329369661e-06, 0.0499687763536953, 3.20598367008939e-06, -2.46678521837592e-06, -0.00866935450008374, -1.08326701074886e-09, 1.49780756149422e-05, -1.08326701074886e-09, -1.23802056171695e-08, -1.49780756149422e-05, 2.96290516355542e-09, -5.66568386766785e-10, -9.40586919696738e-05, 
518, 18, 2.20510564227068e-06, -0.0499789411432695, 2.20510564226743e-06, -1.34478431251131e-06, 0.0499789411432695, 3.13469310046484e-06, -2.5018420998679e-06, -0.00877430900569721, 2.20620280804061e-06, -0.0499939057836901, 2.20620280803713e-06, -1.33246045992928e-06, 0.0499939057836901, 3.13172028519574e-06, -2.50131689902551e-06, -0.00868028911293886, -1.09716573859828e-09, 1.4964640420645e-05, -1.09716573859986e-09, -1.23238525864316e-08, -1.4964640420645e-05, 2.97281523673033e-09, -5.25200826652376e-10, -9.40198927583782e-05, 
519, 0, 2.26946162577797e-06, -0.0499783215305648, 2.26946162577513e-06, -1.22744542310405e-06, 0.0499783215305648, 3.26079209631187e-06, -2.33444138810596e-06, -0.00877418314603145, 2.26991049222497e-06, -0.049993286064995, 2.26991049222127e-06, -1.21508340463554e-06, 0.049993286064995, 3.25779882687984e-06, -2.33407182079183e-06, -0.00868016784306058, -4.48866456585017e-10, 1.49645344300648e-05, -4.48866456586815e-10, -1.23620184778986e-08, -1.49645344300648e-05, 2.99326959428124e-09, -3.69567431805998e-10, -9.40153029708662e-05, 
519, 10, 2.2084438009123e-06, -0.04990868342769, 2.2084438009086e-06, -1.22929373884296e-06, 0.04990868342769, 3.36267360743892e-06, -2.25455328201372e-06, -0.0087574656227015, 2.20895035026546e-06, -0.0499236489275652, 2.20895035026219e-06, -1.21692545117004e-06, 0.0499236489275652, 3.35964494165215e-06, -2.25413951620195e-06, -0.00866346087491784, -5.06549363894088e-10, 1.49654998750018e-05, -5.06549363892498e-10, -1.23682876677916e-08, -1.49654998750018e-05, 3.02866567062013e-09, -4.13765805824784e-10, -9.40047477836795e-05, 
519, 18, 2.27088980575919e-06, -0.049934906295788, 2.27088980575527e-06, -1.22376733987109e-06, 0.049934906295788, 3.28965993553887e-06, -2.30257837657061e-06, -0.00876852393592794, 2.27139563086769e-06, -0.0499498629183959, 2.27139563086378e-06, -1.21145288551472e-06, 0.0499498629183959, 3.28662679392163e-06, -2.30220862634313e-06, -0.00867455958970109, -5.05825098128157e-10, 1.49566226079999e-05, -5.05825098126359e-10, -1.23144543796017e-08, -1.49566226079999e-05, 3.03314155625848e-09, -3.69750221924623e-10, -9.39643462268546e-05, 
520, 0, 2.32888565986077e-06, -0.049933835002172, 2.32888565985707e-06, -1.10302203194648e-06, 0.049933835002172, 3.40508883004552e-06, -2.12701859928072e-06, -0.00876835771698352, 2.3287435779881e-06, -0.049948791613461, 2.32874357798505e-06, -1.09070083718153e-06, 0.049948791613461, 3.40204349852231e-06, -2.12680773640292e-06, -0.0086743981988216, 1.42081877827385e-10, 1.49566112890803e-05, 1.42081877827173e-10, -1.23211947329551e-08, -1.49566112890803e-05, 3.04533160106813e-09, -2.1086295480614e-10, -9.39595181619181e-05, 
520, 10, 2.2662742610249e-06, -0.049843630466788, 2.26627426102228e-06, -1.10585536779981e-06, 0.049843630466788, 3.50271405482255e-06, -2.03158273465733e-06, -0.00875190469837022, 2.26616745352651e-06, -0.0498585926587738, 2.26616745352411e-06, -1.09353124601952e-06, 0.0498585926587738, 3.49963757466483e-06, -2.03132757551495e-06, -0.00865795328658065, 1.06807484389541e-10, 1.49621919856514e-05, 1.06807484389542e-10, -1.23241217828608e-08, -1.49621919856514e-05, 3.07648007123414e-09, -2.55159071134623e-10, -9.39514117895328e-05, 
520, 18, 2.32831496262084e-06, -0.0498706489674912, 2.32831496261735e-06, -1.10054722113888e-06, 0.0498706489674912, 3.43092345205708e-06, -2.09143547539117e-06, -0.00876304620614828, 2.32821463105036e-06, -0.0498856085259722, 2.32821463104709e-06, -1.08827446342149e-06, 0.0498856085259722, 3.42784354991145e-06, -2.09123031843193e-06, -0.00866913451616173, 1.00331612859055e-10, 1.49595584808227e-05, 1.00331612855667e-10, -1.22727577246517e-08, -1.49595584808227e-05, 3.07990211124369e-09, -2.05156876642435e-10, -9.39116899865409e-05, 
521, 0, 2.37966244388514e-06, -0.0498690774874633, 2.37966244388208e-06, -9.77091119737e-07, 0.0498690774874633, 3.53512213054864e-06, -1.90852530730292e-06, -0.00876289706769392, 2.37891791636618e-06, -0.0498840372688222, 2.37891791636333e-06, -9.64843800907687e-07, 0.0498840372688222, 3.53203879441579e-06, -1.90848132007512e-06, -0.0086689902014027, 7.44527544352497e-10, 1.49597813588976e-05, 7.44527544352497e-10, -1.22473187993007e-08, -1.49597813588976e-05, 3.08333612915892e-09, -4.3987134326902e-11, -9.39068662912468e-05, 
521, 10, 2.32097414713149e-06, -0.0497675319890449, 2.32097414712824e-06, -9.7685212944497e-07, 0.0497675319890449, 3.63115376533857e-06, -1.79689556094898e-06, -0.00874577573872827, 2.3202396102106e-06, -0.0497825008796548, 2.32023961020713e-06, -9.64617935795057e-07, 0.0497825008796548, 3.62804378425957e-06, -1.79680921674656e-06, -0.00865187525821417, 7.34536924085062e-10, 1.49688906100351e-05, 7.3453692408845e-10, -1.2234193634355e-08, -1.49688906100351e-05, 3.10998099439328e-09, -8.63440610886678e-11, -9.39004805141277e-05, 
521, 18, 2.38328152882639e-06, -0.0497951182776507, 2.38328152882311e-06, -9.70609791579729e-07, 0.0497951182776507, 3.56154252751182e-06, -1.8667718139255e-06, -0.00875698937241946, 2.38256031174961e-06, -0.0498100887920251, 2.38256031174699e-06, -9.58409364869392e-07, 0.0498100887920251, 3.55842971713772e-06, -1.86673913588386e-06, -0.00866312701550779, 7.21217110192999e-10, 1.49705143743495e-05, 7.21217110192999e-10, -1.22004267001293e-08, -1.49705143743495e-05, 3.11281029573592e-09, -3.26780912254328e-11, -9.38623569116519e-05, 
522, 0, 2.42790165169408e-06, -0.0497933460700056, 2.42790165169123e-06, -8.44447264749369e-07, 0.0497933460700056, 3.6539579986922e-06, -1.67710567928057e-06, -0.00875681965620014, 2.42654290246336e-06, -0.0498083170020629, 2.42654290246096e-06, -8.32304953923758e-07, 0.0498083170020629, 3.65085112476857e-06, -1.67723545412967e-06, -0.0086629619850123, 1.35874924642043e-09, 1.49709320571105e-05, 1.35874924642064e-09, -1.21423108103335e-08, -1.49709320571105e-05, 3.10687386328897e-09, 1.2977490726023e-10, -9.38576711878639e-05, 
522, 10, 2.36749905902628e-06, -0.0496871402935445, 2.36749905902322e-06, -8.46604703803236e-07, 0.0496871402935445, 3.74916178608507e-06, -1.55517459670436e-06, -0.00873900421089682, 2.36615265709447e-06, -0.0497021220425384, 2.36615265709121e-06, -8.34478753100233e-07, 0.0497021220425384, 3.74603016936299e-06, -1.55526284144907e-06, -0.00864515203265391, 1.34640194222152e-09, 1.49817489939723e-05, 1.34640194222491e-09, -1.21259507327817e-08, -1.49817489939723e-05, 3.131616683592e-09, 8.82448064469621e-11, -9.38521782428802e-05, 
522, 18, 2.4318873104472e-06, -0.049715000986655, 2.43188731044415e-06, -8.36935898709392e-07, 0.049715000986655, 3.68225959368115e-06, -1.6334408452973e-06, -0.0087502425852986, 2.43053082807203e-06, -0.0497299862306076, 2.43053082806899e-06, -8.2483501676161e-07, 0.0497299862306076, 3.67912988634332e-06, -1.6335874035488e-06, -0.00865642639323713, 1.35648234031189e-09, 1.4985243952931e-05, 1.35648234031189e-09, -1.21008819363063e-08, -1.4985243952931e-05, 3.12970730511868e-09, 1.46558265414156e-10, -9.38161920614953e-05, 
523, 0, 2.46948552796785e-06, -0.0497131550363754, 2.46948552796567e-06, -7.08648580699206e-07, 0.0497131550363754, 3.76258895039145e-06, -1.43773436902916e-06, -0.00875005986927397, 2.46749647095633e-06, -0.0497281408191965, 2.46749647095307e-06, -6.96637934928283e-07, 0.0497281408191965, 3.75947463183843e-06, -1.43804394140035e-06, -0.00865624813837408, 1.98905701525694e-09, 1.49857828209543e-05, 1.98905701525736e-09, -1.2010645771373e-08, -1.49857828209543e-05, 3.11431861216392e-09, 3.09572420388152e-10, -9.38117308999399e-05, 
523, 10, 2.40951822006233e-06, -0.0496099616755263, 2.40951822005971e-06, -7.13009886147545e-07, 0.0496099616755263, 3.85615899743518e-06, -1.31631926163257e-06, -0.00873257654530351, 2.40750819002554e-06, -0.0496249588786134, 2.4075081900227e-06, -7.01002944948607e-07, 0.0496249588786134, 3.8530268286152e-06, -1.31658609488471e-06, -0.00863876938435001, 2.01003001927343e-09, 1.49972030872339e-05, 2.01003001927004e-09, -1.2006941231538e-08, -1.49972030872339e-05, 3.1321687412043e-09, 2.66833300253382e-10, -9.38071609535141e-05, 
523, 18, 2.47467342688975e-06, -0.0496377057242434, 2.4746734268869e-06, -6.99135814977151e-07, 0.0496377057242434, 3.79110104704271e-06, -1.4008149756779e-06, -0.00874374774007255, 2.47266867597482e-06, -0.0496527065072121, 2.47266867597157e-06, -6.87153323201314e-07, 0.0496527065072121, 3.78796945196744e-06, -1.40113937206728e-06, -0.00864997366503029, 2.00475092724482e-09, 1.50007829686505e-05, 2.00475092723783e-09, -1.19824917480956e-08, -1.50007829686505e-05, 3.13159505695759e-09, 3.24396470273947e-10, -9.37740750422553e-05, 
524, 0, 2.50525381922178e-06, -0.049635972643156, 2.50525381921895e-06, -5.68918546484914e-07, 0.049635972643156, 3.85935851959717e-06, -1.200058622945e-06, -0.00874358298394675, 2.50262326118135e-06, -0.0496509740294304, 2.50262326117852e-06, -5.57058591120503e-07, 0.0496509740294304, 3.85625146775187e-06, -1.20054592044522e-06, -0.00864981304495081, 2.63055808128737e-09, 1.50013862744794e-05, 2.63055808128059e-09, -1.18599554001225e-08, -1.50013862744794e-05, 3.10705185430777e-09, 4.87297469345871e-10, -9.3769938995938e-05, 
524, 10, 2.44609979245698e-06, -0.0495427459173544, 2.44609979245436e-06, -5.7596492572285e-07, 0.0495427459173544, 3.96043441269039e-06, -1.07584545526613e-06, -0.00872724907678119, 2.44344925808331e-06, -0.0495577585773828, 2.44344925808047e-06, -5.64116727815719e-07, 0.0495577585773828, 3.95730837781291e-06, -1.07628885578534e-06, -0.00863348236938617, 2.65053438772773e-09, 1.50126600282339e-05, 2.65053438772773e-09, -1.18481978183201e-08, -1.50126600282339e-05, 3.12603486338669e-09, 4.43400568178285e-10, -9.37667073949954e-05, 
524, 18, 2.51117571768451e-06, -0.0495700249992049, 2.51117571768191e-06, -5.5677928867717e-07, 0.0495700249992049, 3.89712828270027e-06, -1.16459326392178e-06, -0.00873828185426282, 2.50851011707622e-06, -0.0495850399590377, 2.50851011707316e-06, -5.44933081701229e-07, 0.0495850399590377, 3.89400468773995e-06, -1.16509533414032e-06, -0.0086445444345972, 2.66560057596312e-09, 1.50149598327918e-05, 2.6656005759699e-09, -1.18462069751185e-08, -1.50149598327918e-05, 3.12359499366315e-09, 5.02070236348263e-10, -9.37374196656312e-05, 
525, 0, 2.53452005559034e-06, -0.0495685658653464, 2.53452005558751e-06, -4.24987275697502e-07, 0.0495685658653464, 3.95342061713214e-06, -9.58744967795951e-07, -0.00873815260943425, 2.53123605418853e-06, -0.0495835814455169, 2.53123605418592e-06, -4.13296060401996e-07, 0.0495835814455169, 3.95033085792962e-06, -9.5940904807302e-07, -0.00864441889842678, 3.28400136951371e-09, 1.50155801702889e-05, 3.28400136951053e-09, -1.16912152779191e-08, -1.50155801702889e-05, 3.08975913750243e-09, 6.64080252589981e-10, -9.37337110074733e-05, 
525, 10, 2.47829062444677e-06, -0.0494891317024227, 2.47829062444394e-06, -4.36461277336153e-07, 0.0494891317024227, 4.05983666290896e-06, -8.41000135262169e-07, -0.0087231407247155, 2.474971708832e-06, -0.0495041578769536, 2.47497170882982e-06, -4.24784273866016e-07, 0.0495041578769536, 4.05672861598053e-06, -8.41623270817805e-07, -0.00862940836190384, 3.31891564900668e-09, 1.50261745307765e-05, 3.31891564900668e-09, -1.16770035115599e-08, -1.50261745307765e-05, 3.10804694884842e-09, 6.23135483858034e-10, -9.37323628116834e-05, 
525, 18, 2.54409300092622e-06, -0.0495158696296144, 2.54409300092404e-06, -4.08977627134215e-07, 0.0495158696296144, 3.99708521282714e-06, -9.31956997778051e-07, -0.00873409558014523, 2.54074638709373e-06, -0.0495308959083117, 2.54074638709089e-06, -3.97288008498005e-07, 0.0495308959083117, 3.99398320363462e-06, -9.32634781952525e-07, -0.00864038782101765, 3.34661383476093e-09, 1.50262786972466e-05, 3.34661383475415e-09, -1.16896186063032e-08, -1.50262786972466e-05, 3.10200927872021e-09, 6.77784180875443e-10, -9.37077591275906e-05, 
526, 0, 2.56002101919816e-06, -0.0495147621831983, 2.56002101919576e-06, -2.75880543889651e-07, 0.0495147621831983, 4.04141677115091e-06, -7.21799219578219e-07, -0.00873400470764032, 2.55606422005357e-06, -0.0495297890700562, 2.5560642200505e-06, -2.64379648658562e-07, 0.0495297890700562, 4.03835793473272e-06, -7.22636952965679e-07, -0.00864030016059968, 3.95679914126542e-09, 1.50268868578527e-05, 3.95679914126542e-09, -1.15008952275409e-08, -1.50268868578527e-05, 3.05883636422027e-09, 8.37733470442266e-10, -9.37045470406637e-05, 
526, 10, 2.50150805366177e-06, -0.049451273012598, 2.50150805365938e-06, -2.99949663267701e-07, 0.049451273012598, 4.14885718110767e-06, -6.19557995317992e-07, -0.00872015186284725, 2.49750652800734e-06, -0.0494663092071352, 2.49750652800451e-06, -2.8846879836594e-07, 0.0494663092071352, 4.14578223614901e-06, -6.20351313840606e-07, -0.00862644632840274, 4.00152568607911e-09, 1.50361945370721e-05, 4.00152568607911e-09, -1.14808649530359e-08, -1.50361945370721e-05, 3.07494506205387e-09, 7.93318505480609e-10, -9.37055344445387e-05, 
526, 18, 2.56843334007591e-06, -0.0494773901805962, 2.56843334007353e-06, -2.62292286117861e-07, 0.0494773901805962, 4.0872645199394e-06, -7.10952794946045e-07, -0.00873106007883927, 2.5644095379825e-06, -0.0494924235582743, 2.56440953797967e-06, -2.50782777783433e-07, 0.0494924235582743, 4.08419185054665e-06, -7.11796192234568e-07, -0.0086373739125061, 4.02380207418332e-09, 1.5033377678091e-05, 4.02380207418671e-09, -1.15095083500551e-08, -1.5033377678091e-05, 3.07266946408936e-09, 8.43397335045536e-10, -9.36861663331603e-05, 
527, 0, 2.5769052282713e-06, -0.0494766838126853, 2.57690522826871e-06, -1.28560547491215e-07, 0.0494766838126853, 4.12016075785623e-06, -4.97199145365762e-07, -0.00873100327946926, 2.57228196085651e-06, -0.0494917177523044, 2.57228196085433e-06, -1.17273481792858e-07, 0.0494917177523044, 4.11713991531924e-06, -4.98200126596245e-07, -0.00863731978889961, 4.62326740599458e-09, 1.503393961911e-05, 4.62326740599797e-09, -1.12870656714432e-08, -1.503393961911e-05, 3.02084260326057e-09, 1.0009812225539e-09, -9.3683490569641e-05, 
527, 10, 2.51643437223487e-06, -0.0494295345163117, 2.5164343722329e-06, -1.69399659446327e-07, 0.0494295345163117, 4.22683885987203e-06, -4.15817020208481e-07, -0.00871837237927822, 2.51176623117965e-06, -0.0494445763088663, 2.51176623117662e-06, -1.58137751552786e-07, 0.0494445763088663, 4.22380301305114e-06, -4.16771796662983e-07, -0.00862468476974788, 4.66814106662161e-09, 1.50417925545608e-05, 4.66814106662182e-09, -1.1261907922749e-08, -1.50417925545608e-05, 3.03584677168414e-09, 9.54776398024494e-10, -9.36876095303581e-05, 
527, 19, 2.58280445931533e-06, -0.0494553532882707, 2.5828044593125e-06, -1.21463474508848e-07, 0.0494553532882707, 4.16943844021598e-06, -5.06479599623176e-07, -0.00872928870198742, 2.57811936166716e-06, -0.0494703898311907, 2.57811936166412e-06, -1.10147496446528e-07, 0.0494703898311907, 4.16640730104759e-06, -5.07476769746205e-07, -0.00863561680071561, 4.68509768035184e-09, 1.50365429203094e-05, 4.68509768035184e-09, -1.13159780428308e-08, -1.50365429203094e-05, 3.03113915254575e-09, 9.97170162673717e-10, -9.36719012718052e-05, 
528, 0, 2.58462505397081e-06, -0.0494549722202308, 2.5846250539682e-06, 1.40103362702179e-08, 0.0494549722202308, 4.19104566110808e-06, -2.88222783902081e-07, -0.008729281741101, 2.57935527060754e-06, -0.0494700091837674, 2.57935527060535e-06, 2.50707538676812e-08, 0.0494700091837674, 4.1880712709751e-06, -2.89376217477374e-07, -0.00863561167451114, 5.26978334601517e-09, 1.50369635363944e-05, 5.26978334601517e-09, -1.10604176041697e-08, -1.50369635363944e-05, 2.97439007498934e-09, 1.15343352715924e-09, -9.36700665898579e-05, 
528, 10, 2.52443160104905e-06, -0.0494214161601423, 2.524431601046e-06, -4.43416322469953e-08, 0.0494214161601423, 4.29589275651808e-06, -2.28860961028338e-07, -0.00871791066812022, 2.51911537533928e-06, -0.0494364595416588, 2.51911537533579e-06, -3.33183654001729e-08, 0.0494364595416588, 4.29290363078429e-06, -2.29962982253866e-07, -0.00862423210841576, 5.31622571827768e-09, 1.50433815164077e-05, 5.31622571827408e-09, -1.10232668180619e-08, -1.50433815164077e-05, 2.98912572728812e-09, 1.1020213789895e-09, -9.36785597044477e-05, 
528, 19, 2.59254491948871e-06, -0.0494465631456067, 2.59254491948609e-06, 1.6687711809281e-08, 0.0494465631456067, 4.2421686815707e-06, -3.16555324234819e-07, -0.00872878099167482, 2.5872261128931e-06, -0.0494615990675132, 2.58722611289047e-06, 2.77803590190586e-08, 0.0494615990675132, 4.23918029347742e-06, -3.17696795871353e-07, -0.00863511121125382, 5.31880660092344e-09, 1.50359219064902e-05, 5.31880660092683e-09, -1.10926472237077e-08, -1.50359219064902e-05, 2.98838811368698e-09, 1.14147157490134e-09, -9.36697804210264e-05, 
529, 0, 2.58742325738711e-06, -0.0494465244443722, 2.58742325738363e-06, 1.52221836639921e-07, 0.0494465244443722, 4.25398673991093e-06, -9.53045141070137e-08, -0.00872881414889595, 2.58153278273133e-06, -0.0494615607691884, 2.58153278272827e-06, 1.63026768526588e-07, 0.0494615607691884, 4.25106253957765e-06, -9.65993354484734e-08, -0.00863514567148495, 5.89047465978404e-09, 1.50363248163678e-05, 5.89047465978087e-09, -1.08049318986814e-08, -1.50363248163678e-05, 2.92420044671414e-09, 1.29482135151201e-09, -9.36684774109811e-05, 
529, 10, 2.53144499697587e-06, -0.0494243975949334, 2.53144499697326e-06, 8.14492530233045e-08, 0.0494243975949334, 4.35131315365725e-06, -6.37379771457098e-08, -0.00871853738141569, 2.52551675320251e-06, -0.0494394396484324, 2.52551675319988e-06, 9.22020668139853e-08, 0.0494394396484323, 4.34837415025578e-06, -6.49775428746194e-08, -0.00862485538242747, 5.92824375786885e-09, 1.50420534989665e-05, 5.92824375787245e-09, -1.07528138232777e-08, -1.50420534989665e-05, 2.93900342714256e-09, 1.23956568385951e-09, -9.36819989882317e-05, 
529, 19, 2.59927135611093e-06, -0.0494488393496815, 2.59927135610788e-06, 1.53145321786187e-07, 0.0494488393496815, 4.30338790870537e-06, -1.46119734459083e-07, -0.00872931194565333, 2.59333400056092e-06, -0.0494638727161552, 2.59333400055829e-06, 1.63971524368902e-07, 0.0494638727161552, 4.3004521159385e-06, -1.47389699793509e-07, -0.0086356318578238, 5.93735556683476e-09, 1.50333664735606e-05, 5.93735556683836e-09, -1.08262026120688e-08, -1.50333664735606e-05, 2.93579269340941e-09, 1.26996538104115e-09, -9.36800878295514e-05, 
530, 0, 2.58733706436679e-06, -0.0494491082144268, 2.58733706436418e-06, 2.88681266708361e-07, 0.0494491082144268, 4.30628246972752e-06, 7.73436087688759e-08, -0.00872937703836482, 2.58084309124265e-06, -0.0494641419834609, 2.58084309124046e-06, 2.99188566313412e-07, 0.0494641419834609, 4.30341738571652e-06, 7.59238020357199e-08, -0.00863569775032169, 6.49397311780479e-09, 1.50337690338917e-05, 6.49397311781157e-09, -1.05072996374568e-08, -1.50337690338917e-05, 2.86508402675607e-09, 1.41980684350716e-09, -9.36792880431033e-05, 
530, 10, 2.53166175627091e-06, -0.0494338336369339, 2.53166175626785e-06, 2.04927557204513e-07, 0.0494338336369339, 4.39274061241409e-06, 8.52635656801317e-08, -0.00872052836335562, 2.52513635405635e-06, -0.0494488735892173, 2.5251363540542e-06, 2.15396624554772e-07, 0.0494488735892173, 4.38985752881964e-06, 8.39024941208981e-08, -0.00862682925652607, 6.52540219511547e-09, 1.5039952283289e-05, 6.52540219511526e-09, -1.04690673123031e-08, -1.5039952283289e-05, 2.88308360557229e-09, 1.36107164408297e-09, -9.36991068295635e-05, 
530, 19, 2.59701999763522e-06, -0.0494574803360412, 2.59701999763304e-06, 2.81727737953714e-07, 0.0494574803360412, 4.34966925238912e-06, 2.96088940121512e-09, -0.0087311202181767, 2.59048682996258e-06, -0.0494725123658271, 2.59048682996041e-06, 2.92257575398713e-07, 0.0494725123658271, 4.34679458322807e-06, 1.57883027231181e-09, -0.00863741638315814, 6.53316766180529e-09, 1.50320297860255e-05, 6.53316766180529e-09, -1.05298374475238e-08, -1.50320297860255e-05, 2.87466921009347e-09, 1.38205921883449e-09, -9.37038350185652e-05, 
531, 0, 2.57849619350248e-06, -0.0494579344406253, 2.57849619349988e-06, 4.1666541348586e-07, 0.0494579344406253, 4.34468090220811e-06, 2.28102629385279e-07, -0.00873122558841491, 2.57142326480427e-06, -0.0494729669393551, 2.57142326480207e-06, 4.26845240322093e-07, 0.0494729669393551, 4.34188273992093e-06, 2.26574658237985e-07, -0.00863752208749693, 7.0729287004942e-09, 1.50324987294986e-05, 7.0729287004978e-09, -1.01798267825547e-08, -1.50324987294986e-05, 2.79816231950843e-09, 1.52797099859778e-09, -9.37035009179766e-05, 
531, 10, 2.52665567008932e-06, -0.0494464585045316, 2.52665567008671e-06, 3.30625519799509e-07, 0.0494464585045315, 4.41880450958085e-06, 2.21651060147279e-07, -0.00872338607951722, 2.51957269917615e-06, -0.0494614982777774, 2.51957269917353e-06, 3.40806774515332e-07, 0.0494614982777774, 4.41597621930976e-06, 2.20176170676884e-07, -0.0086296561194288, 7.08297091327767e-09, 1.50397732457436e-05, 7.08297091327788e-09, -1.01812547109891e-08, -1.50397732457436e-05, 2.82829028542092e-09, 1.47488964109418e-09, -9.37299600884214e-05, 
531, 19, 2.58852335066805e-06, -0.0494693359680525, 2.58852335066588e-06, 4.07912517145298e-07, 0.0494693359680525, 4.3819337247138e-06, 1.3762323375434e-07, -0.00873369650424605, 2.58141899301756e-06, -0.0494843697836663, 2.58141899301537e-06, 4.18114863532243e-07, 0.0494843697836663, 4.37912646404322e-06, 1.36139977595289e-07, -0.00863995628953335, 7.10435765921131e-09, 1.50338156138983e-05, 7.10435765920814e-09, -1.02023464346381e-08, -1.50338156138983e-05, 2.80726070696415e-09, 1.48325608930225e-09, -9.37402147126613e-05, 
532, 0, 2.56372375061818e-06, -0.0494699182184424, 2.56372375061601e-06, 5.42363286762416e-07, 0.0494699182184424, 4.36989078439228e-06, 3.64064563926262e-07, -0.00873382271001816, 2.55609717253171e-06, -0.049484952606739, 2.55609717252864e-06, 5.52185246396087e-07, 0.049484952606739, 4.36716527165969e-06, 3.62439437970525e-07, -0.00864008244998255, 7.62657809353848e-09, 1.50343882964531e-05, 7.62657809353848e-09, -9.82195962537091e-09, -1.50343882964531e-05, 2.72551273808442e-09, 1.62512596401131e-09, -9.37402600355862e-05, 
532, 10, 2.52111932335447e-06, -0.0494594218311845, 2.52111932335185e-06, 4.72357386586987e-07, 0.0494594218311845, 4.43835952567501e-06, 3.73686988282028e-07, -0.00872668609965059, 2.51347863040438e-06, -0.0494744651295749, 2.51347863040133e-06, 4.821232034734e-07, 0.0494744651295749, 4.43561251357984e-06, 3.72126963137451e-07, -0.00863291327614667, 7.6406929394628e-09, 1.50432983904077e-05, 7.6406929394664e-09, -9.76581691655622e-09, -1.50432983904077e-05, 2.74701208911335e-09, 1.56002522027408e-09, -9.37728235038973e-05, 
532, 19, 2.57810434438276e-06, -0.04948179018439, 2.57810434437972e-06, 5.422595674559e-07, 0.04948179018439, 4.40387983343323e-06, 2.71356197075797e-07, -0.00873664943403157, 2.57044640752907e-06, -0.0494968301118456, 2.57044640752646e-06, 5.520978923251e-07, 0.0494968301118456, 4.40114548940538e-06, 2.69777689516809e-07, -0.00864286234479622, 7.65793683072146e-09, 1.50399274554283e-05, 7.65793683072844e-09, -9.8383248580918e-09, -1.50399274554283e-05, 2.73434403996454e-09, 1.57850755069903e-09, -9.378708923532e-05, 
533, 0, 2.54667599220253e-06, -0.0494824369712503, 2.54667599219948e-06, 6.76400534270299e-07, 0.0494824369712503, 4.38493138693856e-06, 4.99168648973368e-07, -0.00873678628145008, 2.53851432097942e-06, -0.0494974776052524, 2.53851432097681e-06, 6.85825769152305e-07, 0.0494974776052524, 4.38228402072803e-06, 4.97452633710092e-07, -0.00864299886604716, 8.16167122753491e-09, 1.50406340019851e-05, 8.16167122753512e-09, -9.42523487625035e-09, -1.50406340019851e-05, 2.64736614450539e-09, 1.71601524339124e-09, -9.37874154029704e-05, 
533, 10, 2.50739265648906e-06, -0.0494716978039427, 2.50739265648643e-06, 6.15092475259119e-07, 0.0494716978039427, 4.44640757596324e-06, 5.41381266098073e-07, -0.00873040176677678, 2.49919420447105e-06, -0.0494867496066783, 2.49919420446843e-06, 6.24383693611965e-07, 0.0494867496066783, 4.44374397717319e-06, 5.39729671415498e-07, -0.00863657600869529, 8.19845201622573e-09, 1.50518027355004e-05, 8.19845201622933e-09, -9.29121832201011e-09, -1.50518027355004e-05, 2.66359884084041e-09, 1.65159473656344e-09, -9.38257580814808e-05, 
533, 19, 2.56047553516744e-06, -0.0494939918402305, 2.56047553516482e-06, 6.75438521952224e-07, 0.0494939918402305, 4.41510157630328e-06, 4.11532982983272e-07, -0.00874004791750118, 2.55228025188902e-06, -0.0495090432596756, 2.55228025188596e-06, 6.84855281551781e-07, 0.0495090432596756, 4.41244877985622e-06, 4.09864626604203e-07, -0.00864620515015262, 8.19528329930818e-09, 1.50514194452856e-05, 8.19528329930796e-09, -9.41675964006842e-09, -1.50514194452856e-05, 2.65279640486857e-09, 1.66835651486058e-09, -9.38427673485731e-05, 
534, 0, 2.52232232921475e-06, -0.0494946945184715, 2.52232232921173e-06, 8.0839940468322e-07, 0.0494946945184715, 4.38878398179513e-06, 6.39832768920283e-07, -0.00874019746807364, 2.51364627161417e-06, -0.0495097468003256, 2.51364627161201e-06, 8.17373967164403e-07, 0.0495097468003256, 4.38622281401705e-06, 6.38031298788272e-07, -0.00864635416748182, 8.67605759822045e-09, 1.50522818539316e-05, 8.67605759822405e-09, -8.97456248060404e-09, -1.50522818539316e-05, 2.56116770046349e-09, 1.80147015104389e-09, -9.38433005918342e-05, 
534, 10, 2.48239263578677e-06, -0.0494803317505687, 2.48239263578415e-06, 7.4077938199324e-07, 0.0494803317505687, 4.43183924421505e-06, 6.9681512884404e-07, -0.00873391468127115, 2.47363993985505e-06, -0.0494953983241386, 2.47363993985155e-06, 7.49508255738818e-07, 0.0494953983241386, 4.42927719504041e-06, 6.95089214661725e-07, -0.00864002715951005, 8.75269593406079e-09, 1.50665735700262e-05, 8.75269593406079e-09, -8.72887377215093e-09, -1.50665735700262e-05, 2.56204918966293e-09, 1.72591406252866e-09, -9.38875217610772e-05, 
534, 19, 2.53430544149157e-06, -0.0495031681792742, 2.53430544148853e-06, 8.04753740103945e-07, 0.0495031681792741, 4.40971517513761e-06, 5.58165607169086e-07, -0.00874354468726082, 2.52559342319634e-06, -0.0495182372420495, 2.52559342319329e-06, 8.13675039391549e-07, 0.0495182372420495, 4.40715894135265e-06, 5.56411945778041e-07, -0.00864963880458422, 8.71201831554067e-09, 1.50690627754416e-05, 8.7120183155339e-09, -8.92129923200366e-09, -1.50690627754416e-05, 2.55623379028076e-09, 1.75366153084006e-09, -9.39058826766187e-05, 
535, 0, 2.4896581060102e-06, -0.049503838354086, 2.48965810600759e-06, 9.36248698378701e-07, 0.049503838354086, 4.37559581697664e-06, 7.85862857297326e-07, -0.0087436965762005, 2.48049331705409e-06, -0.0495189084230153, 2.48049331705146e-06, 9.44707296685436e-07, 0.0495189084230153, 4.37313468272564e-06, 7.83979925809024e-07, -0.00864979002955886, 9.16478895875658e-09, 1.50700689289913e-05, 9.16478895875362e-09, -8.45859822543756e-09, -1.50700689289913e-05, 2.46113426731652e-09, 1.88293142477285e-09, -9.39065466416323e-05, 
535, 10, 2.44719128167583e-06, -0.0494851918519446, 2.44719128167364e-06, 8.5667301163031e-07, 0.0494851918519446, 4.39502742821023e-06, 8.59328530922526e-07, -0.00873628790763735, 2.43796469724356e-06, -0.0495002789488893, 2.43796469724052e-06, 8.64944611576128e-07, 0.0495002789488893, 4.39255664420578e-06, 8.57504810836883e-07, -0.00864233283382345, 9.22658442673485e-09, 1.50870969444347e-05, 9.22658442674141e-09, -8.27159999431908e-09, -1.50870969444347e-05, 2.47078396955655e-09, 1.82372009091896e-09, -9.39550738138677e-05, 
535, 19, 2.49819430598714e-06, -0.0495090697834255, 2.4981943059841e-06, 9.30817303936475e-07, 0.0495090697834255, 4.38284349365317e-06, 7.18541646104074e-07, -0.00874635989065408, 2.48898723327389e-06, -0.0495241608892519, 2.48898723327126e-06, 9.39163262070685e-07, 0.0495241608892519, 4.38040080381543e-06, 7.16704576232178e-07, -0.00865238687043154, 9.20707270660578e-09, 1.50911058264866e-05, 9.20707270660599e-09, -8.34595811725389e-09, -1.50911058264866e-05, 2.44268979281584e-09, 1.8370698551215e-09, -9.39730202225314e-05, 
536, 0, 2.44711880019786e-06, -0.0495096883775411, 2.44711880019523e-06, 1.06047219651055e-06, 0.0495096883775411, 4.34019592494667e-06, 9.44989270098988e-07, -0.00874649705869375, 2.43749050603483e-06, -0.0495247806038777, 2.43749050603179e-06, 1.06833398715552e-06, 0.0495247806038777, 4.33785198548842e-06, 9.43027999527595e-07, -0.00865252333588462, 9.62829418589846e-09, 1.5092226336561e-05, 9.62829418589528e-09, -7.86179064707087e-09, -1.5092226336561e-05, 2.3439394502222e-09, 1.96127062157827e-09, -9.39737228090971e-05, 
536, 10, 2.4018779172611e-06, -0.0494939807191297, 2.40187791725803e-06, 9.74997136234526e-07, 0.0494939807191297, 4.33821186557708e-06, 1.06036267034647e-06, -0.00873810324006389, 2.39217911185231e-06, -0.0495090903912104, 2.39217911185057e-06, 9.82794676796516e-07, 0.0495090903912104, 4.33584357834876e-06, 1.05842933472003e-06, -0.00864408036485054, 9.69880541698754e-09, 1.51096720808106e-05, 9.69880541699432e-09, -7.79754057062458e-09, -1.51096720808106e-05, 2.3682872073169e-09, 1.93333555624599e-09, -9.40228752133645e-05, 
536, 19, 2.45202998487641e-06, -0.0495186163807636, 2.45202998487422e-06, 1.05617765111829e-06, 0.0495186163807635, 4.33321017096845e-06, 8.97753445482447e-07, -0.00874871037092358, 2.44238099800699e-06, -0.049533729373178, 2.44238099800439e-06, 1.06395373072956e-06, 0.049533729373178, 4.33088720205536e-06, 8.95822371827208e-07, -0.00865467141302367, 9.64898688128438e-09, 1.51129924146538e-05, 9.64898688128777e-09, -7.77607961603556e-09, -1.51129924146538e-05, 2.32296892148941e-09, 1.93107364545239e-09, -9.40389578999236e-05, 
537, 0, 2.3945232251142e-06, -0.0495193727197083, 2.39452322511114e-06, 1.18347698228641e-06, 0.0495193727197083, 4.28110390312445e-06, 1.12174621082916e-06, -0.00874884491279833, 2.38448250612867e-06, -0.0495344868904977, 2.38448250612565e-06, 1.19074315677753e-06, 0.0495344868904977, 4.27888483583057e-06, 1.11969742873544e-06, -0.00865480530172575, 1.00407189661686e-08, 1.51141707893005e-05, 1.00407189661752e-08, -7.26617448599173e-09, -1.51141707893005e-05, 2.21906729493334e-09, 2.04878215293292e-09, -9.40396110725929e-05, 
537, 10, 2.34967104670858e-06, -0.0495165263096047, 2.3496710467055e-06, 1.0975207743026e-06, 0.0495165263096047, 4.26054922579101e-06, 1.26929258038317e-06, -0.00874090868898208, 2.33955454457879e-06, -0.049531655749899, 2.33955454457619e-06, 1.10474340144306e-06, 0.049531655749899, 4.2583038930945e-06, 1.26725867089391e-06, -0.00864682275162384, 1.01165021149651e-08, 1.51294402942854e-05, 1.01165021149651e-08, -7.22262716890436e-09, -1.51294402942854e-05, 2.24533271629617e-09, 2.03390939637956e-09, -9.40859373582616e-05, 
537, 19, 2.39608121242986e-06, -0.0495409635709589, 2.39608121242726e-06, 1.17762544034233e-06, 0.0495409635709589, 4.26164848765608e-06, 1.0865366236065e-06, -0.00875179757921687, 2.38602427887319e-06, -0.0495560932603229, 2.38602427887099e-06, 1.1847697078703e-06, 0.0495560932603229, 4.25946159266361e-06, 1.08451593677376e-06, -0.0086576984682658, 1.00569335451177e-08, 1.51296893639167e-05, 1.00569335451179e-08, -7.14426750299596e-09, -1.51296893639167e-05, 2.18689499670171e-09, 2.02068692120896e-09, -9.40991109510808e-05, 
538, 0, 2.33226534758553e-06, -0.0495420822401797, 2.33226534758379e-06, 1.30201770905489e-06, 0.0495420822401797, 4.19967743164259e-06, 1.30686037956432e-06, -0.00875196280762501, 2.32185000524003e-06, -0.0495572130661427, 2.32185000523698e-06, 1.30863357189002e-06, 0.0495572130661427, 4.19759883479389e-06, 1.30472850444137e-06, -0.00865786320681028, 1.04153423610372e-08, 1.51308259631051e-05, 1.04153423610406e-08, -6.61586285121841e-09, -1.51308259631051e-05, 2.07859687052021e-09, 2.13187514391973e-09, -9.40996008147678e-05, 
538, 10, 2.29088844532755e-06, -0.0495570055764124, 2.29088844532406e-06, 1.21000370852143e-06, 0.0495570055764124, 4.16448937319085e-06, 1.4585052760885e-06, -0.00874521181786624, 2.28041021667039e-06, -0.0495721481463537, 2.28041021666819e-06, 1.21659743120737e-06, 0.0495721481463537, 4.16238566010389e-06, 1.45637261867278e-06, -0.00865107075466383, 1.04782286545863e-08, 1.51425699413065e-05, 1.04782286545861e-08, -6.59372262765872e-09, -1.51425699413065e-05, 2.10371315341495e-09, 2.13265743551838e-09, -9.41410632023756e-05, 
538, 19, 2.33173930227296e-06, -0.0495805996593716, 2.33173930227033e-06, 1.29255181787399e-06, 0.0495805996593716, 4.17163647391939e-06, 1.27850050273547e-06, -0.00875615970120869, 2.32131668214998e-06, -0.0495957373756649, 2.3213166821469e-06, 1.29906584707991e-06, 0.0495957373756649, 4.16959248799853e-06, 1.27638687720782e-06, -0.00866200960733355, 1.04226201196829e-08, 1.51377162932283e-05, 1.04226201196863e-08, -6.51402922106092e-09, -1.51377162932283e-05, 2.04398587492697e-09, 2.11362559570702e-09, -9.41500938751454e-05, 
539, 0, 2.26189191924388e-06, -0.049582143725589, 2.26189191924082e-06, 1.41361245531649e-06, 0.049582143725589, 4.09974612950692e-06, 1.49424891655113e-06, -0.00875636029276762, 2.25114399804441e-06, -0.0495972824580835, 2.25114399804225e-06, 1.41957954940374e-06, 0.0495972824580835, 4.09781523036275e-06, 1.49203164660475e-06, -0.0086622099487536, 1.07479211972648e-08, 1.51387324946906e-05, 1.0747921197258e-08, -5.96709408735897e-09, -1.51387324946906e-05, 1.93089917135818e-09, 2.21726995660907e-09, -9.41503440140194e-05, 
539, 10, 2.22631620455151e-06, -0.0496158591433007, 2.22631620454845e-06, 1.32242993048243e-06, 0.0496158591433007, 4.05293423339815e-06, 1.64942922287305e-06, -0.00874947065277464, 2.21553324476818e-06, -0.0496310045943861, 2.21553324476515e-06, 1.32839664867464e-06, 0.0496310045943861, 4.05097878466077e-06, 1.64720717772269e-06, -0.00865528582414687, 1.07829597990292e-08, 1.51454510853747e-05, 1.0782959799029e-08, -5.96671812747871e-09, -1.51454510853747e-05, 1.95544872652068e-09, 2.2220451646932e-09, -9.41848286277577e-05, 
539, 19, 2.26042059206641e-06, -0.0496387098696479, 2.26042059206378e-06, 1.40614007272995e-06, 0.0496387098696479, 4.06379883252893e-06, 1.47562261641517e-06, -0.00876045242303594, 2.24966614773406e-06, -0.0496538428114807, 2.24966614773145e-06, 1.41201631241747e-06, 0.0496538428114807, 4.06190901786564e-06, 1.47341982987832e-06, -0.00866626432691527, 1.07544443301634e-08, 1.51329418329469e-05, 1.075444433016e-08, -5.87623966362776e-09, -1.51329418329469e-05, 1.88981461079765e-09, 2.2027865721068e-09, -9.41880961206772e-05, 
540, 0, 2.18449336254892e-06, -0.049640681627793, 2.18449336254589e-06, 1.5236923950717e-06, 0.049640681627793, 3.98161114377203e-06, 1.68584065123566e-06, -0.00876063771122242, 2.17344643530713e-06, -0.0496558153727959, 2.17344643530453e-06, 1.52900603612037e-06, 0.0496558153727959, 3.97983894693571e-06, 1.68354216674523e-06, -0.00866644969431804, 1.10469272255318e-08, 1.51337450027919e-05, 1.10469272255354e-08, -5.31364104626296e-09, -1.51337450027919e-05, 1.77219685557314e-09, 2.29848443804957e-09, -9.41880169043681e-05, 
540, 10, 2.15625341017845e-06, -0.0496867652947384, 2.15625341017628e-06, 1.43724682370668e-06, 0.0496867652947384, 3.92461049788911e-06, 1.84195199547453e-06, -0.00875520152337871, 2.14519590008861e-06, -0.0497019026965614, 2.14519590008601e-06, 1.44258896834913e-06, 0.0497019026965614, 3.92281277035225e-06, 1.83963896336104e-06, -0.00866098490747756, 1.1057510094311e-08, 1.51374018231553e-05, 1.1057510094311e-08, -5.34214462619751e-09, -1.51374018231553e-05, 1.79772753228894e-09, 2.31303224061533e-09, -9.42166159011345e-05, 
540, 19, 2.181583925457e-06, -0.0497093128345819, 2.18158392545482e-06, 1.51810398424229e-06, 0.0497093128345819, 3.93666290188347e-06, 1.67827063639155e-06, -0.00876626228520907, 2.17053389990404e-06, -0.049724433084491, 2.17053389990099e-06, 1.52336041777794e-06, 0.049724433084491, 3.9349332053925e-06, 1.67597803004932e-06, -0.00867204671536161, 1.1050025534295e-08, 1.51202499092681e-05, 1.1050025534295e-08, -5.25643357308022e-09, -1.51202499092681e-05, 1.72969643862807e-09, 2.29260642146634e-09, -9.42155698474682e-05, 
541, 0, 2.09961942416059e-06, -0.0497115128920219, 2.099619424158e-06, 1.63129605018668e-06, 0.0497115128920219, 3.84376040216021e-06, 1.88178137557215e-06, -0.00876649306255577, 2.08830851440982e-06, -0.0497266338382412, 2.08830851440761e-06, 1.63597467032878e-06, 0.0497266338382412, 3.84215277252885e-06, 1.87940177406625e-06, -0.00867227783636558, 1.13109097587216e-08, 1.51209462192594e-05, 1.13109097587147e-08, -4.67862009953928e-09, -1.51209462192594e-05, 1.60762964150414e-09, 2.37960144998072e-09, -9.42152261901866e-05, 
541, 10, 2.08041453429869e-06, -0.0497630530912821, 2.08041453429478e-06, 1.54532568425015e-06, 0.0497630530912821, 3.78185517656421e-06, 2.01478886763219e-06, -0.00876192320987491, 2.06912133254638e-06, -0.0497781764139256, 2.06912133254377e-06, 1.5500213455561e-06, 0.0497781764139256, 3.78022010542123e-06, 2.01240915898747e-06, -0.00866768444981423, 1.12932017386676e-08, 1.51233226436173e-05, 1.12932017386745e-08, -4.69566129836767e-09, -1.51233226436173e-05, 1.63507117905321e-09, 2.37970872331375e-09, -9.42387600606845e-05, 
541, 19, 2.09654502249293e-06, -0.0497858957769194, 2.09654502249076e-06, 1.62663812636747e-06, 0.0497858957769194, 3.79442975306721e-06, 1.8671521201707e-06, -0.00877317663870299, 2.08523651102547e-06, -0.0498010013761602, 2.08523651102284e-06, 1.63129572329604e-06, 0.0498010013761602, 3.79285967297363e-06, 1.86478166105915e-06, -0.00867894182060823, 1.13085114631281e-08, 1.5105599240945e-05, 1.13085114631314e-08, -4.65759694666309e-09, -1.5105599240945e-05, 1.5700800789261e-09, 2.37045917513992e-09, -9.42348180947764e-05, 
542, 0, 2.00873874416642e-06, -0.0497881737901112, 2.00873874416425e-06, 1.73501700205976e-06, 0.0497881737901112, 3.69171871381899e-06, 2.06225610000129e-06, -0.0087734190033891, 1.99720091188141e-06, -0.0498032800727822, 1.99720091187882e-06, 1.73908223605435e-06, 0.0498032800727822, 3.69027460305349e-06, 2.05980740772762e-06, -0.00867918473793144, 1.15378322952858e-08, 1.51062826709657e-05, 1.1537832295286e-08, -4.06523395666869e-09, -1.51062826709657e-05, 1.44411078710782e-09, 2.44869234206121e-09, -9.42342654576768e-05, 
542, 10, 1.99932354398031e-06, -0.0498240986348175, 1.99932354397769e-06, 1.63482279544636e-06, 0.0498240986348175, 3.63087687172655e-06, 2.17801796073817e-06, -0.00876597263031316, 1.98780658377374e-06, -0.0498392064384936, 1.98780658377112e-06, 1.63877802016609e-06, 0.0498392064384936, 3.6294082357668e-06, 2.17560807218897e-06, -0.00867172345106647, 1.15169602252184e-08, 1.51078036761563e-05, 1.15169602252152e-08, -3.95522471177633e-09, -1.51078036761563e-05, 1.46863594543207e-09, 2.40988855220245e-09, -9.42491792467052e-05, 
542, 19, 2.00694558680074e-06, -0.049847199975403, 2.00694558679857e-06, 1.72100065192946e-06, 0.049847199975403, 3.64655378154876e-06, 2.03974719818479e-06, -0.0087774764991373, 1.9954194239788e-06, -0.049862289378899, 1.99541942397531e-06, 1.72509181733857e-06, 0.049862289378899, 3.64513955354055e-06, 2.03730723657538e-06, -0.00868323758014151, 1.15261628203346e-08, 1.50894034960301e-05, 1.15261628203348e-08, -4.09116543969667e-09, -1.50894034960301e-05, 1.41422800522984e-09, 2.43996160050094e-09, -9.42389189958236e-05, 
543, 0, 1.9140155351878e-06, -0.0498487774062653, 1.9140155351852e-06, 1.82395494149539e-06, 0.0498487774062653, 3.53485087031255e-06, 2.22693070797007e-06, -0.00877762905812998, 1.90229047193817e-06, -0.0498638674615735, 1.90229047193514e-06, 1.82744186819786e-06, 0.0498638674615735, 3.53356599210464e-06, 2.22442097870675e-06, -0.00868339115715139, 1.1725063254226e-08, 1.509005530788e-05, 1.17250632542293e-08, -3.4869267384972e-09, -1.509005530788e-05, 1.28487817873228e-09, 2.50972936288629e-09, -9.42379009785881e-05, 
543, 10, 1.91521071394019e-06, -0.0498821871017169, 1.91521071393756e-06, 1.70977547865113e-06, 0.0498821871017169, 3.48065277048359e-06, 2.33141932135826e-06, -0.00876704644243141, 1.90350753178014e-06, -0.0498972738098742, 1.9035075317771e-06, 1.71313263525447e-06, 0.0498972738098742, 3.47933638353895e-06, 2.32894730157439e-06, -0.00867280429896995, 1.17031821802171e-08, 1.50867081575482e-05, 1.17031821802137e-08, -3.3571566056716e-09, -1.50867081575482e-05, 1.31638699014218e-09, 2.47201975316792e-09, -9.42421434614392e-05, 
543, 19, 1.910901276894e-06, -0.0499050015492323, 1.91090127689181e-06, 1.81436250634851e-06, 0.0499050015492323, 3.49428823959443e-06, 2.22231170939823e-06, -0.00877850070580374, 1.89920360850163e-06, -0.0499200651558919, 1.89920360849904e-06, 1.81790353334902e-06, 0.0499200651558919, 3.4930217539033e-06, 2.21980647752923e-06, -0.00868427774506966, 1.16976684046288e-08, 1.50636066595994e-05, 1.1697668404639e-08, -3.54102698317108e-09, -1.50636066595994e-05, 1.2664857054836e-09, 2.50523185347962e-09, -9.42229607340732e-05, 
544, 0, 1.8128049078519e-06, -0.0499065320628642, 1.81280490784972e-06, 1.91201814004667e-06, 0.0499065320628642, 3.37291200367412e-06, 2.4020869853968e-06, -0.00877856654571553, 1.80093845072531e-06, -0.0499215961059171, 1.80093845072226e-06, 1.91494586838313e-06, 0.0499215961059171, 3.37177782589513e-06, 2.39952044578209e-06, -0.00868434526713519, 1.18664571168918e-08, 1.50640430529427e-05, 1.18664571168918e-08, -2.92772832855886e-09, -1.50640430529427e-05, 1.13417779287007e-09, 2.5665395671812e-09, -9.42212785802939e-05, 
544, 10, 1.82415494180661e-06, -0.0499402948672436, 1.82415494180398e-06, 1.80331572036358e-06, 0.0499402948672436, 3.33449112475778e-06, 2.48158302687554e-06, -0.00876895966345098, 1.81228087081334e-06, -0.0499553521773609, 1.81228087081071e-06, 1.80622624425993e-06, 0.0499553521773609, 3.33331268135718e-06, 2.47903360164522e-06, -0.00867474100758692, 1.18740710127575e-08, 1.50573101170534e-05, 1.18740710127541e-08, -2.91052392958518e-09, -1.50573101170534e-05, 1.1784433718538e-09, 2.54942511170807e-09, -9.42186558640937e-05, 
544, 18, 1.80987713080488e-06, -0.0499623199558603, 1.80987713080273e-06, 1.91118743053911e-06, 0.0499623199558603, 3.34013314215994e-06, 2.4004064942098e-06, -0.00877997221776846, 1.79806406869683e-06, -0.0499773516909396, 1.798064068694e-06, 1.91418649190629e-06, 0.0499773516909396, 3.33900481954774e-06, 2.39783901474476e-06, -0.00868577735073734, 1.18130621382938e-08, 1.50317350794444e-05, 1.18130621382973e-08, -2.99906137352365e-09, -1.50317350794444e-05, 1.12832263640376e-09, 2.56747943968185e-09, -9.41948670311246e-05, 
545, 0, 1.70761463301867e-06, -0.0499639578707898, 1.70761463301564e-06, 2.00157018017376e-06, 0.0499639578707898, 3.21114655517984e-06, 2.5713587446023e-06, -0.00878005653693513, 1.69565984958654e-06, -0.0499789897526371, 1.69565984958327e-06, 2.00394662262974e-06, 0.0499789897526371, 3.21015443929617e-06, 2.56874040198843e-06, -0.00868586426982344, 1.19547834236816e-08, 1.50318818471916e-05, 1.1954783423678e-08, -2.37644246159102e-09, -1.50318818471916e-05, 9.92115906323791e-10, 2.618342795904e-09, -9.41922671116812e-05, 
545, 10, 1.72411459403422e-06, -0.0499865035489291, 1.72411459403162e-06, 1.90900222937763e-06, 0.0499865035489291, 3.18059415129301e-06, 2.64476783607132e-06, -0.00877080137524688, 1.71218309401956e-06, -0.0500015275850576, 1.71218309401672e-06, 1.91133691192291e-06, 0.0500015275850575, 3.17955272674429e-06, 2.64217252504454e-06, -0.00867661600608158, 1.19315000170589e-08, 1.50240361286831e-05, 1.19315000170656e-08, -2.33468256314314e-09, -1.50240361286831e-05, 1.04142452508415e-09, 2.59531105006367e-09, -9.41853691653008e-05, 
545, 18, 1.70598338889095e-06, -0.0500087038131114, 1.7059833888879e-06, 2.00536018450071e-06, 0.0500087038131114, 3.18794387605918e-06, 2.57155909813228e-06, -0.00878155875864147, 1.69408494842872e-06, -0.0500237029226886, 1.69408494842609e-06, 2.00780734457791e-06, 0.0500237029226886, 3.18694848742545e-06, 2.56893934716341e-06, -0.0086874021260804, 1.18984404765274e-08, 1.49991095770336e-05, 1.18984404765308e-08, -2.44716011802338e-09, -1.49991095770336e-05, 9.95388641525787e-10, 2.61975089815063e-09, -9.41566325610732e-05, 
546, 0, 1.59874762837282e-06, -0.0500099401010045, 1.59874762836956e-06, 2.08989978832718e-06, 0.0500099401010045, 3.05009189421856e-06, 2.73417286638318e-06, -0.00878162175722539, 1.58673656271981e-06, -0.0500249391776171, 1.58673656271719e-06, 2.09172234344337e-06, 0.0500249391776171, 3.04923485403859e-06, 2.73150835271504e-06, -0.00868746829940258, 1.20110656415866e-08, 1.49990766126123e-05, 1.20110656415865e-08, -1.82255508567255e-09, -1.49990766126123e-05, 8.57040062077949e-10, 2.66451364101025e-09, -9.4153457822781e-05, 
546, 10, 1.61247100625838e-06, -0.050009871579926, 1.61247100625576e-06, 2.01764434187298e-06, 0.050009871579926, 3.010014077438e-06, 2.82406194621104e-06, -0.00877115685109938, 1.60048796185975e-06, -0.0500248647739702, 1.60048796185737e-06, 2.01945034505972e-06, 0.0500248647739702, 3.0091023498568e-06, 2.82141222097504e-06, -0.00867701211200815, 1.19830443610617e-08, 1.49931940440624e-05, 1.19830443610618e-08, -1.80600314581591e-09, -1.49931940440624e-05, 9.11727511833636e-10, 2.64972523339753e-09, -9.41447390912167e-05, 
546, 18, 1.59453973572441e-06, -0.0500329754642639, 1.59453973572181e-06, 2.10056694724103e-06, 0.0500329754642639, 3.02585390276101e-06, 2.7469736151568e-06, -0.00878192336147491, 1.58258809101014e-06, -0.050047947744059, 1.58258809100752e-06, 2.10246634211705e-06, 0.050047947744059, 3.02498882050824e-06, 2.74429818077272e-06, -0.00868781088787892, 1.19516447207885e-08, 1.49722797953028e-05, 1.19516447207885e-08, -1.89939493947789e-09, -1.49722797953028e-05, 8.65082199035329e-10, 2.67543448616056e-09, -9.41124735959955e-05, 
547, 0, 1.48223075054912e-06, -0.0500335615724389, 1.48223075054607e-06, 2.17898728447992e-06, 0.0500335615724389, 2.87855487765779e-06, 2.90103335061961e-06, -0.00878192884217312, 1.47019578588273e-06, -0.0500485338120924, 1.47019578587966e-06, 2.18025989048059e-06, 0.0500485338120924, 2.87783062258828e-06, 2.89831927334848e-06, -0.00868782004361416, 1.20349646657585e-08, 1.4972239653548e-05, 1.20349646657655e-08, -1.2726059927539e-09, -1.4972239653548e-05, 7.24255099066674e-10, 2.71407727896232e-09, -9.41087985589746e-05, 
547, 10, 1.49566065244713e-06, -0.0500054972842597, 1.49566065244427e-06, 2.11264245317205e-06, 0.0500054972842597, 2.82436298580478e-06, 2.99864995499295e-06, -0.0087689962009379, 1.48367997261287e-06, -0.0500204666344999, 1.48367997261046e-06, 2.11394254206916e-06, 0.0500204666344999, 2.82358364715617e-06, 2.99593381024005e-06, -0.0086748966879645, 1.19806798248884e-08, 1.49693502402786e-05, 1.19806798248815e-08, -1.30008892788628e-09, -1.49693502402786e-05, 7.79338540790601e-10, 2.71614477516918e-09, -9.40995129733811e-05, 
547, 18, 1.47904817602719e-06, -0.050029712848013, 1.47904817602415e-06, 2.186736326451e-06, 0.050029712848013, 2.85275502382693e-06, 2.91564737660873e-06, -0.00877989609334337, 1.46706307748336e-06, -0.0500446667639448, 1.46706307748031e-06, 2.1880939178739e-06, 0.0500446667639448, 2.85202232408584e-06, 2.91290924132487e-06, -0.00868583174928041, 1.19850985666838e-08, 1.49539159317212e-05, 1.1985098566687e-08, -1.35759141780959e-09, -1.49539159317212e-05, 7.32699831159e-10, 2.73813536472517e-09, -9.40643440629941e-05, 
548, 0, 1.36244971986883e-06, -0.0500295589257309, 1.36244971986576e-06, 2.25844911033607e-06, 0.0500295589257309, 2.69654080596599e-06, 3.06010745753803e-06, -0.0087798214835383, 1.35040971216402e-06, -0.0500445128887444, 1.35040971216097e-06, 2.25917784567399e-06, 0.0500445128887444, 2.69595203427982e-06, 3.05733742261105e-06, -0.00868576126072584, 1.20400076814359e-08, 1.49539630134544e-05, 1.2040007681436e-08, -7.2873531170823e-10, -1.49539630134544e-05, 5.88771742521303e-10, 2.7700349184564e-09, -9.40602228124541e-05, 
548, 10, 1.374443945932e-06, -0.0499736121677978, 1.37444394592896e-06, 2.19459184817691e-06, 0.0499736121677978, 2.62749983525829e-06, 3.15575963924607e-06, -0.00876479408147719, 1.36243992343971e-06, -0.049988566891929, 1.36243992343665e-06, 2.19536852155717e-06, 0.049988566891929, 2.6268544789738e-06, 3.15297550200365e-06, -0.00867074278359265, 1.20040225089153e-08, 1.49547241314335e-05, 1.20040225089153e-08, -7.76673374692903e-10, -1.49547241314335e-05, 6.45356236422669e-10, 2.7841371978039e-09, -9.4051297884542e-05, 
548, 18, 1.35828415307962e-06, -0.0499990185196698, 1.35828415307703e-06, 2.26391298055106e-06, 0.0499990185196698, 2.6659235191264e-06, 3.07356249890174e-06, -0.00877586225125896, 1.3462780457891e-06, -0.0500139638868802, 1.34627804578649e-06, 2.26472183175847e-06, 0.0500139638868802, 2.66532767653622e-06, 3.07076223787422e-06, -0.00868184821795277, 1.20061072926779e-08, 1.49453672105267e-05, 1.20061072926744e-08, -8.0885119957846e-10, -1.49453672105267e-05, 5.95842590706985e-10, 2.80026100872596e-09, -9.40140333061762e-05, 
549, 0, 1.23785046883118e-06, -0.0499981786747716, 1.23785046882857e-06, 2.32885548847749e-06, 0.0499981786747716, 2.50130872646734e-06, 3.20778761392866e-06, -0.00877573376687426, 1.22581993563036e-06, -0.0500131242329215, 1.22581993562799e-06, 2.32903316076218e-06, 0.0500131242329215, 2.50085991904966e-06, 3.2049627904129e-06, -0.00868172419093438, 1.20305331994573e-08, 1.49455581497093e-05, 1.20305331994522e-08, -1.77672258989481e-10, -1.49455581497093e-05, 4.48807422776914e-10, 2.82482347594165e-09, -9.4009575939911e-05, 
549, 10, 1.25047012099401e-06, -0.0499187130591646, 1.25047012099141e-06, 2.26090484403201e-06, 0.0499187130591646, 2.42212135414449e-06, 3.29167529341054e-06, -0.00875902714209669, 1.23845985602794e-06, -0.049933663149406, 1.23845985602597e-06, 2.26111701940136e-06, 0.049933663149406, 2.42161742044819e-06, 3.28883067286065e-06, -0.00866502559232882, 1.20102649622725e-08, 1.49500902414698e-05, 1.20102649622707e-08, -2.12175397686326e-10, -1.49500902414698e-05, 5.03933661152572e-10, 2.84462063401498e-09, -9.40015497678703e-05, 
549, 18, 1.23362272370832e-06, -0.0499451493980074, 1.2336227237057e-06, 2.32891653651085e-06, 0.0499451493980074, 2.46975735299355e-06, 3.21315957507511e-06, -0.00877023751528324, 1.22161587750065e-06, -0.0499600957761022, 1.22161587749782e-06, 2.32915298970988e-06, 0.0499600957761022, 2.46930241961823e-06, 3.21030352535939e-06, -0.00867627431798594, 1.20068462234582e-08, 1.4946378095001e-05, 1.20068462234601e-08, -2.36453206306043e-10, -1.4946378095001e-05, 4.54933426704253e-10, 2.8560497317612e-09, -9.39631972973021e-05, 
550, 0, 1.11003923544698e-06, -0.0499437693989852, 1.11003923544349e-06, 2.38702198815211e-06, 0.0499437693989852, 2.29797759434965e-06, 3.33662979234373e-06, -0.00877006787830258, 1.09803753112128e-06, -0.0499587161307572, 1.09803753111824e-06, 2.38662784713098e-06, 0.0499587161307572, 2.29767278563902e-06, 3.33375629886944e-06, -0.00867610933706724, 1.20017043196263e-08, 1.49467317719791e-05, 1.20017043196263e-08, 3.94141055189666e-10, -1.49467317719791e-05, 3.0480869958829e-10, 2.87349353142401e-09, -9.39585412353e-05, 
550, 10, 1.12483983448453e-06, -0.049845999300047, 1.12483983448082e-06, 2.31377358608201e-06, 0.049845999300047, 2.20512848442245e-06, 3.41863521172626e-06, -0.00875265373032821, 1.11286104764467e-06, -0.0498609544513698, 1.11286104764117e-06, 2.31342067292968e-06, 0.0498609544513698, 2.20477142496543e-06, 3.41573520231406e-06, -0.00865870169636371, 1.19787868426496e-08, 1.4955151322605e-05, 1.19787868426529e-08, 3.52913125091647e-10, -1.4955151322605e-05, 3.57059472153274e-10, 2.900009368779e-09, -9.39520339644781e-05, 
550, 18, 1.10656438745608e-06, -0.0498732000652122, 1.10656438745281e-06, 2.38198939660245e-06, 0.0498732000652121, 2.26069914183091e-06, 3.34497389941269e-06, -0.00876394719245776, 1.09457309177457e-06, -0.0498881568008459, 1.09457309177174e-06, 2.38163868085827e-06, 0.0498881568008459, 2.26039530257673e-06, 3.34206618900162e-06, -0.00867003319002263, 1.19912956661686e-08, 1.49567356338696e-05, 1.19912956661705e-08, 3.50715769445265e-10, -1.49567356338696e-05, 3.03839187221445e-10, 2.90771029236839e-09, -9.39140024351117e-05, 
551, 0, 9.80526205196562e-07, -0.0498714119185853, 9.80526205192647e-07, 2.43329164235671e-06, 0.0498714119185853, 2.08200104206549e-06, 3.45762064394121e-06, -0.00876376675468178, 9.68569408726956e-07, -0.0498863692075229, 9.6856940872304e-07, 2.43231032467433e-06, 0.0498863692075229, 2.08185035188089e-06, 3.45470287704033e-06, -0.00866985743593641, 1.19567964488102e-08, 1.4957288937804e-05, 1.19567964488135e-08, 9.8131770791457e-10, -1.4957288937804e-05, 1.50690214031748e-10, 2.91776681337705e-09, -9.39093187454092e-05, 
551, 10, 9.89887233772244e-07, -0.0497634894910069, 9.89887233768328e-07, 2.37031841869806e-06, 0.0497634894910069, 1.97848774171846e-06, 3.54197216211593e-06, -0.00874593624427526, 9.77950993579848e-07, -0.049778458219343, 9.77950993577246e-07, 2.36932652391791e-06, 0.049778458219343, 1.97828610370126e-06, 3.53903149347942e-06, -0.00865203220031496, 1.19362402152303e-08, 1.49687283360652e-05, 1.19362402152286e-08, 9.91894814323774e-10, -1.49687283360652e-05, 2.01637957582636e-10, 2.9406685854402e-09, -9.39040439602961e-05, 
551, 18, 9.69782584572413e-07, -0.0497911725612829, 9.6978258456828e-07, 2.43876898929334e-06, 0.0497911725612829, 2.04200248321054e-06, 3.47151216670683e-06, -0.00875726858744367, 9.57835585743461e-07, -0.0498061465524728, 9.57835585740193e-07, 2.4377707359508e-06, 0.0498061465524728, 2.04185228412015e-06, 3.46856806925092e-06, -0.00866340127501351, 1.19469988521707e-08, 1.49739911898802e-05, 1.19469988521691e-08, 9.982533136781e-10, -1.49739911898802e-05, 1.5019916108756e-10, 2.94409745486027e-09, -9.38673124301735e-05, 
552, 0, 8.40901198114421e-07, -0.0497891949856202, 8.40901198111153e-07, 2.48325961491087e-06, 0.0497891949856202, 1.8569195275273e-06, 3.57292169110606e-06, -0.00875708227399474, 8.29023060216976e-07, -0.0498041697040802, 8.29023060213486e-07, 2.48163289050993e-06, 0.0498041697040802, 1.85692424185695e-06, 3.56997557775043e-06, -0.0086632195388142, 1.18781379216611e-08, 1.4974718460073e-05, 1.18781379216594e-08, 1.62672441751413e-09, -1.4974718460073e-05, -4.71438996040708e-12, 2.94611337052779e-09, -9.38627351804971e-05, 
552, 10, 8.59766678813018e-07, -0.0496785712333824, 8.59766678809969e-07, 2.41538106852867e-06, 0.0496785712333824, 1.76995005928028e-06, 3.64220742801488e-06, -0.00873936016334933, 8.47907972423246e-07, -0.0496935593044594, 8.47907972419117e-07, 2.41373949961328e-06, 0.0496935593044594, 1.76990522620319e-06, 3.63923561287265e-06, -0.00864550166268079, 1.18587063615249e-08, 1.49880710768095e-05, 1.18587063615249e-08, 1.64156897118627e-09, -1.49880710768095e-05, 4.48330281107138e-11, 2.97181520904679e-09, -9.38585006685212e-05, 
552, 18, 8.37779854994603e-07, -0.0497064238056795, 8.37779854991337e-07, 2.48341481639669e-06, 0.0497064238056795, 1.84201588372808e-06, 3.57204394851939e-06, -0.00875067420990876, 8.25894458962494e-07, -0.0497214190634909, 8.25894458958352e-07, 2.4817554012382e-06, 0.0497214190634909, 1.84202287580895e-06, 3.56906944965202e-06, -0.00865685017745996, 1.18853960852416e-08, 1.49952578115667e-05, 1.188539608524e-08, 1.65941522683617e-09, -1.49952578115667e-05, -6.99205119490839e-12, 2.97449879001737e-09, -9.38240324487907e-05, 
553, 0, 7.07173340760755e-07, -0.0497044264091678, 7.07173340757047e-07, 2.52099770259367e-06, 0.0497044264091678, 1.65294618340219e-06, 3.66257114754603e-06, -0.00875049688877514, 6.95390080856924e-07, -0.0497194225272966, 6.95390080853436e-07, 2.51871224453711e-06, 0.0497194225272966, 1.65310969351345e-06, 3.65960343621394e-06, -0.00865667719891733, 1.17832599182018e-08, 1.49961181290343e-05, 1.1783259918195e-08, 2.28545807222029e-09, -1.49961181290343e-05, -1.63510108123173e-10, 2.96771152475208e-09, -9.38196898577686e-05, 
553, 10, 7.28095593856734e-07, -0.0495978407084508, 7.28095593853463e-07, 2.45508835143355e-06, 0.0495978407084508, 1.56038457021326e-06, 3.74158205301096e-06, -0.00873344972292244, 7.16306864607698e-07, -0.0496128512523644, 7.16306864604439e-07, 2.45277761923758e-06, 0.0496128512523644, 1.56050715078214e-06, 3.73858147320002e-06, -0.00863963320078383, 1.17887292469562e-08, 1.50105439137218e-05, 1.17887292469565e-08, 2.3107322012065e-09, -1.50105439137218e-05, -1.22580494870163e-10, 3.00057990688447e-09, -9.38165221386264e-05, 
553, 18, 7.04152013713844e-07, -0.049625550662117, 7.04152013710361e-07, 2.52055701139267e-06, 0.049625550662117, 1.63815183942899e-06, 3.67164333803161e-06, -0.00874468470417144, 6.92348613990497e-07, -0.0496405686847449, 6.9234861398679e-07, 2.51821789508472e-06, 0.0496405686847449, 1.63831966410894e-06, 3.66864703817277e-06, -0.00865089950457965, 1.18033997188202e-08, 1.50180226280626e-05, 1.18033997188168e-08, 2.33911630118694e-09, -1.50180226280626e-05, -1.67824647998108e-10, 2.99629991195673e-09, -9.37851995917995e-05, 
554, 0, 5.71844032663425e-07, -0.04962368625172, 5.71844032660593e-07, 2.55141238849713e-06, 0.04962368625172, 1.44398493799959e-06, 3.75213200338315e-06, -0.0087445306081297, 5.60178353676635e-07, -0.049638705223162, 5.60178353672935e-07, 2.54845256314565e-06, 0.049638705223162, 1.44430979785589e-06, 3.74915074583576e-06, -0.00865074939977275, 1.1665678972481e-08, 1.50189714419914e-05, 1.16656789724844e-08, 2.95982535631183e-09, -1.50189714419914e-05, -3.2485986899548e-10, 2.98125754327629e-09, -9.37812083569395e-05, 
554, 10, 5.9113540196544e-07, -0.049526845997683, 5.91135401962398e-07, 2.49318700611603e-06, 0.049526845997683, 1.3462452715333e-06, 3.84306757789373e-06, -0.00872846138234228, 5.79449788680086e-07, -0.049541879528515, 5.7944978867682e-07, 2.4901890093124e-06, 0.049541879528515, 1.34653259582352e-06, 3.84004945422098e-06, -0.00863468224000176, 1.16856132998203e-08, 1.50335308320912e-05, 1.16856132998201e-08, 2.99799681364741e-09, -1.50335308320912e-05, -2.87324296048176e-10, 3.01812365157802e-09, -9.3779142340486e-05, 
554, 18, 5.64920223374685e-07, -0.0495541849693928, 5.64920223371412e-07, 2.55521847128766e-06, 0.0495541849693928, 1.42950345326258e-06, 3.7718385554918e-06, -0.00873957405476862, 5.53241979421985e-07, -0.0495692247865442, 5.53241979419153e-07, 2.55218903866323e-06, 0.0495692247865442, 1.42983345999977e-06, 3.76882664109633e-06, -0.0086458222951527, 1.16782439712904e-08, 1.5039817151522e-05, 1.16782439712904e-08, 3.02943263256351e-09, -1.5039817151522e-05, -3.30006646486871e-10, 3.0119143508116e-09, -9.3751759615896e-05, 
555, 0, 4.30989588203835e-07, -0.0495525838920694, 4.30989588200793e-07, 2.57919816455264e-06, 0.0495525838920694, 1.23052127115052e-06, 3.84188680849534e-06, -0.00873944908060071, 4.19485833782198e-07, -0.0495676246960403, 4.19485833779596e-07, 2.57555629206959e-06, 0.0495676246960403, 1.23100857732062e-06, 3.83889865391828e-06, -0.00864570086623184, 1.15037544114379e-08, 1.50408039707646e-05, 1.15037544114413e-08, 3.64187247607723e-09, -1.50408039707646e-05, -4.87306093726362e-10, 2.98815459009574e-09, -9.37482143688577e-05, 
555, 10, 4.48946048177925e-07, -0.0494691281536501, 4.48946048174016e-07, 2.5298445719328e-06, 0.0494691281536501, 1.13135445564379e-06, 3.94127135995973e-06, -0.00872448482534158, 4.37451249756939e-07, -0.0494841829324029, 4.37451249753463e-07, 2.52615731522161e-06, 0.0494841829324029, 1.13180195747086e-06, 3.93825233794654e-06, -0.0086307371651991, 1.14947983537467e-08, 1.50547787526824e-05, 1.14947983537449e-08, 3.68725671765487e-09, -1.50547787526824e-05, -4.47501804581466e-10, 3.01902211676347e-09, -9.3747660142463e-05, 
555, 18, 4.19323263419324e-07, -0.0494961028880018, 4.19323263416065e-07, 2.58802452617662e-06, 0.0494961028880018, 1.21788547593663e-06, 3.86863105551701e-06, -0.00873555298351543, 4.07834834620539e-07, -0.0495111617581, 4.07834834617273e-07, 2.58430775819571e-06, 0.0495111617581, 1.21837307167886e-06, 3.86561895631091e-06, -0.00864182801319213, 1.1488428734349e-08, 1.50588700982912e-05, 1.14884287343475e-08, 3.71676797647345e-09, -1.50588700982912e-05, -4.87595785809617e-10, 3.01209924656668e-09, -9.37249703233274e-05, 
556, 0, 2.83961204120568e-07, -0.049494849991768, 2.83961204116874e-07, 2.60477711085022e-06, 0.049494849991768, 1.01444669382863e-06, 3.92792829617637e-06, -0.00873546219975802, 2.72682738005374e-07, -0.0495099098483967, 2.7268273800189e-07, 2.60045828320894e-06, 0.0495099098483967, 1.01509126590886e-06, 3.92494832787311e-06, -0.00864174026818296, 1.12784661067001e-08, 1.5059856628658e-05, 1.12784661067001e-08, 4.31882762302339e-09, -1.5059856628658e-05, -6.44572078572103e-10, 2.97996824868727e-09, -9.37219315750829e-05, 
556, 10, 3.10442690894613e-07, -0.0494273672611533, 3.10442690891775e-07, 2.55518377158173e-06, 0.0494273672611533, 9.1983417281212e-07, 4.02440114132349e-06, -0.00872157834445755, 2.99188991842436e-07, -0.0494424398463566, 2.99188991839177e-07, 2.55080334749201e-06, 0.0494424398463566, 9.20437636918158e-07, 4.02139595693616e-06, -0.00862785503097848, 1.12536990588226e-08, 1.5072585203369e-05, 1.12536990588259e-08, 4.38042409059988e-09, -1.5072585203369e-05, -6.03464129882663e-10, 3.00518429667013e-09, -9.37233134791049e-05, 
556, 18, 2.75725483447066e-07, -0.0494539730190967, 2.75725483444675e-07, 2.61058902632375e-06, 0.0494539730190967, 1.00786799796366e-06, 3.95185495686098e-06, -0.00873264673681119, 2.64492610479719e-07, -0.0494690467349847, 2.6449261047646e-07, 2.60619538705347e-06, 0.0494690467349847, 1.00851064547437e-06, 3.94885663692832e-06, -0.00863894097636671, 1.12328729876331e-08, 1.50737158877661e-05, 1.12328729876263e-08, 4.39363926937963e-09, -1.50737158877661e-05, -6.42647421021412e-10, 2.99832000417681e-09, -9.37057604444618e-05, 
557, 0, 1.39681406091009e-07, -0.0494531352296726, 1.39681406087629e-07, 2.62001911710308e-06, 0.0494531352296726, 8.00795240400712e-07, 4.00021583491721e-06, -0.00873259073375048, 1.28694322779178e-07, -0.0494682098884277, 1.28694322775911e-07, 2.61503941297224e-06, 0.0494682098884277, 8.01593413325027e-07, 3.99725781727399e-06, -0.00863888747683315, 1.09870833148834e-08, 1.50746587551387e-05, 1.09870833148868e-08, 4.97970414323723e-09, -1.50746587551387e-05, -7.981729049642e-10, 2.95801757000838e-09, -9.37032569173518e-05, 
557, 10, 1.76324447464726e-07, -0.0494032097969324, 1.76324447459821e-07, 2.56919320073339e-06, 0.0494032097969324, 7.09113537527835e-07, 4.08662914039136e-06, -0.00872000029002015, 1.65384639019458e-07, -0.0494182956144004, 1.65384639016517e-07, 2.56416659747706e-06, 0.0494182956144004, 7.09869703624044e-07, 4.08364853805348e-06, -0.00862629304710201, 1.09398084216491e-08, 1.50858174679673e-05, 1.09398084216491e-08, 5.02660325208655e-09, -1.50858174679673e-05, -7.56166132085813e-10, 2.98060227272398e-09, -9.37072429181006e-05, 
557, 19, 1.37147730959527e-07, -0.0494298484634176, 1.3714773095626e-07, 2.62105310762353e-06, 0.0494298484634176, 7.99179408409274e-07, 4.01752116747554e-06, -0.00873111449674415, 1.26230675094751e-07, -0.0494449332252858, 1.26230675091376e-07, 2.61601186274795e-06, 0.0494449332252858, 7.99972569933403e-07, 4.014552408542e-06, -0.0086374211396347, 1.09170558431852e-08, 1.50847618681152e-05, 1.09170558431836e-08, 5.04124487556091e-09, -1.50847618681152e-05, -7.93161609497118e-10, 2.96875880240153e-09, -9.36933571094554e-05, 
558, 0, 2.36972499972832e-11, -0.0494293874437738, 2.36972469438925e-11, 2.62368656362983e-06, 0.0494293874437738, 5.88235929716807e-07, 4.05400785493909e-06, -0.00873111567300876, -1.06140492982015e-08, -0.0494444729664003, -1.06140493013523e-08, 2.61808066243738e-06, 0.0494444729664003, 5.89182541928131e-07, 4.05108538500871e-06, -0.00863742399572982, 1.06377465454666e-08, 1.50855226262925e-05, 1.0637746545466e-08, 5.60590118359951e-09, -1.50855226262925e-05, -9.46612175358448e-10, 2.92246989718907e-09, -9.36916772789551e-05, 
558, 10, 4.49090475931472e-08, -0.0493945344780032, 4.49090475894475e-08, 2.57426762654806e-06, 0.0493945344780033, 5.03683527435393e-07, 4.12189839312395e-06, -0.00872001999173995, 3.43193087169285e-08, -0.0494096296172567, 3.43193087135482e-08, 2.56861003297508e-06, 0.0494096296172567, 5.04589105562463e-07, 4.11895471376927e-06, -0.00862632033412835, 1.0589738880273e-08, 1.50951392533425e-05, 1.05897388802682e-08, 5.65759356377717e-09, -1.50951392533425e-05, -9.0557815874971e-10, 2.94367928485024e-09, -9.36996576115709e-05, 
558, 19, 6.32155401522846e-10, -0.0494209387041048, 6.32155397934977e-10, 2.62414697238692e-06, 0.0494209387041048, 5.94967595928757e-07, 4.05602635210198e-06, -0.00873115127136464, -9.9193628100104e-09, -0.049436030544396, -9.91936281370754e-09, 2.61850093285588e-06, 0.049436030544396, 5.95904466118413e-07, 4.05310079635846e-06, -0.00863745845633932, 1.0551518249128e-08, 1.50918402914144e-05, 1.0551518249129e-08, 5.64603949606906e-09, -1.50918402914144e-05, -9.36870155158263e-10, 2.92555577535419e-09, -9.36928150253213e-05, 
559, 0, -1.36290187400205e-07, -0.0494208764946286, -1.3629018740369e-07, 2.61987632302134e-06, 0.0494208764946286, 3.82608748033571e-07, 4.08157239955979e-06, -0.00873120051050295, -1.46530543769615e-07, -0.0494359690746833, -1.46530543772671e-07, 2.61368702289177e-06, 0.0494359690746833, 3.83696152389961e-07, 4.07870077909926e-06, -0.00863750884170154, 1.02403563520364e-08, 1.50925800548581e-05, 1.02403563520348e-08, 6.18930015016065e-09, -1.50925800548581e-05, -1.08740440144821e-09, 2.87162050918342e-09, -9.36916688014158e-05, 
559, 10, -8.51094139168062e-08, -0.0493973705107335, -8.5109413919852e-08, 2.57265664564583e-06, 0.0493973705107335, 3.00619255063612e-07, 4.12869675804529e-06, -0.00872075494509511, -9.52899985597933e-08, -0.0494124717328863, -9.52899985630517e-08, 2.56642783697892e-06, 0.0494124717328863, 3.01662461586806e-07, 4.12580887654869e-06, -0.00862705117582871, 1.01805846329613e-08, 1.51012221526881e-05, 1.01805846329612e-08, 6.22880867347564e-09, -1.51012221526881e-05, -1.04320643960548e-09, 2.88788145061445e-09, -9.37037692664075e-05, 
559, 19, -1.33181570618009e-07, -0.0494237164322158, -1.33181570621488e-07, 2.6202535501794e-06, 0.0494237164322158, 3.9403506151431e-07, 4.06639148314445e-06, -0.00873191054325339, -1.43323025627903e-07, -0.049438812722824, -1.43323025631054e-07, 2.61404765681514e-06, 0.049438812722824, 3.95107606828783e-07, 4.0635274401107e-06, -0.00863820674764555, 1.01414549987382e-08, 1.50962906082608e-05, 1.01414549987408e-08, 6.20589334876702e-09, -1.50962906082608e-05, -1.07254537435742e-09, 2.86404302451519e-09, -9.37037956078424e-05, 
560, 0, -2.69691802009495e-07, -0.0494239660731873, -2.69691802012653e-07, 2.60927055924064e-06, 0.0494239660731873, 1.81523940366976e-07, 4.08113956094202e-06, -0.0087319781458815, -2.79493601862641e-07, -0.0494390630782717, -2.79493601866341e-07, 2.60254503107999e-06, 0.0494390630782717, 1.82743325215193e-07, 4.0783364259772e-06, -0.00863827499755009, 9.80179986141706e-09, 1.50970050843566e-05, 9.80179986141275e-09, 6.72552812547321e-09, -1.50970050843566e-05, -1.21938483974717e-09, 2.80313488865846e-09, -9.37031483313969e-05, 
560, 10, -2.1270293363304e-07, -0.0494015458650323, -2.12702933636743e-07, 2.56223234354495e-06, 0.0494015458650323, 9.5528484143943e-08, 4.10589741018737e-06, -0.00872345007331653, -2.22443625421149e-07, -0.0494166535725135, -2.2244362542452e-07, 2.55548882445341e-06, 0.0494166535725135, 9.67046676560884e-08, 4.10307961188385e-06, -0.00862972807637238, 9.74069178486357e-09, 1.51077074812177e-05, 9.74069178486359e-09, 6.74351911729889e-09, -1.51077074812177e-05, -1.17618356689652e-09, 2.81779831958609e-09, -9.37219969441414e-05, 
560, 19, -2.64008727866934e-07, -0.0494279637264218, -2.64008727870197e-07, 2.60752918504948e-06, 0.0494279637264218, 1.91917742922857e-07, 4.04808420321883e-06, -0.00873461056112373, -2.73710186915664e-07, -0.0494430691927404, -2.73710186918605e-07, 2.6008110297296e-06, 0.0494430691927404, 1.93120903822203e-07, 4.04529893976989e-06, -0.00864088071753499, 9.70145903171838e-09, 1.5105466318522e-05, 9.70145903171756e-09, 6.71815534370061e-09, -1.51054663185221e-05, -1.20316088509193e-09, 2.78526349241749e-09, -9.37298435887159e-05, 
561, 0, -3.99622199885275e-07, -0.0494282385899668, -3.99622199889402e-07, 2.58989699749527e-06, 0.0494282385899668, -1.95521876519597e-08, 4.05195141360439e-06, -0.00873473959162329, -4.08958218418665e-07, -0.0494433448939579, -4.08958218422799e-07, 2.58268419753615e-06, 0.0494433448939579, -1.82067602149702e-08, 4.04923380997498e-06, -0.00864100985320645, 9.33601856968945e-09, 1.51063039910639e-05, 9.33601856969445e-09, 7.21279996046925e-09, -1.51063039910639e-05, -1.34542752295593e-09, 2.71760366537892e-09, -9.37297384168175e-05, 
561, 10, -3.4230261651859e-07, -0.0494049727365565, -3.42302616520986e-07, 2.54409305758816e-06, 0.0494049727365565, -1.12672511995423e-07, 4.05146790404397e-06, -0.00872653248173946, -3.51600112839072e-07, -0.0494200923546531, -3.5160011284223e-07, 2.53686085095595e-06, 0.0494200923546531, -1.11367711733525e-07, 4.04873584315148e-06, -0.00863277740197457, 9.29749626323651e-09, 1.51196180966252e-05, 9.29749626323493e-09, 7.23220662836562e-09, -1.51196180966252e-05, -1.30480033026217e-09, 2.73206086856225e-09, -9.37550797648514e-05, 
561, 19, -3.96151759421401e-07, -0.0494316592344414, -3.9615175942412e-07, 2.58784688388502e-06, 0.0494316592344414, -1.19848636823489e-08, 3.99946957954455e-06, -0.00873774019709399, -4.05387309763477e-07, -0.0494467800154952, -4.0538730976674e-07, 2.58065750321561e-06, 0.0494467800154952, -1.0659623816248e-08, 3.99678072477599e-06, -0.00864397042763158, 9.23555038175022e-09, 1.51207810534029e-05, 9.23555038175194e-09, 7.1893806555317e-09, -1.51207810534029e-05, -1.32523985389743e-09, 2.68885482607976e-09, -9.37697694624287e-05, 
562, 0, -5.30821332545448e-07, -0.0494319881871509, -5.30821332549149e-07, 2.56359946369915e-06, 0.0494319881871509, -2.20956617085831e-07, 3.99233801989189e-06, -0.00873787308121357, -5.39667861930786e-07, -0.0494471099498953, -5.39667861934051e-07, 2.55594095581153e-06, 0.0494471099498953, -2.19494513079094e-07, 3.98972310004079e-06, -0.00864410294315609, 8.84652934060581e-09, 1.51217627446064e-05, 8.84652934060383e-09, 7.65850786061882e-09, -1.51217627446064e-05, -1.46210401286028e-09, 2.61491983536635e-09, -9.3770138057472e-05, 
562, 10, -4.70400777994201e-07, -0.0494041908783982, -4.7040077799741e-07, 2.51709447463886e-06, 0.0494041908783982, -3.05213074988725e-07, 3.96172445458128e-06, -0.00872926661209787, -4.79190612626063e-07, -0.0494193283768418, -4.79190612629923e-07, 2.50941216109325e-06, 0.0494193283768418, -3.03799240745686e-07, 3.95910076636445e-06, -0.0086354654471636, 8.78983459766757e-09, 1.51374984434509e-05, 8.78983459766663e-09, 7.6823135432065e-09, -1.51374984434509e-05, -1.41383432618837e-09, 2.62368823615185e-09, -9.38011649342769e-05, 
562, 19, -5.27978293179616e-07, -0.0494311810070376, -5.27978293182444e-07, 2.56024631619385e-06, 0.0494311810070376, -1.99951814806387e-07, 3.91692001900212e-06, -0.00874050111873897, -5.36733763690755e-07, -0.0494463230986139, -5.36733763694236e-07, 2.55262235557624e-06, 0.0494463230986139, -1.98519459424819e-07, 3.91434239220175e-06, -0.00864668017911423, 8.75547049061107e-09, 1.51420915764831e-05, 8.75547049060793e-09, 7.62396060215803e-09, -1.5142091576483e-05, -1.43235523263591e-09, 2.57762675391748e-09, -9.38209396247299e-05, 
563, 0, -6.61237659334498e-07, -0.0494314444206377, -6.61237659338138e-07, 2.52935070172149e-06, 0.0494314444206377, -4.0430416204294e-07, 3.89960203150174e-06, -0.00874062532733389, -6.69582616645225e-07, -0.0494465876248575, -6.69582616648379e-07, 2.52128390956987e-06, 0.0494465876248575, -4.02740986690434e-07, 3.89710361229932e-06, -0.00864680367187667, 8.34495734202315e-09, 1.51432042198068e-05, 8.34495734201952e-09, 8.06679214963465e-09, -1.51432042198068e-05, -1.56317540131905e-09, 2.49841921569944e-09, -9.38216554572181e-05, 
563, 10, -5.91945794807084e-07, -0.0493993585114424, -5.91945794811156e-07, 2.48010312948146e-06, 0.0493993585114424, -4.71254855422965e-07, 3.84363278369263e-06, -0.00873209695895736, -6.0023252867462e-07, -0.0494145198101129, -6.00232528677831e-07, 2.47203101871008e-06, 0.049414519810113, -4.69746114408947e-07, 3.841126563561e-06, -0.00863823928795475, 8.28673385857228e-09, 1.51612986705791e-05, 8.28673385857025e-09, 8.07211080822614e-09, -1.51612986705791e-05, -1.50874107708919e-09, 2.5062200386415e-09, -9.38576710026153e-05, 
563, 19, -6.54094052931685e-07, -0.0494264447072883, -6.54094052934846e-07, 2.5227908841789e-06, 0.0494264447072883, -3.6455254771726e-07, 3.80790718689601e-06, -0.00874327923064126, -6.62366335337545e-07, -0.0494416138027729, -6.62366335340651e-07, 2.51477930423399e-06, 0.0494416138027729, -3.63028714364318e-07, 3.8054485143931e-06, -0.00864939838108908, 8.27228243428798e-09, 1.51690954845989e-05, 8.27228243429145e-09, 8.01157996876734e-09, -1.51690954845989e-05, -1.52383337320738e-09, 2.45867255519963e-09, -9.38808495521992e-05, 
564, 0, -7.85340506945157e-07, -0.0494266553285855, -7.8534050694809e-07, 2.48548982987201e-06, 0.0494266553285855, -5.62907067150728e-07, 3.78185574455269e-06, -0.0087434102392915, -7.93184278262869e-07, -0.0494418256497592, -7.93184278265914e-07, 2.47706235042966e-06, 0.0494418256497592, -5.61258496205292e-07, 3.77948056366143e-06, -0.00864952844624051, 7.84377129580236e-09, 1.51703211738946e-05, 7.84377129580604e-09, 8.42747942888983e-09, -1.51703211738946e-05, -1.64857105249751e-09, 2.3751808841814e-09, -9.38817930510206e-05, 
564, 10, -7.14070271454154e-07, -0.0493936840257433, -7.14070271457584e-07, 2.43564174099835e-06, 0.0493936840257433, -6.23536638731259e-07, 3.7146763587448e-06, -0.00873554155085703, -7.21857667259399e-07, -0.0494088744591037, -7.21857667262148e-07, 2.42720898120142e-06, 0.0494088744591037, -6.21941752373267e-07, 3.7122895731657e-06, -0.00864161978207166, 7.7873957708806e-09, 1.51904333603484e-05, 7.78739577088082e-09, 8.43275979963821e-09, -1.51904333603484e-05, -1.59488646156195e-09, 2.38678556984101e-09, -9.39217687853513e-05, 
564, 19, -7.78199825484253e-07, -0.0494205395106395, -7.7819982548792e-07, 2.47686787543818e-06, 0.0494205395106395, -5.14463674600956e-07, 3.68808907996698e-06, -0.00874660786059353, -7.85995670098439e-07, -0.049435740217662, -7.85995670101401e-07, 2.46851323149841e-06, 0.049435740217662, -5.12856636221224e-07, 3.6857482831885e-06, -0.00865266092108016, 7.79584457196234e-09, 1.52007070223917e-05, 7.79584457196067e-09, 8.3546439081877e-09, -1.52007070223917e-05, -1.60703820362414e-09, 2.34079671644009e-09, -9.39469395133396e-05, 
565, 0, -9.07223378989368e-07, -0.0494207750665383, -9.07223378992806e-07, 2.43328278647134e-06, 0.0494207750665383, -7.06651784804809e-07, 3.65444454896105e-06, -0.00874675600317176, -9.14574553980476e-07, -0.0494359770943878, -9.1457455398478e-07, 2.42453851294794e-06, 0.0494359770943878, -7.04926302430205e-07, 3.65219122504161e-06, -0.00865280797820641, 7.3511749906703e-09, 1.52020278494287e-05, 7.35117499066834e-09, 8.7442735270624e-09, -1.52020278494287e-05, -1.72548239111306e-09, 2.25332388218763e-09, -9.39480249653333e-05, 
565, 10, -8.34886562216764e-07, -0.0493893230057365, -8.34886562219504e-07, 2.38260276089725e-06, 0.0493893230057365, -7.80099497747754e-07, 3.58900004996951e-06, -0.00873954297076534, -8.42202414079905e-07, -0.0494045465439787, -8.42202414082936e-07, 2.37385636214904e-06, 0.0494045465439787, -7.78422750688545e-07, 3.58672683874076e-06, -0.008645552605021, 7.31585185480248e-09, 1.52235382423756e-05, 7.31585185480057e-09, 8.74639872717703e-09, -1.52235382423756e-05, -1.67674700547983e-09, 2.27321128147864e-09, -9.39903657443276e-05, 
565, 19, -9.00585173179982e-07, -0.0494157374211522, -9.00585173182759e-07, 2.42247448308235e-06, 0.0494157374211522, -6.71163671570093e-07, 3.57172734224629e-06, -0.00875049040891041, -9.07922106040678e-07, -0.0494309725222671, -9.07922106043249e-07, 2.4138179800574e-06, 0.0494309725222671, -6.6947058254873e-07, 3.56949872233965e-06, -0.00865647423468766, 7.33693286232888e-09, 1.52351011149349e-05, 7.33693286232872e-09, 8.65650304661727e-09, -1.52351011149349e-05, -1.69308900345407e-09, 2.2286199253928e-09, -9.40161742227336e-05, 
566, 0, -1.02696831096757e-06, -0.0494160150070498, -1.02696831097079e-06, 2.37263445184108e-06, 0.0494160150070498, -8.57840650697506e-07, 3.53043373066247e-06, -0.00875064941425161, -1.03384601917681e-06, -0.0494312515086334, -1.03384601918133e-06, 2.36361228519414e-06, 0.0494312515086334, -8.56034912850259e-07, 3.52829691787507e-06, -0.00865663208025293, 6.87770826473635e-09, 1.52365015834315e-05, 6.87770826473095e-09, 9.02216665609982e-09, -1.52365015834315e-05, -1.80573781266493e-09, 2.13681281272316e-09, -9.40173339986828e-05, 
566, 10, -9.58587021097339e-07, -0.049388975598867, -9.58587021100337e-07, 2.32148573429005e-06, 0.049388975598867, -9.51557292108685e-07, 3.47088136888209e-06, -0.00874347125453429, -9.65427533805835e-07, -0.0494042337148339, -9.65427533809055e-07, 2.31246434119844e-06, 0.0494042337148339, -9.49793346531226e-07, 3.46871878653099e-06, -0.00864941147406154, 6.84051269145598e-09, 1.52581159668777e-05, 6.84051269145577e-09, 9.02139309342622e-09, -1.52581159668777e-05, -1.76394568765557e-09, 2.16258234243394e-09, -9.40597804727534e-05, 
566, 18, -1.02695940318529e-06, -0.049414349846926, -1.02695940318807e-06, 2.36088983662302e-06, 0.049414349846926, -8.41649183062686e-07, 3.46129499480696e-06, -0.00875421520677368, -1.03381073258403e-06, -0.0494296171606678, -1.03381073258725e-06, 2.35194216452583e-06, 0.0494296171606678, -8.39865321283888e-07, 3.45917641745945e-06, -0.00866013181050143, 6.8513294098177e-09, 1.52673137415871e-05, 6.85132940982088e-09, 8.94767208389338e-09, -1.52673137415871e-05, -1.78386176694895e-09, 2.11857733227081e-09, -9.40833962722748e-05, 
567, 0, -1.14958231150212e-06, -0.0494148130269049, -1.14958231150487e-06, 2.30474855611281e-06, 0.0494148130269049, -1.02267870447073e-06, 3.41282910779863e-06, -0.00875435727626772, -1.15595982278428e-06, -0.049430081949542, -1.15595982278748e-06, 2.29545900169363e-06, 0.049430081949542, -1.02078902846335e-06, 3.41080869992672e-06, -0.00866027269252453, 6.37751125909355e-09, 1.52689226370058e-05, 6.37751125909577e-09, 9.28955445363654e-09, -1.52689226370058e-05, -1.88967604473761e-09, 2.02040785302632e-09, -9.40845837431941e-05, 
567, 10, -1.08386103880681e-06, -0.0493979673315452, -1.08386103881024e-06, 2.25360071855433e-06, 0.0493979673315452, -1.12357020585125e-06, 3.35893816898234e-06, -0.00874696107649271, -1.0902229656949e-06, -0.0494132566359477, -1.09022296569792e-06, 2.24430716235657e-06, 0.0494132566359477, -1.12170914730064e-06, 3.35688657589699e-06, -0.00865283617281015, 6.36192683382835e-09, 1.5289304402367e-05, 6.36192683383057e-09, 9.29355622456709e-09, -1.5289304402367e-05, -1.86105855256701e-09, 2.05159311338585e-09, -9.41249036825668e-05, 
567, 18, -1.15492301702493e-06, -0.0494227465130817, -1.15492301702836e-06, 2.29248426113435e-06, 0.0494227465130817, -1.01583543386884e-06, 3.35866877433996e-06, -0.00875762486031378, -1.1612699850763e-06, -0.0494380419568568, -1.16126998507951e-06, 2.28325655041802e-06, 0.0494380419568568, -1.01396265683256e-06, 3.35666435130185e-06, -0.00866347874647677, 6.34696801868276e-09, 1.52954437751392e-05, 6.34696801868122e-09, 9.2277107228695e-09, -1.52954437751392e-05, -1.87277689438713e-09, 2.00442307820551e-09, -9.41461138370091e-05, 
568, 0, -1.27425686463429e-06, -0.0494234351671718, -1.2742568646375e-06, 2.22973726006334e-06, 0.0494234351671718, -1.1917733177981e-06, 3.30170211123662e-06, -0.00875775470866081, -1.28011535631679e-06, -0.0494387321485778, -1.28011535632054e-06, 2.22019289919505e-06, 0.0494387321485778, -1.18980054439038e-06, 3.29980041888988e-06, -0.00866360754022913, 5.85849166671711e-09, 1.52969814059117e-05, 5.85849166672256e-09, 9.54436086368496e-09, -1.52969814059117e-05, -1.97277339333121e-09, 1.9016924178277e-09, -9.41471684317004e-05, 
568, 10, -1.2061269921949e-06, -0.0494220757005814, -1.2061269921983e-06, 2.17940693644173e-06, 0.0494220757005814, -1.29595514348258e-06, 3.25496055293278e-06, -0.0087503750520777, -1.21197277715515e-06, -0.0494373894838875, -1.21197277715879e-06, 2.16986476930336e-06, 0.0494373894838875, -1.29400870008751e-06, 3.25302265848837e-06, -0.00865619197310895, 5.84578498408853e-09, 1.53137833059581e-05, 5.84578498409224e-09, 9.54216714790346e-09, -1.53137833059581e-05, -1.94644323919811e-09, 1.93789442609943e-09, -9.41830789687382e-05, 
568, 18, -1.27954232570446e-06, -0.0494460322137217, -1.27954232570783e-06, 2.2160780381751e-06, 0.0494460322137217, -1.19144916942664e-06, 3.26118984537179e-06, -0.0087609724843816, -1.28535816751268e-06, -0.0494613469443942, -1.28535816751569e-06, 2.20658142449426e-06, 0.0494613469443942, -1.18948850230082e-06, 3.25930162340744e-06, -0.00866677183268811, 5.81584181013605e-09, 1.53147306723214e-05, 5.81584181013864e-09, 9.49661369352065e-09, -1.53147306723214e-05, -1.96066703783997e-09, 1.88822198013955e-09, -9.4200651693511e-05, 
569, 0, -1.39484788706102e-06, -0.0494470527641997, -1.39484788706449e-06, 2.14680093577884e-06, 0.0494470527641997, -1.36234988498826e-06, 3.19559434264226e-06, -0.00876109965696128, -1.400161730128e-06, -0.0494623688744689, -1.40016173013104e-06, 2.13701373622954e-06, 0.0494623688744689, -1.36029512284324e-06, 3.19381334139433e-06, -0.00866689816998304, 5.31384306938312e-09, 1.53161102692223e-05, 5.31384306937974e-09, 9.78719956581799e-09, -1.53161102692223e-05, -2.0547621562171e-09, 1.78100120675735e-09, -9.42014869782069e-05, 
569, 10, -1.32188585350044e-06, -0.0494648541711727, -1.32188585350333e-06, 2.10252328099619e-06, 0.0494648541711727, -1.4642023077435e-06, 3.16111014166615e-06, -0.00875382277887437, -1.32719986515129e-06, -0.0494801817474196, -1.32719986515429e-06, 2.09273685194134e-06, 0.0494801817474196, -1.46216306123234e-06, 3.15928712432325e-06, -0.00865959169284619, 5.31401164915361e-09, 1.53275762468838e-05, 5.31401164915562e-09, 9.7864290785234e-09, -1.53275762468838e-05, -2.03924653481563e-09, 1.82301733156778e-09, -9.42310860281799e-05, 
569, 18, -1.39764652694172e-06, -0.0494877987793676, -1.39764652694531e-06, 2.13428448746171e-06, 0.0494877987793676, -1.36626764272231e-06, 3.16968793824798e-06, -0.0087643007576731, -1.40291320027845e-06, -0.0495031201764068, -1.40291320028231e-06, 2.12452517152502e-06, 0.0495031201764068, -1.36421867632976e-06, 3.16791635077339e-06, -0.00867005718176505, 5.26667331381388e-09, 1.53213970393492e-05, 5.26667331381472e-09, 9.75931593010502e-09, -1.53213970393492e-05, -2.04896640865444e-09, 1.77158754856001e-09, -9.42435759080685e-05, 
570, 0, -1.50850833138094e-06, -0.0494892233371256, -1.50850833138409e-06, 2.05885169074492e-06, 0.0494892233371256, -1.53231106522813e-06, 3.09550668166299e-06, -0.00876442403743589, -1.51325927142529e-06, -0.0495045458526405, -1.51325927142861e-06, 2.04882904883275e-06, 0.0495045458526405, -1.5301741997143e-06, 3.09384694775378e-06, -0.00867017996389614, 4.75094004987755e-09, 1.53225155149062e-05, 4.75094004987914e-09, 1.00226419039813e-08, -1.53225155149062e-05, -2.13686551493909e-09, 1.65973389999269e-09, -9.42440735397582e-05, 
570, 10, -1.43518380946422e-06, -0.0495245691723972, -1.43518380946755e-06, 2.02349371721934e-06, 0.0495245691723972, -1.64167339192903e-06, 3.07553196120962e-06, -0.00875749787068587, -1.43995582351111e-06, -0.0495398974003163, -1.43995582351431e-06, 2.0134627050628e-06, 0.0495398974003163, -1.63954389850551e-06, 3.07382726831825e-06, -0.00866323128365275, 4.77201406427509e-09, 1.53282279190862e-05, 4.77201406427181e-09, 1.00310121634403e-08, -1.53282279190862e-05, -2.12949352207844e-09, 1.7046928988022e-09, -9.42665870331232e-05, 
570, 18, -1.511625746344e-06, -0.0495464668908427, -1.51162574634814e-06, 2.04872534393385e-06, 0.0495464668908427, -1.54964381409828e-06, 3.08375896048724e-06, -0.00876785337287439, -1.51633667327425e-06, -0.0495617813865176, -1.51633667327746e-06, 2.03870742310441e-06, 0.0495617813865176, -1.54750152726577e-06, 3.08210750793214e-06, -0.00867358030065665, 4.710926954406e-09, 1.53144956748207e-05, 4.71092695440251e-09, 1.00179208017148e-08, -1.53144956748207e-05, -2.14228683852443e-09, 1.65145258757043e-09, -9.42730722177108e-05, 
571, 0, -1.61764989814789e-06, -0.0495482231572756, -1.6176498981506e-06, 1.96733191121278e-06, 0.0495482231572756, -1.71102782057162e-06, 3.00046061607404e-06, -0.00876797965000756, -1.62183111515008e-06, -0.049563538470105, -1.6218311151528e-06, 1.9570785141251e-06, 0.049563538470105, -1.70880421326039e-06, 2.99892554083577e-06, -0.00867370650993304, 4.18121701943208e-09, 1.53153128295066e-05, 4.1812170194305e-09, 1.02533970834068e-08, -1.53153128295066e-05, -2.22360717863108e-09, 1.53507526801312e-09, -9.42731400745287e-05, 
571, 10, -1.54982863174231e-06, -0.0495991355701529, -1.54982863174492e-06, 1.9424916120384e-06, 0.0495991355701529, -1.82626136305404e-06, 2.99263822289001e-06, -0.00876086502554215, -1.55402920048709e-06, -0.0496144503833652, -1.55402920049079e-06, 1.93222359050636e-06, 0.0496144503833652, -1.82404233874869e-06, 2.9910573149717e-06, -0.00866657713389161, 4.20056875129701e-09, 1.53148132122315e-05, 4.2005687512987e-09, 1.02680215294216e-08, -1.53148132122315e-05, -2.21902436534324e-09, 1.58090791858321e-09, -9.42878916505435e-05, 
571, 18, -1.62362906787353e-06, -0.0496200862447157, -1.62362906787712e-06, 1.96097543598701e-06, 0.0496200862447157, -1.73632609974826e-06, 2.99948898102637e-06, -0.00877111127151666, -1.62776527840221e-06, -0.0496353796053383, -1.62776527840602e-06, 1.95070991025619e-06, 0.0496353796053383, -1.73409437917753e-06, 2.99796286224609e-06, -0.00867682381392187, 4.13621052158133e-09, 1.52933606225421e-05, 4.13621052157974e-09, 1.0265525724888e-08, -1.52933606225421e-05, -2.23172055444567e-09, 1.52611885158099e-09, -9.42874575947664e-05, 
572, 0, -1.72457555975326e-06, -0.0496221446999627, -1.72457555975716e-06, 1.87372751506959e-06, 0.0496221446999627, -1.89293409438709e-06, 2.90673373934342e-06, -0.00877122126879299, -1.72816818657209e-06, -0.0496374385401637, -1.72816818657591e-06, 1.86325571024638e-06, 0.0496374385401637, -1.89062812527235e-06, 2.90532821752445e-06, -0.00867693427448439, 3.59262679601936e-09, 1.52938402009896e-05, 3.59262679602021e-09, 1.04718047977245e-08, -1.52938402009896e-05, -2.30596908242347e-09, 1.40552188246651e-09, -9.42869943086303e-05, 
572, 10, -1.65954937307939e-06, -0.0496818383780284, -1.6595493730833e-06, 1.86019962522308e-06, 0.0496818383780284, -1.99352327359972e-06, 2.90888797482966e-06, -0.00876398237500168, -1.6631332256481e-06, -0.0496971264579605, -1.66313322565072e-06, 1.8497063880944e-06, 0.0496971264579605, -1.99123061520535e-06, 2.90743624689149e-06, -0.00866968765311986, 3.58385259036859e-09, 1.52880799321066e-05, 3.58385259036954e-09, 1.04932371153682e-08, -1.52880799321066e-05, -2.29265838861241e-09, 1.45172792535355e-09, -9.42947218818601e-05, 
572, 18, -1.73030065796675e-06, -0.0497022391177623, -1.73030065797079e-06, 1.87236802115847e-06, 0.0497022391177623, -1.9074542724696e-06, 2.91418053314822e-06, -0.00877411811520811, -1.73383680120589e-06, -0.0497174998616845, -1.73383680120904e-06, 1.86187213655458e-06, 0.0497174998616845, -1.90514876830494e-06, 2.91278254369203e-06, -0.00867983092616658, 3.536143247341e-09, 1.52607439222165e-05, 3.53614324733866e-09, 1.04958846000902e-08, -1.52607439222165e-05, -2.30550410094156e-09, 1.39798942633912e-09, -9.42871890415319e-05, 
573, 0, -1.8259266472616e-06, -0.0497044267155923, -1.82592664726486e-06, 1.77959800548441e-06, 0.0497044267155923, -2.05858424464797e-06, 2.81273270286471e-06, -0.00877421624147355, -1.82890731175864e-06, -0.049719687628892, -1.82890731176189e-06, 1.76892629496936e-06, 0.049719687628892, -2.05621141807018e-06, 2.81145887681501e-06, -0.00867993010946802, 2.98066454985639e-09, 1.52609132996159e-05, 2.98066454985215e-09, 1.06717105060311e-08, -1.52609132996159e-05, -2.3728265134837e-09, 1.27382605875113e-09, -9.42861320055445e-05, 
573, 10, -1.76259741193813e-06, -0.0497620052669044, -1.76259741194074e-06, 1.77668098166112e-06, 0.0497620052669044, -2.13222766296782e-06, 2.82502792142194e-06, -0.00876640130840181, -1.76557613281567e-06, -0.0497772570664337, -1.76557613281926e-06, 1.76597958876887e-06, 0.0497772570664337, -2.12986604310516e-06, 2.82370528868655e-06, -0.00867211341999, 2.97872093378278e-09, 1.52517995291287e-05, 2.97872093378193e-09, 1.07013929093086e-08, -1.52517995291287e-05, -2.36161985668737e-09, 1.32263275653612e-09, -9.42878884118039e-05, 
573, 18, -1.8303084610679e-06, -0.0497823055121092, -1.83030846107105e-06, 1.78288564265513e-06, 0.0497823055121092, -2.04862752276923e-06, 2.82910360420801e-06, -0.00877649453288483, -1.83324380457203e-06, -0.0497975268042409, -1.83324380457497e-06, 1.77218591580647e-06, 0.0497975268042409, -2.04626181978477e-06, 2.82783167241081e-06, -0.00868222109125876, 2.93534350501206e-09, 1.5221292131777e-05, 2.93534350501376e-09, 1.06997268419353e-08, -1.5221292131777e-05, -2.36570308056788e-09, 1.271931850138e-09, -9.42734416260946e-05, 
574, 0, -1.92046629848391e-06, -0.0497843402111427, -1.9204662984873e-06, 1.68497275105998e-06, 0.0497843402111427, -2.19387444062661e-06, 2.72056907936826e-06, -0.00877656722206967, -1.92283708000592e-06, -0.0497995614308724, -1.92283708000929e-06, 1.67412905191357e-06, 0.0497995614308724, -2.19144802049493e-06, 2.71942376331963e-06, -0.00868229546485757, 2.37078153174132e-09, 1.52212197296647e-05, 2.3707815317445e-09, 1.08436991428181e-08, -1.52212197296647e-05, -2.42642032796138e-09, 1.14531598469062e-09, -9.42717572121286e-05, 
574, 10, -1.85613967617035e-06, -0.0498305526497886, -1.85613967617403e-06, 1.69291662128302e-06, 0.0498305526497886, -2.24223426066767e-06, 2.74456026912423e-06, -0.00876755507234346, -1.8585156281751e-06, -0.0498457633125251, -1.85851562817814e-06, 1.682050100688e-06, 0.0498457633125251, -2.23981501931396e-06, 2.7433632936609e-06, -0.00867328645533347, 2.3759520102571e-09, 1.52106627367116e-05, 2.37595201025371e-09, 1.0866520591611e-08, -1.52106627367116e-05, -2.41924129856853e-09, 1.19697549978755e-09, -9.4268617010003e-05, 
574, 18, -1.92112328967634e-06, -0.0498511886426328, -1.92112328968026e-06, 1.6926686516352e-06, 0.0498511886426328, -2.15935511514354e-06, 2.74756082609439e-06, -0.00877766981231476, -1.92345716149926e-06, -0.0498663684673792, -1.92345716150252e-06, 1.68180093930944e-06, 0.0498663684673792, -2.1569446221243e-06, 2.74641057219216e-06, -0.00868342191257764, 2.33387183685933e-09, 1.51798247464813e-05, 2.33387183685244e-09, 1.08677123591434e-08, -1.51798247464813e-05, -2.41049296438858e-09, 1.15025391891946e-09, -9.42478997371032e-05, 
575, 0, -2.00573123399596e-06, -0.0498528811239846, -2.00573123399901e-06, 1.59011771829113e-06, 0.0498528811239846, -2.29921265720357e-06, 2.63345869252399e-06, -0.00877770148080281, -2.0074927084782e-06, -0.049868060716895, -2.00749270848168e-06, 1.57913768562206e-06, 0.049868060716895, -2.29674799326019e-06, 2.63243664932011e-06, -0.00868345588884394, 1.76147448914346e-09, 1.51795929102797e-05, 1.76147448913838e-09, 1.09800326507371e-08, -1.51795929102797e-05, -2.46466391272095e-09, 1.02204317679475e-09, -9.42455919588623e-05, 
575, 10, -1.94292328537811e-06, -0.0498788292408501, -1.94292328538094e-06, 1.6064549992034e-06, 0.0498788292408501, -2.33983429648508e-06, 2.66348074688358e-06, -0.00876709755105638, -1.9446756531807e-06, -0.0498939989259736, -1.94467565318419e-06, 1.59545701244521e-06, 0.0498939989259736, -2.33737814843503e-06, 2.66240419258117e-06, -0.00867285850265143, 1.75236780636931e-09, 1.51696851235336e-05, 1.75236780637429e-09, 1.09979867541206e-08, -1.51696851235336e-05, -2.45614808711107e-09, 1.07655423163782e-09, -9.42390484049401e-05, 
575, 18, -2.00537729347573e-06, -0.0499003056204985, -2.00537729347921e-06, 1.60083031880428e-06, 0.0499003056204985, -2.25638730866145e-06, 2.66835164383252e-06, -0.00877736137963923, -2.00711636602435e-06, -0.0499154468305637, -2.0071163660274e-06, 1.58983220610799e-06, 0.0499154468305637, -2.25394020776658e-06, 2.66731638931244e-06, -0.00868314835240616, 1.73907256533578e-09, 1.51412100651486e-05, 1.73907256533917e-09, 1.099811272051e-08, -1.51412100651486e-05, -2.44710090105762e-09, 1.03525451490235e-09, -9.42130272330883e-05, 
576, 0, -2.08446929703886e-06, -0.0499014599380344, -2.08446929704234e-06, 1.49400702112847e-06, 0.0499014599380344, -2.39144977957132e-06, 2.54926235944466e-06, -0.008777347423675, -2.08563005240704e-06, -0.0499166008545297, -2.08563005241073e-06, 1.48292839900317e-06, 0.0499166008545297, -2.38895451661416e-06, 2.54835672762455e-06, -0.00868313729883017, 1.16075539346681e-09, 1.51409164954007e-05, 1.16075539346692e-09, 1.10786221464808e-08, -1.51409164954007e-05, -2.49526290023797e-09, 9.05631779377508e-10, -9.42101248448217e-05, 
576, 10, -2.02163059881642e-06, -0.0499016229609625, -2.0216305988199e-06, 1.51530415330506e-06, 0.0499016229609625, -2.43790177543766e-06, 2.5779580082298e-06, -0.00876479945596266, -2.02281233031758e-06, -0.0499167561098895, -2.02281233032106e-06, 1.50420188477039e-06, 0.0499167561098895, -2.43540199839658e-06, 2.57699697416559e-06, -0.00867059800449032, 1.18173145330051e-09, 1.51331489271667e-05, 1.1817314532986e-09, 1.11022685295871e-08, -1.51331489271667e-05, -2.49977719124195e-09, 9.61034095349512e-10, -9.42014514723448e-05, 
576, 18, -2.08330788471666e-06, -0.0499242865460335, -2.08330788471992e-06, 1.50671746359149e-06, 0.0499242865460335, -2.35568424117963e-06, 2.58852409335732e-06, -0.00877531443768661, -2.08447060425302e-06, -0.0499393954312039, -2.08447060425608e-06, 1.49562321864415e-06, 0.0499393954312039, -2.35319818445568e-06, 2.587599631987e-06, -0.00868114340890549, 1.16271950787626e-09, 1.51088851706054e-05, 1.16271950787086e-09, 1.10942449376173e-08, -1.51088851706054e-05, -2.48605667046827e-09, 9.24461413685026e-10, -9.4171028781125e-05, 
577, 0, -2.15688483583862e-06, -0.0499248031268071, -2.15688483584166e-06, 1.39598938112636e-06, 0.0499248031268071, -2.48644245156868e-06, 2.46423118612089e-06, -0.00877524965874301, -2.15746513539009e-06, -0.0499399117351192, -2.15746513539335e-06, 1.38484596249014e-06, 0.0499399117351192, -2.48391415558089e-06, 2.46343779284805e-06, -0.00868108210524374, 5.80299485150994e-10, 1.5108608312127e-05, 5.80299485157662e-10, 1.11434186171528e-08, -1.5108608312127e-05, -2.52829601372502e-09, 7.933932705289e-10, -9.41675534992289e-05, 
577, 10, -2.09909382944347e-06, -0.0498986974441658, -2.09909382944652e-06, 1.41698260647679e-06, 0.0498986974441658, -2.53971055934222e-06, 2.48901417227836e-06, -0.0087609182740145, -2.09968085799544e-06, -0.0499138011521608, -2.09968085799871e-06, 1.40582641290709e-06, 0.0499138011521608, -2.53717704393088e-06, 2.48816334599806e-06, -0.00866676047940054, 5.87028582278814e-10, 1.51037079948218e-05, 5.87028582280507e-10, 1.11561935834953e-08, -1.51037079948218e-05, -2.53351544381797e-09, 8.50826334340054e-10, -9.41577946139391e-05, 
577, 18, -2.16095940989034e-06, -0.0499227534538895, -2.16095940989382e-06, 1.40820961482175e-06, 0.0499227534538895, -2.45910131272933e-06, 2.50944830767728e-06, -0.00877170711367946, -2.16154632813615e-06, -0.0499378380993193, -2.16154632813941e-06, 1.39705459190798e-06, 0.0499378380993193, -2.45657642455972e-06, 2.50863044517233e-06, -0.00867758351742423, 5.86918272919252e-10, 1.50846454298887e-05, 5.86918272915761e-10, 1.11550228685319e-08, -1.50846454298887e-05, -2.52488823216569e-09, 8.17862492656885e-10, -9.41235962552175e-05, 
578, 0, -2.22911414591102e-06, -0.0499226637807894, -2.22911414591472e-06, 1.29350090030625e-06, 0.0499226637807894, -2.58559683113155e-06, 2.37976157483961e-06, -0.00877160073102917, -2.2291162016888e-06, -0.0499377482200113, -2.22911620169292e-06, 1.28232747252539e-06, 0.0499377482200113, -2.58303529686606e-06, 2.37907630774978e-06, -0.00867748114871729, 2.05578921295117e-12, 1.50844392220681e-05, 2.05578921464521e-12, 1.11734278122106e-08, -1.50844392220681e-05, -2.56153443006637e-09, 6.85267050679496e-10, -9.41195823118469e-05, 
578, 10, -2.17255437746819e-06, -0.0498721315359711, -2.1725543774719e-06, 1.31328022255673e-06, 0.0498721315359711, -2.64448595954552e-06, 2.3974084950123e-06, -0.0087561830644177, -2.17256432697979e-06, -0.0498872145634468, -2.17256432698349e-06, 1.30208816132836e-06, 0.0498872145634468, -2.64191403254029e-06, 2.3966641819668e-06, -0.00866207308821184, 9.94948792450994e-12, 1.508302747541e-05, 9.94948792440406e-12, 1.11920612543264e-08, -1.508302747541e-05, -2.57192713184812e-09, 7.44313079097506e-10, -9.41099762059008e-05, 
578, 18, -2.2348702126817e-06, -0.049897480096115, -2.23487021268474e-06, 1.30557549787348e-06, 0.049897480096115, -2.56638363343625e-06, 2.42993393383308e-06, -0.00876718040091037, -2.23488450906178e-06, -0.0499125499588173, -2.23488450906569e-06, 1.29438290984414e-06, 0.0499125499588173, -2.56381959072406e-06, 2.42921968274167e-06, -0.00867310734171633, 1.42963707568234e-11, 1.50698627024377e-05, 1.42963707551309e-11, 1.11925879854983e-08, -1.50698627024377e-05, -2.56404262264071e-09, 7.14251069940569e-10, -9.40730591940131e-05, 
579, 0, -2.29732716943252e-06, -0.0498968371085336, -2.29732716943642e-06, 1.18714389021243e-06, 0.0498968371085336, -2.68861842637258e-06, 2.29458253229152e-06, -0.00876705196981081, -2.29675421204175e-06, -0.049911906889999, -2.29675421204546e-06, 1.17596291906743e-06, 0.049911906889999, -2.68602333101283e-06, 2.29400265135494e-06, -0.00867298333128271, -5.72957381850184e-10, 1.5069781465269e-05, -5.72957381851878e-10, 1.11809711465184e-08, -1.5069781465269e-05, -2.59509530518219e-09, 5.79881023931104e-10, -9.4068638528092e-05, 
579, 10, -2.24213365400437e-06, -0.0498252888782142, -2.2421336540083e-06, 1.20314908892737e-06, 0.0498252888782142, -2.75047167563652e-06, 2.30293977851301e-06, -0.00875012643492194, -2.24158725663482e-06, -0.0498403602488776, -2.24158725663765e-06, 1.19194038828516e-06, 0.0498403602488776, -2.74785647793493e-06, 2.30230120865543e-06, -0.00865606717219912, -5.46397366068649e-10, 1.50713706635154e-05, -5.46397366070343e-10, 1.12087006041429e-08, -1.50713706635154e-05, -2.61519779677539e-09, 6.38569935300096e-10, -9.40592627227751e-05, 
579, 18, -2.30439092680419e-06, -0.049851749422246, -2.30439092680767e-06, 1.19718557528747e-06, 0.049851749422246, -2.67362535360166e-06, 2.34859662275875e-06, -0.00876128568610954, -2.30383317754589e-06, -0.0498668125418972, -2.30383317754914e-06, 1.18596993191854e-06, 0.0498668125418972, -2.67102107535058e-06, 2.34798470039933e-06, -0.00866726523511042, -5.57749247380929e-10, 1.50631196512612e-05, -5.57749247377435e-10, 1.12156433337206e-08, -1.50631196512612e-05, -2.60427831279263e-09, 6.11922411517088e-10, -9.4020450999116e-05, 
580, 0, -2.36109056175815e-06, -0.0498506364626526, -2.36109056176163e-06, 1.0751237630441e-06, 0.0498506364626526, -2.7913794402762e-06, 2.20765735526854e-06, -0.00876111641687281, -2.35994371645278e-06, -0.0498656996109703, -2.35994371645495e-06, 1.06395007941144e-06, 0.0498656996109703, -2.78874955036706e-06, 2.2071817474462e-06, -0.00866710065987456, -1.14684533606386e-09, 1.50631483175444e-05, -1.14684533606026e-09, 1.11736836477608e-08, -1.50631483175444e-05, -2.62988987945051e-09, 4.75607841533363e-10, -9.40157569982137e-05, 
580, 10, -2.3018731728373e-06, -0.0497580612548602, -2.30187317283992e-06, 1.09065281654702e-06, 0.0497580612548602, -2.85539202943602e-06, 2.20590338315405e-06, -0.00874446568611028, -2.30076052153667e-06, -0.0497731307305992, -2.30076052153971e-06, 1.07944406454864e-06, 0.0497731307305992, -2.85273713060957e-06, 2.20536990352286e-06, -0.00865045700801055, -1.11265132887782e-09, 1.50694757389121e-05, -1.11265132886935e-09, 1.12087519940785e-08, -1.50694757389121e-05, -2.65489880009593e-09, 5.33479608209716e-10, -9.40086780997285e-05, 
580, 18, -2.36422774114211e-06, -0.0497853083756367, -2.36422774114645e-06, 1.08524108498222e-06, 0.0497853083756367, -2.78063091169831e-06, 2.26307282143302e-06, -0.00875569486551203, -2.36308212636949e-06, -0.0498003760507315, -2.36308212637234e-06, 1.07401886991532e-06, 0.0498003760507315, -2.77798875207547e-06, 2.26256412597011e-06, -0.0086617245957769, -1.14561478612214e-09, 1.50676750945265e-05, -1.14561478611685e-09, 1.12222150668296e-08, -1.50676750945265e-05, -2.64215962406392e-09, 5.08695427986227e-10, -9.39702697351494e-05, 
581, 0, -2.41481065077865e-06, -0.0497836857973629, -2.4148106507819e-06, 9.60316367037069e-07, 0.0497836857973629, -2.89388117164348e-06, 2.11651965942622e-06, -0.00875554255234339, -2.41307637641771e-06, -0.0497987537470244, -2.41307637642076e-06, 9.49165490984232e-07, 0.0497987537470243, -2.89121828876019e-06, 2.11614934739702e-06, -0.00866157699634444, -1.73427437040135e-09, 1.50679496613167e-05, -1.73427437039966e-09, 1.11508760136757e-08, -1.50679496613167e-05, -2.66288279528141e-09, 3.70311929575583e-10, -9.39655559989125e-05, 
581, 10, -2.35663489787809e-06, -0.049679965468712, -2.35663489788179e-06, 9.73073212922675e-07, 0.049679965468712, -2.96159536057689e-06, 2.10071917628416e-06, -0.00873827395132992, -2.35490702830884e-06, -0.0496950432912776, -2.35490702831144e-06, 9.61890715768969e-07, 0.0496950432912776, -2.95890883930229e-06, 2.10029105945002e-06, -0.00864431392288611, -1.72786957311462e-09, 1.5077822565773e-05, -1.72786957311631e-09, 1.11824972124773e-08, -1.5077822565773e-05, -2.68652124843075e-09, 4.28116844422616e-10, -9.39600284438131e-05, 
581, 18, -2.41936705470432e-06, -0.0497077351775461, -2.41936705470758e-06, 9.67029626660626e-07, 0.0497077351775461, -2.88905150889823e-06, 2.16725306788065e-06, -0.00874955401219997, -2.41761328325274e-06, -0.0497228154785158, -2.41761328325537e-06, 9.5582004477847e-07, 0.0497228154785158, -2.88637641130614e-06, 2.16685064966864e-06, -0.00865563102257001, -1.75377146753145e-09, 1.50803009695482e-05, -1.75377146752954e-09, 1.12095818614335e-08, -1.50803009695482e-05, -2.67509761864239e-09, 4.02418269483471e-10, -9.39229896299412e-05, 
582, 0, -2.46377685551236e-06, -0.0497059183945151, -2.46377685551517e-06, 8.39392607703222e-07, 0.0497059183945151, -2.99739124495055e-06, 2.01492857159277e-06, -0.00874938200483988, -2.46143646730039e-06, -0.049720999168754, -2.46143646730344e-06, 8.28285215308507e-07, 0.049720999168754, -2.99470082348299e-06, 2.01466648620754e-06, -0.00865546360758917, -2.34038820955794e-09, 1.50807742387313e-05, -2.34038820955582e-09, 1.1107392422646e-08, -1.50807742387313e-05, -2.6904215652988e-09, 2.62085400517475e-10, -9.39183972507213e-05, 
582, 10, -2.40011093591344e-06, -0.0495983620706364, -2.40011093591628e-06, 8.55911935143717e-07, 0.0495983620706364, -3.06536304361322e-06, 1.98177721632562e-06, -0.00873150735386514, -2.39775029880162e-06, -0.0496134543175619, -2.39775029880532e-06, 8.44771127427791e-07, 0.0496134543175619, -3.06265017507654e-06, 1.98146217363261e-06, -0.00863759379425203, -2.36063708296174e-09, 1.50922469254915e-05, -2.36063708296513e-09, 1.11408077119502e-08, -1.50922469254915e-05, -2.71286852767701e-09, 3.15042641820357e-10, -9.39135596130801e-05, 
582, 18, -2.46471457266762e-06, -0.0496263326784076, -2.46471457267152e-06, 8.46429357057701e-07, 0.0496263326784076, -2.99512386719781e-06, 2.05560295177646e-06, -0.00874278589372196, -2.46234115297603e-06, -0.0496414291265008, -2.46234115297949e-06, 8.35248641974976e-07, 0.0496414291265008, -2.99241769683707e-06, 2.05531747614645e-06, -0.0086489074103656, -2.37341970365766e-09, 1.50964480929369e-05, -2.37341970365935e-09, 1.11807150567287e-08, -1.50964480929369e-05, -2.7061704706779e-09, 2.85475753162415e-10, -9.38784833563907e-05, 
583, 0, -2.5027012177826e-06, -0.0496244623528831, -2.50270121778565e-06, 7.16860482009094e-07, 0.0496244623528831, -3.0977422489578e-06, 1.8975894508489e-06, -0.00874260260879861, -2.49974323087292e-06, -0.0496395593924305, -2.49974323087573e-06, 7.05813778462858e-07, 0.0496395593924305, -3.0950269779763e-06, 1.89744577502877e-06, -0.00864872850363788, -2.95798689363912e-09, 1.50970395472229e-05, -2.95798689363891e-09, 1.10467035598146e-08, -1.50970395472229e-05, -2.71527098882744e-09, 1.43675972852414e-10, -9.3874105160711e-05, 
583, 10, -2.43695360771946e-06, -0.0495212540562596, -2.43695360772229e-06, 7.34754567702536e-07, 0.0495212540562596, -3.16284386045167e-06, 1.84477728236862e-06, -0.00872517525941658, -2.43398126050659e-06, -0.0495363629964557, -2.43398126050921e-06, 7.23682855726489e-07, 0.0495363629964557, -3.16010339363524e-06, 1.84458467583848e-06, -0.00863130522948325, -2.97234720219995e-09, 1.51089401964182e-05, -2.97234720219656e-09, 1.10717119582085e-08, -1.51089401964182e-05, -2.74046680733039e-09, 1.92606447752369e-10, -9.38700299333493e-05, 
583, 18, -2.50268208034725e-06, -0.0495490147984701, -2.50268208034987e-06, 7.20984703893687e-07, 0.0495490147984701, -3.095606405159e-06, 1.92386219852642e-06, -0.00873635805908324, -2.49969015682556e-06, -0.0495641277088797, -2.4996901568284e-06, 7.09860989388983e-07, 0.0495641277088797, -3.09287718055378e-06, 1.92370182034304e-06, -0.00864252037400361, -2.99192349482778e-09, 1.51129104098365e-05, -2.9919234948244e-09, 1.1123714474629e-08, -1.51129104098365e-05, -2.72922461936683e-09, 1.60378162074353e-10, -9.38376850796311e-05, 
584, 0, -2.53423565808263e-06, -0.0495472882682346, -2.53423565808567e-06, 5.89705519906085e-07, 0.0495472882682346, -3.19141287258152e-06, 1.76052282908673e-06, -0.00873619503545499, -2.5306630751184e-06, -0.049562401824645, -2.53066307512081e-06, 5.78747689839597e-07, 0.049562401824645, -3.1886815541842e-06, 1.7605051846012e-06, -0.008642361409407, -3.57258296576075e-09, 1.51135564105364e-05, -3.57258296576075e-09, 1.09578301064285e-08, -1.51135564105364e-05, -2.73131842628618e-09, 1.76443884244462e-11, -9.38336260479958e-05, 
584, 10, -2.46653638958747e-06, -0.0494557053058769, -2.4665363895903e-06, 6.12596953350619e-07, 0.0494557053058769, -3.24516283772073e-06, 1.69532788346679e-06, -0.00872004394210176, -2.46293185410243e-06, -0.0494708303462712, -2.46293185410439e-06, 6.01610835923773e-07, 0.0494708303462712, -3.24240979544501e-06, 1.69526383449408e-06, -0.00862621323798764, -3.60453545388816e-09, 1.51250403942299e-05, -3.60453545388816e-09, 1.09861173921621e-08, -1.512504039423e-05, -2.75304231500998e-09, 6.40488976647402e-11, -9.38307041141129e-05, 
584, 18, -2.53270693517658e-06, -0.0494828992636804, -2.53270693517918e-06, 5.9328360722129e-07, 0.0494828992636804, -3.18101382096024e-06, 1.77798566950067e-06, -0.00873106098840817, -2.52908789398091e-06, -0.0494980265693027, -2.52908789398374e-06, 5.82249061853976e-07, 0.0494980265693027, -3.17827464541307e-06, 1.77796154476978e-06, -0.00863725901433434, -3.61904119024967e-09, 1.51273056220381e-05, -3.61904119024967e-09, 1.10345453785247e-08, -1.51273056220381e-05, -2.73917563003907e-09, 2.41246891695955e-11, -9.38019740738369e-05, 
585, 0, -2.55775211734402e-06, -0.0494814841243932, -2.55775211734664e-06, 4.60813430123899e-07, 0.0494814841243932, -3.26906567398353e-06, 1.61039759560118e-06, -0.00873093608488008, -2.55355854674981e-06, -0.0494966120782131, -2.55355854675222e-06, 4.499778373534e-07, 0.0494966120782131, -3.26633143741457e-06, 1.61051652787057e-06, -0.00863713775100461, -4.19357060527364e-09, 1.5127953820006e-05, -4.19357060528041e-09, 1.08355927787345e-08, -1.5127953820006e-05, -2.73423662591321e-09, -1.18932207206629e-10, -9.37983338754679e-05, 
585, 10, -2.48984529400452e-06, -0.0494054251698065, -2.4898452940067e-06, 4.88930601991084e-07, 0.0494054251698065, -3.31998005724146e-06, 1.52637880393687e-06, -0.00871622431385705, -2.48561334411483e-06, -0.0494205635767673, -2.48561334411808e-06, 4.7806695880359e-07, 0.0494205635767672, -3.31722658267062e-06, 1.52645395847598e-06, -0.00862242729049093, -4.23194991422332e-09, 1.51384069606732e-05, -4.23194991422332e-09, 1.08636432174987e-08, -1.51384069606732e-05, -2.75347462282035e-09, -7.51545122951886e-11, -9.37970233661227e-05, 
585, 18, -2.55655356454782e-06, -0.0494319886377545, -2.55655356455042e-06, 4.61119626197954e-07, 0.0494319886377545, -3.25714719958178e-06, 1.61049009944012e-06, -0.0087271437157554, -2.55230901397948e-06, -0.0494471266470758, -2.55230901398187e-06, 4.50222814651514e-07, 0.0494471266470758, -3.25441342233279e-06, 1.61060627131813e-06, -0.00863337096042749, -4.24455059339106e-09, 1.51380093213418e-05, -4.24455059338449e-09, 1.08968116073954e-08, -1.51380093213418e-05, -2.73377712963307e-09, -1.16171831422317e-10, -9.37727553279345e-05, 
586, 0, -2.57491165038203e-06, -0.049430963813257, -2.57491165038486e-06, 3.27795640737064e-07, 0.049430963813257, -3.33658162447442e-06, 1.43897979634987e-06, -0.00872705967371412, -2.57010095950544e-06, -0.0494461024410652, -2.57010095950827e-06, 3.1713006926205e-07, 0.0494461024410652, -3.33386014133677e-06, 1.43923847339823e-06, -0.00863329007449837, -4.81069085800069e-09, 1.51386278081735e-05, -4.81069085799709e-09, 1.06655714776021e-08, -1.51386278081735e-05, -2.72148312999392e-09, -2.58677065523013e-10, -9.37695992157411e-05, 
586, 10, -2.50435338228883e-06, -0.0493723934041222, -2.50435338229099e-06, 3.66372599652532e-07, 0.0493723934041222, -3.38220520116007e-06, 1.34229799680401e-06, -0.00871360109713548, -2.49950597910821e-06, -0.0493875408536677, -2.49950597911102e-06, 3.55695498563832e-07, 0.0493875408536677, -3.3794683198185e-06, 1.34251640658035e-06, -0.00861983079241032, -4.84740317005756e-09, 1.51474495454901e-05, -4.84740317006074e-09, 1.06771010990776e-08, -1.51474495454901e-05, -2.73688138903486e-09, -2.18409856024601e-10, -9.37703047251788e-05, 
586, 18, -2.57142914344247e-06, -0.0493982625020096, -2.57142914344509e-06, 3.28629026269959e-07, 0.0493982625020096, -3.32031654920635e-06, 1.42721677430257e-06, -0.00872445949953767, -2.56656722017395e-06, -0.049413406174022, -2.56656722017677e-06, 3.17921961596784e-07, 0.049413406174022, -3.31760300647765e-06, 1.42747742199287e-06, -0.00863070849426853, -4.86192325152233e-09, 1.51436720123374e-05, -4.86192325152255e-09, 1.07070646908507e-08, -1.51436720123374e-05, -2.71354272827042e-09, -2.6064758686058e-10, -9.37510052691348e-05, 
587, 0, -2.58306606703162e-06, -0.0493976726406533, -2.58306606703488e-06, 1.95075471902073e-07, 0.0493976726406533, -3.39017373847367e-06, 1.25279598015826e-06, -0.00872441156855712, -2.57764815130956e-06, -0.0494128168652622, -2.57764815131174e-06, 1.84631513806875e-07, 0.0494128168652622, -3.38748017954665e-06, 1.25319770339204e-06, -0.00863066320278962, -5.4179157098922e-09, 1.51442246089353e-05, -5.4179157098922e-09, 1.04439580850508e-08, -1.51442246089353e-05, -2.69355884439842e-09, -4.01723178517075e-10, -9.37483657674729e-05, 
587, 10, -2.50970210406171e-06, -0.0493565405750721, -2.50970210406456e-06, 2.47022567204845e-07, 0.0493565405750721, -3.42561009523927e-06, 1.15093626811756e-06, -0.00871223362715426, -2.50424588070953e-06, -0.0493716918758948, -2.5042458807115e-06, 2.36586733538574e-07, 0.0493716918758948, -3.42290311781027e-06, 1.1512987375065e-06, -0.00861848172802824, -5.45622334699732e-09, 1.51513008227901e-05, -5.45622334699732e-09, 1.04358336297631e-08, -1.51513008227901e-05, -2.70697738094995e-09, -3.62469485217804e-10, -9.37518991259956e-05, 
587, 19, -2.57584943839244e-06, -0.0493820528751505, -2.57584943839526e-06, 1.99303286284012e-07, 0.0493820528751505, -3.36852971016501e-06, 1.23632213262725e-06, -0.0087230867918222, -2.57038148108023e-06, -0.0493971975382516, -2.57038148108352e-06, 1.88824748010581e-07, 0.0493971975382516, -3.36585197198644e-06, 1.2367273488534e-06, -0.00862935092531527, -5.46795729360368e-09, 1.51446631012825e-05, -5.46795729361025e-09, 1.04785383550265e-08, -1.51446631012825e-05, -2.67773829141279e-09, -4.05216184125667e-10, -9.37358665068998e-05, 
588, 0, -2.58139694826165e-06, -0.0493818120823586, -2.58139694826422e-06, 6.44335839901043e-08, 0.0493818120823586, -3.42758358366084e-06, 1.05858999599218e-06, -0.00872309024370279, -2.57538918373007e-06, -0.0493969571462933, -2.57538918373397e-06, 5.42503859458253e-08, 0.0493969571462933, -3.42493134148716e-06, 1.05913421513026e-06, -0.00862935620344288, -6.00776451979539e-09, 1.51450639350178e-05, -6.00776451979539e-09, 1.01831980559016e-08, -1.51450639350178e-05, -2.652242093064e-09, -5.44219144401266e-10, -9.37340402598838e-05, 
588, 10, -2.50477862566346e-06, -0.0493546896928035, -2.5047786256665e-06, 1.32295680006622e-07, 0.0493546896928035, -3.45212397694175e-06, 9.53851860231401e-07, -0.00871217830273533, -2.49872772808904e-06, -0.0493698402020726, -2.49872772809121e-06, 1.22126166435066e-07, 0.0493698402020726, -3.4494588486949e-06, 9.54361011928907e-07, -0.00861843668287307, -6.05089756642761e-09, 1.51505092690194e-05, -6.05089756642422e-09, 1.01695135831425e-08, -1.51505092690194e-05, -2.66512827167149e-09, -5.09151828105053e-10, -9.37416198622609e-05, 
588, 19, -2.57268592184699e-06, -0.0493795188503555, -2.57268592185005e-06, 7.18346532048875e-08, 0.0493795188503555, -3.39978289483301e-06, 1.03762776133383e-06, -0.00872298460321248, -2.56663920363239e-06, -0.0493946602358639, -2.56663920363588e-06, 6.16273483919078e-08, 0.0493946602358639, -3.39714844615553e-06, 1.03817904204388e-06, -0.00862925253519257, -6.04671824430492e-09, 1.51413855082914e-05, -6.04671824430132e-09, 1.02073047886707e-08, -1.51413855082914e-05, -2.63444865640593e-09, -5.51280752229116e-10, -9.3732068019889e-05, 
589, 0, -2.57178831524526e-06, -0.0493796282179582, -2.57178831524741e-06, -6.24677461236296e-08, 0.0493796282179582, -3.44840959460297e-06, 8.58512625771302e-07, -0.0087230283502433, -2.56521809923445e-06, -0.0493947699723801, -2.56521809923708e-06, -7.23490561961476e-08, 0.0493947699723801, -3.44580814942989e-06, 8.59200262109137e-07, -0.00862929761153238, -6.57021600986467e-09, 1.51417544219119e-05, -6.57021600986128e-09, 9.88131005969093e-09, -1.51417544219119e-05, -2.60144519537796e-09, -6.87636433486116e-10, -9.37307387108943e-05, 
589, 10, -2.49521840071024e-06, -0.0493635202391908, -2.49521840071286e-06, 1.77690593363193e-08, 0.0493635202391908, -3.46391441830784e-06, 7.50797518584216e-07, -0.00871316071568385, -2.48863911266354e-06, -0.0493786666560606, -2.48863911266572e-06, 7.91740008367751e-09, 0.0493786666560606, -3.46130022419493e-06, 7.5145099023584e-07, -0.00861941766086943, -6.57928806359339e-09, 1.51464168700339e-05, -6.57928806359296e-09, 9.85165932521728e-09, -1.51464168700339e-05, -2.61419415092045e-09, -6.53471732312594e-10, -9.37430548144288e-05, 
589, 19, -2.56294605105965e-06, -0.0493876858035937, -2.56294605106272e-06, -5.30446444126353e-08, 0.0493876858035937, -3.41769939495984e-06, 8.30793721458683e-07, -0.00872388343910444, -2.55636875521172e-06, -0.0494028217935579, -2.5563687552139e-06, -6.29477362902682e-08, 0.0494028217935579, -3.41511562147006e-06, 8.3149212966495e-07, -0.00863014355194404, -6.57729582955842e-09, 1.51359899644607e-05, -6.57729582955503e-09, 9.90309184323511e-09, -1.51359899644607e-05, -2.58377350997232e-09, -6.98408286224473e-10, -9.37398871604219e-05, 
590, 0, -2.55578230964842e-06, -0.0493880921342724, -2.55578230965062e-06, -1.86502569508393e-07, 0.0493880921342724, -3.45545030958413e-06, 6.51069305801836e-07, -0.00872395812702978, -2.54869858726611e-06, -0.049403228482884, -2.54869858726873e-06, -1.96053215418122e-07, 0.049403228482884, -3.45290689477887e-06, 6.5190111662006e-07, -0.00863021910568161, -7.08372239216094e-09, 1.5136348611549e-05, -7.08372239215734e-09, 9.55064592044323e-09, -1.5136348611549e-05, -2.54341472727056e-09, -8.31810828123068e-10, -9.37390213481676e-05, 
590, 10, -2.48220450417106e-06, -0.0493775110714932, -2.48220450417282e-06, -1.0343855131776e-07, 0.0493775110714931, -3.46833307994165e-06, 5.27180007385707e-07, -0.00871541076132745, -2.47510769767791e-06, -0.0493926525766502, -2.47510769768007e-06, -1.12964404448355e-07, 0.0493926525766502, -3.46577635597128e-06, 5.27980143182903e-07, -0.00862165338583803, -7.09680651342133e-09, 1.51415051570606e-05, -7.0968065134209e-09, 9.52585317003361e-09, -1.51415051570606e-05, -2.55672390823852e-09, -8.00135584928219e-10, -9.37573754894373e-05, 
590, 19, -2.54694350994703e-06, -0.0494009835584894, -2.54694350995006e-06, -1.78943279339057e-07, 0.0494009835584894, -3.42678193529998e-06, 6.07475415103315e-07, -0.00872597912142723, -2.53988015792437e-06, -0.0494161155763056, -2.53988015792742e-06, -1.88512032692647e-07, 0.0494161155763056, -3.42425495928696e-06, 6.08325543733326e-07, -0.00863221873882271, -7.06335204717148e-09, 1.51320178161234e-05, -7.06335204717825e-09, 9.56875334620656e-09, -1.51320178161234e-05, -2.52697596727702e-09, -8.50128590189257e-10, -9.37603826045305e-05, 
591, 0, -2.53342090366771e-06, -0.0494015444158566, -2.5334209036699e-06, -3.11393333833097e-07, 0.0494015444158566, -3.45299681982858e-06, 4.26981914166846e-07, -0.00872609193657763, -2.52587103830511e-06, -0.0494166768544991, -2.52587103830689e-06, -3.205846978274e-07, 0.0494166768544991, -3.45051798288812e-06, 4.27962076072336e-07, -0.00863233199622589, -7.54986536874905e-09, 1.51324386423705e-05, -7.54986536874587e-09, 9.19136398237017e-09, -1.51324386423705e-05, -2.47883698431951e-09, -9.80162003802096e-10, -9.3759940351752e-05, 
591, 10, -2.46729581687187e-06, -0.0493926628295642, -2.46729581687404e-06, -2.35618312665693e-07, 0.0493926628295642, -3.45921561675651e-06, 2.99464006894926e-07, -0.00871841114530627, -2.45974088204472e-06, -0.0494078016942986, -2.45974088204775e-06, -2.44800782358332e-07, 0.0494078016942986, -3.45672022702252e-06, 3.0041516363286e-07, -0.00862462639085302, -7.55493483617097e-09, 1.51388647343652e-05, -7.55493483617457e-09, 9.18246966475714e-09, -1.51388647343652e-05, -2.49538972761282e-09, -9.51156626387206e-10, -9.37847544532748e-05, 
591, 19, -2.52771442396935e-06, -0.0494155098140933, -2.5277144239724e-06, -3.10911337836078e-07, 0.0494155098140933, -3.42292685681861e-06, 3.81424007986965e-07, -0.00872873226073207, -2.52022183023336e-06, -0.049430641572729, -2.52022183023683e-06, -3.20121278102225e-07, 0.049430641572729, -3.42046356056999e-06, 3.82424245750716e-07, -0.00863493941020061, -7.49259372123398e-09, 1.51317586357648e-05, -7.49259372123737e-09, 9.20994023449512e-09, -1.51317586357648e-05, -2.4632962325331e-09, -1.00023786251918e-09, -9.37928505314663e-05, 
592, 0, -2.50767061517197e-06, -0.0494161513190421, -2.50767061517459e-06, -4.42505020412579e-07, 0.0494161513190421, -3.43736329075417e-06, 2.01346229488634e-07, -0.00872886293157441, -2.49971243735054e-06, -0.0494312836042402, -2.49971243735359e-06, -4.51315547205986e-07, 0.0494312836042402, -3.4349557339416e-06, 2.02472998449669e-07, -0.0086350701860528, -7.95817782282797e-09, 1.51322851982455e-05, -7.95817782283136e-09, 8.81052677922248e-09, -1.51322851982455e-05, -2.40755676302325e-09, -1.12676901649754e-09, -9.37927455215859e-05, 
592, 10, -2.44564417901041e-06, -0.0494056325562329, -2.44564417901304e-06, -3.71369545060252e-07, 0.0494056325562329, -3.44021810164725e-06, 5.67088463929579e-08, -0.00872173174114808, -2.43770854865364e-06, -0.0494207731812558, -2.43770854865627e-06, -3.80167085393272e-07, 0.0494207731812558, -3.43779454392306e-06, 5.78073145439084e-08, -0.0086279081614231, -7.93563037309246e-09, 1.51406250231022e-05, -7.93563037309585e-09, 8.79754030514499e-09, -1.51406250231022e-05, -2.42355771206029e-09, -1.09846819903223e-09, -9.3823579725029e-05, 
592, 19, -2.500791704468e-06, -0.0494281149485193, -2.50079170447062e-06, -4.39657901866621e-07, 0.0494281149485193, -3.40517412690705e-06, 1.57157251756487e-07, -0.00873173312080097, -2.49293440082591e-06, -0.0494432516879272, -2.49293440082851e-06, -4.48517237101514e-07, 0.0494432516879272, -3.40277838651338e-06, 1.5830586197691e-07, -0.00863789779429692, -7.85730364239792e-09, 1.5136739407955e-05, -7.85730364239453e-09, 8.85933518253084e-09, -1.5136739407955e-05, -2.39574034197113e-09, -1.14861041781081e-09, -9.38353265040076e-05, 
593, 0, -2.47426050442106e-06, -0.0494287614129036, -2.47426050442411e-06, -5.69692495971032e-07, 0.0494287614129036, -3.40793346756366e-06, -2.19499142876484e-08, -0.00873187096528832, -2.46595696680397e-06, -0.0494438988211556, -2.46595696680657e-06, -5.78131228564223e-07, 0.0494438988211556, -3.40560155084794e-06, -2.06791496722544e-08, -0.00863803550312455, -8.30353762389988e-09, 1.51374082517666e-05, -8.3035376239001e-09, 8.43873264230794e-09, -1.51374082517666e-05, -2.33191674940974e-09, -1.27076460448193e-09, -9.38354621637689e-05, 
593, 10, -2.41110859485565e-06, -0.0494152280041231, -2.41110859485913e-06, -4.94817156188267e-07, 0.0494152280041231, -3.40769463283723e-06, -1.98044097406743e-07, -0.00872534290139118, -2.40282839109976e-06, -0.0494303763965854, -2.40282839110195e-06, -5.03181818812824e-07, 0.0494303763965854, -3.40535442068086e-06, -1.96803207115313e-07, -0.00863147083244408, -8.28020376180292e-09, 1.51483924622262e-05, -8.28020376179953e-09, 8.3646625698184e-09, -1.51483924622262e-05, -2.34021212026094e-09, -1.24089026557546e-09, -9.38720689471094e-05, 
593, 19, -2.46194281816412e-06, -0.0494377583387808, -2.46194281816717e-06, -5.5416635362278e-07, 0.0494377583387808, -3.37439259713375e-06, -6.94848036638048e-08, -0.00873504444324483, -2.45378602336562e-06, -0.049452906537808, -2.45378602336867e-06, -5.62674081572646e-07, 0.049452906537808, -3.37206936289438e-06, -6.81908059208879e-08, -0.00864115814520526, -8.15679481016805e-09, 1.51481990269716e-05, -8.15679481016509e-09, 8.5077279465919e-09, -1.51481990269716e-05, -2.32323430399658e-09, -1.293997755983e-09, -9.38862980395704e-05, 
594, 0, -2.42958569609415e-06, -0.0494383968258498, -2.42958569609717e-06, -6.8168161682207e-07, 0.0494383968258498, -3.36530841612241e-06, -2.46826335949168e-07, -0.008735191272084, -2.42100211803004e-06, -0.0494535458613709, -2.42100211803267e-06, -6.8975299842394e-07, 0.0494535458613709, -3.36305655600404e-06, -2.45414523010092e-07, -0.0086413046637192, -8.58357805331894e-09, 1.51490355211081e-05, -8.58357805331513e-09, 8.07138158458622e-09, -1.51490355211081e-05, -2.25186007652222e-09, -1.41181290154621e-09, -9.38866083647898e-05, 
594, 10, -2.36636607179387e-06, -0.0494187373798619, -2.36636607179692e-06, -5.97808414986452e-07, 0.0494187373798619, -3.35873886164952e-06, -4.29610381859191e-07, -0.0087286361057711, -2.35779232593969e-06, -0.0494339009570365, -2.35779232594274e-06, -6.05714508673582e-07, 0.0494339009570364, -3.35648627933283e-06, -4.28236356636563e-07, -0.00863470691747696, -8.57374585295294e-09, 1.51635771745781e-05, -8.57374585295612e-09, 7.90609366512129e-09, -1.51635771745781e-05, -2.25258228104087e-09, -1.37402516858728e-09, -9.39291882941531e-05, 
594, 19, -2.41583634974e-06, -0.0494418925228292, -2.41583634974218e-06, -6.61292030278645e-07, 0.0494418925228292, -3.33320768129445e-06, -2.91497881979205e-07, -0.00873832684833784, -2.40742306839399e-06, -0.0494570594160032, -2.40742306839746e-06, -6.6943303557002e-07, 0.0494570594160032, -3.33096284777175e-06, -2.90064054170238e-07, -0.00864438223442455, -8.4132813138664e-09, 1.51668931740304e-05, -8.41328131387e-09, 8.14100523500125e-09, -1.51668931740304e-05, -2.24483348096007e-09, -1.43382784263943e-09, -9.39446139133114e-05, 
595, 0, -2.37820082129173e-06, -0.0494424404803057, -2.37820082129436e-06, -7.86408913219603e-07, 0.0494424404803057, -3.31270420648312e-06, -4.66183014140523e-07, -0.00873847248416051, -2.36938266984137e-06, -0.0494576083663007, -2.36938266984357e-06, -7.94108398425939e-07, 0.0494576083663007, -3.31053700191837e-06, -4.64634741204661e-07, -0.00864452745033811, -8.81815144562323e-09, 1.51678859949275e-05, -8.81815144562641e-09, 7.69948522869065e-09, -1.51678859949275e-05, -2.16720450432172e-09, -1.54827285949757e-09, -9.39450338223778e-05, 
595, 10, -2.31819612302156e-06, -0.0494166554167514, -2.31819612302462e-06, -6.95230887636797e-07, 0.0494166554167514, -3.30420692216614e-06, -6.40408376023931e-07, -0.00873069130668898, -2.30939822932495e-06, -0.0494318409720641, -2.30939822932803e-06, -7.02817669826504e-07, 0.0494318409720641, -3.30202795096855e-06, -6.38887507436377e-07, -0.00863669926788306, -8.79789370405395e-09, 1.51855553127383e-05, -8.79789370405056e-09, 7.58678219706321e-09, -1.51855553127383e-05, -2.17897117439095e-09, -1.52086853323959e-09, -9.39920388059148e-05, 
595, 19, -2.36657347081407e-06, -0.0494408978161477, -2.3665734708171e-06, -7.69939668166397e-07, 0.0494408978161477, -3.28718682774837e-06, -5.0064475821379e-07, -0.00874082329252934, -2.3579241533672e-06, -0.0494560886291888, -2.35792415337025e-06, -7.7768320983463e-07, 0.0494560886291888, -3.28502788972147e-06, -4.9907910971877e-07, -0.00864681622772351, -8.64931745058399e-09, 1.51908130410417e-05, -8.64931745058441e-09, 7.74354168655489e-09, -1.51908130410417e-05, -2.1589380150666e-09, -1.56564845212705e-09, -9.40070648058402e-05, 
596, 0, -2.323590970029e-06, -0.0494413523162194, -2.3235909700316e-06, -8.92773714790946e-07, 0.0494413523162194, -3.25621282489216e-06, -6.72430623245163e-07, -0.00874095135444135, -2.31455843153217e-06, -0.0494565442498892, -2.3145584315352e-06, -9.00069272191768e-07, 0.0494565442498892, -3.25413761145715e-06, -6.7075434177414e-07, -0.00864694383005663, -9.03253852726977e-09, 1.51919336697338e-05, -9.03253852726977e-09, 7.29555740319746e-09, -1.51919336697338e-05, -2.07521342306504e-09, -1.6762814345647e-09, -9.40075243847217e-05, 
596, 10, -2.26733023865217e-06, -0.049417698354579, -2.26733023865521e-06, -8.03028200995854e-07, 0.049417698354579, -3.25153310033168e-06, -8.64578658450502e-07, -0.00873215070846402, -2.25830643688072e-06, -0.0494329086628531, -2.25830643688333e-06, -8.10325331517098e-07, 0.0494329086628531, -3.24943006874629e-06, -8.62907741112378e-07, -0.00863809526183705, -9.02380177758658e-09, 1.52103082740463e-05, -9.02380177758679e-09, 7.29713044972289e-09, -1.52103082740463e-05, -2.10303160228125e-09, -1.67091725795085e-09, -9.40554466269778e-05, 
596, 19, -2.31460361641389e-06, -0.0494426599053407, -2.31460361641693e-06, -8.85231362220049e-07, 0.0494426599053407, -3.24055899383786e-06, -7.03728244331109e-07, -0.00874279164424744, -2.30573889252071e-06, -0.0494578749647138, -2.30573889252374e-06, -8.92608989464917e-07, 0.0494578749647138, -3.23848703698594e-06, -7.02029107033285e-07, -0.00864872283347138, -8.86472390285633e-09, 1.52150593731108e-05, -8.86472390285633e-09, 7.37762722959407e-09, -1.52150593731108e-05, -2.07195681983282e-09, -1.69913726166789e-09, -9.40688107760525e-05, 
597, 0, -2.26585255015264e-06, -0.0494432331246398, -2.26585255015614e-06, -1.00568478378653e-06, 0.0494432331246398, -3.19953767889909e-06, -8.72833470760238e-07, -0.00874291530979094, -2.25662222548729e-06, -0.0494584493666657, -2.25662222548989e-06, -1.01260206181394e-06, 0.0494584493666657, -3.19755651379635e-06, -8.71028489975769e-07, -0.00864884607425462, -9.23032467902497e-09, 1.52162420259751e-05, -9.23032467902497e-09, 6.91727800039057e-09, -1.52162420259751e-05, -1.98116515028883e-09, -1.80498071527743e-09, -9.40692355362961e-05, 
597, 10, -2.21476331551257e-06, -0.0494327450665729, -2.21476331551563e-06, -9.23380636597201e-07, 0.0494327450665729, -3.19566035750926e-06, -1.08236221422422e-06, -0.00873458088386483, -2.20552006297414e-06, -0.0494479776166885, -2.20552006297677e-06, -9.30333322764214e-07, 0.0494479776166885, -3.1936464585603e-06, -1.08054656784986e-06, -0.00864046621358807, -9.24325255769321e-09, 1.52325501156816e-05, -9.24325255768664e-09, 6.952686178081e-09, -1.52325501156816e-05, -2.01389891601796e-09, -1.81564637391633e-09, -9.41146702767338e-05, 
597, 19, -2.25823441654388e-06, -0.0494574497882424, -2.25823441654693e-06, -1.00480977424661e-06, 0.0494574497882424, -3.19025341594988e-06, -9.01557270171871e-07, -0.00874548399289537, -2.24914411448666e-06, -0.0494726839856382, -2.24914411448974e-06, -1.01178947898145e-06, 0.0494726839856381, -3.18827956469979e-06, -8.9973251110895e-07, -0.00865135836032679, -9.09030207641885e-09, 1.52341973956285e-05, -9.09030207642245e-09, 6.97970479297135e-09, -1.52341973956285e-05, -1.97385120230766e-09, -1.82475910054651e-09, -9.41256325685598e-05, 
598, 0, -2.20335566368445e-06, -0.0494583926751523, -2.20335566368706e-06, -1.12257490339902e-06, 0.0494583926751523, -3.13938129770587e-06, -1.06799170128701e-06, -0.00874563796139391, -2.1939199586286e-06, -0.0494736280109343, -2.1939199586325e-06, -1.12908561595386e-06, 0.0494736280109343, -3.13750444845541e-06, -1.06606597502467e-06, -0.0086515120298067, -9.43570505726432e-09, 1.52353357819322e-05, -9.43570505726093e-09, 6.51071257388053e-09, -1.52353357819322e-05, -1.87684925925932e-09, -1.92572613106023e-09, -9.41259315872299e-05, 
598, 10, -2.15772378270044e-06, -0.049467013085556, -2.15772378270347e-06, -1.04133342677394e-06, 0.049467013085556, -3.13150696378609e-06, -1.27515504857714e-06, -0.00873853531743533, -2.14827713603837e-06, -0.0494822611179158, -2.14827713604143e-06, -1.04787685347798e-06, 0.0494822611179158, -3.12959742990973e-06, -1.27321407532611e-06, -0.00864436842445689, -9.44664668064092e-09, 1.52480323596462e-05, -9.44664668063753e-09, 6.54342673787116e-09, -1.52480323596462e-05, -1.90953387441301e-09, -1.9409734249338e-09, -9.41668929784104e-05, 
598, 19, -2.19585493236606e-06, -0.0494908057574901, -2.19585493236912e-06, -1.12501991402439e-06, 0.0494908057574901, -3.13251595996546e-06, -1.09658597242029e-06, -0.00874948822144793, -2.18653527431147e-06, -0.0495060500511134, -2.18653527431366e-06, -1.13159647256565e-06, 0.0495060500511134, -3.13064784542376e-06, -1.09464061256031e-06, -0.0086553137694509, -9.31965806936979e-09, 1.52442936235031e-05, -9.31965806937318e-09, 6.57655854914473e-09, -1.52442936235031e-05, -1.86811455500094e-09, -1.94535986525971e-09, -9.41744519970424e-05, 
599, 0, -2.13469206473016e-06, -0.049492205975025, -2.1346920647332e-06, -1.23966982229184e-06, 0.049492205975025, -3.07178561455913e-06, -1.2600615900191e-06, -0.0087496785845744, -2.12504721015207e-06, -0.0495074512801201, -2.12504721015512e-06, -1.24576722543569e-06, 0.0495074512801201, -3.0700204818357e-06, -1.25802031221802e-06, -0.00865550401462311, -9.64485457174504e-09, 1.52453050949219e-05, -9.64485457174504e-09, 6.0974031253682e-09, -1.52453050949219e-05, -1.76513265911399e-09, -2.04127778660017e-09, -9.41745699512978e-05, 
599, 10, -2.09543601627104e-06, -0.0495217650864566, -2.09543601627368e-06, -1.16266972637785e-06, 0.0495217650864566, -3.06154973106267e-06, -1.46426760929087e-06, -0.00874253052384549, -2.08578872195334e-06, -0.0495370177838582, -2.08578872195595e-06, -1.1688546850396e-06, 0.0495370177838582, -3.05974828100712e-06, -1.46219772201646e-06, -0.00864832154638501, -9.64729432631193e-09, 1.5252697401639e-05, -9.64729432630515e-09, 6.18495862478804e-09, -1.5252697401639e-05, -1.80145006744847e-09, -2.06988713441535e-09, -9.42089774604845e-05, 
599, 19, -2.12731275913885e-06, -0.0495447218260912, -2.12731275914146e-06, -1.2475590525893e-06, 0.0495447218260912, -3.06742851312272e-06, -1.29118694253672e-06, -0.00875350503889171, -2.117754930284e-06, -0.0495599626773608, -2.11775493028747e-06, -1.25371583708491e-06, 0.0495599626773608, -3.06567481075625e-06, -1.28912633785098e-06, -0.00865929335161493, -9.55782885940934e-09, 1.52408512700363e-05, -9.55782885940595e-09, 6.15678452427901e-09, -1.52408512700363e-05, -1.75370229578753e-09, -2.06060488777309e-09, -9.42116872767806e-05, 
