physical_step, pseudo_step, CL, CD, CFx, CFy, CFz, CMx, CMy, CMz, CLPressure, CDPressure, CFxPressure, CFyPressure, CFzPressure, CMxPressure, CMyPressure, CMzPressure, CLSkinFriction, CDSkinFriction, CFxSkinFriction, CFySkinFriction, CFzSkinFriction, CMxSkinFriction, CMySkinFriction, CMzSkinFriction, 
13800, 0, 1.68706759752579e-05, -0.0525187764671793, 1.68706759752551e-05, -4.0641045592156e-06, 0.0525187764671793, 4.8645517027297e-05, 2.25848003809434e-06, -0.00738822294827278, 1.69422713231224e-05, -0.0525322728706835, 1.69422713231187e-05, -4.13339971013938e-06, 0.0525322728706835, 4.86289641366482e-05, 2.25133309151559e-06, -0.00729537369947125, -7.1595347867015e-08, 1.34964035042907e-05, -7.15953478670151e-08, 6.92951509074558e-08, -1.34964035042907e-05, 1.6552890569784e-08, 7.14694664923631e-09, -9.28492488015198e-05, 
13800, 7, 1.64267603548834e-05, -0.052515948762133, 1.64267603548805e-05, -3.8087028754006e-06, 0.052515948762133, 4.84668677253971e-05, 2.70264560589277e-06, -0.00738812577257479, 1.64965860998053e-05, -0.0525294484785897, 1.64965860998022e-05, -3.88149509886803e-06, 0.0525294484785897, 4.84567079587317e-05, 2.69621777495972e-06, -0.00729526258775592, -6.98257449002992e-08, 1.34997164570536e-05, -6.98257449002994e-08, 7.27922235014443e-08, -1.34997164570536e-05, 1.01597665948822e-08, 6.42783091565049e-09, -9.2863184818841e-05, 
13801, 0, 1.62413813049837e-05, -0.0525157171294949, 1.62413813049808e-05, -3.67675108490408e-06, 0.0525157171294949, 4.84009152613469e-05, 2.92924419932088e-06, -0.00738822495343918, 1.6311306503698e-05, -0.0525292150154982, 1.63113065036949e-05, -3.74845142965093e-06, 0.0525292150154982, 4.83907563552428e-05, 2.92273849260907e-06, -0.00729536599334705, -6.99251987521866e-08, 1.34978860034355e-05, -6.99251987521833e-08, 7.17003447610349e-08, -1.34978860034355e-05, 1.01589060547142e-08, 6.50570661593808e-09, -9.2858960092132e-05, 
13801, 7, 1.59783818086855e-05, -0.0525143487032963, 1.59783818086824e-05, -3.38198656356904e-06, 0.0525143487032963, 4.8535584365855e-05, 3.28357883295943e-06, -0.00738878424343173, 1.60526219751092e-05, -0.052527846521607, 1.60526219751057e-05, -3.45102592633362e-06, 0.052527846521607, 4.85284077719806e-05, 3.27689372939498e-06, -0.00729592544880764, -7.42401664022583e-08, 1.34978183105192e-05, -7.42401664022581e-08, 6.90393627654099e-08, -1.34978183105192e-05, 7.17659390686386e-09, 6.68510355736449e-09, -9.2858794624097e-05, 
13802, 0, 1.57601051374802e-05, -0.0525132277490415, 1.57601051374767e-05, -3.19428427542993e-06, 0.0525132277490415, 4.8419559073303e-05, 3.53394589233579e-06, -0.00738863271227933, 1.58332035376221e-05, -0.0525267237833148, 1.58332035376188e-05, -3.26404771130181e-06, 0.0525267237833148, 4.84118418379675e-05, 3.52716382078817e-06, -0.00729577873878801, -7.30984001499222e-08, 1.34960342730579e-05, -7.30984001499258e-08, 6.97634358409058e-08, -1.34960342730579e-05, 7.71723524371251e-09, 6.78207166536235e-09, -9.28539734912988e-05, 
13802, 7, 1.56156381765307e-05, -0.0525106595211926, 1.56156381765272e-05, -2.79377499989913e-06, 0.0525106595211926, 4.86645130081295e-05, 3.93781466853787e-06, -0.00738880692654315, 1.5686122111461e-05, -0.0525241558624457, 1.56861221114578e-05, -2.86530368532585e-06, 0.0525241558624457, 4.86563601177583e-05, 3.93003540119997e-06, -0.00729594332313472, -7.04839349102525e-08, 1.3496341252998e-05, -7.04839349102525e-08, 7.15286854311048e-08, -1.3496341252998e-05, 8.15289037997474e-09, 7.77926740891779e-09, -9.28636034084291e-05, 
13803, 0, 1.54231770724527e-05, -0.0525085203245259, 1.54231770724503e-05, -2.56957370054762e-06, 0.0525085203245259, 4.85235846142503e-05, 4.20863020800379e-06, -0.00738836872501627, 1.54910968604101e-05, -0.0525220134866537, 1.54910968604075e-05, -2.6402519959434e-06, 0.0525220134866537, 4.85140103405019e-05, 4.20046834102844e-06, -0.00729550698820486, -6.79197879305415e-08, 1.34931621279741e-05, -6.79197879305345e-08, 7.06782953789511e-08, -1.34931621279741e-05, 9.57427379164807e-09, 8.16186703251405e-09, -9.2861736811408e-05, 
13803, 7, 1.53120927490012e-05, -0.0525053629383242, 1.53120927489977e-05, -2.07881484537512e-06, 0.0525053629383242, 4.87688475779826e-05, 4.69081544404744e-06, -0.00738813113633594, 1.53708621600197e-05, -0.0525188605124627, 1.53708621600162e-05, -2.15575236112354e-06, 0.0525188605124627, 4.87607839163723e-05, 4.6808740509973e-06, -0.00729526497205015, -5.87694110184835e-08, 1.34975741386623e-05, -5.87694110184867e-08, 7.69375157360732e-08, -1.34975741386623e-05, 8.063661610749e-09, 9.94139300185947e-09, -9.28661642857862e-05, 
13804, 0, 1.5167054020025e-05, -0.0525027233735963, 1.51670540200215e-05, -1.85148621716422e-06, 0.0525027233735963, 4.86396158557274e-05, 4.96657522683565e-06, -0.00738756813826026, 1.52235493060882e-05, -0.0525162188466822, 1.52235493060847e-05, -1.92809806270494e-06, 0.0525162188466822, 4.86305151883424e-05, 4.95632889101532e-06, -0.00729470381669234, -5.64952860662767e-08, 1.34954730861928e-05, -5.64952860662732e-08, 7.66118455344089e-08, -1.34954730861928e-05, 9.10066735043885e-09, 1.02463358650657e-08, -9.28643215679354e-05, 
13804, 7, 1.49549325494981e-05, -0.0524999472894747, 1.49549325494948e-05, -1.38151507915693e-06, 0.0524999472894747, 4.88495684864807e-05, 5.43231737881326e-06, -0.00738715878441534, 1.50112626889184e-05, -0.0525134540693291, 1.5011262688915e-05, -1.46047423061087e-06, 0.0525134540693291, 4.88439049161871e-05, 5.4211257891295e-06, -0.00729428391871854, -5.63301394377063e-08, 1.35067798545217e-05, -5.63301394377097e-08, 7.89591514236104e-08, -1.35067798545217e-05, 5.66357024697518e-09, 1.11915898026496e-08, -9.28748656967911e-05, 
13805, 0, 1.48303361475964e-05, -0.0524971802409037, 1.48303361475935e-05, -1.18774962293546e-06, 0.0524971802409037, 4.87420035994687e-05, 5.67342274394397e-06, -0.00738656929000067, 1.48862926310321e-05, -0.052510686306228, 1.48862926310293e-05, -1.26658662434047e-06, 0.052510686306228, 4.87363231059915e-05, 5.66221610178503e-06, -0.00729369769792426, -5.59564834638851e-08, 1.35060653240737e-05, -5.59564834638851e-08, 7.88370014312211e-08, -1.35060653240737e-05, 5.68049342729889e-09, 1.12066422511434e-08, -9.28715920763902e-05, 
13805, 7, 1.44498990857888e-05, -0.0524953720316382, 1.44498990857858e-05, -8.33770261670339e-07, 0.0524953720316382, 4.89576233645409e-05, 5.97605609039344e-06, -0.00738630050835009, 1.45030106947968e-05, -0.0525088842988478, 1.45030106947933e-05, -9.13859220193461e-07, 0.0525088842988478, 4.89568305994191e-05, 5.9642666741161e-06, -0.00729341600012879, -5.31116089928368e-08, 1.35122672096928e-05, -5.31116089928333e-08, 8.00889585375988e-08, -1.35122672096928e-05, 7.92765134566442e-10, 1.17894162103786e-08, -9.28845082213054e-05, 
13806, 0, 1.43044510000244e-05, -0.0524927487030393, 1.43044510000211e-05, -7.01665943930421e-07, 0.0524927487030393, 4.88729813815583e-05, 6.1317449069201e-06, -0.00738578619910317, 1.43591463504598e-05, -0.0525062598008086, 1.43591463504562e-05, -7.81849030103078e-07, 0.0525062598008086, 4.88727491088397e-05, 6.12057344486138e-06, -0.00729290366952331, -5.46953504490396e-08, 1.35110977694798e-05, -5.46953504490396e-08, 8.01830861596598e-08, -1.35110977694798e-05, 2.32272583198631e-10, 1.11714620507675e-08, -9.2882529579837e-05, 
13806, 7, 1.38002197343697e-05, -0.0524920846014523, 1.38002197343664e-05, -4.93477176150296e-07, 0.0524920846014523, 4.91757987784962e-05, 6.13990331015847e-06, -0.00738592675672623, 1.38505719609077e-05, -0.0525056028369175, 1.38505719609045e-05, -5.76249329096664e-07, 0.0525056028369175, 4.91772961993121e-05, 6.12817121469461e-06, -0.00729302093198666, -5.03522265178625e-08, 1.35182354652422e-05, -5.03522265178657e-08, 8.27721530024193e-08, -1.35182354652422e-05, -1.49742077950027e-09, 1.17320952311596e-08, -9.29058247395477e-05, 
13807, 0, 1.36219708856548e-05, -0.0524897927975746, 1.36219708856511e-05, -4.47986128983327e-07, 0.0524897927975746, 4.91227513840797e-05, 6.15826136847236e-06, -0.007385584300133, 1.36716149712573e-05, -0.0525033110979359, 1.36716149712536e-05, -5.30870912000373e-07, 0.0525033110979359, 4.91239815015766e-05, 6.14649510503329e-06, -0.00729268309015608, -4.96440855675247e-08, 1.35183003615198e-05, -4.96440855675281e-08, 8.28847830433882e-08, -1.35183003615198e-05, -1.23011758932809e-09, 1.17662634340492e-08, -9.29012099769176e-05, 
13807, 7, 1.3097327305574e-05, -0.0524899827026764, 1.30973273055707e-05, -3.96148795561367e-07, 0.0524899827026764, 4.95866585249907e-05, 5.76391410145302e-06, -0.00738617285873494, 1.31456711622085e-05, -0.0525035073127858, 1.3145671162205e-05, -4.73069640404107e-07, 0.0525035073127858, 4.95899526411649e-05, 5.75402005404996e-06, -0.00729326276096066, -4.83438566576936e-08, 1.35246101093609e-05, -4.83438566576969e-08, 7.69208448763846e-08, -1.35246101093609e-05, -3.29411622718478e-09, 9.89404738739859e-09, -9.2910097774252e-05, 
13808, 0, 1.29113283463019e-05, -0.0524880177600243, 1.29113283462986e-05, -4.69681565002419e-07, 0.0524880177600243, 4.95803351420951e-05, 5.56303306246018e-06, -0.00738603683315416, 1.29600502098554e-05, -0.0525015413471121, 1.29600502098523e-05, -5.46128019686647e-07, 0.0525015413471121, 4.95833612570948e-05, 5.55329018928261e-06, -0.00729312904663913, -4.87218635561775e-08, 1.35235870878479e-05, -4.87218635561772e-08, 7.64464546899244e-08, -1.35235870878479e-05, -3.0261149841683e-09, 9.74287327468686e-09, -9.29077865150723e-05, 
13808, 7, 1.24474789640668e-05, -0.0524884619283045, 1.24474789640634e-05, -6.08443012504999e-07, 0.0524884619283045, 5.02884220507944e-05, 4.64617966791701e-06, -0.00738692015553147, 1.24891598970427e-05, -0.052501989376853, 1.24891598970386e-05, -6.9053340301384e-07, 0.052501989376853, 5.0289008190729e-05, 4.63873958695781e-06, -0.00729398345003261, -4.1680932983647e-08, 1.35274485482185e-05, -4.16809329836536e-08, 8.20903905094053e-08, -1.35274485482185e-05, -5.86139953761855e-10, 7.44008097467008e-09, -9.29367054988408e-05, 
13809, 0, 1.23755203813846e-05, -0.0524877055067948, 1.23755203813809e-05, -6.91300264629566e-07, 0.0524877055067948, 5.03322431625074e-05, 4.4423890766379e-06, -0.00738695856823305, 1.24154905472201e-05, -0.052501231349013, 1.24154905472173e-05, -7.73664317309586e-07, 0.052501231349013, 5.03319059248796e-05, 4.43479271960266e-06, -0.00729402250519561, -3.99701658383025e-08, 1.35258422181168e-05, -3.99701658383023e-08, 8.23640526757532e-08, -1.35258422181168e-05, 3.37237625244283e-10, 7.59635707546756e-09, -9.29360630374714e-05, 
13809, 7, 1.20238592009626e-05, -0.0524869352101012, 1.20238592009596e-05, -1.17560032297501e-06, 0.0524869352101012, 5.12450506058095e-05, 2.96371047082592e-06, -0.00738780368722253, 1.20569313792138e-05, -0.0525004693127189, 1.20569313792107e-05, -1.26276626776802e-06, 0.0525004693127189, 5.12425393551386e-05, 2.95860959771205e-06, -0.00729483513253397, -3.30721782295209e-08, 1.35341026175585e-05, -3.3072178229521e-08, 8.7165944830191e-08, -1.35341026175585e-05, 2.51125073973723e-09, 5.10087295020497e-09, -9.29685546885543e-05, 
13810, 0, 1.20170444046318e-05, -0.0524867825427387, 1.2017044404629e-05, -1.21593738478244e-06, 0.0524867825427387, 5.13038398308274e-05, 2.91795614922699e-06, -0.00738782987493116, 1.20513731332805e-05, -0.05250031494252, 1.20513731332772e-05, -1.30175180544496e-06, 0.05250031494252, 5.13012037695991e-05, 2.91299981429444e-06, -0.00729486738930869, -3.43287286642623e-08, 1.35323997810603e-05, -3.43287286642555e-08, 8.58144206737996e-08, -1.35323997810603e-05, 2.6360611079552e-09, 4.95633499581978e-09, -9.29624856225283e-05, 
13810, 7, 1.18666163995907e-05, -0.0524853163553388, 1.18666163995877e-05, -1.99834770111426e-06, 0.0524853163553388, 5.22748977703791e-05, 1.06547181534928e-06, -0.00738869365944716, 1.19143266457313e-05, -0.0524988658525497, 1.19143266457282e-05, -2.07607536541877e-06, 0.0524988658525497, 5.22766008863178e-05, 1.06366625203525e-06, -0.00729570107031676, -4.77102461250246e-08, 1.35494972112638e-05, -4.77102461250312e-08, 7.77276642747848e-08, -1.35494972112638e-05, -1.70311598762976e-09, 1.80556333102137e-09, -9.29925891303781e-05, 
13811, 0, 1.18921820640014e-05, -0.0524850148790393, 1.18921820639982e-05, -2.08274124546349e-06, 0.0524850148790394, 5.23724674724365e-05, 9.60057567511663e-07, -0.00738871890427647, 1.19418690438356e-05, -0.0524985629644544, 1.19418690438323e-05, -2.16018492458725e-06, 0.0524985629644544, 5.23737652622232e-05, 9.58625931031703e-07, -0.00729573030259441, -4.96869798256728e-08, 1.35480854150886e-05, -4.96869798256697e-08, 7.74436790893809e-08, -1.35480854150886e-05, -1.29778976060542e-09, 1.43163643793092e-09, -9.2988601682051e-05, 
13811, 7, 1.20289551682033e-05, -0.0524832641517547, 1.20289551682e-05, -2.90751130367225e-06, 0.0524832641517547, 5.33597160350661e-05, -5.06251637563348e-07, -0.00738938425014063, 1.20787753896617e-05, -0.0524968204985523, 1.20787753896584e-05, -2.98439160840356e-06, 0.0524968204985523, 5.33581645608642e-05, -5.07419029236316e-07, -0.00729637890873394, -4.98202214692553e-08, 1.3556346797457e-05, -4.98202214692585e-08, 7.68803047235426e-08, -1.3556346797457e-05, 1.5514742127939e-09, 1.16739166126666e-09, -9.30053414067197e-05, 
13812, 0, 1.20658552997837e-05, -0.0524828783229504, 1.20658552997806e-05, -3.01350039810985e-06, 0.0524828783229505, 5.34872954653539e-05, -6.46757525315664e-07, -0.00738944707310124, 1.21167128040802e-05, -0.0524964337034954, 1.21167128040769e-05, -3.08966823875488e-06, 0.0524964337034954, 5.34856244527124e-05, -6.48131830398027e-07, -0.00729644709062886, -5.0857504298384e-08, 1.35553805449388e-05, -5.08575042983805e-08, 7.61678406329146e-08, -1.35553805449388e-05, 1.67101259664239e-09, 1.37430515358881e-09, -9.29999824723901e-05, 
13812, 7, 1.21954351836543e-05, -0.052481448361401, 1.21954351836511e-05, -3.62793336586478e-06, 0.052481448361401, 5.4300773880253e-05, -1.54849835869923e-06, -0.00739015437986437, 1.22572770848193e-05, -0.0524950090089244, 1.22572770848163e-05, -3.70094264594582e-06, 0.0524950090089244, 5.42992050748279e-05, -1.5495341863777e-06, -0.00729715333095323, -6.18419011717718e-08, 1.35606475233342e-05, -6.18419011717717e-08, 7.30092800728574e-08, -1.35606475233342e-05, 1.56880539484013e-09, 1.03582761709415e-09, -9.3001048911164e-05, 
13813, 0, 1.22337532029704e-05, -0.0524809558743467, 1.22337532029673e-05, -3.7405801476935e-06, 0.0524809558743467, 5.44649651318977e-05, -1.74479087522266e-06, -0.00739027107997375, 1.229660490173e-05, -0.052494514438097, 1.22966049017265e-05, -3.8127323481299e-06, 0.052494514438097, 5.44644737373962e-05, -1.74634731213949e-06, -0.00729727426261476, -6.28516987664463e-08, 1.35585637502596e-05, -6.28516987664465e-08, 7.2152200391242e-08, -1.35585637502596e-05, 4.91394473587135e-10, 1.55643714432362e-09, -9.29968173590035e-05, 
13813, 7, 1.22746867525374e-05, -0.0524799687430839, 1.22746867525341e-05, -4.20503567118613e-06, 0.052479968743084, 5.50921194428532e-05, -2.37341528522274e-06, -0.00739114386279865, 1.23357939984915e-05, -0.0524935285421391, 1.23357939984882e-05, -4.27638838782511e-06, 0.0524935285421391, 5.50941331051637e-05, -2.37716617463964e-06, -0.00729813362554608, -6.11072459563758e-08, 1.35597990552414e-05, -6.11072459563689e-08, 7.13527166342013e-08, -1.35597990552414e-05, -2.01366228406932e-09, 3.75088936366618e-09, -9.30102372525648e-05, 
13814, 0, 1.23088726786588e-05, -0.0524793406374028, 1.23088726786554e-05, -4.29787765741427e-06, 0.0524793406374028, 5.52740604175432e-05, -2.63031310158636e-06, -0.00739131146580531, 1.23687072149826e-05, -0.0524928986265035, 1.23687072149795e-05, -4.36928347335304e-06, 0.0524928986265035, 5.52760299387995e-05, -2.63466775288687e-06, -0.00729830504727327, -5.98345363421558e-08, 1.3557989100517e-05, -5.98345363421625e-08, 7.14058159471216e-08, -1.3557989100517e-05, -1.96952128579802e-09, 4.35465138075802e-09, -9.3006418532047e-05, 
13814, 7, 1.22621910330308e-05, -0.0524789087069176, 1.22621910330273e-05, -4.802545371935e-06, 0.0524789087069176, 5.558933345068e-05, -3.17106749433099e-06, -0.00739232694474168, 1.23232296215398e-05, -0.0524924680836304, 1.23232296215363e-05, -4.87927878784577e-06, 0.0524924680836304, 5.55903684546051e-05, -3.17525303419359e-06, -0.0072993128033736, -6.10385885193627e-08, 1.35593767131665e-05, -6.10385885193628e-08, 7.67334159277409e-08, -1.35593767131665e-05, -1.03500384665823e-09, 4.18553989436723e-09, -9.30141413680781e-05, 
13815, 0, 1.22811637109054e-05, -0.0524780986227129, 1.22811637109021e-05, -4.84789081898974e-06, 0.0524780986227129, 5.57202840405326e-05, -3.44988307158051e-06, -0.00739253890298978, 1.23436097247908e-05, -0.0524916562665951, 1.23436097247875e-05, -4.92203121242009e-06, 0.0524916562665951, 5.57217738517998e-05, -3.45401797485359e-06, -0.00729952568062306, -6.24460138848289e-08, 1.35576438822454e-05, -6.24460138848289e-08, 7.41403933838259e-08, -1.35576438822454e-05, -1.48981131409655e-09, 4.13490315894454e-09, -9.30132223667208e-05, 
13815, 7, 1.21109405300413e-05, -0.0524780182548214, 1.2110940530038e-05, -5.43345861672006e-06, 0.0524780182548214, 5.55985557148653e-05, -3.91205742199257e-06, -0.00739357496185052, 1.21671614713166e-05, -0.052491579748554, 1.21671614713139e-05, -5.50841089834834e-06, 0.052491579748554, 5.56003120103317e-05, -3.91363185141569e-06, -0.00730055339051131, -5.62209412866094e-08, 1.35614937325682e-05, -5.62209412866127e-08, 7.49522816096182e-08, -1.35614937325682e-05, -1.75629550794629e-09, 1.57442946869352e-09, -9.30215713392029e-05, 
13816, 0, 1.21235489479957e-05, -0.0524769248303397, 1.2123548947992e-05, -5.41155920082463e-06, 0.0524769248303397, 5.56506073999153e-05, -4.14728124931538e-06, -0.00739377626430758, 1.2181445988706e-05, -0.0524904846050429, 1.21814459887021e-05, -5.48625562568545e-06, 0.0524904846050429, 5.56530765907117e-05, -4.14854730256982e-06, -0.00730075584219419, -5.78970407124056e-08, 1.35597747030392e-05, -5.78970407124056e-08, 7.46964248272574e-08, -1.35597747030392e-05, -2.46919081338489e-09, 1.26605314790625e-09, -9.30204221134067e-05, 
13816, 7, 1.18588262201783e-05, -0.0524766037150308, 1.18588262201754e-05, -5.89380166813164e-06, 0.0524766037150308, 5.56016793819558e-05, -4.35003263999164e-06, -0.00739465285443645, 1.19258915564713e-05, -0.0524901707933864, 1.19258915564682e-05, -5.96683658496628e-06, 0.0524901707933865, 5.5607609135587e-05, -4.34606797092793e-06, -0.00730161302084802, -6.70653362742812e-08, 1.35670783554422e-05, -6.70653362742812e-08, 7.30349168380074e-08, -1.35670783554422e-05, -5.92975365321739e-09, -3.96466899212833e-09, -9.30398335884614e-05, 
13817, 0, 1.19091274346953e-05, -0.0524750860626973, 1.19091274346918e-05, -5.80203789672391e-06, 0.0524750860626973, 5.57305206829078e-05, -4.46587003611485e-06, -0.00739476212671788, 1.19782201166624e-05, -0.0524886525059593, 1.19782201166592e-05, -5.87499263889335e-06, 0.0524886525059593, 5.57370877716325e-05, -4.46159387917319e-06, -0.00730172407975889, -6.9092681958137e-08, 1.35664432618835e-05, -6.9092681958137e-08, 7.29547421506885e-08, -1.35664432618835e-05, -6.56708870671069e-09, -4.2761570842566e-09, -9.30380469589587e-05, 
13817, 7, 1.18798349726013e-05, -0.0524739214035749, 1.18798349725982e-05, -5.89808889669216e-06, 0.0524739214035749, 5.64056621967948e-05, -4.10139958806447e-06, -0.00739537897162924, 1.19406537733047e-05, -0.0524875016884238, 1.19406537733015e-05, -5.9703887202801e-06, 0.0524875016884238, 5.64145147387566e-05, -4.09493189597621e-06, -0.00730231938890187, -6.08188007134955e-08, 1.35802848489678e-05, -6.08188007134956e-08, 7.2299823609056e-08, -1.35802848489678e-05, -8.85254198125793e-09, -6.46769225812344e-09, -9.3059582727358e-05, 
13818, 0, 1.20572556635152e-05, -0.0524717988737002, 1.20572556635122e-05, -5.72195224081688e-06, 0.0524717988737002, 5.68371424617592e-05, -4.0118806175835e-06, -0.00739532481680696, 1.21174599884136e-05, -0.0524853776040604, 1.21174599884108e-05, -5.79410252920251e-06, 0.0524853776040604, 5.68456802589453e-05, -4.00559833229424e-06, -0.0073022654634552, -6.02043248744163e-08, 1.3578730360085e-05, -6.0204324874413e-08, 7.21502884129828e-08, -1.3578730360085e-05, -8.53779718610638e-09, -6.28228534549656e-09, -9.30593533517774e-05, 
13818, 7, 1.25160412363879e-05, -0.0524696460492517, 1.25160412363846e-05, -5.24294014525943e-06, 0.0524696460492517, 5.83922912329542e-05, -2.69100339627419e-06, -0.00739563835181262, 1.25879456551801e-05, -0.0524832432505234, 1.25879456551766e-05, -5.31424775504151e-06, 0.0524832432505234, 5.8403742988806e-05, -2.68436224062349e-06, -0.00730255382384841, -7.19044187906605e-08, 1.35972012718053e-05, -7.19044187906606e-08, 7.13076097643914e-08, -1.35972012718053e-05, -1.14517558102216e-08, -6.64115561103922e-09, -9.30845279641853e-05, 
13819, 0, 1.29057964231798e-05, -0.0524668521073245, 1.29057964231758e-05, -4.93704858467521e-06, 0.0524668521073245, 5.92012431965717e-05, -2.2670226691535e-06, -0.00739539196137502, 1.29801578335467e-05, -0.0524804482279985, 1.29801578335434e-05, -5.0067856618751e-06, 0.0524804482279985, 5.92130389157699e-05, -2.26033730218863e-06, -0.00730230675409683, -7.43614103802137e-08, 1.35961206737622e-05, -7.43614103802069e-08, 6.97370771716974e-08, -1.35961206737622e-05, -1.17957191587497e-08, -6.68536687373529e-09, -9.30852072782198e-05, 
13819, 7, 1.38165755456027e-05, -0.0524641409799629, 1.38165755455994e-05, -3.84183851369687e-06, 0.0524641409799629, 6.12581898949464e-05, 3.64433953960386e-08, -0.00739541444814699, 1.38642118381301e-05, -0.0524777581159477, 1.38642118381272e-05, -3.91066795244584e-06, 0.0524777581159478, 6.12631998239023e-05, 3.51946634516999e-08, -0.00730230374401033, -4.76362925271677e-08, 1.36171359851503e-05, -4.76362925271709e-08, 6.88294387615617e-08, -1.36171359851503e-05, -5.00992891053691e-09, 1.24873192155348e-09, -9.31107041366601e-05, 
13820, 0, 1.44008557480369e-05, -0.0524608394257007, 1.44008557480339e-05, -3.36612294686914e-06, 0.0524608394257007, 6.23493378447541e-05, 8.27814710744181e-07, -0.00739498939026975, 1.44484281453205e-05, -0.0524744561287325, 1.44484281453173e-05, -3.43450844116564e-06, 0.0524744561287325, 6.23537769955207e-05, 8.26098923664093e-07, -0.00730188007599054, -4.7572397265543e-08, 1.36167030317044e-05, -4.7572397265543e-08, 6.83854942836605e-08, -1.36167030317044e-05, -4.43915077148368e-09, 1.71578709873911e-09, -9.31093142792117e-05, 
13820, 7, 1.52648478823284e-05, -0.0524584356473626, 1.52648478823254e-05, -1.96778042901253e-06, 0.0524584356473626, 6.41787601021052e-05, 3.33055537921301e-06, -0.00739486848090468, 1.5314631623797e-05, -0.0524720806995286, 1.5314631623794e-05, -2.0263090234685e-06, 0.0524720806995286, 6.41795912152721e-05, 3.31910086735563e-06, -0.00730173552599948, -4.97837414880167e-08, 1.36450521658676e-05, -4.97837414880166e-08, 5.85285944602563e-08, -1.36450521658676e-05, -8.31113081213111e-10, 1.14545117875153e-08, -9.31329549052011e-05, 
13821, 0, 1.58793691675127e-05, -0.0524550121409899, 1.58793691675092e-05, -1.3914408581175e-06, 0.0524550121409899, 6.53023185110472e-05, 4.2997539750005e-06, -0.00739433189465626, 1.59294131788194e-05, -0.0524686565881357, 1.59294131788157e-05, -1.44977980082888e-06, 0.0524686565881357, 6.5303210541344e-05, 4.28810591281902e-06, -0.00730120118722954, -5.00440113151991e-08, 1.3644447145726e-05, -5.00440113152023e-08, 5.8338942750072e-08, -1.3644447145726e-05, -8.92030291892651e-10, 1.16480620013534e-08, -9.31307074267286e-05, 
13821, 7, 1.63837926515131e-05, -0.0524536462604577, 1.63837926515096e-05, -1.20619523501142e-07, 0.0524536462604577, 6.63474820296395e-05, 6.06459391254007e-06, -0.00739430149179602, 1.64309431440092e-05, -0.0524673068429022, 1.64309431440061e-05, -1.87854629598117e-07, 0.0524673068429022, 6.63443469146377e-05, 6.04716556371008e-06, -0.00730115625930177, -4.71504924856973e-08, 1.36605824448092e-05, -4.71504924856973e-08, 6.72351061277253e-08, -1.36605824448092e-05, 3.13511488869689e-09, 1.74283487663985e-08, -9.31452324942463e-05, 
13822, 0, 1.6866920395087e-05, -0.0524504836516207, 1.68669203950837e-05, 4.27218392363334e-07, 0.0524504836516207, 6.72673268073703e-05, 6.92218844464819e-06, -0.00739376688058554, 1.69134942265652e-05, -0.0524641436575544, 1.69134942265624e-05, 3.60236004823617e-07, 0.0524641436575544, 6.72641836899137e-05, 6.90446091322842e-06, -0.00730062302456012, -4.65738314703234e-08, 1.36600059337799e-05, -4.65738314703267e-08, 6.69823875292331e-08, -1.36600059337799e-05, 3.14311755204429e-09, 1.77275314168935e-08, -9.31438560254068e-05, 
13822, 7, 1.70022347754127e-05, -0.0524503245693843, 1.70022347754099e-05, 1.22120474833546e-06, 0.0524503245693843, 6.74288602178184e-05, 7.36361290630582e-06, -0.00739410796163935, 1.70289285632361e-05, -0.052463997544718, 1.70289285632324e-05, 1.15038908040136e-06, 0.052463997544718, 6.74268224554481e-05, 7.34234779232624e-06, -0.00730094371362165, -2.6693787812625e-08, 1.36729753339954e-05, -2.66937878126219e-08, 7.08156679481584e-08, -1.36729753339954e-05, 2.03776229016067e-09, 2.12651138806239e-08, -9.31642480176965e-05, 
13823, 0, 1.72761307318577e-05, -0.052447626032696, 1.7276130731854e-05, 1.61117195535816e-06, 0.052447626032696, 6.80256258235854e-05, 7.84658793575096e-06, -0.00739369825506309, 1.73039275057719e-05, -0.0524612984655311, 1.73039275057689e-05, 1.53990653876485e-06, 0.0524612984655311, 6.80238942061721e-05, 7.82554962992582e-06, -0.00730053603484822, -2.77967739140922e-08, 1.36724328350855e-05, -2.77967739140923e-08, 7.12654166048458e-08, -1.36724328350855e-05, 1.73161748080294e-09, 2.10383058002502e-08, -9.31622202148851e-05, 
13823, 7, 1.71572670213932e-05, -0.0524482973171916, 1.71572670213897e-05, 1.72895190527155e-06, 0.0524482973171916, 6.7635120230686e-05, 6.88922300053053e-06, -0.00739450688245851, 1.71888016069763e-05, -0.0524619794897009, 1.71888016069735e-05, 1.64544722315059e-06, 0.0524619794897009, 6.76400458351107e-05, 6.87409280348379e-06, -0.00730131811809403, -3.15345855868979e-08, 1.36821725093997e-05, -3.15345855868947e-08, 8.35046821314693e-08, -1.36821725093997e-05, -4.92560449172655e-09, 1.51301970696754e-08, -9.31887643644737e-05, 
13824, 0, 1.72076762288221e-05, -0.052445995251895, 1.72076762288193e-05, 1.83428685923063e-06, 0.052445995251895, 6.79269675047784e-05, 6.8754917432942e-06, -0.00739428763092406, 1.72356944971178e-05, -0.0524596764341315, 1.72356944971147e-05, 1.74986307700676e-06, 0.0524596764341315, 6.79307681519592e-05, 6.86003062253736e-06, -0.00730109972851748, -2.80182683228947e-08, 1.36811822366936e-05, -2.80182683228982e-08, 8.44237822291582e-08, -1.36811822366936e-05, -3.80064715956586e-09, 1.54611208286472e-08, -9.31879024065629e-05, 
13824, 7, 1.70780961892529e-05, -0.052446615433919, 1.70780961892494e-05, 1.38713107295149e-06, 0.052446615433919, 6.73919451464304e-05, 5.07726795153691e-06, -0.00739540978232085, 1.70973090229521e-05, -0.0524603005089966, 1.70973090229492e-05, 1.28266821485671e-06, 0.0524603005089966, 6.73966613167351e-05, 5.07021538437023e-06, -0.00730220320425781, -1.92128336768937e-08, 1.36850750775928e-05, -1.92128336768973e-08, 1.0446285812882e-07, -1.36850750775928e-05, -4.71617030918376e-09, 7.05256720504053e-09, -9.32065780630449e-05, 
13825, 0, 1.69381135338264e-05, -0.0524443777753212, 1.69381135338235e-05, 1.18158474070249e-06, 0.0524443777753212, 6.74319583426828e-05, 4.64646886578931e-06, -0.00739535279795783, 1.6958256721762e-05, -0.052458062531874, 1.69582567217587e-05, 1.07675404885331e-06, 0.052458062531874, 6.74369765234552e-05, 4.63980596937343e-06, -0.0073021476818064, -2.01431879234357e-08, 1.36847565529805e-05, -2.01431879234391e-08, 1.0483069184946e-07, -1.36847565529805e-05, -5.01818081504239e-09, 6.66289638011078e-09, -9.32051161513924e-05, 
13825, 7, 1.69378143823793e-05, -0.0524442299528524, 1.69378143823767e-05, 6.00734071350187e-07, 0.0524442299528524, 6.66603464826138e-05, 2.92203479510722e-06, -0.00739641781519654, 1.69464839023491e-05, -0.052457921004112, 1.69464839023458e-05, 4.80498952053496e-07, 0.052457921004112, 6.66674184931508e-05, 2.92557310602273e-06, -0.00730318370932382, -8.66951995427709e-09, 1.36910512597981e-05, -8.66951995428059e-09, 1.20235119312874e-07, -1.36910512597981e-05, -7.07201049864666e-09, -3.5383108639662e-09, -9.32341058727135e-05, 
13826, 0, 1.66951005737472e-05, -0.0524417044354208, 1.66951005737443e-05, 1.96958520352648e-07, 0.0524417044354208, 6.64044907264512e-05, 2.332938493417e-06, -0.00739639511253606, 1.67033022075562e-05, -0.0524553944165527, 1.67033022075527e-05, 7.57868893066576e-08, 0.0524553944165527, 6.64113130339184e-05, 2.33657672125358e-06, -0.00730316162112892, -8.20163377616781e-09, 1.36899811318775e-05, -8.20163377616104e-09, 1.21171631038477e-07, -1.36899811318775e-05, -6.8223074594709e-09, -3.63822781043387e-09, -9.32334914071365e-05, 
13826, 7, 1.66669048502355e-05, -0.0524404994899184, 1.66669048502324e-05, -1.60381791927857e-07, 0.0524404994899184, 6.49826804162598e-05, 1.24816360258513e-06, -0.00739698578675487, 1.66721579848772e-05, -0.0524541987946877, 1.66721579848741e-05, -2.8231739972158e-07, 0.0524541987946877, 6.49927441540513e-05, 1.25729153116886e-06, -0.00730373142590599, -5.25313464333456e-09, 1.36993047694234e-05, -5.25313464332757e-09, 1.21935607828697e-07, -1.36993047694234e-05, -1.00637377943822e-08, -9.12792861849557e-09, -9.32543608488863e-05, 
13827, 0, 1.63428326932571e-05, -0.0524374704848115, 1.63428326932541e-05, -6.01610605198917e-07, 0.0524374704848115, 6.43203864745369e-05, 7.29543424929536e-07, -0.00739684354392307, 1.63479825403426e-05, -0.0524511699028142, 1.63479825403395e-05, -7.24510801929526e-07, 0.0524511699028142, 6.43306622829106e-05, 7.39003189794736e-07, -0.00730359085051353, -5.14984708150184e-09, 1.36994180026846e-05, -5.14984708150174e-09, 1.22900196737061e-07, -1.36994180026846e-05, -1.02758083371967e-08, -9.45976490326619e-09, -9.32526934095311e-05, 
13827, 7, 1.59635728272962e-05, -0.0524354153808378, 1.59635728272936e-05, -6.69431244665152e-07, 0.0524354153808378, 6.22084629009734e-05, 2.99715344951749e-07, -0.0073969005302642, 1.59631397437037e-05, -0.0524491336141801, 1.59631397437004e-05, -7.92379186019664e-07, 0.0524491336141801, 6.2223155586068e-05, 3.07039600700058e-07, -0.00730361290809593, 4.33083588378784e-10, 1.37182333424091e-05, 4.33083588382171e-10, 1.22947941387504e-07, -1.37182333424091e-05, -1.46926851195698e-08, -7.32425580868441e-09, -9.32876221682829e-05, 
13828, 0, 1.55402750180124e-05, -0.0524319298431279, 1.55402750180093e-05, -1.02467488308494e-06, 0.0524319298431279, 6.11635852902794e-05, -3.98329797015836e-08, -0.00739657012243819, 1.55401191405945e-05, -0.0524456486346138, 1.55401191405908e-05, -1.14841482210657e-06, 0.0524456486346138, 6.11785271485726e-05, -3.22797395249661e-08, -0.00730328629402926, 1.55877439538072e-10, 1.37187914858876e-05, 1.55877439544953e-10, 1.23739938991927e-07, -1.37187914858876e-05, -1.49418582374278e-08, -7.55324028959398e-09, -9.3283828408945e-05, 
13828, 7, 1.47343452134335e-05, -0.0524299254547661, 1.47343452134302e-05, -9.26434738733516e-07, 0.0524299254547661, 5.89291859826461e-05, 9.8426424828698e-09, -0.0073963172298743, 1.47279754080352e-05, -0.0524436641492171, 1.47279754080321e-05, -1.0610151404974e-06, 0.0524436641492171, 5.89516351968292e-05, 1.64266068223649e-08, -0.00730301380198184, 6.36980541081779e-09, 1.37386944510564e-05, 6.3698054108144e-09, 1.34580401825993e-07, -1.37386944510564e-05, -2.24492141581134e-08, -6.58396434441241e-09, -9.330342789246e-05, 
13829, 0, 1.42282352109895e-05, -0.0524263437590465, 1.42282352109867e-05, -1.12575035666233e-06, 0.0524263437590466, 5.77313367503949e-05, -1.17204008812796e-07, -0.00739586611365675, 1.42218056040323e-05, -0.0524400827455728, 1.42218056040293e-05, -1.26031390294315e-06, 0.0524400827455728, 5.77540064170398e-05, -1.10614789327896e-07, -0.00730256623763849, 6.4296069460264e-09, 1.3738986526247e-05, 6.42960694601994e-09, 1.34563546288663e-07, -1.3738986526247e-05, -2.26696666345708e-08, -6.58921932472983e-09, -9.32998760182453e-05, 
13829, 7, 1.3262716291512e-05, -0.0524253050620601, 1.32627162915092e-05, -1.04677979324589e-06, 0.0524253050620601, 5.60757088298212e-05, 1.72048406608021e-07, -0.0073956389742897, 1.32466288851385e-05, -0.0524390572810602, 1.32466288851352e-05, -1.17757055084508e-06, 0.0524390572810602, 5.6104831200103e-05, 1.72336061856116e-07, -0.00730230991941166, 1.60874064001673e-08, 1.3752218999954e-05, 1.60874064001673e-08, 1.30790757601433e-07, -1.3752218999954e-05, -2.91223702132301e-08, -2.87655076072332e-10, -9.33290548780566e-05, 
13830, 0, 1.27337715327022e-05, -0.0524220319926788, 1.27337715326988e-05, -1.08737258659495e-06, 0.0524220319926788, 5.50277604144365e-05, 2.40725603450644e-07, -0.00739518646254634, 1.27164604966367e-05, -0.0524357845967059, 1.27164604966339e-05, -1.21835077018221e-06, 0.0524357845967059, 5.50570481630517e-05, 2.4104529050536e-07, -0.00730186102040736, 1.73110360698898e-08, 1.37526040270482e-05, 1.73110360698931e-08, 1.30978183555753e-07, -1.37526040270482e-05, -2.92877486211299e-08, -3.19686949660641e-10, -9.33254421389778e-05, 
13830, 7, 1.18900024905401e-05, -0.0524219886616721, 1.18900024905363e-05, -1.10556444170984e-06, 0.0524219886616721, 5.42797904793977e-05, 5.40686000355869e-07, -0.00739516966175, 1.18864674111557e-05, -0.0524357573495813, 1.18864674111524e-05, -1.2402336995349e-06, 0.0524357573495813, 5.43139581837515e-05, 5.3939395332232e-07, -0.00730183193941153, 3.53507937902119e-09, 1.37686879093664e-05, 3.53507937901769e-09, 1.34669257826351e-07, -1.37686879093664e-05, -3.4167704366654e-08, 1.29204696111727e-09, -9.33377223384624e-05, 
13831, 0, 1.14298499005571e-05, -0.0524191618276565, 1.14298499005531e-05, -1.04327157500598e-06, 0.0524191618276565, 5.35755701071688e-05, 7.45604044525698e-07, -0.00739479087820624, 1.14242643083534e-05, -0.052432930026215, 1.14242643083503e-05, -1.17821941910108e-06, 0.052432930026215, 5.36094063148889e-05, 7.44133695785883e-07, -0.00730145484426457, 5.58559221203473e-09, 1.37681985585353e-05, 5.58559221203134e-09, 1.34947844096217e-07, -1.37681985585353e-05, -3.38362077220132e-08, 1.47034882802655e-09, -9.33360339416511e-05, 
13831, 7, 1.08863798183591e-05, -0.052419454371657, 1.0886379818356e-05, -1.11791829008843e-06, 0.052419454371657, 5.37064289951324e-05, 1.02561065589978e-06, -0.00739510348799186, 1.08743244062656e-05, -0.052433227259867, 1.08743244062621e-05, -1.25596403289501e-06, 0.052433227259867, 5.37398955847747e-05, 1.01992922571353e-06, -0.00730174831451179, 1.20554120933993e-08, 1.37728882102128e-05, 1.20554120934028e-08, 1.38045742744364e-07, -1.37728882102128e-05, -3.34665896310758e-08, 5.68143015537482e-09, -9.33551734800928e-05, 
13832, 0, 1.05689444246946e-05, -0.0524169266273096, 1.05689444246911e-05, -9.97542927067202e-07, 0.0524169266273097, 5.34066075854159e-05, 1.30613259218985e-06, -0.00739481921827201, 1.05568604777344e-05, -0.0524307001910217, 1.05568604777313e-05, -1.13649187308384e-06, 0.0524307001910217, 5.3440330115801e-05, 1.30029651501366e-06, -0.00730146766090419, 1.20839469371556e-08, 1.37735637118349e-05, 1.20839469371591e-08, 1.38948946016893e-07, -1.37735637118349e-05, -3.37225303856752e-08, 5.8360772915967e-09, -9.33515573678066e-05, 
13832, 7, 1.02583898791333e-05, -0.0524169925461995, 1.025838987913e-05, -9.9476408940242e-07, 0.0524169925461995, 5.39736557739563e-05, 1.54575570872349e-06, -0.00739529742337777, 1.02504644613385e-05, -0.0524307770604834, 1.02504644613353e-05, -1.13449270882194e-06, 0.0524307770604834, 5.40051822662969e-05, 1.53623250773013e-06, -0.0073019359550111, 7.92541782221032e-09, 1.37845142839499e-05, 7.92541782220683e-09, 1.39728619432468e-07, -1.37845142839499e-05, -3.15264922826853e-08, 9.52320094908198e-09, -9.33614683666585e-05, 
13833, 0, 1.00939161686341e-05, -0.0524146045564066, 1.00939161686304e-05, -8.36676302953058e-07, 0.0524146045564066, 5.39618253360818e-05, 1.81467106755213e-06, -0.00739507564249319, 1.0086336941723e-05, -0.0524283884380617, 1.00863369417197e-05, -9.75869693001888e-07, 0.0524283884380617, 5.39931657341288e-05, 1.80511179204681e-06, -0.00730171662633265, 7.57922693967961e-09, 1.37838816551539e-05, 7.57922693967262e-09, 1.39193390067083e-07, -1.37838816551539e-05, -3.13403980187562e-08, 9.55927554188426e-09, -9.3359016160555e-05, 
13833, 7, 9.90657909646128e-06, -0.0524144087231788, 9.90657909645822e-06, -7.35663901166196e-07, 0.0524144087231788, 5.43061103665719e-05, 1.90826658677406e-06, -0.00739550159373891, 9.89464718078004e-06, -0.0524282017992234, 9.89464718077698e-06, -8.76093155388565e-07, 0.0524282017992234, 5.43368268345891e-05, 1.89787781355794e-06, -0.00730212533039298, 1.19319156947653e-08, 1.37930760446589e-05, 1.19319156947723e-08, 1.4042925421968e-07, -1.37930760446589e-05, -3.07164680071197e-08, 1.03887732467994e-08, -9.33762633459403e-05, 
13834, 0, 9.80450244759393e-06, -0.0524120997823373, 9.80450244759109e-06, -6.18460722991491e-07, 0.0524120997823373, 5.43189834281999e-05, 2.07445752907773e-06, -0.00739527469931467, 9.79351822285251e-06, -0.0524258925970212, 9.79351822284944e-06, -7.58324308282844e-07, 0.0524258925970212, 5.43499660371511e-05, 2.0642026746705e-06, -0.00730190137597419, 1.0984224714199e-08, 1.3792814683807e-05, 1.09842247141956e-08, 1.39863585245105e-07, -1.3792814683807e-05, -3.09826089519147e-08, 1.02548542937457e-08, -9.33733233404517e-05, 
13834, 7, 9.65026662384363e-06, -0.0524117260292273, 9.65026662384059e-06, -5.92124918030718e-07, 0.0524117260292273, 5.40749010472922e-05, 2.0198606674586e-06, -0.00739562160490691, 9.63985795069417e-06, -0.0524255308109393, 9.63985795069068e-06, -7.31324394359643e-07, 0.0524255308109393, 5.41100609216275e-05, 2.0106598177033e-06, -0.00730222672564612, 1.04086731206918e-08, 1.38047817119754e-05, 1.04086731206918e-08, 1.39199476340548e-07, -1.38047817119754e-05, -3.51598743428534e-08, 9.2008497016224e-09, -9.3394879260773e-05, 
13835, 0, 9.49965988924641e-06, -0.0524094846435654, 9.49965988924249e-06, -6.22900431868421e-07, 0.0524094846435654, 5.39038302230197e-05, 2.07003245145802e-06, -0.00739534481818741, 9.49013156458926e-06, -0.05242328883816, 9.49013156458621e-06, -7.62304234642707e-07, 0.05242328883816, 5.39392587873208e-05, 2.061026406275e-06, -0.00730195217976925, 9.52832465437622e-09, 1.3804194594551e-05, 9.52832465437622e-09, 1.39403802809179e-07, -1.3804194594551e-05, -3.54285643599242e-08, 9.00604518050078e-09, -9.33926384181615e-05, 
13835, 7, 9.3664757806276e-06, -0.0524093036488127, 9.36647578062498e-06, -7.20401636520102e-07, 0.0524093036488127, 5.32962259726657e-05, 1.82263585988485e-06, -0.0073956697939136, 9.34556250010021e-06, -0.0524231151032421, 9.34556250009758e-06, -8.63525324716616e-07, 0.0524231151032421, 5.33346464864151e-05, 1.81527837232122e-06, -0.00730225932610385, 2.09132805186687e-08, 1.38114544293126e-05, 2.09132805186652e-08, 1.43123688203589e-07, -1.38114544293126e-05, -3.84205137794039e-08, 7.35748763348455e-09, -9.34104678097615e-05, 
13836, 0, 9.12264392460566e-06, -0.0524072019260657, 9.12264392460259e-06, -9.16409194049128e-07, 0.0524072019260657, 5.29423922437823e-05, 1.74811752981038e-06, -0.00739533935836723, 9.1019512688092e-06, -0.0524210130282002, 9.10195126880636e-06, -1.06011720969379e-06, 0.0524210130282002, 5.2981029720743e-05, 1.74084180821359e-06, -0.00730193081180606, 2.06926557981904e-08, 1.38111021348893e-05, 2.069265579819e-08, 1.43708015643494e-07, -1.38111021348893e-05, -3.86374770019724e-08, 7.27572171765771e-09, -9.34085465611873e-05, 
13836, 7, 9.00127193178864e-06, -0.0524076462631083, 9.00127193178492e-06, -1.0607360841985e-06, 0.0524076462631083, 5.24814572067604e-05, 1.24152408140112e-06, -0.00739577905500602, 8.98126659964227e-06, -0.0524214647894111, 8.9812665996392e-06, -1.20310922739409e-06, 0.0524214647894111, 5.25219927110664e-05, 1.23501275421729e-06, -0.00730235490242496, 2.00053321248942e-08, 1.38185263027247e-05, 2.00053321248942e-08, 1.42373143231726e-07, -1.38185263027247e-05, -4.05355042842884e-08, 6.51132706797391e-09, -9.34241525810983e-05, 
13837, 0, 8.69914142742738e-06, -0.0524057413846569, 8.69914142742388e-06, -1.38744076072898e-06, 0.0524057413846569, 5.20900168031925e-05, 1.00420920571097e-06, -0.00739543518604459, 8.68018749095153e-06, -0.0524195595977927, 8.68018749094825e-06, -1.52894922440934e-06, 0.0524195595977927, 5.21306180610506e-05, 9.97755670938518e-07, -0.00730201255835615, 1.89539364922881e-08, 1.38182131355191e-05, 1.89539364922882e-08, 1.41508463694154e-07, -1.38182131355191e-05, -4.06012579271801e-08, 6.45353462960407e-09, -9.34226276884534e-05, 
13837, 7, 8.69579171188584e-06, -0.0524066995969784, 8.69579171188236e-06, -1.47038134623725e-06, 0.0524066995969784, 5.19543759373626e-05, 3.12968007818574e-07, -0.00739604573271278, 8.6855418475446e-06, -0.0524205316943025, 8.68554184754133e-06, -1.61359302355411e-06, 0.0524205316943025, 5.19982813619397e-05, 3.09427520587869e-07, -0.00730260838618955, 1.02498643348708e-08, 1.38320973242559e-05, 1.02498643348707e-08, 1.43211677292257e-07, -1.38320973242559e-05, -4.39054246051357e-08, 3.54048725541256e-09, -9.34373465231844e-05, 
13838, 0, 8.4272750294708e-06, -0.0524048794315668, 8.42727502946775e-06, -1.85793458700108e-06, 0.0524048794315668, 5.16260579692776e-05, -7.03424983220998e-08, -0.00739569206756967, 8.41824426059016e-06, -0.0524187111889097, 8.41824426058733e-06, -2.00048199548497e-06, 0.0524187111889097, 5.16701049202323e-05, -7.37660440349114e-08, -0.00730225676336948, 9.03076888091374e-09, 1.3831757343047e-05, 9.03076888091702e-09, 1.42547408489102e-07, -1.3831757343047e-05, -4.40469510900184e-08, 3.42354565738753e-09, -9.34353042001884e-05, 
13838, 7, 8.61939628843038e-06, -0.0524058712048979, 8.61939628842709e-06, -1.89347658341057e-06, 0.0524058712048979, 5.15615808747538e-05, -8.33305650471701e-07, -0.00739645256272945, 8.60111302611579e-06, -0.0524197051460545, 8.60111302611275e-06, -2.04870723293751e-06, 0.0524197051460545, 5.16007251391954e-05, -8.36174379277272e-07, -0.00730299556826033, 1.82832623111287e-08, 1.38339411566808e-05, 1.82832623111221e-08, 1.55230649520338e-07, -1.38339411566808e-05, -3.91442644815359e-08, 2.86872892549459e-09, -9.34569944690913e-05, 
13839, 0, 8.43920250732352e-06, -0.052403865137748, 8.43920250732047e-06, -2.27482860488517e-06, 0.0524038651377481, 5.12767965486905e-05, -1.3054134971875e-06, -0.00739602855113242, 8.42250249655871e-06, -0.0524176992030681, 8.42250249655522e-06, -2.42915850027173e-06, 0.0524176992030681, 5.13163979605685e-05, -1.30798112772155e-06, -0.00730257496516546, 1.67000107703479e-08, 1.38340653201551e-05, 1.6700010770348e-08, 1.54329895351237e-07, -1.38340653201551e-05, -3.96014117921103e-08, 2.56763055997254e-09, -9.34535859669581e-05, 
13839, 7, 8.66484178736396e-06, -0.0524040732987011, 8.66484178735981e-06, -2.37594994480205e-06, 0.0524040732987011, 5.09513479973854e-05, -2.06598919801034e-06, -0.0073968913805583, 8.64939607097498e-06, -0.0524179127137066, 8.64939607097214e-06, -2.54149403187724e-06, 0.0524179127137066, 5.09867207889542e-05, -2.06650187655846e-06, -0.00730342878117819, 1.54457163887741e-08, 1.38394150056354e-05, 1.54457163887707e-08, 1.65544087131593e-07, -1.38394150056354e-05, -3.53727916201632e-08, 5.12678636277544e-10, -9.34625993800548e-05, 
13840, 0, 8.57383868159929e-06, -0.0524015011836897, 8.57383868159623e-06, -2.71356089308172e-06, 0.0524015011836897, 5.06429674790323e-05, -2.57110039867639e-06, -0.00739631063487838, 8.55957847768657e-06, -0.0524153404740131, 8.55957847768329e-06, -2.87912519172727e-06, 0.0524153404740131, 5.06788223580811e-05, -2.5713431484288e-06, -0.00730285063590433, 1.42602038897756e-08, 1.38392903234765e-05, 1.42602038897756e-08, 1.65564298656033e-07, -1.38392903234765e-05, -3.58548790844495e-08, 2.42749739752028e-10, -9.34599989740488e-05, 
13840, 7, 8.57986992484391e-06, -0.0524002791295055, 8.57986992484063e-06, -3.00517589938652e-06, 0.0524002791295055, 5.00319074093033e-05, -3.32139895112492e-06, -0.00739710702415062, 8.56729052036455e-06, -0.052414126125676, 8.56729052036171e-06, -3.17755825172317e-06, 0.052414126125676, 5.00682165075012e-05, -3.31846925489157e-06, -0.00730362861648645, 1.25794044757508e-08, 1.38469961705518e-05, 1.25794044757507e-08, 1.72382352347438e-07, -1.38469961705518e-05, -3.63090981599392e-08, -2.92969624338984e-09, -9.34784076641428e-05, 
13841, 0, 8.533520380683e-06, -0.0523968792260141, 8.53352038067994e-06, -3.33577441662867e-06, 0.0523968792260141, 4.9696284024365e-05, -3.83541865845333e-06, -0.00739627097599818, 8.52214710738424e-06, -0.052410726065042, 8.52214710738139e-06, -3.50767434486538e-06, 0.052410726065042, 4.97328354582609e-05, -3.8322204403317e-06, -0.00730279505791031, 1.13732733502189e-08, 1.38468390279127e-05, 1.1373273350222e-08, 1.71899928239008e-07, -1.38468390279127e-05, -3.65514339382416e-08, -3.19821808024154e-09, -9.34759180878474e-05, 
13841, 7, 8.18229328809489e-06, -0.0523945011053955, 8.18229328809139e-06, -3.81542822096292e-06, 0.0523945011053955, 4.91262422349745e-05, -4.53082821494712e-06, -0.0073966151683106, 8.17134259198714e-06, -0.0524083612021807, 8.17134259198343e-06, -3.99142042428221e-06, 0.0524083612021807, 4.9164863133157e-05, -4.52286803010693e-06, -0.00730311682722885, 1.09506961128827e-08, 1.38600967849493e-05, 1.09506961128828e-08, 1.75992203354715e-07, -1.38600967849493e-05, -3.86208981589982e-08, -7.96018493021583e-09, -9.34983410817747e-05, 
13842, 0, 8.14837644592548e-06, -0.0523903879832299, 8.14837644592264e-06, -4.18981118102338e-06, 0.0523903879832299, 4.88728897985048e-05, -5.04037973636879e-06, -0.00739546081097808, 8.1390580593315e-06, -0.0524042479938792, 8.13905805932844e-06, -4.36622621717251e-06, 0.0524042479938792, 4.89119359865948e-05, -5.03197916677222e-06, -0.00730196480830284, 9.31838659719975e-09, 1.38600106491425e-05, 9.31838659719964e-09, 1.76415036172331e-07, -1.38600106491425e-05, -3.90461880328701e-08, -8.40056963024437e-09, -9.34960026752272e-05, 
13842, 7, 7.5810184807034e-06, -0.0523878459586921, 7.58101848070012e-06, -4.7056729817193e-06, 0.0523878459586921, 4.86058151720281e-05, -5.68473752454661e-06, -0.00739531872639758, 7.57737382435153e-06, -0.0524017205682474, 7.57737382434781e-06, -4.8918828622564e-06, 0.0524017205682474, 4.86509539311327e-05, -5.67257899498495e-06, -0.00730180693626004, 3.64465633829936e-09, 1.38746095554187e-05, 3.64465633829608e-09, 1.86209880561359e-07, -1.38746095554187e-05, -4.51387591659782e-08, -1.21585295757405e-08, -9.35117901375838e-05, 
13843, 0, 7.55869758973949e-06, -0.0523834052656844, 7.55869758973664e-06, -5.14829002157685e-06, 0.0523834052656844, 4.85224561717465e-05, -6.22278538135979e-06, -0.00739398143266589, 7.55644985275416e-06, -0.05239727970455, 7.55644985275112e-06, -5.33430384682885e-06, 0.05239727970455, 4.85677512771848e-05, -6.21038015216097e-06, -0.00730047191168903, 2.24773699312049e-09, 1.38744388655247e-05, 2.24773699312399e-09, 1.8601382521468e-07, -1.38744388655247e-05, -4.52951054152461e-08, -1.24052292175589e-08, -9.35095209768509e-05, 
13843, 7, 7.07243766483289e-06, -0.0523817679781616, 7.07243766482939e-06, -5.58939495660976e-06, 0.0523817679781616, 4.8509651931965e-05, -6.8854120474785e-06, -0.00739374296907031, 7.08335619838654e-06, -0.0523956599664151, 7.08335619838348e-06, -5.77360504405788e-06, 0.0523956599664151, 4.85552855369606e-05, -6.87004576614749e-06, -0.00730021052425588, -1.09185335620816e-08, 1.38919882532745e-05, -1.09185335620816e-08, 1.84210087433894e-07, -1.38919882532745e-05, -4.5633604960277e-08, -1.53662813737643e-08, -9.35324448144387e-05, 
13844, 0, 7.08619468425766e-06, -0.0523775281612818, 7.08619468425416e-06, -6.08439798160579e-06, 0.0523775281612818, 4.85320336979512e-05, -7.51704739699925e-06, -0.0073924826756899, 7.09885822067155e-06, -0.0523914203960069, 7.09885822066869e-06, -6.26851508213252e-06, 0.0523914203960069, 4.85780097579992e-05, -7.50133934498977e-06, -0.00729895310809595, -1.2663536395412e-08, 1.38922347249851e-05, -1.26635363954152e-08, 1.84117100583716e-07, -1.38922347249851e-05, -4.59760600325074e-08, -1.57080520027405e-08, -9.35295675939558e-05, 
13844, 7, 6.88956691295188e-06, -0.0523777200330581, 6.88956691294883e-06, -6.39807344299071e-06, 0.0523777200330581, 4.85584389452742e-05, -8.17859576928293e-06, -0.00739244854615638, 6.9056089070322e-06, -0.0523916225385297, 6.90560890702827e-06, -6.59663920064937e-06, 0.0523916225385297, 4.86018407748429e-05, -8.16079015323224e-06, -0.00729890812835908, -1.60419940893513e-08, 1.390250547179e-05, -1.60419940893514e-08, 1.98565757661023e-07, -1.390250547179e-05, -4.34018294951882e-08, -1.78056159267197e-08, -9.35404177973281e-05, 
13845, 0, 6.92436777467755e-06, -0.0523742245863885, 6.9243677746745e-06, -6.89783187511912e-06, 0.0523742245863885, 4.85402975876647e-05, -8.89441653475973e-06, -0.00739150271649471, 6.94177954591899e-06, -0.0523881265645652, 6.9417795459155e-06, -7.09658447551365e-06, 0.0523881265645652, 4.85838680509272e-05, -8.87640479128573e-06, -0.00729796484380083, -1.7411771262006e-08, 1.39019781766567e-05, -1.74117712620058e-08, 1.98752600390012e-07, -1.39019781766567e-05, -4.35704632318513e-08, -1.80117434801966e-08, -9.35378726939117e-05, 
13845, 7, 6.96733918049479e-06, -0.0523762825052898, 6.96733918049129e-06, -7.21511700569391e-06, 0.0523762825052898, 4.83360303321761e-05, -9.47236026624643e-06, -0.00739182247019325, 6.99017899123918e-06, -0.0523901909970152, 6.9901789912361e-06, -7.42449558957931e-06, 0.0523901909970152, 4.83795194358874e-05, -9.45133796078978e-06, -0.00729827400900722, -2.28398107725664e-08, 1.39084917253921e-05, -2.28398107725663e-08, 2.09378583876238e-07, -1.39084917253921e-05, -4.34891036711467e-08, -2.10223055772921e-08, -9.35484611860057e-05, 
13846, 0, 6.96729562062312e-06, -0.0523738041970343, 6.96729562062028e-06, -7.67097366676613e-06, 0.0523738041970344, 4.81073291230858e-05, -1.0194376372777e-05, -0.00739135585088693, 6.99029618824327e-06, -0.0523877118906962, 6.99029618823999e-06, -7.88041077034804e-06, 0.0523877118906962, 4.81506137729705e-05, -1.01733528521717e-05, -0.007297809520862, -2.30005676155903e-08, 1.39076936614313e-05, -2.30005676155902e-08, 2.09437103597012e-07, -1.39076936614313e-05, -4.32846498873424e-08, -2.10235206413075e-08, -9.35463300249169e-05, 
13846, 7, 7.02418837103233e-06, -0.0523768334942041, 7.02418837102883e-06, -8.11261097951861e-06, 0.0523768334942041, 4.74156168436116e-05, -1.05354171751863e-05, -0.00739198313739914, 7.04576723734213e-06, -0.0523907418683023, 7.04576723733886e-06, -8.32578361021975e-06, 0.0523907418683023, 4.74601973168314e-05, -1.05132831881544e-05, -0.00729843306173343, -2.15788663132597e-08, 1.39083740981557e-05, -2.15788663132633e-08, 2.13172630710997e-07, -1.39083740981557e-05, -4.45804732885843e-08, -2.21339870199666e-08, -9.35500756657141e-05, 
13847, 0, 6.92221406441271e-06, -0.0523752753487956, 6.92221406440965e-06, -8.47842288785502e-06, 0.0523752753487956, 4.68786446334484e-05, -1.11261581758658e-05, -0.0073920052196063, 6.94387728651783e-06, -0.0523891830920591, 6.94387728651411e-06, -8.6922709753196e-06, 0.0523891830920591, 4.69231807629468e-05, -1.11039421501364e-05, -0.00729845678706147, -2.16632221123675e-08, 1.39077432634042e-05, -2.16632221123709e-08, 2.13848087516378e-07, -1.39077432634042e-05, -4.45361294942284e-08, -2.2216025595527e-08, -9.35484325448504e-05, 
13847, 7, 6.83489683972949e-06, -0.0523780849736808, 6.8348968397258e-06, -9.02455697247919e-06, 0.0523780849736808, 4.58585067067505e-05, -1.1145849883374e-05, -0.0073927958308306, 6.84855833069791e-06, -0.052391991132894, 6.84855833069465e-06, -9.24350986898966e-06, 0.052391991132894, 4.59046389848224e-05, -1.11223890621534e-05, -0.00729923820863755, -1.36614909653439e-08, 1.39061592130025e-05, -1.36614909653474e-08, 2.18952896506696e-07, -1.39061592130025e-05, -4.61322780466621e-08, -2.34608212374507e-08, -9.35576221930171e-05, 
13848, 0, 6.64993532975533e-06, -0.0523770824398069, 6.64993532975205e-06, -9.25469633619076e-06, 0.0523770824398069, 4.51194863077551e-05, -1.14851276588059e-05, -0.00739311578241115, 6.66466030687062e-06, -0.0523909877609925, 6.66466030686756e-06, -9.47339644377162e-06, 0.0523909877609925, 4.51658861325252e-05, -1.14614688047903e-05, -0.00729955934515414, -1.47249771172866e-08, 1.39053211853271e-05, -1.47249771172831e-08, 2.18700107604616e-07, -1.39053211853271e-05, -4.63998248261578e-08, -2.36588539793724e-08, -9.35564372569738e-05, 
13848, 7, 6.50552470140424e-06, -0.0523787525317286, 6.50552470140075e-06, -9.81152969456649e-06, 0.0523787525317286, 4.43920926052375e-05, -1.12740058843689e-05, -0.00739381334822136, 6.52134153038686e-06, -0.0523926669852883, 6.5213415303838e-06, -1.00298790480323e-05, 0.0523926669852883, 4.4442212142168e-05, -1.12490285431996e-05, -0.00730024029440777, -1.58168289756588e-08, 1.39144535596264e-05, -1.58168289756587e-08, 2.18349353460949e-07, -1.39144535596264e-05, -5.01195369298449e-08, -2.49773413202603e-08, -9.35730538136019e-05, 
13849, 0, 6.36488335431272e-06, -0.0523778014372343, 6.36488335430923e-06, -9.87496927403773e-06, 0.0523778014372343, 4.37488915744696e-05, -1.13526831347206e-05, -0.00739415252986089, 6.38081403644637e-06, -0.0523917152691467, 6.3808140364431e-06, -1.00931031664026e-05, 0.0523917152691467, 4.37988761966647e-05, -1.13276778978097e-05, -0.00730058125369648, -1.59306821355928e-08, 1.39138319123149e-05, -1.59306821355894e-08, 2.18133892359561e-07, -1.39138319123149e-05, -4.99846222460053e-08, -2.50052368289479e-08, -9.35712761643812e-05, 
13849, 7, 6.32407108978147e-06, -0.0523780153921161, 6.32407108977819e-06, -1.0314511390359e-05, 0.0523780153921161, 4.38475352756081e-05, -1.10959622908423e-05, -0.00739459833112715, 6.35128771282187e-06, -0.0523919491297854, 6.3512877128186e-06, -1.05321798574599e-05, 0.0523919491297855, 4.38996422351088e-05, -1.10693290705999e-05, -0.00730100767551587, -2.72166230345569e-08, 1.39337376691877e-05, -2.721662303455e-08, 2.17668467120374e-07, -1.39337376691877e-05, -5.21069595560432e-08, -2.66332203399286e-08, -9.35906556112863e-05, 
13850, 0, 6.35617649832819e-06, -0.0523767109109562, 6.35617649832514e-06, -1.02043022379109e-05, 0.0523767109109562, 4.35960793776466e-05, -1.10014716973825e-05, -0.00739476659761976, 6.38455054260999e-06, -0.0523906442534186, 6.38455054260716e-06, -1.04216479384432e-05, 0.0523906442534186, 4.36480648634664e-05, -1.09746738445034e-05, -0.00730117823760503, -2.83740442979909e-08, 1.39333424622896e-05, -2.83740442979876e-08, 2.17345700535934e-07, -1.39333424622896e-05, -5.19854858746979e-08, -2.67978529918187e-08, -9.35883600147171e-05, 
13850, 7, 6.4543399066751e-06, -0.0523759644715599, 6.45433990667183e-06, -1.05444310060314e-05, 0.0523759644715599, 4.45484702061062e-05, -1.08815636493009e-05, -0.00739496408431603, 6.48371255126664e-06, -0.0523899134969816, 6.48371255126314e-06, -1.07594248744925e-05, 0.0523899134969816, 4.45957771986252e-05, -1.08544034075178e-05, -0.00730135514055993, -2.93726446250482e-08, 1.39490254218364e-05, -2.93726446250517e-08, 2.14993868473012e-07, -1.39490254218364e-05, -4.73069925498468e-08, -2.71602419033605e-08, -9.36089437561075e-05, 
13851, 0, 6.719047939181e-06, -0.0523742367401173, 6.71904793917838e-06, -1.03082869470535e-05, 0.0523742367401173, 4.48287298710251e-05, -1.07037570204308e-05, -0.00739488416532026, 6.74984738044204e-06, -0.0523881852616085, 6.74984738043876e-06, -1.0523029994097e-05, 0.0523881852616085, 4.48758892619594e-05, -1.06764331739623e-05, -0.00730127724647301, -3.07994412208516e-08, 1.39485214912547e-05, -3.0799441220855e-08, 2.14743047042442e-07, -1.39485214912547e-05, -4.71593908853666e-08, -2.73238465824889e-08, -9.3606918847232e-05, 
13851, 7, 6.94545512603908e-06, -0.0523735134982021, 6.94545512603537e-06, -1.06587270396048e-05, 0.0523735134982021, 4.63406175923099e-05, -1.07589780223917e-05, -0.00739493992941145, 6.99046843436925e-06, -0.0523874840281809, 6.99046843436597e-06, -1.08683727592587e-05, 0.0523874840281809, 4.63826055515077e-05, -1.07298206553738e-05, -0.00730131769813029, -4.50133082818341e-08, 1.39705299787914e-05, -4.50133082818305e-08, 2.09645719650255e-07, -1.39705299787914e-05, -4.19879591730245e-08, -2.91573671876117e-08, -9.36222312811413e-05, 
13852, 0, 7.42439213019768e-06, -0.0523716188641725, 7.42439213019439e-06, -1.03912306240625e-05, 0.0523716188641725, 4.71167941745212e-05, -1.05422710432552e-05, -0.00739462267161166, 7.47051754583135e-06, -0.0523855891238187, 7.4705175458285e-06, -1.06010943375288e-05, 0.0523855891238187, 4.71586294417412e-05, -1.05129372066545e-05, -0.00730100252810505, -4.6125415633e-08, 1.39702596462132e-05, -4.61254156330068e-08, 2.09863713454399e-07, -1.39702596462132e-05, -4.18352672356156e-08, -2.93338365142412e-08, -9.36201435066041e-05, 
13852, 7, 7.87987775274633e-06, -0.052371708071104, 7.87987775274282e-06, -1.07176597163385e-05, 0.052371708071104, 4.87524722555262e-05, -1.06856320163758e-05, -0.00739481125672616, 7.92984429698667e-06, -0.05238569229165, 7.9298442969834e-06, -1.09260387169198e-05, 0.05238569229165, 4.87866945008687e-05, -1.06548384408376e-05, -0.00730117668666283, -4.99665442543293e-08, 1.39842205460956e-05, -4.99665442543293e-08, 2.08379000558913e-07, -1.39842205460956e-05, -3.42222452990525e-08, -3.07935754339997e-08, -9.36345700633384e-05, 
13853, 0, 8.46837329835429e-06, -0.0523699492209367, 8.46837329835059e-06, -1.04629071221679e-05, 0.0523699492209367, 4.98054880944798e-05, -1.04432329976521e-05, -0.00739436575707691, 8.51865833267028e-06, -0.0523839328081684, 8.51865833266765e-06, -1.06712017147583e-05, 0.0523839328081684, 4.9839445771099e-05, -1.04123189385252e-05, -0.00730073307070337, -5.02850343380028e-08, 1.39835872315883e-05, -5.02850343380063e-08, 2.08294592557428e-07, -1.39835872315883e-05, -3.39576766566709e-08, -3.09140591196103e-08, -9.3632686373537e-05, 
13853, 7, 9.10202972007133e-06, -0.0523710717047558, 9.10202972006826e-06, -1.06831767755303e-05, 0.0523710717047558, 5.08263415419128e-05, -1.06202131220859e-05, -0.00739493875561528, 9.16088478506894e-06, -0.0523850579129651, 9.1608847850659e-06, -1.08852586192745e-05, 0.0523850579129651, 5.08564223810726e-05, -1.058688722244e-05, -0.00730130205950811, -5.8855065004576e-08, 1.39862082093597e-05, -5.88550650045761e-08, 2.02081843747518e-07, -1.39862082093597e-05, -3.00808391731866e-08, -3.33258996759563e-08, -9.36366961071624e-05, 
13854, 0, 9.63751731067432e-06, -0.0523696200329887, 9.63751731067061e-06, -1.0421547299775e-05, 0.0523696200329887, 5.17319769426804e-05, -1.03666439933494e-05, -0.00739451174651597, 9.69624000082612e-06, -0.0523836055985259, 9.69624000082284e-06, -1.06236370869496e-05, 0.0523836055985259, 5.17619293147478e-05, -1.03332193614677e-05, -0.00730087704734707, -5.87226901389504e-08, 1.39855655368793e-05, -5.87226901389503e-08, 2.02089787170287e-07, -1.39855655368793e-05, -2.99523721055611e-08, -3.34246320229848e-08, -9.36346991689072e-05, 
13854, 7, 1.02587127512355e-05, -0.0523716231216409, 1.02587127512324e-05, -1.05285367726962e-05, 0.0523716231216409, 5.14517752878062e-05, -1.04764748018183e-05, -0.00739547644531998, 1.03135941128845e-05, -0.0523856068558861, 1.03135941128814e-05, -1.07149761975724e-05, 0.0523856068558861, 5.14831330845115e-05, -1.04435574525956e-05, -0.00730183438470998, -5.48813616643123e-08, 1.39837342452099e-05, -5.48813616643156e-08, 1.86439424851477e-07, -1.39837342452099e-05, -3.13577967736479e-08, -3.29173492982954e-08, -9.36420606100054e-05, 
13855, 0, 1.05760180285829e-05, -0.0523704996999455, 1.05760180285797e-05, -1.02567506551766e-05, 0.0523704996999455, 5.17855804347433e-05, -1.01912899314592e-05, -0.00739516621694813, 1.06308713661678e-05, -0.0523844828213279, 1.06308713661641e-05, -1.04428105135624e-05, 0.0523844828213279, 5.18168125007358e-05, -1.01582615223471e-05, -0.0073015266160822, -5.48533375821135e-08, 1.39831213825885e-05, -5.48533375821101e-08, 1.86059858383418e-07, -1.39831213825885e-05, -3.12320659472456e-08, -3.30284088090399e-08, -9.36396008659381e-05, 
13855, 7, 1.08517628145063e-05, -0.052372892580194, 1.08517628145028e-05, -1.02422078139819e-05, 0.052372892580194, 5.01720307101876e-05, -1.01838310068871e-05, -0.00739634752770486, 1.08955664894811e-05, -0.0523868770297556, 1.08955664894776e-05, -1.04273378301968e-05, 0.0523868770297556, 5.02025984357363e-05, -1.01502458904948e-05, -0.00730269812012438, -4.38036749917703e-08, 1.3984449561438e-05, -4.38036749917703e-08, 1.85130016243841e-07, -1.3984449561438e-05, -3.05677256087464e-08, -3.35851164444893e-08, -9.36494075804732e-05, 
13856, 0, 1.08086290060526e-05, -0.0523719804494944, 1.08086290060484e-05, -9.9910289625898e-06, 0.0523719804494944, 4.97798002568836e-05, -9.87069543606365e-06, -0.00739620422268192, 1.08527924544378e-05, -0.0523859642232362, 1.08527924544348e-05, -1.01756338882445e-05, 0.0523859642232362, 4.98106482740433e-05, -9.83689826783024e-06, -0.00730255611766779, -4.41634483675685e-08, 1.39837737415879e-05, -4.4163448367572e-08, 1.84604925651973e-07, -1.39837737415879e-05, -3.08480172085029e-08, -3.37971682225436e-08, -9.36481050141206e-05, 
13856, 7, 1.059661480891e-05, -0.0523742301799216, 1.05966148089072e-05, -9.89858120413863e-06, 0.0523742301799216, 4.75467238156469e-05, -9.91088359440184e-06, -0.00739739681296048, 1.0636946311588e-05, -0.0523882129194606, 1.06369463115847e-05, -1.00765165389423e-05, 0.0523882129194606, 4.75837570390029e-05, -9.87765495960754e-06, -0.00730373113848579, -4.03315026763832e-08, 1.39827395389731e-05, -4.033150267638e-08, 1.77935334825298e-07, -1.39827395389731e-05, -3.70332233778993e-08, -3.32286347819092e-08, -9.36656744746914e-05, 
13857, 0, 1.01957094196582e-05, -0.0523733578909117, 1.01957094196549e-05, -9.71889174030232e-06, 0.0523733578909117, 4.66175950083927e-05, -9.67309421289486e-06, -0.00739742405873693, 1.02363597325863e-05, -0.0523873398436543, 1.0236359732583e-05, -9.89724094209008e-06, 0.0523873398436543, 4.66547660110684e-05, -9.63982683536549e-06, -0.00730376060374828, -4.06503129378442e-08, 1.39819527424989e-05, -4.06503129378442e-08, 1.78349201813411e-07, -1.39819527424989e-05, -3.7171002645399e-08, -3.32673775436093e-08, -9.3663454988657e-05, 
13857, 7, 9.77432733804749e-06, -0.0523752071018019, 9.77432733804443e-06, -9.66110079687362e-06, 0.0523752071018019, 4.4719910948942e-05, -9.83656617960534e-06, -0.00739842748062232, 9.80961739870671e-06, -0.0523891947434938, 9.80961739870387e-06, -9.83961940206567e-06, 0.0523891947434939, 4.47634366589342e-05, -9.80503928929449e-06, -0.00730475588393081, -3.52900606806061e-08, 1.39876416916296e-05, -3.52900606806128e-08, 1.7851860514244e-07, -1.39876416916296e-05, -4.35257100418035e-08, -3.15268903898317e-08, -9.36715966915017e-05, 
13858, 0, 9.22945030142342e-06, -0.0523742976293188, 9.22945030142037e-06, -9.59566093578373e-06, 0.0523742976293188, 4.3636093995981e-05, -9.71916024794205e-06, -0.00739860036578224, 9.26539214843578e-06, -0.0523882847237464, 9.26539214843271e-06, -9.77351161376703e-06, 0.0523882847237464, 4.36796233720072e-05, -9.68765798930344e-06, -0.00730493080112985, -3.5941846976033e-08, 1.39870944276388e-05, -3.59418469760298e-08, 1.77850677997833e-07, -1.39870944276388e-05, -4.35293760544083e-08, -3.15022588098267e-08, -9.36695646524059e-05, 
13858, 7, 9.00107689679383e-06, -0.0523759353398391, 9.00107689679076e-06, -9.67484114713118e-06, 0.0523759353398391, 4.2731970163803e-05, -9.63924452186499e-06, -0.00739929975261093, 9.03891421606638e-06, -0.0523899294570666, 9.03891421606397e-06, -9.84297108309505e-06, 0.0523899294570666, 4.27752393519497e-05, -9.60923510563117e-06, -0.00730562226469368, -3.78373192803784e-08, 1.39941172277827e-05, -3.78373192803715e-08, 1.68129935953427e-07, -1.39941172277827e-05, -4.32691881873602e-08, -3.0009416271423e-08, -9.36774879172368e-05, 
13859, 0, 8.58970341956357e-06, -0.0523750626315295, 8.58970341955942e-06, -9.70085195068244e-06, 0.0523750626315295, 4.18746718964476e-05, -9.51327024287086e-06, -0.00739954960145242, 8.62975900851787e-06, -0.0523890564063062, 8.62975900851417e-06, -9.86799709617738e-06, 0.0523890564063062, 4.19183539699908e-05, -9.48300969988245e-06, -0.00730587463351299, -4.00555889081854e-08, 1.39937747767875e-05, -4.00555889081887e-08, 1.67145145488565e-07, -1.39937747767875e-05, -4.36820735391195e-08, -3.02605429562851e-08, -9.36749679394612e-05, 
13859, 7, 8.72591898761539e-06, -0.052376741861261, 8.7259189876121e-06, -9.71362405198413e-06, 0.052376741861261, 4.19715434008069e-05, -8.94187688013032e-06, -0.00740004128541846, 8.76328602870832e-06, -0.0523907443879543, 8.76328602870507e-06, -9.87962506823388e-06, 0.0523907443879543, 4.20101528545574e-05, -8.91269273491006e-06, -0.00730636235008191, -3.7367041100526e-08, 1.40025266933418e-05, -3.73670411005191e-08, 1.6600101626959e-07, -1.40025266933418e-05, -3.860945372639e-08, -2.91841453757995e-08, -9.36789353365605e-05, 
13860, 0, 8.61694074595105e-06, -0.0523760422175419, 8.61694074594798e-06, -9.73070546384286e-06, 0.0523760422175419, 4.15420510906082e-05, -8.68097434767254e-06, -0.0074002970103482, 8.65457626310148e-06, -0.0523900438776188, 8.65457626309844e-06, -9.89587847359811e-06, 0.0523900438776188, 4.15803811498229e-05, -8.6518403378467e-06, -0.00730661988103912, -3.76355171378112e-08, 1.40016600770681e-05, -3.76355171378077e-08, 1.65173009747464e-07, -1.40016600770681e-05, -3.83300592892567e-08, -2.91340097889421e-08, -9.36771293090827e-05, 
13860, 7, 8.96426471968992e-06, -0.0523779578411544, 8.96426471968685e-06, -9.52448181196961e-06, 0.0523779578411544, 4.20448834109869e-05, -7.59390656584248e-06, -0.00740082577683065, 8.99652647418257e-06, -0.052391964722096, 8.99652647417952e-06, -9.68877447948833e-06, 0.0523919647220961, 4.20768921253291e-05, -7.56784732333069e-06, -0.00730714379481327, -3.22617544969822e-08, 1.40068809415353e-05, -3.22617544969856e-08, 1.6429266752731e-07, -1.40068809415353e-05, -3.20087143857386e-08, -2.60592425112738e-08, -9.36819820173547e-05, 
13861, 0, 9.13989990616617e-06, -0.0523775673085038, 9.13989990616246e-06, -9.40844084611192e-06, 0.0523775673085038, 4.19917208321803e-05, -7.11881233929109e-06, -0.0074010901309293, 9.17267499733361e-06, -0.0523915734168196, 9.17267499733012e-06, -9.57258217198869e-06, 0.0523915734168196, 4.20236199509997e-05, -7.09287315128689e-06, -0.00730740991015699, -3.27750911679832e-08, 1.40061083158966e-05, -3.27750911679864e-08, 1.64141325908405e-07, -1.40061083158966e-05, -3.18991188865201e-08, -2.5939187863796e-08, -9.36802207723041e-05, 
13861, 7, 9.33271099643937e-06, -0.0523796760098492, 9.33271099643653e-06, -9.00021082461357e-06, 0.0523796760098492, 4.22104561542201e-05, -5.70387273424805e-06, -0.00740183607793186, 9.36067094536595e-06, -0.0523936895177017, 9.36067094536246e-06, -9.16130169453978e-06, 0.0523936895177017, 4.22381879618705e-05, -5.68238868209163e-06, -0.00730814321547855, -2.79599489572307e-08, 1.40135078522985e-05, -2.79599489572274e-08, 1.61090869920778e-07, -1.40135078522985e-05, -2.77318076952748e-08, -2.14840521745963e-08, -9.36928624533197e-05, 
13862, 0, 9.62930472236013e-06, -0.05237959635757, 9.6293047223575e-06, -8.68790844287646e-06, 0.05237959635757, 4.23169170444824e-05, -5.02360261755823e-06, -0.0074021286041216, 9.65737622081754e-06, -0.0523936089738298, 9.65737622081383e-06, -8.8488484314333e-06, 0.0523936089738298, 4.23446121072171e-05, -5.00216480396776e-06, -0.00730843701546914, -2.80714984619297e-08, 1.40126162599155e-05, -2.80714984619296e-08, 1.60939988551357e-07, -1.40126162599155e-05, -2.76950627588648e-08, -2.14378134973975e-08, -9.369158865246e-05, 
13862, 7, 9.45786143399492e-06, -0.0523813792514981, 9.45786143399165e-06, -8.24371047563124e-06, 0.0523813792514981, 4.18624059619903e-05, -3.64721503343429e-06, -0.00740303461987293, 9.47887758129986e-06, -0.0523953977715245, 9.47887758129659e-06, -8.40867370867628e-06, 0.0523953977715245, 4.18915245584492e-05, -3.62863515960934e-06, -0.0073093360690786, -2.10161473123091e-08, 1.4018520026366e-05, -2.10161473123021e-08, 1.64963233025254e-07, -1.4018520026366e-05, -2.911859649773e-08, -1.85798738020291e-08, -9.36985507943186e-05, 
13863, 0, 9.68378396065866e-06, -0.0523813373949603, 9.68378396065495e-06, -7.80658941131391e-06, 0.0523813373949603, 4.18725863990629e-05, -2.87067291590861e-06, -0.00740328690870769, 9.70437148173962e-06, -0.0523953551821117, 9.70437148173677e-06, -7.97118735476464e-06, 0.0523953551821117, 4.1901625195965e-05, -2.85222511076534e-06, -0.00730958981625831, -2.05875211093583e-08, 1.40177871513129e-05, -2.05875211093616e-08, 1.64597943510455e-07, -1.40177871513129e-05, -2.90387969215534e-08, -1.84478050837928e-08, -9.36970924493798e-05, 
13863, 7, 9.25101285941316e-06, -0.0523820376647603, 9.25101285940988e-06, -7.47839277693452e-06, 0.0523820376647603, 4.0723256704045e-05, -1.81805826720047e-06, -0.00740417439620944, 9.26370469468372e-06, -0.0523960622831528, 9.26370469468022e-06, -7.64405567432539e-06, 0.0523960622831528, 4.07586235977331e-05, -1.8019114858559e-06, -0.00731046715200931, -1.26918352817761e-08, 1.40246183925381e-05, -1.26918352817727e-08, 1.65662897386835e-07, -1.40246183925381e-05, -3.5366893731272e-08, -1.61467812772386e-08, -9.37072442001885e-05, 
13864, 0, 9.29413912374774e-06, -0.0523815896797303, 9.29413912374404e-06, -7.04610889175078e-06, 0.0523815896797303, 4.0455207233719e-05, -1.08730480997412e-06, -0.00740425035581715, 9.30652688352105e-06, -0.0523956137077999, 9.30652688351777e-06, -7.21152742184669e-06, 0.0523956137077999, 4.04906544561482e-05, -1.07121794076356e-06, -0.0073105450744163, -1.23877597827244e-08, 1.40240280696673e-05, -1.23877597827212e-08, 1.65418530078117e-07, -1.40240280696673e-05, -3.54472224120061e-08, -1.6086869450204e-08, -9.37052814008419e-05, 
13864, 7, 8.78338630208725e-06, -0.0523809078925907, 8.78338630208374e-06, -6.75630842869409e-06, 0.0523809078925907, 3.88607106104768e-05, -4.77500214853716e-07, -0.00740486302429939, 8.77957476993211e-06, -0.0523949350021058, 8.77957476992882e-06, -6.92505988529338e-06, 0.0523949350021058, 3.89020477526322e-05, -4.58741693480219e-07, -0.00731114266987579, 3.81153211927273e-09, 1.40271095155073e-05, 3.81153211927929e-09, 1.68751456570422e-07, -1.40271095155073e-05, -4.13371421244437e-08, -1.87585212011873e-08, -9.37203544236057e-05, 
13865, 0, 8.60947398804427e-06, -0.0523797278197642, 8.60947398804121e-06, -6.40824866177415e-06, 0.0523797278197642, 3.8282630401355e-05, 1.06319014966467e-07, -0.00740463951710168, 8.60529306787816e-06, -0.052393754592552, 8.60529306787509e-06, -6.57661710963989e-06, 0.052393754592552, 3.83240063735982e-05, 1.2523980683646e-07, -0.00731092064615335, 4.18092015372179e-09, 1.40267727875733e-05, 4.18092015372528e-09, 1.68368447876556e-07, -1.40267727875733e-05, -4.13759723020924e-08, -1.89207919573778e-08, -9.37188709483061e-05, 
13865, 7, 8.09212884948675e-06, -0.0523781421828387, 8.0921288494839e-06, -6.0013242667354e-06, 0.0523781421828387, 3.66829580221294e-05, 4.39367469839801e-07, -0.00740493524733345, 8.07681716438916e-06, -0.052392181839007, 8.07681716438589e-06, -6.16906142863238e-06, 0.052392181839007, 3.67292133856272e-05, 4.63079855660269e-07, -0.00731120518676495, 1.53116851114281e-08, 1.40396561685152e-05, 1.53116851114247e-08, 1.6773716193745e-07, -1.40396561685152e-05, -4.62553634951711e-08, -2.37123856994905e-08, -9.3730060568506e-05, 
13866, 0, 7.74899019994233e-06, -0.0523762055739812, 7.74899019993883e-06, -5.74466743741416e-06, 0.0523762055739812, 3.59406562630845e-05, 8.93509811935438e-07, -0.0074044157915088, 7.73366044061977e-06, -0.0523902448048387, 7.73366044061605e-06, -5.91255494528726e-06, 0.0523902448048387, 3.59868412799956e-05, 9.1733166733656e-07, -0.00731068776529251, 1.53297593240097e-08, 1.40392308575139e-05, 1.53297593240163e-08, 1.67887507874071e-07, -1.40392308575139e-05, -4.61850168448558e-08, -2.38218555084208e-08, -9.37280262162846e-05, 
13866, 7, 7.27068398867015e-06, -0.0523743046918026, 7.27068398866686e-06, -5.11472110975859e-06, 0.0523743046918026, 3.46669652690349e-05, 1.48456552883054e-06, -0.00740454376312824, 7.25112747989018e-06, -0.0523883601514895, 7.25112747988755e-06, -5.2884397227284e-06, 0.0523883601514895, 3.4715555844501e-05, 1.51263636622746e-06, -0.00731079876024874, 1.95565087572511e-08, 1.40554596868365e-05, 1.95565087572475e-08, 1.73718613037702e-07, -1.40554596868365e-05, -4.85905754450134e-08, -2.8070837507143e-08, -9.37450028794956e-05, 
13867, 0, 6.86100726860338e-06, -0.0523717954480399, 6.8610072686001e-06, -4.90102918570515e-06, 0.0523717954480399, 3.39541572643009e-05, 1.98060153020288e-06, -0.00740381551869228, 6.84188763090162e-06, -0.0523858506873222, 6.84188763089878e-06, -5.07462357471335e-06, 0.0523858506873222, 3.40030137280825e-05, 2.00882136449686e-06, -0.00731007264435369, 1.91196377050133e-08, 1.40552392823975e-05, 1.91196377050133e-08, 1.73594389009143e-07, -1.40552392823975e-05, -4.88564638179976e-08, -2.82198341976119e-08, -9.37428743386082e-05, 
13867, 7, 6.44067986268884e-06, -0.0523700422880592, 6.44067986268556e-06, -3.97792066154625e-06, 0.0523700422880592, 3.30628625714524e-05, 3.161673705393e-06, -0.00740382887232587, 6.41072194640815e-06, -0.0523841098458087, 6.41072194640466e-06, -4.14947084429568e-06, 0.0523841098458087, 3.31106671263345e-05, 3.1865148033907e-06, -0.00731007470106643, 2.99579162609236e-08, 1.40675577494034e-05, 2.99579162609134e-08, 1.7155018274482e-07, -1.40675577494034e-05, -4.78045548323766e-08, -2.48410980393121e-08, -9.3754171259437e-05, 
13868, 0, 6.05629294064184e-06, -0.0523673069059435, 6.05629294063815e-06, -3.72365313089921e-06, 0.0523673069059435, 3.24754880786913e-05, 3.83602810172207e-06, -0.00740302239726925, 6.02633048830258e-06, -0.0523813736613889, 6.0263304882993e-06, -3.89532678014912e-06, 0.0523813736613889, 3.25229257609148e-05, 3.86079378029876e-06, -0.00730927063250476, 2.99624523467098e-08, 1.40667554456011e-05, 2.99624523467132e-08, 1.71673649177268e-07, -1.40667554456011e-05, -4.74376821673932e-08, -2.47656786439333e-08, -9.37517647645051e-05, 
13868, 7, 5.66362224097798e-06, -0.0523661061465988, 5.66362224097427e-06, -2.52291696229209e-06, 0.0523661061465988, 3.1926646691767e-05, 5.19304794748798e-06, -0.00740299277199149, 5.62555732840936e-06, -0.0523801863261599, 5.62555732840608e-06, -2.69714050491483e-06, 0.0523801863261599, 3.19765088556864e-05, 5.21298712646399e-06, -0.00730922420382569, 3.80649125568788e-08, 1.40801795608871e-05, 3.80649125568788e-08, 1.74223542630985e-07, -1.40801795608871e-05, -4.98621639962768e-08, -1.99391791473275e-08, -9.37685681657725e-05, 
13869, 0, 5.37223150370231e-06, -0.0523635202130169, 5.37223150369903e-06, -2.18879072213563e-06, 0.0523635202130169, 3.14718202175765e-05, 5.93600569517585e-06, -0.00740225634938017, 5.33314912663458e-06, -0.0523775995892351, 5.33314912663153e-06, -2.36326992288923e-06, 0.0523775995892351, 3.15213832651192e-05, 5.95573477378157e-06, -0.00730848933000507, 3.90823771075389e-08, 1.4079376218003e-05, 3.90823771075423e-08, 1.74479200770085e-07, -1.4079376218003e-05, -4.95630475780403e-08, -1.97290785932061e-08, -9.37670193751224e-05, 
13869, 7, 5.05751656383211e-06, -0.052363046386824, 5.05751656382861e-06, -1.02103505595378e-06, 0.052363046386824, 3.12051828020334e-05, 6.69964251757159e-06, -0.00740226078333207, 5.00349662546112e-06, -0.0523771340535868, 5.00349662545785e-06, -1.20163623053594e-06, 0.0523771340535868, 3.12537325022398e-05, 6.71174869745689e-06, -0.00730849249761084, 5.40199383516802e-08, 1.4087666762588e-05, 5.40199383516868e-08, 1.80601174580805e-07, -1.4087666762588e-05, -4.85497002156439e-08, -1.21061796696669e-08, -9.37682857212753e-05, 
13870, 0, 4.88627883084162e-06, -0.0523608238170061, 4.88627883083833e-06, -6.98637365013259e-07, 0.0523608238170061, 3.08342936668703e-05, 7.24075628503033e-06, -0.00740169302135361, 4.83390859440534e-06, -0.0523749099440241, 4.8339085944012e-06, -8.78857469247437e-07, 0.0523749099440241, 3.08830015631061e-05, 7.25291132582835e-06, -0.00730792434866239, 5.23702364514736e-08, 1.40861270182121e-05, 5.23702364514735e-08, 1.80220104274837e-07, -1.40861270182121e-05, -4.87078962303654e-08, -1.21550408150488e-08, -9.3768672691198e-05, 
13870, 7, 4.7118497681183e-06, -0.0523610223745007, 4.71184976811503e-06, 2.78143843699212e-08, 0.0523610223745007, 3.07304650210706e-05, 6.91924789733016e-06, -0.007401836421441, 4.66200859480988e-06, -0.0523751136216624, 4.66200859480682e-06, -1.64820096335342e-07, 0.0523751136216624, 3.07811385957457e-05, 6.93147767686385e-06, -0.00730805678843274, 4.98411733093825e-08, 1.4091247161661e-05, 4.98411733093858e-08, 1.92634480738717e-07, -1.4091247161661e-05, -5.06735747117712e-08, -1.22297796812416e-08, -9.37796330082316e-05, 
13871, 0, 4.65532091101637e-06, -0.0523592465207067, 4.6553209110133e-06, 1.7373983717505e-07, 0.0523592465207067, 3.03585974395494e-05, 7.01120989927935e-06, -0.00740146399781022, 4.6062786954365e-06, -0.0523733369549543, 4.60627869543344e-06, -1.91610901545139e-08, 0.0523733369549543, 3.04093185103794e-05, 7.0236086893332e-06, -0.00730768570498793, 4.90422156032792e-08, 1.40904342476781e-05, 4.90422156032792e-08, 1.92900927309828e-07, -1.40904342476782e-05, -5.07210709227086e-08, -1.23987901135312e-08, -9.37782928222902e-05, 
13871, 7, 4.70304314376144e-06, -0.0523598780692503, 4.70304314375816e-06, 3.17381754072136e-07, 0.0523598780692503, 3.02642380098018e-05, 5.74019870617003e-06, -0.00740177927272027, 4.65355803462735e-06, -0.0523739722579785, 4.65355803462386e-06, 1.07194866389053e-07, 0.0523739722579785, 3.03136635328873e-05, 5.75745522075317e-06, -0.00730799765577476, 4.94851091056011e-08, 1.40941887279383e-05, 4.94851091056044e-08, 2.10186887703057e-07, -1.40941887279383e-05, -4.9425523084512e-08, -1.72565145287623e-08, -9.37816169455648e-05, 
13872, 0, 4.72426825209205e-06, -0.0523584957160732, 4.72426825208877e-06, 1.93837635174351e-07, 0.0523584957160732, 2.98209683804476e-05, 5.32091669156336e-06, -0.00740158492997377, 4.67545504159732e-06, -0.0523725891341856, 4.67545504159337e-06, -1.69946983573599e-08, 0.0523725891341856, 2.98705842078529e-05, 5.33846252341457e-06, -0.00730780432955102, 4.88132105012984e-08, 1.40934181121915e-05, 4.88132105013018e-08, 2.1083233356401e-07, -1.40934181121915e-05, -4.96158274338158e-08, -1.7545831969326e-08, -9.37806004227193e-05, 
13872, 7, 4.9257033159306e-06, -0.052359054902725, 4.92570331592734e-06, -1.19599108811989e-07, 0.052359054902725, 2.9616976385644e-05, 3.6660173196635e-06, -0.0074021011180243, 4.87854767559068e-06, -0.052373153159071, 4.87854767558784e-06, -3.40354606303019e-07, 0.052373153159071, 2.96692251824732e-05, 3.69055832255445e-06, -0.00730831665731125, 4.71556403308009e-08, 1.40982563459448e-05, 4.71556403307976e-08, 2.20755497474432e-07, -1.40982563459448e-05, -5.22487968672263e-08, -2.45410029687948e-08, -9.37844607130605e-05, 
13873, 0, 4.97407083867439e-06, -0.0523577940920162, 4.97407083867178e-06, -4.99585628675052e-07, 0.0523577940920162, 2.91125593612172e-05, 2.86375481314769e-06, -0.00740199159684826, 4.92728739694123e-06, -0.0523718918648828, 4.92728739693773e-06, -7.21186441110286e-07, 0.0523718918648828, 2.91648179178544e-05, 2.88860578769444e-06, -0.00730820862410074, 4.67834417211304e-08, 1.40977728664651e-05, 4.67834417211338e-08, 2.21600812434371e-07, -1.40977728664651e-05, -5.22585566001256e-08, -2.48509745685712e-08, -9.37829727475152e-05, 
13873, 7, 5.20030302840469e-06, -0.0523575228270718, 5.20030302840183e-06, -1.09907982083462e-06, 0.0523575228270718, 2.89016875669293e-05, 1.54629440341459e-06, -0.00740257996921284, 5.15068259830517e-06, -0.0523716221928937, 5.15068259830233e-06, -1.33198768586159e-06, 0.0523716221928937, 2.89530937522502e-05, 1.5759647162733e-06, -0.00730879170631763, 4.96204300725989e-08, 1.40993658219811e-05, 4.96204300726022e-08, 2.32907865057008e-07, -1.40993658219811e-05, -5.14061853067748e-08, -2.96703129604307e-08, -9.37882628951838e-05, 
13874, 0, 5.24941937306912e-06, -0.0523558911183804, 5.24941937306563e-06, -1.62026064112252e-06, 0.0523558911183804, 2.84188381792451e-05, 6.74875146505348e-07, -0.00740237966671175, 5.20124428492567e-06, -0.0523699894164765, 5.20124428492261e-06, -1.85333995938639e-06, 0.0523699894164765, 2.84705860349948e-05, 7.04988610462097e-07, -0.0073085918574554, 4.81750881134715e-08, 1.40982980961314e-05, 4.81750881134714e-08, 2.3307931824413e-07, -1.40982980961314e-05, -5.17478557661499e-08, -3.01134639275762e-08, -9.37878092563506e-05, 
13874, 7, 5.45499758017277e-06, -0.0523541018557636, 5.45499758016992e-06, -2.33147085279689e-06, 0.0523541018557636, 2.83034407642693e-05, 2.59266050958737e-07, -0.00740279468899717, 5.40451262175014e-06, -0.052368209148727, 5.40451262174687e-06, -2.56791989972535e-06, 0.052368209148727, 2.83571735357629e-05, 2.9264972254427e-07, -0.00730899184088988, 5.04849584305253e-08, 1.41072929633122e-05, 5.04849584305219e-08, 2.36449046930244e-07, -1.41072929633122e-05, -5.37327715392327e-08, -3.3383671454204e-08, -9.38028481072867e-05, 
13875, 0, 5.52902669275665e-06, -0.0523516048458249, 5.52902669275337e-06, -2.80038520372024e-06, 0.0523516048458249, 2.79136678064331e-05, -3.19878977584521e-07, -0.00740231236897506, 5.47882451875578e-06, -0.0523657113920031, 5.47882451875251e-06, -3.03794025556853e-06, 0.0523657113920031, 2.79673630688289e-05, -2.86307655951731e-07, -0.00730851080502512, 5.02021740074124e-08, 1.41065461781766e-05, 5.02021740074158e-08, 2.37555051836748e-07, -1.41065461781767e-05, -5.36952623879678e-08, -3.35713217755926e-08, -9.38015639499318e-05, 
13875, 7, 5.76995603355768e-06, -0.0523485542406601, 5.76995603355396e-06, -3.39322674142989e-06, 0.0523485542406601, 2.79242187620612e-05, 2.66376967144393e-07, -0.00740233865228926, 5.72433315605981e-06, -0.0523626710735907, 5.72433315605696e-06, -3.63148068000108e-06, 0.0523626710735907, 2.79774935497975e-05, 2.9893859397911e-07, -0.00730852553981556, 4.56228775217834e-08, 1.41168329304706e-05, 4.56228775217902e-08, 2.38253938581242e-07, -1.41168329304706e-05, -5.32747877857557e-08, -3.25616269449244e-08, -9.38131124736918e-05, 
13876, 0, 5.8808591672003e-06, -0.0523451018546158, 5.88085916719638e-06, -3.62883031088854e-06, 0.0523451018546158, 2.76467636705608e-05, 1.93606392748037e-07, -0.00740146160005965, 5.83539224469071e-06, -0.0523592184183509, 5.83539224468722e-06, -3.86797566787248e-06, 0.0523592184183509, 2.76997387706129e-05, 2.2606575453417e-07, -0.00730765101434849, 4.54669224921193e-08, 1.41165637349615e-05, 4.54669224921159e-08, 2.39145356941875e-07, -1.41165637349615e-05, -5.29751000738918e-08, -3.24593617388728e-08, -9.38105857111874e-05, 
13876, 7, 6.14842354100418e-06, -0.0523419909531928, 6.14842354100113e-06, -4.00713399971149e-06, 0.0523419909531928, 2.77358539819243e-05, 1.32617310316545e-06, -0.00740110282611021, 6.10532085128695e-06, -0.0523561231696255, 6.10532085128433e-06, -4.25079803043934e-06, 0.0523561231696255, 2.77861879043877e-05, 1.3554726945225e-06, -0.0073072760576874, 4.31026897105477e-08, 1.41322164326276e-05, 4.31026897105444e-08, 2.43664030754487e-07, -1.41322164326276e-05, -5.03339224876183e-08, -2.92995914433404e-08, -9.38267684228184e-05, 
13877, 0, 6.2707452533003e-06, -0.0523380100421067, 6.27074525329704e-06, -3.9592245018649e-06, 0.0523380100421067, 2.7561929046002e-05, 1.71266542466446e-06, -0.0073998673031638, 6.22837506312073e-06, -0.0523521417729835, 6.22837506311723e-06, -4.20265939653522e-06, 0.0523521417729835, 2.76121341108385e-05, 1.74185793791801e-06, -0.00730604206250785, 4.23701901772708e-08, 1.41317308765289e-05, 4.23701901772639e-08, 2.4343489470536e-07, -1.41317308765289e-05, -5.02050648733507e-08, -2.91925131997549e-08, -9.38252406559341e-05, 
13877, 7, 6.45256315632192e-06, -0.0523361275583636, 6.45256315631801e-06, -4.17439910066614e-06, 0.0523361275583636, 2.7696143623503e-05, 2.72459516529052e-06, -0.00739942958669818, 6.40473506191346e-06, -0.0523502715367472, 6.40473506191062e-06, -4.42039121188073e-06, 0.0523502715367472, 2.7750787784264e-05, 2.75204782591287e-06, -0.00730559332694062, 4.78280943817752e-08, 1.41439783836815e-05, 4.78280943817753e-08, 2.45992111227265e-07, -1.41439783836815e-05, -5.46441607587449e-08, -2.74526606603759e-08, -9.38362597575515e-05, 
13878, 0, 6.53609710398786e-06, -0.0523322933864232, 6.5360971039848e-06, -3.89520980465911e-06, 0.0523322933864232, 2.76063808696342e-05, 3.34756714657946e-06, -0.00739809901176503, 6.48888566707858e-06, -0.0523464363768629, 6.48888566707509e-06, -4.14121876988787e-06, 0.0523464363768629, 2.76608051472438e-05, 3.37496840397927e-06, -0.0073042644405234, 4.72114369110219e-08, 1.41429904396022e-05, 4.72114369110253e-08, 2.46008965193894e-07, -1.41429904396022e-05, -5.44242775203432e-08, -2.7401257536785e-08, -9.38345712416319e-05, 
13878, 7, 6.57141552655272e-06, -0.0523322518512053, 6.57141552654988e-06, -4.08296054976145e-06, 0.0523322518512053, 2.78610643060569e-05, 3.75785830408019e-06, -0.00739798011474232, 6.52985648650492e-06, -0.052346393821538, 6.52985648650163e-06, -4.33308384454432e-06, 0.052346393821538, 2.79190189724408e-05, 3.78716379388269e-06, -0.00730414417991053, 4.15590400287141e-08, 1.4141970332486e-05, 4.15590400287209e-08, 2.50123294794549e-07, -1.4141970332486e-05, -5.79546663863729e-08, -2.93054897063426e-08, -9.38359348317928e-05, 
13879, 0, 6.58023108565963e-06, -0.0523291272522986, 6.58023108565593e-06, -3.7008534348041e-06, 0.0523291272522986, 2.78365609182268e-05, 4.35785995687638e-06, -0.00739689971650692, 6.53896684397095e-06, -0.0523432683190673, 6.53896684396789e-06, -3.95138006346737e-06, 0.0523432683190673, 2.78945436107946e-05, 4.38730635022628e-06, -0.00730306488445906, 4.12642416997133e-08, 1.41410667689131e-05, 4.12642416997167e-08, 2.50526628685378e-07, -1.41410667689131e-05, -5.79826925526392e-08, -2.94463934470466e-08, -9.38348320478503e-05, 
13879, 7, 6.57880629793865e-06, -0.0523306388438503, 6.57880629793494e-06, -3.95960494089946e-06, 0.0523306388438503, 2.82428393005296e-05, 4.15773852808587e-06, -0.00739724057146787, 6.54026355179698e-06, -0.0523447728843419, 6.54026355179393e-06, -4.20597601303716e-06, 0.0523447728843419, 2.83006410107207e-05, 4.18766623456774e-06, -0.00730340929747613, 3.85427461255434e-08, 1.41340404914493e-05, 3.85427461255398e-08, 2.46371072154242e-07, -1.41340404914493e-05, -5.78017101682533e-08, -2.99277063435877e-08, -9.38312739917439e-05, 
13880, 0, 6.54184388218814e-06, -0.0523284635842804, 6.54184388218487e-06, -3.58674937499219e-06, 0.0523284635842804, 2.82878144431907e-05, 4.61233886704056e-06, -0.00739660406229155, 6.50274803687943e-06, -0.05234259705822, 6.50274803687681e-06, -3.83351239717619e-06, 0.05234259705822, 2.83454637561315e-05, 4.64255131437143e-06, -0.00730277509388124, 3.9095845313253e-08, 1.41334739394447e-05, 3.90958453132532e-08, 2.46763022251212e-07, -1.41334739394447e-05, -5.76493128642036e-08, -3.02124473983332e-08, -9.38289684103242e-05, 
13880, 7, 6.64348358962285e-06, -0.0523306396734396, 6.6434835896198e-06, -3.85042920796605e-06, 0.0523306396734396, 2.88379339121767e-05, 4.10571939827276e-06, -0.00739718465155387, 6.61068455215994e-06, -0.0523447711214813, 6.61068455215666e-06, -4.10143582112843e-06, 0.0523447711214813, 2.88977892884993e-05, 4.14051508300426e-06, -0.00730335663549848, 3.27990374843765e-08, 1.41314480415307e-05, 3.27990374843832e-08, 2.51006613168893e-07, -1.41314480415307e-05, -5.98553762569014e-08, -3.4795684867077e-08, -9.38280160553665e-05, 
13881, 0, 6.63110819134745e-06, -0.052329219485376, 6.63110819134417e-06, -3.54775453710531e-06, 0.052329219485376, 2.89802123764319e-05, 4.44206903821486e-06, -0.00739694126449962, 6.60133166376894e-06, -0.0523433498462203, 6.6013316637661e-06, -3.79871345740346e-06, 0.0523433498462203, 2.90410300750238e-05, 4.47770423385626e-06, -0.00730311296519125, 2.97765276248697e-08, 1.41303608443881e-05, 2.97765276248628e-08, 2.50958920265129e-07, -1.41303608443881e-05, -6.08176986064846e-08, -3.56351954441533e-08, -9.38282993083619e-05, 
13881, 7, 6.87003066506906e-06, -0.0523312219850772, 6.870030665066e-06, -3.64939104778607e-06, 0.0523312219850772, 2.95218610943891e-05, 4.14226001105997e-06, -0.00739749528244785, 6.83643651844244e-06, -0.0523453553112851, 6.83643651843895e-06, -3.89792612573507e-06, 0.0523453553112851, 2.95815271404404e-05, 4.17955478278291e-06, -0.00730367060700059, 3.35941466434488e-08, 1.41333262078396e-05, 3.35941466434556e-08, 2.48535077914163e-07, -1.41333262078396e-05, -5.9666046109366e-08, -3.72947717181825e-08, -9.38246754472289e-05, 
13882, 0, 6.94018991473945e-06, -0.0523300743736574, 6.94018991473617e-06, -3.428764222441e-06, 0.0523300743736574, 2.97608905513921e-05, 4.48014693571233e-06, -0.00739744596081548, 6.90696959223145e-06, -0.0523442070040354, 6.90696959222862e-06, -3.67717860718314e-06, 0.0523442070040354, 2.98205267055859e-05, 4.51772824116901e-06, -0.00730362291857128, 3.32203224932466e-08, 1.41326303781159e-05, 3.32203224932466e-08, 2.48414384770665e-07, -1.41326303781159e-05, -5.96361542815286e-08, -3.75813055692101e-08, -9.38230422441792e-05, 
13882, 7, 7.19971450730794e-06, -0.052331336612397, 7.19971450730445e-06, -3.16970516602756e-06, 0.052331336612397, 3.00757500728636e-05, 4.62572660800639e-06, -0.00739799050242593, 7.16869254863589e-06, -0.0523454791908888, 7.1686925486324e-06, -3.41278361083903e-06, 0.0523454791908888, 3.01356060404556e-05, 4.66137889886297e-06, -0.0073041681924651, 3.10219586791198e-08, 1.41425784919169e-05, 3.10219586791165e-08, 2.430784447844e-07, -1.41425784919169e-05, -5.98559676169045e-08, -3.56522907856866e-08, -9.38223099608139e-05, 
13883, 0, 7.35333427701267e-06, -0.0523299873461304, 7.35333427700962e-06, -2.99182950635249e-06, 0.0523299873461304, 3.03775769434938e-05, 5.04714199025671e-06, -0.0073979399251071, 7.32213630795138e-06, -0.0523441289862907, 7.32213630794832e-06, -3.23398606827157e-06, 0.0523441289862907, 3.04372983013535e-05, 5.08291404054042e-06, -0.00730411863253142, 3.11979690655299e-08, 1.41416401605569e-05, 3.11979690655297e-08, 2.42156561957208e-07, -1.41416401605569e-05, -5.97213578515118e-08, -3.57720501680418e-08, -9.38212925756786e-05, 
13883, 7, 7.60361165107266e-06, -0.0523304785272318, 7.60361165107026e-06, -2.38422225004145e-06, 0.0523304785272318, 3.0333311017996e-05, 5.39404316531659e-06, -0.00739851520917731, 7.57212607534607e-06, -0.0523446308842773, 7.5721260753428e-06, -2.62676943788475e-06, 0.0523446308842773, 3.03957091169426e-05, 5.42822785090343e-06, -0.00730468564494775, 3.14855756816192e-08, 1.41523570452975e-05, 3.14855756816194e-08, 2.42547187836204e-07, -1.41523570452975e-05, -6.23980989889077e-08, -3.4184685544458e-08, -9.38295642295248e-05, 
13884, 0, 7.80955543414966e-06, -0.0523287368259701, 7.80955543414638e-06, -2.22495889616151e-06, 0.0523287368259701, 3.06189037145738e-05, 5.84128140632868e-06, -0.00739829834166103, 7.77782569339263e-06, -0.052342888301072, 7.77782569338914e-06, -2.4677262099807e-06, 0.052342888301072, 3.06812922575622e-05, 5.87560031460266e-06, -0.00730447041263446, 3.1729740716821e-08, 1.41514751021012e-05, 3.17297407168243e-08, 2.42767313856058e-07, -1.41514751021012e-05, -6.23885430265331e-08, -3.43189082689301e-08, -9.38279290265452e-05, 
13884, 7, 8.03555657797215e-06, -0.0523288836093712, 8.03555657796908e-06, -1.53663736670808e-06, 0.0523288836093712, 3.01968112401776e-05, 6.05850933269839e-06, -0.00739885259403156, 8.00034813920407e-06, -0.0523430382135087, 8.00034813920102e-06, -1.77421697904847e-06, 0.0523430382135087, 3.02602675948428e-05, 6.08918123350622e-06, -0.00730501945061586, 3.52084387479709e-08, 1.41546041376572e-05, 3.5208438747971e-08, 2.37579612315362e-07, -1.41546041376572e-05, -6.34563547628426e-08, -3.06719008980072e-08, -9.38331434157126e-05, 
13885, 0, 8.22280594738897e-06, -0.0523268493464676, 8.22280594738591e-06, -1.40957316956378e-06, 0.0523268493464676, 3.03525036214526e-05, 6.42199969650731e-06, -0.0073984235775917, 8.18757699607472e-06, -0.0523410033621038, 8.18757699607144e-06, -1.64807618553891e-06, 0.0523410033621038, 3.04158204163624e-05, 6.4528065545986e-06, -0.00730459193234928, 3.52289513395517e-08, 1.41540156365073e-05, 3.52289513395484e-08, 2.38503015974299e-07, -1.41540156365073e-05, -6.33167948916601e-08, -3.08068581808731e-08, -9.38316452424103e-05, 
13885, 7, 8.31217905673493e-06, -0.0523270389857346, 8.31217905673166e-06, -9.15103914684479e-07, 0.0523270389857346, 2.95859311365819e-05, 6.3752042525852e-06, -0.00739897748748986, 8.28149743202975e-06, -0.0523411995834977, 8.28149743202735e-06, -1.15347958513961e-06, 0.0523411995834977, 2.96486306664501e-05, 6.40221772061888e-06, -0.0073051378515903, 3.0681624720831e-08, 1.41605977633976e-05, 3.06816247208241e-08, 2.38375670416904e-07, -1.41605977633976e-05, -6.26995299031505e-08, -2.70134679268749e-08, -9.38396358995485e-05, 
13886, 0, 8.39718087318374e-06, -0.0523249169434836, 8.39718087318049e-06, -8.53069395581534e-07, 0.0523249169434836, 2.95192658152146e-05, 6.61070893481013e-06, -0.00739842406458787, 8.36647281763151e-06, -0.0523390765575704, 8.36647281762823e-06, -1.0909572540657e-06, 0.0523390765575704, 2.95816897808904e-05, 6.63775962041348e-06, -0.00730458541542495, 3.07080555617048e-08, 1.41596140867522e-05, 3.07080555617048e-08, 2.37887858491486e-07, -1.41596140867522e-05, -6.24239655648114e-08, -2.70506856367154e-08, -9.38386491628905e-05, 
13886, 7, 8.29062202029837e-06, -0.0523253492409852, 8.29062202029532e-06, -7.10987655916873e-07, 0.0523253492409852, 2.86033167522468e-05, 6.46471600925574e-06, -0.00739901660609896, 8.2583852228277e-06, -0.0523395111877877, 8.25838522282506e-06, -9.5364304463643e-07, 0.0523395111877877, 2.86649513835347e-05, 6.49171047357409e-06, -0.00730516579374633, 3.22367974662919e-08, 1.41619468024717e-05, 3.22367974662986e-08, 2.42655388702229e-07, -1.41619468024717e-05, -6.16346312703271e-08, -2.69944642456446e-08, -9.38508123526134e-05, 
13887, 0, 8.24721275687243e-06, -0.0523232927976061, 8.24721275686937e-06, -7.31694361700571e-07, 0.0523232927976061, 2.83260498438807e-05, 6.64196657082542e-06, -0.00739845788520047, 8.21525063782008e-06, -0.052337454392726, 8.21525063781702e-06, -9.73865898782485e-07, 0.052337454392726, 2.83875990235939e-05, 6.66902101541671e-06, -0.00730460825646687, 3.19621190597364e-08, 1.41615951198374e-05, 3.19621190597432e-08, 2.42171537080933e-07, -1.41615951198374e-05, -6.1549179736157e-08, -2.70544447180357e-08, -9.38496287335713e-05, 
13887, 7, 8.05101060152221e-06, -0.0523240387167725, 8.05101060151982e-06, -8.73881743293701e-07, 0.0523240387167725, 2.75137703659571e-05, 6.83453536246866e-06, -0.00739908924308057, 8.0189760076495e-06, -0.0523381999110392, 8.01897600764622e-06, -1.11185680911014e-06, 0.0523381999110392, 2.75729557742647e-05, 6.86157639451204e-06, -0.00730523663638004, 3.20345938854846e-08, 1.41611942669721e-05, 3.20345938854845e-08, 2.379750658343e-07, -1.41611942669721e-05, -5.91854082294908e-08, -2.70410318927241e-08, -9.38526067005125e-05, 
13888, 0, 7.93017648332968e-06, -0.0523221178644045, 7.93017648332618e-06, -9.28958162639651e-07, 0.0523221178644045, 2.7094477139047e-05, 7.13780406763364e-06, -0.00739860593836918, 7.89788891001332e-06, -0.0523362782869149, 7.89788891001025e-06, -1.16674464014846e-06, 0.0523362782869149, 2.71534429659046e-05, 7.16471703715404e-06, -0.00730475536806087, 3.22875733069963e-08, 1.41604225105402e-05, 3.22875733069964e-08, 2.37786477481452e-07, -1.41604225105402e-05, -5.8965826906098e-08, -2.69129694688581e-08, -9.38505703083283e-05, 
13888, 7, 7.72456629121569e-06, -0.0523231069014843, 7.72456629121219e-06, -1.10835709727284e-06, 0.0523231069014843, 2.64420138998193e-05, 7.79406483054199e-06, -0.0073993030453588, 7.68809695033421e-06, -0.0523372708485868, 7.68809695033094e-06, -1.34364493756437e-06, 0.0523372708485868, 2.65007065820269e-05, 7.82136227445459e-06, -0.00730544122691312, 3.64693408894958e-08, 1.41639471024243e-05, 3.64693408894925e-08, 2.35287840277434e-07, -1.41639471024243e-05, -5.86926821717028e-08, -2.72974439799878e-08, -9.38618184456738e-05, 
13889, 0, 7.5594681899062e-06, -0.0523213374721989, 7.55946818990314e-06, -1.13900947832268e-06, 0.0523213374721989, 2.59290307097413e-05, 8.29940674500946e-06, -0.00739894673848802, 7.52318378160773e-06, -0.0523355006553687, 7.52318378160468e-06, -1.37372691074474e-06, 0.0523355006553687, 2.59877432560426e-05, 8.32658846920656e-06, -0.00730508633387015, 3.62844083028059e-08, 1.41631831699052e-05, 3.62844083028125e-08, 2.3471743243281e-07, -1.41631831699052e-05, -5.87125463693304e-08, -2.71817242241722e-08, -9.3860404617827e-05, 
13889, 7, 7.32299597704601e-06, -0.0523223578923318, 7.32299597704273e-06, -1.20622823820592e-06, 0.0523223578923318, 2.52789618332885e-05, 9.14333599870065e-06, -0.00739967272783714, 7.2798306181291e-06, -0.0523365241958422, 7.27983061812561e-06, -1.43737894939829e-06, 0.0523365241958422, 2.53367409200951e-05, 9.16780003787899e-06, -0.00730580894036159, 4.31653589037174e-08, 1.41663035100119e-05, 4.31653589037208e-08, 2.31150711189889e-07, -1.41663035100119e-05, -5.77790868530145e-08, -2.44640391681342e-08, -9.38637874755712e-05, 
13890, 0, 7.12693639386518e-06, -0.0523207388052658, 7.12693639386211e-06, -1.19729593515144e-06, 0.0523207388052658, 2.46788954875515e-05, 9.76281869288604e-06, -0.00739946760032332, 7.08368669578003e-06, -0.0523349040774186, 7.0836866957772e-06, -1.42899103811319e-06, 0.0523349040774186, 2.47367138802739e-05, 9.78718013571429e-06, -0.00730560540142656, 4.32496980463328e-08, 1.41652721527578e-05, 4.32496980463327e-08, 2.31695102961307e-07, -1.41652721527578e-05, -5.78183926998456e-08, -2.43614428563571e-08, -9.38621988967715e-05, 
13890, 7, 6.89427057758093e-06, -0.0523217474440273, 6.89427057757765e-06, -1.07127390544614e-06, 0.0523217474440273, 2.41257483555016e-05, 1.04443725729684e-05, -0.00740019588846218, 6.8516097794196e-06, -0.0523359111968792, 6.85160977941633e-06, -1.30411479114137e-06, 0.0523359111968792, 2.41855154678786e-05, 1.0466649610095e-05, -0.00730632891710698, 4.26607981618989e-08, 1.41637528518003e-05, 4.2660798161899e-08, 2.32840885646486e-07, -1.41637528518003e-05, -5.97671123138439e-08, -2.22770370430365e-08, -9.38669713551801e-05, 
13891, 0, 6.73708466717755e-06, -0.0523203428822554, 6.73708466717471e-06, -1.03302985883129e-06, 0.0523203428822554, 2.35253517542236e-05, 1.10096906512688e-05, -0.00740012927646891, 6.69447819310225e-06, -0.0523345062864975, 6.69447819309853e-06, -1.26593127057475e-06, 0.0523345062864975, 2.35851942782346e-05, 1.10319253805152e-05, -0.0073062643237459, 4.26064740574001e-08, 1.41634042422761e-05, 4.26064740574035e-08, 2.32901411778711e-07, -1.41634042422761e-05, -5.98425241512502e-08, -2.2234729344239e-08, -9.38649527230317e-05, 
13891, 7, 6.56974745917591e-06, -0.0523211460918704, 6.56974745917286e-06, -8.37114272038377e-07, 0.0523211460918704, 2.32743602327775e-05, 1.11689176076347e-05, -0.00740079138322642, 6.53121139513405e-06, -0.0523353069157517, 6.53121139513056e-06, -1.07004266965445e-06, 0.0523353069157517, 2.33349149729861e-05, 1.11899591210804e-05, -0.00730692726681661, 3.85360640490036e-08, 1.41608238812685e-05, 3.85360640490072e-08, 2.3292839760182e-07, -1.41608238812685e-05, -6.05547402867136e-08, -2.10415133968983e-08, -9.38641164098371e-05, 
13892, 0, 6.5339787424251e-06, -0.0523199325058557, 6.53397874242117e-06, -8.0245409434354e-07, 0.0523199325058557, 2.28030265027067e-05, 1.14916861512242e-05, -0.00740081156674225, 6.49804343485357e-06, -0.0523340916105963, 6.49804343484986e-06, -1.03596979119108e-06, 0.0523340916105963, 2.2864516792784e-05, 1.15131930749011e-05, -0.00730694775763833, 3.59353075764143e-08, 1.41591047405792e-05, 3.59353075764144e-08, 2.33515696840015e-07, -1.41591047405792e-05, -6.14902900648945e-08, -2.1506923718357e-08, -9.38638091039299e-05, 
13892, 7, 6.49208306367283e-06, -0.0523201920214594, 6.49208306366933e-06, -6.81275146420748e-07, 0.0523201920214594, 2.29817272214104e-05, 1.10600025936766e-05, -0.00740144098654103, 6.45418080196909e-06, -0.0523343516340241, 6.45418080196539e-06, -9.2049353789759e-07, 0.0523343516340241, 2.30438044200886e-05, 1.10828878815834e-05, -0.00730757620128147, 3.79022616728874e-08, 1.41596125648942e-05, 3.79022616728842e-08, 2.39218391447067e-07, -1.41596125648942e-05, -6.20771986405189e-08, -2.28852879008135e-08, -9.38647852595606e-05, 
13893, 0, 6.60904793584104e-06, -0.05231900542381, 6.60904793583733e-06, -7.2008602495099e-07, 0.05231900542381, 2.27178999597586e-05, 1.1026570484942e-05, -0.0074014909927662, 6.57141977594552e-06, -0.0523331639664933, 6.57141977594203e-06, -9.59989541020775e-07, 0.0523331639664933, 2.27799256875417e-05, 1.10495820740207e-05, -0.00730762768953935, 3.76281599135223e-08, 1.41585426832152e-05, 3.76281599135189e-08, 2.39903516036653e-07, -1.41585426832152e-05, -6.20257277973216e-08, -2.30115890577871e-08, -9.3863303226848e-05, 
13893, 7, 6.6249243242609e-06, -0.0523183075385452, 6.62492432425784e-06, -7.95334487493457e-07, 0.0523183075385452, 2.29927242607455e-05, 1.01665706423464e-05, -0.00740202371436219, 6.59210212244936e-06, -0.0523324646493056, 6.59210212244607e-06, -1.04105786300519e-06, 0.0523324646493056, 2.30527701108403e-05, 1.01918445924345e-05, -0.0073081565299518, 3.28222017943068e-08, 1.41571107604946e-05, 3.28222017943033e-08, 2.45723375539578e-07, -1.41571107604946e-05, -6.00458499601355e-08, -2.52739500858656e-08, -9.38671844103902e-05, 
13894, 0, 6.81771763356298e-06, -0.0523168804553403, 6.81771763355927e-06, -9.86607471442854e-07, 0.0523168804553403, 2.28052204900748e-05, 9.76311348439176e-06, -0.00740200226790715, 6.78554413680949e-06, -0.0523310363594459, 6.78554413680601e-06, -1.23283814283053e-06, 0.0523310363594459, 2.2865271157376e-05, 9.78875657691406e-06, -0.00730813680250589, 3.21734967385526e-08, 1.41559041055146e-05, 3.21734967385559e-08, 2.46230671393539e-07, -1.41559041055146e-05, -6.00506672892253e-08, -2.56430924808171e-08, -9.38654654012699e-05, 
13894, 7, 6.72049778133762e-06, -0.0523153830724742, 6.7204977813348e-06, -1.26624120262252e-06, 0.0523153830724742, 2.27896779275702e-05, 8.78066412730236e-06, -0.00740225264484162, 6.69428253117225e-06, -0.0523295428830095, 6.69428253116898e-06, -1.52062054190559e-06, 0.0523295428830095, 2.28441477513554e-05, 8.80894806081383e-06, -0.00730838508921157, 2.62152501640042e-08, 1.41598105352367e-05, 2.62152501640075e-08, 2.54379339288401e-07, -1.41598105352367e-05, -5.44698238762068e-08, -2.82839336221903e-08, -9.38675556300523e-05, 
13895, 0, 6.87384448478403e-06, -0.0523136572037356, 6.87384448478097e-06, -1.62519552081854e-06, 0.0523136572037357, 2.25252716758397e-05, 8.11889257622993e-06, -0.00740204867087242, 6.84826225630212e-06, -0.0523278160537316, 6.84826225629907e-06, -1.88007180437096e-06, 0.0523278160537316, 2.25798163370769e-05, 8.1474360053961e-06, -0.00730818296234505, 2.55822284861011e-08, 1.41588499957648e-05, 2.55822284861009e-08, 2.54876283534718e-07, -1.41588499957648e-05, -5.45446612245912e-08, -2.85434291425795e-08, -9.38657085273825e-05, 
13895, 7, 6.54741725816796e-06, -0.0523122091163989, 6.54741725816513e-06, -2.00839539114347e-06, 0.0523122091163989, 2.21266487089218e-05, 7.36559656838644e-06, -0.00740199150919958, 6.51833590205015e-06, -0.0523263832273059, 6.51833590204709e-06, -2.2667020442713e-06, 0.0523263832273059, 2.21801747757997e-05, 7.3953304425801e-06, -0.0073081130308682, 2.9081356098471e-08, 1.41741109069412e-05, 2.90813560984641e-08, 2.58306653134405e-07, -1.41741109069412e-05, -5.35260669010911e-08, -2.97338743479165e-08, -9.38784783313833e-05, 
13896, 0, 6.57541671394551e-06, -0.0523104001630233, 6.57541671394245e-06, -2.44692554200924e-06, 0.0523104001630233, 2.17291512868847e-05, 6.66064225472762e-06, -0.00740158702318021, 6.54629598013706e-06, -0.0523245736206582, 6.54629598013334e-06, -2.70536379950115e-06, 0.0523245736206582, 2.17827748385341e-05, 6.69050346640497e-06, -0.00730771049512827, 2.91207338094608e-08, 1.41734576349516e-05, 2.91207338094574e-08, 2.58438257513313e-07, -1.41734576349516e-05, -5.36235517179161e-08, -2.98612116155957e-08, -9.38765280519219e-05, 
13896, 7, 5.99119996873266e-06, -0.052309868775413, 5.99119996872939e-06, -2.83818371611818e-06, 0.052309868775413, 2.10136523232078e-05, 6.2540599681055e-06, -0.00740149938140378, 5.96962214399485e-06, -0.0523240523175453, 5.96962214399223e-06, -3.09482985936337e-06, 0.0523240523175453, 2.10723119114086e-05, 6.28370621426857e-06, -0.00730761679755969, 2.15778247073957e-08, 1.41835421323533e-05, 2.1577824707399e-08, 2.56646143239435e-07, -1.41835421323533e-05, -5.86595882516817e-08, -2.9646246215326e-08, -9.38825838440938e-05, 
13897, 0, 5.85460930601281e-06, -0.0523082593984152, 5.85460930600996e-06, -3.23307435478461e-06, 0.0523082593984152, 2.04968243439738e-05, 5.67898484931377e-06, -0.00740100780823615, 5.83254685291497e-06, -0.0523224428036944, 5.83254685291193e-06, -3.48987643338581e-06, 0.0523224428036944, 2.05552911537606e-05, 5.70854925389529e-06, -0.00730712719529497, 2.20624530965868e-08, 1.41834052793513e-05, 2.206245309659e-08, 2.56802078614873e-07, -1.41834052793513e-05, -5.84668097822403e-08, -2.95644046528244e-08, -9.38806129411904e-05, 
13897, 7, 5.21301940908339e-06, -0.0523090462448439, 5.21301940908035e-06, -3.5865786805465e-06, 0.0523090462448439, 1.98197055047804e-05, 5.54418894318224e-06, -0.00740135251861357, 5.17918481971397e-06, -0.0523232374462902, 5.17918481971048e-06, -3.83967743246271e-06, 0.0523232374462902, 1.98827548853428e-05, 5.56985939854225e-06, -0.00730747731444556, 3.38345893794095e-08, 1.41912014462863e-05, 3.38345893794095e-08, 2.53098751931166e-07, -1.41912014462863e-05, -6.30493806173165e-08, -2.56704552830315e-08, -9.38752041679868e-05, 
13898, 0, 4.95951127175604e-06, -0.052307799761315, 4.95951127175213e-06, -3.82642393847167e-06, 0.052307799761315, 1.93238038451553e-05, 5.18062603681314e-06, -0.00740095010961872, 4.92510320813813e-06, -0.0523219905155706, 4.92510320813507e-06, -4.07967372169085e-06, 0.0523219905155706, 1.93866816244889e-05, 5.20622875843389e-06, -0.00730707704786682, 3.44080635864902e-08, 1.41907542556437e-05, 3.44080635864901e-08, 2.53249783233378e-07, -1.41907542556437e-05, -6.28777794164347e-08, -2.56027215866592e-08, -9.38730617519142e-05, 
13898, 7, 4.48740402970909e-06, -0.0523095342030756, 4.4874040297056e-06, -4.20434434473454e-06, 0.0523095342030756, 1.91106155525302e-05, 5.08836320640384e-06, -0.00740192812189122, 4.44783446722989e-06, -0.0523237220781845, 4.44783446722663e-06, -4.45074157191113e-06, 0.0523237220781845, 1.91781747881736e-05, 5.10954261324203e-06, -0.00730805600810116, 3.95695625061481e-08, 1.41878751085784e-05, 3.95695625061449e-08, 2.46397227157923e-07, -1.41878751085784e-05, -6.7559235561856e-08, -2.11794069991715e-08, -9.38721137901073e-05, 
13899, 0, 4.24619797868054e-06, -0.0523085708502591, 4.24619797867727e-06, -4.28804550187971e-06, 0.0523085708502591, 1.87997852040375e-05, 4.88360172986536e-06, -0.00740171548997597, 4.20633663896675e-06, -0.0523227580314035, 4.20633663896305e-06, -4.5344461561868e-06, 0.0523227580314035, 1.88671788916356e-05, 4.90487182271977e-06, -0.00730784562578018, 3.98613396835597e-08, 1.41871811443644e-05, 3.98613396835699e-08, 2.46400654305802e-07, -1.41871811443644e-05, -6.73936876307626e-08, -2.12700925979315e-08, -9.38698641957693e-05, 
13899, 7, 4.10440377151799e-06, -0.0523103469260507, 4.10440377151493e-06, -4.71849279333066e-06, 0.0523103469260507, 1.92427195851734e-05, 4.79430789109139e-06, -0.00740307072687788, 4.07219517977849e-06, -0.0523245235527318, 4.07219517977498e-06, -4.95696292321094e-06, 0.0523245235527318, 1.93155992336653e-05, 4.81783203187049e-06, -0.00730918551077312, 3.22085917449553e-08, 1.41766266812074e-05, 3.2208591744962e-08, 2.38470129870088e-07, -1.41766266812074e-05, -7.28796485774358e-08, -2.35241407244872e-08, -9.38852161047881e-05, 
13900, 0, 4.00395558203566e-06, -0.0523094307530671, 4.00395558203259e-06, -4.68611150977092e-06, 0.0523094307530671, 1.91943640904688e-05, 4.71161676558554e-06, -0.00740299626213357, 3.96996392907135e-06, -0.0523236067937663, 3.96996392906809e-06, -4.92531012679252e-06, 0.0523236067937663, 1.92667419347316e-05, 4.73500601330225e-06, -0.00730911390313312, 3.39916529265481e-08, 1.4176040699093e-05, 3.39916529265516e-08, 2.39198617012802e-07, -1.4176040699093e-05, -7.23778442102277e-08, -2.33892476738124e-08, -9.38823590004154e-05, 
13900, 7, 4.14435657439017e-06, -0.0523103522569481, 4.14435657438668e-06, -5.03925810237523e-06, 0.0523103522569481, 2.01454271204524e-05, 4.89693212278329e-06, -0.00740423344720352, 4.11297334727217e-06, -0.0523245217447184, 4.11297334726911e-06, -5.27047450797004e-06, 0.0523245217447184, 2.02183000910809e-05, 4.92241631106837e-06, -0.00731033693056957, 3.13832270919764e-08, 1.41694877704503e-05, 3.13832270919797e-08, 2.31216405623421e-07, -1.41694877704503e-05, -7.28729706726861e-08, -2.54841881702016e-08, -9.38965166339423e-05, 
13901, 0, 4.20468817503026e-06, -0.0523091414049813, 4.20468817502699e-06, -4.89049439266996e-06, 0.0523091414049813, 2.03412411835031e-05, 4.97360846561252e-06, -0.0074041615371804, 4.17153757254265e-06, -0.0523233108534325, 4.17153757253916e-06, -5.12205475846189e-06, 0.0523233108534325, 2.04132015538753e-05, 4.99879567468394e-06, -0.00731026841041364, 3.31506024789892e-08, 1.41694484510485e-05, 3.31506024789926e-08, 2.31560365819814e-07, -1.41694484510485e-05, -7.19603703810087e-08, -2.51872090811364e-08, -9.38931267667643e-05, 
13901, 7, 4.38129788980918e-06, -0.0523088903591009, 4.38129788980548e-06, -5.02057051133745e-06, 0.0523088903591009, 2.14706024636352e-05, 5.69979249952008e-06, -0.00740494205951972, 4.33797390368935e-06, -0.0523230582074703, 4.33797390368673e-06, -5.24492757333565e-06, 0.0523230582074703, 2.15393863277576e-05, 5.72281716140759e-06, -0.00731104667336856, 4.33239861111946e-08, 1.41678483693572e-05, 4.33239861111879e-08, 2.24357061999486e-07, -1.41678483693572e-05, -6.87838641320016e-08, -2.3024661932927e-08, -9.3895386151147e-05, 
13902, 0, 4.51362802369609e-06, -0.0523071514422101, 4.51362802369238e-06, -4.73391073691533e-06, 0.0523071514422101, 2.18202722398786e-05, 6.01265269770674e-06, -0.00740474831712909, 4.46938054117256e-06, -0.0523213189033816, 4.46938054116907e-06, -4.95828021515902e-06, 0.0523213189033817, 2.18887414738507e-05, 6.03555896867161e-06, -0.00731085513562153, 4.42474825299498e-08, 1.41674611711897e-05, 4.42474825299533e-08, 2.24369478322286e-07, -1.41674611711897e-05, -6.84692339811451e-08, -2.29062708468462e-08, -9.38931815075602e-05, 
13902, 7, 4.54310980890675e-06, -0.0523060265431942, 4.5431098089037e-06, -4.61032484568302e-06, 0.0523060265431942, 2.2714586666048e-05, 7.11761238427524e-06, -0.00740511101548102, 4.49598045655525e-06, -0.0523201997450785, 4.49598045655133e-06, -4.82697142406459e-06, 0.0523201997450785, 2.27865307137879e-05, 7.13841409688549e-06, -0.00731119964637666, 4.71293523400917e-08, 1.41732018843581e-05, 4.71293523400883e-08, 2.1664657837981e-07, -1.41732018843581e-05, -7.19440477754618e-08, -2.08017126102066e-08, -9.39113691043631e-05, 
13903, 0, 4.63640254940448e-06, -0.0523037763241457, 4.63640254940077e-06, -4.19944479538871e-06, 0.0523037763241457, 2.30628554681289e-05, 7.63933093105996e-06, -0.00740474074660584, 4.59045165656804e-06, -0.0523179487092187, 4.59045165656475e-06, -4.41570873074715e-06, 0.0523179487092187, 2.3135342106986e-05, 7.66041185770235e-06, -0.00731082975568013, 4.59508927988884e-08, 1.41723850728188e-05, 4.5950892798885e-08, 2.16263935371446e-07, -1.41723850728188e-05, -7.24866388452533e-08, -2.10809265999909e-08, -9.39109909256735e-05, 
13903, 7, 4.51904339566678e-06, -0.0523022837536698, 4.51904339566351e-06, -3.92074844623819e-06, 0.0523022837536698, 2.33683497470651e-05, 8.47455254066849e-06, -0.00740483269384894, 4.47795003531519e-06, -0.0523164657180779, 4.4779500353119e-06, -4.13876471922814e-06, 0.0523164657180779, 2.34437975093228e-05, 8.49286769826893e-06, -0.00731090794510671, 4.10933603462273e-08, 1.41819644082492e-05, 4.10933603462274e-08, 2.1801627299572e-07, -1.41819644082492e-05, -7.54477621696295e-08, -1.83151575819122e-08, -9.39247487422263e-05, 
13904, 0, 4.4965147795511e-06, -0.052299711720492, 4.49651477954827e-06, -3.45951142977823e-06, 0.052299711720492, 2.3565027076466e-05, 9.01476158342669e-06, -0.00740429819751415, 4.45577456420997e-06, -0.0523138931943353, 4.45577456420649e-06, -3.67670112423285e-06, 0.0523138931943353, 2.36410736847235e-05, 9.03326654694832e-06, -0.00731037415580485, 4.07402153399989e-08, 1.41814738434528e-05, 4.07402153399954e-08, 2.17189694420125e-07, -1.41814738434528e-05, -7.60466082422055e-08, -1.85049635431113e-08, -9.39240417092919e-05, 
13904, 7, 4.33615554767068e-06, -0.0522984708431994, 4.33615554766742e-06, -3.26060872262751e-06, 0.0522984708431994, 2.33154715297788e-05, 9.0119235924529e-06, -0.00740426478274098, 4.29730146979992e-06, -0.0523126576277217, 4.29730146979686e-06, -3.4794011436332e-06, 0.0523126576277217, 2.33925644897216e-05, 9.02624730426416e-06, -0.00731034220774207, 3.88540778963058e-08, 1.41867845223017e-05, 3.88540778963059e-08, 2.18792420988399e-07, -1.41867845223017e-05, -7.70929599030323e-08, -1.43237117342935e-08, -9.39225749989223e-05, 
13905, 0, 4.19746548855831e-06, -0.0522959193988055, 4.19746548855524e-06, -2.91133829008354e-06, 0.0522959193988055, 2.33124268001438e-05, 9.3302200228174e-06, -0.00740364821090524, 4.15860887802434e-06, -0.0523101055895046, 4.15860887802106e-06, -3.1300621831244e-06, 0.0523101055895046, 2.33894525183548e-05, 9.34456463543494e-06, -0.00730972715632987, 3.88566105121054e-08, 1.41861906989932e-05, 3.88566105121089e-08, 2.18723893037038e-07, -1.41861906989932e-05, -7.70257180767504e-08, -1.43446126699213e-08, -9.3921054575409e-05, 
13905, 7, 4.1102895057925e-06, -0.0522955008692528, 4.11028950578986e-06, -2.98135356824786e-06, 0.0522955008692528, 2.28583555001115e-05, 8.49567995068904e-06, -0.0074036819204471, 4.06903908067278e-06, -0.0523096896621376, 4.06903908066949e-06, -3.20892797623613e-06, 0.0523096896621376, 2.29355973291555e-05, 8.51232114771497e-06, -0.0073097642493998, 4.12504251298314e-08, 1.41887928848886e-05, 4.12504251298314e-08, 2.2757440799419e-07, -1.41887928848886e-05, -7.72418291707535e-08, -1.66411969676043e-08, -9.39176710472852e-05, 
13906, 0, 3.92951545609769e-06, -0.0522933144772561, 3.92951545609442e-06, -2.89892476311952e-06, 0.0522933144772562, 2.27268523475385e-05, 8.47067160307653e-06, -0.00740312420679511, 3.88873624456115e-06, -0.0523075026255328, 3.88873624455788e-06, -3.12731429874885e-06, 0.0523075026255328, 2.28038709473919e-05, 8.48744771288678e-06, -0.0073092086396573, 4.07792115209403e-08, 1.41881482766454e-05, 4.07792115209371e-08, 2.28389535604854e-07, -1.41881482766454e-05, -7.70185999183319e-08, -1.67761097277156e-08, -9.39155671378066e-05, 
13906, 7, 3.985611850475e-06, -0.0522937740203921, 3.98561185047128e-06, -3.20187506368405e-06, 0.0522937740203921, 2.25394143523791e-05, 7.36699231607284e-06, -0.00740340818255538, 3.94785519702038e-06, -0.0523079658815012, 3.94785519701752e-06, -3.43653286372063e-06, 0.0523079658815012, 2.26155584517493e-05, 7.38832628859337e-06, -0.00730949437162145, 3.77566534290518e-08, 1.41918611093976e-05, 3.77566534290452e-08, 2.34657800024856e-07, -1.41918611093976e-05, -7.61440993827731e-08, -2.13339724377137e-08, -9.39138109339497e-05, 
13907, 0, 3.83030094217229e-06, -0.0522920510361564, 3.83030094216923e-06, -3.39138035005346e-06, 0.0522920510361564, 2.24346998732551e-05, 7.0642219544914e-06, -0.00740302835211021, 3.79356098021465e-06, -0.05230624234064, 3.79356098021203e-06, -3.62567864208924e-06, 0.05230624234064, 2.2511264302508e-05, 7.08597501061299e-06, -0.00730911663136449, 3.67399619524956e-08, 1.41913044835023e-05, 3.67399619525024e-08, 2.34298292025858e-07, -1.41913044835023e-05, -7.65644292835003e-08, -2.17530562053629e-08, -9.39117207457221e-05, 
13907, 7, 4.04294479215541e-06, -0.0522925973708301, 4.0429447921517e-06, -3.72842582851382e-06, 0.0522925973708301, 2.27051507892894e-05, 6.37107672702443e-06, -0.00740355286354951, 3.99669811392795e-06, -0.0523067905657555, 3.99669811392468e-06, -3.96443449867458e-06, 0.0523067905657555, 2.27808850824489e-05, 6.39379077400945e-06, -0.00730963951803191, 4.62466782411085e-08, 1.41931949255021e-05, 4.62466782411049e-08, 2.36008670164444e-07, -1.41931949255021e-05, -7.57342931211926e-08, -2.27140468773717e-08, -9.39133455176032e-05, 
13908, 0, 3.9265682218546e-06, -0.0522910759223191, 3.92656822185176e-06, -4.08600389235699e-06, 0.0522910759223191, 2.27218297050806e-05, 6.00778292742958e-06, -0.00740335536954218, 3.88056017332233e-06, -0.0523052683186641, 3.88056017331926e-06, -4.32253966356273e-06, 0.0523052683186641, 2.27976867604165e-05, 6.03053540153697e-06, -0.00730944346780406, 4.60080485384267e-08, 1.41923963453761e-05, 4.60080485384267e-08, 2.36535771190137e-07, -1.41923963453761e-05, -7.58570553616091e-08, -2.2752474116106e-08, -9.39119017381161e-05, 
13908, 7, 4.19236766080482e-06, -0.0522905922470469, 4.19236766080155e-06, -4.30721352131237e-06, 0.0522905922470469, 2.31309194926181e-05, 5.94141690288754e-06, -0.00740379331615015, 4.1376311579302e-06, -0.0523047881294622, 4.13763115792715e-06, -4.54804913792507e-06, 0.0523047881294622, 2.3207054263393e-05, 5.9625141365711e-06, -0.0073098786851363, 5.47365028468749e-08, 1.41958824150878e-05, 5.47365028468749e-08, 2.40835616661138e-07, -1.41958824150878e-05, -7.6134770761229e-08, -2.10972337188778e-08, -9.3914631013825e-05, 
13909, 0, 4.0806944600944e-06, -0.0522888480804269, 4.08069446009157e-06, -4.71049447407193e-06, 0.0522888480804269, 2.31926226128531e-05, 5.69133619598503e-06, -0.007403643013811, 4.02583612340939e-06, -0.0523030431602022, 4.02583612340655e-06, -4.95122842173249e-06, 0.0523030431602022, 2.32687491040661e-05, 5.71223090023499e-06, -0.00730973002156847, 5.48583366822087e-08, 1.41950797755709e-05, 5.48583366822053e-08, 2.40733947614193e-07, -1.41950797755709e-05, -7.61264912505373e-08, -2.08947042146139e-08, -9.39129922425441e-05, 
13909, 7, 4.28614597626959e-06, -0.0522870897882403, 4.28614597626611e-06, -4.73834102582283e-06, 0.0522870897882403, 2.33706529975545e-05, 6.04157702858384e-06, -0.00740374477350275, 4.22545757319005e-06, -0.0523012928667093, 4.22545757318655e-06, -4.97890186716197e-06, 0.0523012928667093, 2.34460474850703e-05, 6.05790799948195e-06, -0.00730982201710513, 6.0688403064665e-08, 1.4203078469159e-05, 6.06884030646649e-08, 2.40560841323773e-07, -1.42030784691591e-05, -7.53944874516716e-08, -1.63309709211276e-08, -9.39227563976567e-05, 
13910, 0, 4.12206669189805e-06, -0.0522849384347759, 4.12206669189498e-06, -5.06493081632256e-06, 0.052284938434776, 2.33079541367941e-05, 5.96947182095593e-06, -0.00740349884361702, 4.06096583040125e-06, -0.0522991408234718, 4.06096583039775e-06, -5.30593536458443e-06, 0.0522991408234718, 2.33834649570818e-05, 5.98573361884836e-06, -0.00730957775477922, 6.11008614918734e-08, 1.42023886960926e-05, 6.11008614918769e-08, 2.41004548204576e-07, -1.42023886960926e-05, -7.55108202791425e-08, -1.62617978950258e-08, -9.39210888377782e-05, 
13910, 7, 4.18947952163717e-06, -0.0522824662818777, 4.18947952163454e-06, -4.90697287766483e-06, 0.0522824662818777, 2.29246454915832e-05, 6.19266582999961e-06, -0.0074032516858321, 4.1231694824584e-06, -0.0522966797334442, 4.12316948245513e-06, -5.15429068126104e-06, 0.0522966797334442, 2.29977542949452e-05, 6.20483180991616e-06, -0.00730932103854069, 6.63100391631597e-08, 1.4213451566444e-05, 6.63100391631631e-08, 2.47317803557925e-07, -1.4213451566444e-05, -7.3108803361225e-08, -1.21659799275451e-08, -9.3930647291402e-05, 
13911, 0, 3.94380011964086e-06, -0.0522800084541545, 3.9438001196378e-06, -5.11181902488739e-06, 0.0522800084541545, 2.25643708599509e-05, 6.17443701812237e-06, -0.00740283828253267, 3.8766712069838e-06, -0.0522942214996523, 3.87667120698074e-06, -5.35978576940779e-06, 0.0522942214996523, 2.26374068964492e-05, 6.18655705190188e-06, -0.00730890926666461, 6.71289126609795e-08, 1.42130454976553e-05, 6.71289126609761e-08, 2.47966744538734e-07, -1.42130454976553e-05, -7.30360365031288e-08, -1.21200336351464e-08, -9.39290158680562e-05, 
13911, 7, 3.71798470249244e-06, -0.0522778993516292, 3.71798470248961e-06, -4.9966877905593e-06, 0.0522778993516292, 2.15547768608371e-05, 5.84023399048511e-06, -0.00740240556639292, 3.64618912151097e-06, -0.0522921227050862, 3.64618912150748e-06, -5.24367565804371e-06, 0.0522921227050862, 2.16282398085675e-05, 5.84998141783457e-06, -0.00730846895827331, 7.17955809817992e-08, 1.42233534571382e-05, 7.17955809817991e-08, 2.46987867510074e-07, -1.42233534571382e-05, -7.3462947684395e-08, -9.74742742730973e-09, -9.39366081196238e-05, 
13912, 0, 3.3887353621322e-06, -0.0522754651596233, 3.38873536212914e-06, -5.13253818190844e-06, 0.0522754651596233, 2.08815478996667e-05, 5.6933423803522e-06, -0.00740185375159009, 3.31693704527793e-06, -0.052289687982781, 3.31693704527466e-06, -5.37963752643851e-06, 0.052289687982781, 2.09553506790156e-05, 5.70325896412658e-06, -0.00730791878090124, 7.17983168346598e-08, 1.42228231579052e-05, 7.17983168346564e-08, 2.47099344525789e-07, -1.42228231579052e-05, -7.38027794031186e-08, -9.91658379555981e-09, -9.39349706888902e-05, 
13912, 7, 2.73045141980305e-06, -0.0522745005310643, 2.73045141979976e-06, -5.30309183792549e-06, 0.0522745005310643, 1.95257190470215e-05, 4.77816826210543e-06, -0.00740166321466294, 2.65523577492559e-06, -0.0522887335223271, 2.6552357749221e-06, -5.55671054331373e-06, 0.0522887335223271, 1.96053354963911e-05, 4.79038612161843e-06, -0.00730772359221958, 7.52156448676454e-08, 1.42329912624902e-05, 7.52156448676421e-08, 2.53618705376864e-07, -1.42329912624902e-05, -7.96164494119921e-08, -1.22178596480715e-08, -9.39396224433618e-05, 
13913, 0, 2.35483138866431e-06, -0.0522723645216588, 2.35483138866061e-06, -5.48085279318653e-06, 0.0522723645216588, 1.87264636249464e-05, 4.4085344663749e-06, -0.00740113377058255, 2.27994061838212e-06, -0.0522865968327955, 2.27994061837863e-06, -5.73404766770613e-06, 0.0522865968327955, 1.88063464461301e-05, 4.42096073864373e-06, -0.00730719545370283, 7.48907702904982e-08, 1.42323111366599e-05, 7.48907702904981e-08, 2.53194874505614e-07, -1.42323111366599e-05, -7.98828211864135e-08, -1.24262722676352e-08, -9.39383168797255e-05, 
13913, 7, 1.39523262693932e-06, -0.0522723836508788, 1.39523262693627e-06, -6.04162775023067e-06, 0.0522723836508788, 1.75787053725674e-05, 3.26313861737332e-06, -0.00740145466257624, 1.32259866440859e-06, -0.0522866170358433, 1.32259866440575e-06, -6.29035050601428e-06, 0.0522866170358433, 1.76651468350009e-05, 3.27883991844209e-06, -0.00730751314694056, 7.26339625443463e-08, 1.42333849644649e-05, 7.26339625443429e-08, 2.48722755789493e-07, -1.42333849644649e-05, -8.64414625262278e-08, -1.57013011005583e-08, -9.39415156357084e-05, 
13914, 0, 1.0750391476345e-06, -0.0522705277069177, 1.07503914763166e-06, -6.34195515926244e-06, 0.0522705277069177, 1.69768159208895e-05, 2.74969909226225e-06, -0.00740105682677479, 1.00369079647165e-06, -0.052284760243847, 1.00369079646816e-06, -6.59074180919091e-06, 0.052284760243847, 1.70635777288915e-05, 2.7657026414032e-06, -0.0073071168329633, 7.13483511625621e-08, 1.42325369293167e-05, 7.13483511625621e-08, 2.48786649908172e-07, -1.42325369293167e-05, -8.6761807979374e-08, -1.6003549276866e-08, -9.39399938114652e-05, 
13914, 7, 2.07978845811776e-07, -0.0522706523560404, 2.07978845808516e-07, -7.06985665388254e-06, 0.0522706523560404, 1.66546997249395e-05, 1.9015678009943e-06, -0.00740168661959707, 1.52816650535602e-07, -0.0522848799295873, 1.52816650532113e-07, -7.31517028206391e-06, 0.0522848799295873, 1.67473014726354e-05, 1.92068393189347e-06, -0.00730774280744374, 5.51621952985917e-08, 1.42275735469034e-05, 5.51621952985918e-08, 2.4531362818189e-07, -1.42275735469034e-05, -9.26017477456747e-08, -1.91161310839736e-08, -9.39438121533564e-05, 
13915, 0, 6.72818546768537e-08, -0.0522687766383439, 6.72818546737975e-08, -7.41422550432885e-06, 0.0522687766383439, 1.65150072551227e-05, 1.43782058266098e-06, -0.00740136264200687, 1.31409179651886e-08, -0.0522830034937825, 1.31409179623561e-08, -7.65935743274082e-06, 0.0522830034937825, 1.66076424186564e-05, 1.45697857253109e-06, -0.00730742043204407, 5.41409367190535e-08, 1.42268554385285e-05, 5.41409367190571e-08, 2.45131928438702e-07, -1.42268554385285e-05, -9.26351635320392e-08, -1.91579899499351e-08, -9.39422099627756e-05, 
13915, 7, -2.87397167791106e-07, -0.0522682987934679, -2.87397167793728e-07, -7.92657313787535e-06, 0.0522682987934679, 1.7210712121492e-05, 1.37056025249106e-06, -0.00740181818476444, -3.28899959529072e-07, -0.0522825279938612, -3.28899959532128e-07, -8.16670597950063e-06, 0.0522825279938612, 1.73034628100846e-05, 1.38825476825069e-06, -0.0073078783336714, 4.15027917179476e-08, 1.42292003935354e-05, 4.15027917179509e-08, 2.40132841605965e-07, -1.42292003935354e-05, -9.27506886270576e-08, -1.76945158589883e-08, -9.3939851093022e-05, 
13916, 0, -1.58626729786366e-07, -0.0522661675659251, -1.58626729789869e-07, -8.14873628120604e-06, 0.0522661675659251, 1.7610492047468e-05, 1.19485962966181e-06, -0.00740142448557414, -1.99643575573762e-07, -0.0522803962230669, -1.99643575576811e-07, -8.38869772270339e-06, 0.0522803962230669, 1.77033761903715e-05, 1.2126740692976e-06, -0.00730748632711208, 4.10168458017385e-08, 1.42286571419446e-05, 4.1016845801732e-08, 2.3996144148158e-07, -1.42286571419446e-05, -9.28841428681322e-08, -1.78144396968719e-08, -9.39381584620537e-05, 
13916, 7, 9.96188372037799e-08, -0.0522653322908625, 9.96188372004938e-08, -8.22743098861191e-06, 0.0522653322908625, 1.89516823478246e-05, 2.10275605801119e-06, -0.00740148482486865, 6.53748362176533e-08, -0.0522795679853727, 6.53748362143875e-08, -8.45698009758063e-06, 0.0522795679853727, 1.90394840735066e-05, 2.11434240519692e-06, -0.0073075419111656, 3.42440009880554e-08, 1.42356945103766e-05, 3.42440009880523e-08, 2.29549108960455e-07, -1.42356945103766e-05, -8.78017257052062e-08, -1.15863471586672e-08, -9.39429137030602e-05, 
13917, 0, 4.57969379223996e-07, -0.0522630414734244, 4.57969379221163e-07, -8.20919787420508e-06, 0.0522630414734244, 1.97220819670156e-05, 2.40341011292044e-06, -0.00740098688676267, 4.2357855237233e-07, -0.0522772766900675, 4.23578552369044e-07, -8.43852047960425e-06, 0.0522772766900675, 1.98098745498854e-05, 2.41505212918335e-06, -0.0073070462286996, 3.43908268335232e-08, 1.4235216642831e-05, 3.43908268335267e-08, 2.29322605352149e-07, -1.4235216642831e-05, -8.77925827575635e-08, -1.1642016176707e-08, -9.39406580630745e-05, 
13917, 7, 9.84471991796205e-07, -0.0522624211819341, 9.84471991793149e-07, -7.91305362056863e-06, 0.0522624211819341, 2.0914422875304e-05, 3.95673065986087e-06, -0.00740085982242914, 9.68848956128558e-07, -0.0522766615141552, 9.68848956125271e-07, -8.13618462783716e-06, 0.0522766615141552, 2.09963605725699e-05, 3.96345465841937e-06, -0.00730691228185401, 1.56230356429415e-08, 1.42403322211786e-05, 1.56230356429415e-08, 2.23131007278005e-07, -1.42403322211786e-05, -8.1937697271691e-08, -6.72399863014936e-09, -9.39475405751684e-05, 
13918, 0, 1.42416408609699e-06, -0.0522602131460073, 1.42416408609329e-06, -7.61928086797435e-06, 0.0522602131460073, 2.17076672071974e-05, 4.71154992923757e-06, -0.00740037456007979, 1.4070781302771e-06, -0.0522744524463564, 1.40707813027404e-06, -7.84250163383759e-06, 0.0522744524463564, 2.1788712085969e-05, 4.7177229521317e-06, -0.00730642953334949, 1.70859558319842e-08, 1.42393003491088e-05, 1.7085955831991e-08, 2.23220765882886e-07, -1.42393003491088e-05, -8.10448787606126e-08, -6.17302291383945e-09, -9.39450267302757e-05, 
13918, 7, 1.86184411836887e-06, -0.0522604196151084, 1.86184411836581e-06, -7.17389451221761e-06, 0.0522604196151084, 2.22562401882019e-05, 6.33353148140744e-06, -0.00740042233445797, 1.83454326177556e-06, -0.0522746657998767, 1.83454326177207e-06, -7.38590186240642e-06, 0.0522746657998767, 2.23277585957625e-05, 6.33021213251529e-06, -0.00730648040432173, 2.73008565985054e-08, 1.4246184768231e-05, 2.73008565985089e-08, 2.12007350205739e-07, -1.4246184768231e-05, -7.15184075118385e-08, 3.31934880671537e-09, -9.39419301362075e-05, 
13919, 0, 2.26567743533109e-06, -0.0522585840174762, 2.26567743532825e-06, -6.669570915143e-06, 0.0522585840174762, 2.28250602548568e-05, 7.33309975565446e-06, -0.00740010978645429, 2.2384096259716e-06, -0.0522728289265486, 2.23840962596876e-06, -6.88118497899589e-06, 0.0522728289265486, 2.28961452318815e-05, 7.32955900857297e-06, -0.00730616937804512, 2.72678093746506e-08, 1.42449090724705e-05, 2.72678093746524e-08, 2.11614063796616e-07, -1.42449090724705e-05, -7.1084977062836e-08, 3.54074697619892e-09, -9.39404084092179e-05, 
13919, 7, 2.33942531385487e-06, -0.0522595182841768, 2.33942531385138e-06, -6.33235134588658e-06, 0.0522595182841768, 2.25784826615693e-05, 8.43729331974634e-06, -0.00740053960766499, 2.31078710883438e-06, -0.0522737574869847, 2.3107871088311e-06, -6.53064488308846e-06, 0.0522737574869847, 2.26474990216379e-05, 8.43021135098031e-06, -0.0073065991318603, 2.86382050443262e-08, 1.42392028078372e-05, 2.86382050443243e-08, 1.98293537171205e-07, -1.42392028078372e-05, -6.90163599992572e-08, 7.08196889029028e-09, -9.39404758047139e-05, 
13920, 0, 2.63884254001852e-06, -0.05225812532556, 2.63884254001524e-06, -5.80250389317789e-06, 0.05225812532556, 2.28570660575466e-05, 9.39768733209045e-06, -0.0074004510914007, 2.60893050170221e-06, -0.0522723643544125, 2.60893050169915e-06, -6.0007551856199e-06, 0.0522723643544125, 2.29258227785443e-05, 9.39044893652869e-06, -0.00730651360579935, 2.99120383154592e-08, 1.42390288524298e-05, 2.99120383154558e-08, 1.98251292444405e-07, -1.42390288524298e-05, -6.87567210135801e-08, 7.23839546699541e-09, -9.39374856013503e-05, 
13920, 7, 2.35081598757266e-06, -0.0522591829365105, 2.35081598756961e-06, -5.71788658207813e-06, 0.0522591829365105, 2.2200087424101e-05, 9.73139805896058e-06, -0.00740120144444718, 2.3172545727765e-06, -0.0522734143768989, 2.31725457277344e-06, -5.90661991253189e-06, 0.052273414376899, 2.22689535847961e-05, 9.72337367195151e-06, -0.00730726700482256, 3.35614147927704e-08, 1.42314403883176e-05, 3.35614147927772e-08, 1.88733330437766e-07, -1.42314403883176e-05, -6.88661606584562e-08, 8.02438695114303e-09, -9.39344396246223e-05, 
13921, 0, 2.50835453074319e-06, -0.0522580319042436, 2.50835453073991e-06, -5.35942348795075e-06, 0.0522580319042436, 2.23309812703016e-05, 1.04289986481034e-05, -0.00740126714990134, 2.4749687532536e-06, -0.0522722627236854, 2.47496875325034e-06, -5.54741892573689e-06, 0.0522722627236854, 2.2400057263897e-05, 1.04210525670733e-05, -0.00730733371411034, 3.3385777513941e-08, 1.42308194419394e-05, 3.33857775139412e-08, 1.87995437805907e-07, -1.42308194419394e-05, -6.9075993595833e-08, 7.9460811105153e-09, -9.39334357909885e-05, 
13921, 7, 2.1191304560276e-06, -0.0522585382981867, 2.11913045602496e-06, -5.48113624554665e-06, 0.0522585382981867, 2.19451423594514e-05, 1.00942547573273e-05, -0.00740211198259517, 2.08623422473724e-06, -0.0522727681938599, 2.08623422473376e-06, -5.6680903353116e-06, 0.0522727681938599, 2.20173551471284e-05, 1.00883269324975e-05, -0.00730817616134443, 3.28962312880474e-08, 1.42298956733843e-05, 3.28962312880526e-08, 1.86954089779391e-07, -1.42298956733843e-05, -7.22127876545499e-08, 5.92782490462369e-09, -9.39358212507125e-05, 
13922, 0, 2.20627614124615e-06, -0.0522572002977267, 2.20627614124289e-06, -5.38366621712844e-06, 0.0522572002977267, 2.21610203109298e-05, 1.04231102747828e-05, -0.00740214786398111, 2.17348443530547e-06, -0.052271429714982, 2.17348443530241e-06, -5.57090867542019e-06, 0.052271429714982, 2.22334540255442e-05, 1.04172477305556e-05, -0.00730821337784828, 3.27917059279406e-08, 1.422941725515e-05, 3.27917059279389e-08, 1.87242458309343e-07, -1.422941725515e-05, -7.24337147613503e-08, 5.86254428316106e-09, -9.39344861328453e-05, 
13922, 7, 2.08523784498459e-06, -0.0522563690832536, 2.08523784498132e-06, -5.63862513729335e-06, 0.0522563690832536, 2.22790384517719e-05, 9.65533154767556e-06, -0.00740283163151751, 2.05600385954015e-06, -0.0522706032785733, 2.05600385953665e-06, -5.82880604134879e-06, 0.0522706032785733, 2.23497610814685e-05, 9.65096867946507e-06, -0.00730888963799043, 2.92339854414231e-08, 1.42341953196667e-05, 2.9233985441423e-08, 1.9018090407633e-07, -1.42341953196667e-05, -7.07226296905189e-08, 4.36286812964801e-09, -9.39419935270543e-05, 
13923, 0, 2.21185373902655e-06, -0.0522544235935792, 2.21185373902307e-06, -5.800407289662e-06, 0.0522544235935792, 2.27027432491846e-05, 9.64945720312568e-06, -0.00740266259912943, 2.18239799978802e-06, -0.0522686572330078, 2.18239799978431e-06, -5.99063450854632e-06, 0.0522686572330078, 2.27733091732316e-05, 9.64494989161622e-06, -0.0073087216917508, 2.94557392081173e-08, 1.42336394286411e-05, 2.94557392081205e-08, 1.90227218861081e-07, -1.42336394286411e-05, -7.05659239877073e-08, 4.50731148438442e-09, -9.39409073786605e-05, 
13923, 7, 2.59887244977159e-06, -0.0522525351233731, 2.59887244976875e-06, -6.10302217262183e-06, 0.0522525351233731, 2.32088377546474e-05, 8.79559847625847e-06, -0.00740306292435027, 2.57628279488817e-06, -0.0522667710007139, 2.5762827948851e-06, -6.29962131717756e-06, 0.0522667710007139, 2.32694285527997e-05, 8.79214412393079e-06, -0.00730911928723831, 2.25896548887181e-08, 1.42358773408783e-05, 2.25896548887148e-08, 1.965991445618e-07, -1.42358773408783e-05, -6.05907982199758e-08, 3.45435229861825e-09, -9.39436371119655e-05, 
13924, 0, 2.76865857870168e-06, -0.0522499569962541, 2.76865857869862e-06, -6.44294339738209e-06, 0.0522499569962541, 2.37246088675852e-05, 8.56665619375108e-06, -0.00740262245579551, 2.74650793326967e-06, -0.0522641919178608, 2.74650793326662e-06, -6.63981087380786e-06, 0.0522641919178608, 2.3785389563851e-05, 8.56337889339862e-06, -0.00730867979105988, 2.21506454623772e-08, 1.42349216066971e-05, 2.21506454623805e-08, 1.96867476443321e-07, -1.42349216066971e-05, -6.07806963165352e-08, 3.27730034005009e-09, -9.39426647356338e-05, 
13924, 7, 3.44741999333031e-06, -0.0522478873487072, 3.44741999332746e-06, -6.67528763158403e-06, 0.0522478873487072, 2.37841948635342e-05, 7.75321783136004e-06, -0.00740271601483133, 3.41306720839658e-06, -0.0522621274437455, 3.41306720839351e-06, -6.87354217299179e-06, 0.0522621274437455, 2.38349387538099e-05, 7.7480104829156e-06, -0.00730876329074773, 3.43527849617048e-08, 1.42400950383155e-05, 3.43527849616978e-08, 1.98254541378853e-07, -1.42400950383155e-05, -5.07438902574988e-08, 5.20734831141377e-09, -9.39527240835648e-05, 
13925, 0, 3.51768125765931e-06, -0.0522449875243995, 3.51768125765648e-06, -7.05868541426774e-06, 0.0522449875243995, 2.39810444709914e-05, 7.39162986539408e-06, -0.00740206551396603, 3.48381362922044e-06, -0.0522592268965636, 3.48381362921737e-06, -7.25687899812274e-06, 0.0522592268965636, 2.40316950606013e-05, 7.38647962728183e-06, -0.0073081145734652, 3.38676284142509e-08, 1.42393721639774e-05, 3.38676284142579e-08, 1.98193583809922e-07, -1.42393721639774e-05, -5.06505896733931e-08, 5.15023810328256e-09, -9.39509405008107e-05, 
13925, 7, 3.94961609586236e-06, -0.0522434883917497, 3.94961609585931e-06, -7.18946242834188e-06, 0.0522434883917497, 2.28386455081497e-05, 6.61352912330614e-06, -0.00740203590591884, 3.91499621860124e-06, -0.0522577281468177, 3.91499621859775e-06, -7.38953137683594e-06, 0.0522577281468177, 2.28856555559588e-05, 6.60821087679945e-06, -0.00730808172876294, 3.46198772848416e-08, 1.42397550679574e-05, 3.46198772848398e-08, 2.00068948504909e-07, -1.42397550679574e-05, -4.70100478362478e-08, 5.31824673908426e-09, -9.39541771559263e-05, 
13926, 0, 3.76482415475097e-06, -0.0522406253393384, 3.76482415474791e-06, -7.52981874606739e-06, 0.0522406253393384, 2.23448549720087e-05, 6.20200488343857e-06, -0.00740134715828796, 3.73019047587637e-06, -0.0522548643425742, 3.73019047587331e-06, -7.73005243317176e-06, 0.0522548643425742, 2.2391992309508e-05, 6.19668088544545e-06, -0.00730739535899867, 3.46336788373804e-08, 1.42390032361009e-05, 3.46336788373804e-08, 2.00233687110682e-07, -1.4239003236101e-05, -4.71373373988562e-08, 5.32399796832325e-09, -9.39517992893033e-05, 
13926, 7, 3.61093469698616e-06, -0.0522397921407202, 3.61093469698332e-06, -7.68289046873693e-06, 0.0522397921407202, 2.00808124560395e-05, 5.55196593555864e-06, -0.00740139364153242, 3.57270921457212e-06, -0.0522540289792084, 3.57270921456906e-06, -7.8868599335265e-06, 0.0522540289792084, 2.01304613098217e-05, 5.54571178417677e-06, -0.00730744656564666, 3.82254823783351e-08, 1.42368384881576e-05, 3.82254823783351e-08, 2.03969464793842e-07, -1.42368384881576e-05, -4.96488538768246e-08, 6.25415134768139e-09, -9.39470758857784e-05, 
13927, 0, 3.10870123098715e-06, -0.0522371273523272, 3.10870123098366e-06, -7.98963077487474e-06, 0.0522371273523272, 1.88553374437383e-05, 5.18109155926658e-06, -0.00740080613040085, 3.07102762138356e-06, -0.0522513640663266, 3.07102762138028e-06, -8.19377764962094e-06, 0.0522513640663266, 1.89055557354411e-05, 5.175025486146e-06, -0.00730686149794437, 3.76736096065599e-08, 1.42367139994991e-05, 3.76736096065633e-08, 2.041468747391e-07, -1.42367139994991e-05, -5.02182916683266e-08, 6.06607307479104e-09, -9.3944632456501e-05, 
13927, 7, 2.39879314912131e-06, -0.0522364754674076, 2.39879314911846e-06, -8.21821963284549e-06, 0.0522364754674076, 1.60595511997449e-05, 4.66148063847131e-06, -0.00740082723734813, 2.35123131529249e-06, -0.0522507095321604, 2.35123131528943e-06, -8.42813847113472e-06, 0.0522507095321604, 1.61202902830235e-05, 4.65646757336833e-06, -0.00730688580873654, 4.75618338265825e-08, 1.42340647530287e-05, 4.75618338265805e-08, 2.09918838296896e-07, -1.42340647530287e-05, -6.07390832750061e-08, 5.0130650557807e-09, -9.3941428611588e-05, 
13928, 0, 1.63961313470777e-06, -0.0522339669275291, 1.63961313470515e-06, -8.48985540586597e-06, 0.0522339669275291, 1.4350265986825e-05, 4.35592445406438e-06, -0.00740035748722367, 1.59151747038821e-06, -0.0522482001688601, 1.59151747038495e-06, -8.6998613995219e-06, 0.0522482001688601, 1.44108118189794e-05, 4.35081053083772e-06, -0.00730641801375521, 4.80956643236361e-08, 1.42332413307612e-05, 4.80956643236326e-08, 2.10005993673195e-07, -1.42332413307612e-05, -6.05458321248128e-08, 5.11392320113852e-09, -9.39394734685081e-05, 
13928, 7, 7.21913661919869e-07, -0.0522336477332114, 7.21913661916806e-07, -8.75990980167064e-06, 0.0522336477332114, 1.19284573499764e-05, 3.85359231746847e-06, -0.00740022769807607, 6.74673400813488e-07, -0.0522478805933478, 6.74673400810859e-07, -8.97153150188284e-06, 0.0522478805933478, 1.19966002571639e-05, 3.84927724645351e-06, -0.00730629812253457, 4.72402611183327e-08, 1.42328601364881e-05, 4.72402611183274e-08, 2.11621700214409e-07, -1.42328601364881e-05, -6.81429072408367e-08, 4.31507102455895e-09, -9.39295755414852e-05, 
13929, 0, -1.26952287513661e-07, -0.0522314083476558, -1.26952287516927e-07, -8.99037156406624e-06, 0.0522314083476558, 1.015300205461e-05, 3.55433705479931e-06, -0.00739983844604603, -1.74593740109459e-07, -0.0522456410492466, -1.74593740112739e-07, -9.20230510539291e-06, 0.0522456410492466, 1.02209226930393e-05, 3.5500756707053e-06, -0.00730591197759242, 4.76414526249742e-08, 1.42327015907525e-05, 4.7641452624976e-08, 2.11933541316463e-07, -1.42327015907525e-05, -6.79206384931312e-08, 4.26138407025189e-09, -9.39264684535746e-05, 
13929, 7, -8.91900234691633e-07, -0.052231629469062, -8.91900234694906e-07, -9.3006066856643e-06, 0.052231629469062, 8.56839858311777e-06, 2.84059238230647e-06, -0.00739971549315542, -9.35356400840189e-07, -0.0522458696292367, -9.35356400843252e-07, -9.50649840723429e-06, 0.0522458696292367, 8.64043443935991e-06, 2.83634090540612e-06, -0.00730580542449377, 4.34561661558968e-08, 1.42401601746336e-05, 4.34561661558916e-08, 2.05891721583373e-07, -1.42401601746336e-05, -7.20358562548195e-08, 4.2514769325515e-09, -9.3910068661671e-05, 
13930, 0, -1.6091262581509e-06, -0.0522297005326696, -1.60912625815395e-06, -9.49892512191444e-06, 0.0522297005326696, 7.08366777379588e-06, 2.43464671839818e-06, -0.00739937394990987, -1.65349529184038e-06, -0.0522439403914035, -1.65349529184365e-06, -9.70523136245189e-06, 0.0522439403914035, 7.15532127912684e-06, 2.43039897923879e-06, -0.00730546718447718, 4.43690336924859e-08, 1.42398587339018e-05, 4.43690336924875e-08, 2.0630624051509e-07, -1.42398587339018e-05, -7.16535052849538e-08, 4.24773925077941e-09, -9.39067654326793e-05, 
13930, 7, -2.1339591812745e-06, -0.0522303668466407, -2.13395918127777e-06, -9.82246963941187e-06, 0.0522303668466407, 6.23513655487997e-06, 1.38019780696957e-06, -0.00739950835307769, -2.17145287519346e-06, -0.0522446095625179, -2.17145287519673e-06, -1.00314341551041e-05, 0.0522446095625179, 6.30659926609852e-06, 1.37882787423499e-06, -0.00730560573621902, 3.74936939111603e-08, 1.42427158771865e-05, 3.74936939111586e-08, 2.0896451572085e-07, -1.42427158771865e-05, -7.1462711179838e-08, 1.36993265891628e-09, -9.39026168586585e-05, 
13931, 0, -2.58950623037778e-06, -0.0522286972170529, -2.58950623038083e-06, -1.00046440563743e-05, 0.0522286972170529, 5.19914381295831e-06, 8.14727271159787e-07, -0.00739923921627166, -2.62692790353474e-06, -0.0522429394407896, -2.62692790353802e-06, -1.02132540663071e-05, 0.0522429394407896, 5.27078614167672e-06, 8.13559405099761e-07, -0.00730533900916708, 3.74216731526558e-08, 1.42422237368003e-05, 3.74216731526506e-08, 2.08610009943813e-07, -1.42422237368003e-05, -7.1642328673061e-08, 1.16786604976194e-09, -9.39002071045786e-05, 
13931, 7, -2.91259703499798e-06, -0.0522296443242496, -2.91259703500146e-06, -1.03810814244234e-05, 0.0522296443242496, 4.85870845767032e-06, -3.69933953252781e-07, -0.00739961483424001, -2.95227484905093e-06, -0.0522438873741123, -2.95227484905441e-06, -1.0596519581104e-05, 0.0522438873741123, 4.92884123323165e-06, -3.68134755950521e-07, -0.00730573174405353, 3.96778140411467e-08, 1.42430498627332e-05, 3.96778140411499e-08, 2.15438156676262e-07, -1.42430498627332e-05, -7.01327756189089e-08, -1.79919730991609e-09, -9.38830901864778e-05, 
13932, 0, -3.07908844574499e-06, -0.0522281295814984, -3.07908844574783e-06, -1.0572440767306e-05, 0.0522281295814984, 4.25174786345067e-06, -1.01299132581147e-06, -0.00739944790881681, -3.1185933103222e-06, -0.0522423716407564, -3.11859331032525e-06, -1.07879527909266e-05, 0.0522423716407564, 4.32167755187796e-06, -1.01109094466536e-06, -0.00730556693239479, 3.95048645689158e-08, 1.42420592579873e-05, 3.95048645689208e-08, 2.15512023623941e-07, -1.42420592579873e-05, -6.99296884499102e-08, -1.90038116874435e-09, -9.38809764220306e-05, 
13932, 7, -3.26402965134647e-06, -0.0522290691696142, -3.26402965134953e-06, -1.10486778459332e-05, 0.0522290691696142, 4.11261399801564e-06, -1.95538266505947e-06, -0.00739998361730528, -3.29361455397675e-06, -0.0522433092390415, -3.29361455397982e-06, -1.12595472490753e-05, 0.0522433092390415, 4.18118245653882e-06, -1.94952151312895e-06, -0.00730610987426582, 2.95849026164181e-08, 1.42400694272406e-05, 2.95849026164198e-08, 2.10869403120425e-07, -1.42400694272406e-05, -6.85684585095154e-08, -5.86115185272754e-09, -9.38737430394532e-05, 
13933, 0, -3.17209623251305e-06, -0.0522275894302011, -3.1720962325161e-06, -1.12152520583287e-05, 0.0522275894302011, 3.78500976667185e-06, -2.49095648035267e-06, -0.0073999063292193, -3.20184331080522e-06, -0.052241828676738, -3.2018433108085e-06, -1.14251661964811e-05, 0.052241828676738, 3.85348939533299e-06, -2.48492996342824e-06, -0.00730603469844024, 2.97470782718264e-08, 1.42392465369343e-05, 2.97470782718263e-08, 2.0991413817879e-07, -1.42392465369343e-05, -6.84796287211469e-08, -6.02651696284568e-09, -9.38716307790655e-05, 
13933, 7, -3.26205663826651e-06, -0.0522284443734645, -3.26205663826979e-06, -1.16987108704017e-05, 0.0522284443734645, 3.63982519680173e-06, -2.87418727166414e-06, -0.0074004673299102, -3.28237584542715e-06, -0.0522426851632495, -3.28237584543042e-06, -1.19041685623179e-05, 0.0522426851632495, 3.70806197029593e-06, -2.86517210183867e-06, -0.00730661137293405, 2.03192071533733e-08, 1.42407897851609e-05, 2.031920715338e-08, 2.05457691919587e-07, -1.42407897851609e-05, -6.82367734721251e-08, -9.01516990444997e-09, -9.38559569761495e-05, 
13934, 0, -3.01276415162808e-06, -0.0522269563070968, -3.01276415163158e-06, -1.17623249269957e-05, 0.0522269563070968, 3.43825785574569e-06, -3.1453216716304e-06, -0.0074004086077877, -3.03217331545792e-06, -0.0522411966007474, -3.0321733154612e-06, -1.19672529996019e-05, 0.0522411966007474, 3.50691130910892e-06, -3.1360716461229e-06, -0.00730655441886983, 1.94091638122978e-08, 1.4240293650709e-05, 1.94091638122978e-08, 2.04928072612566e-07, -1.4240293650709e-05, -6.86534533634547e-08, -9.2500253967125e-09, -9.3854188917853e-05, 
13934, 7, -3.08671940660526e-06, -0.0522277659816533, -3.08671940660919e-06, -1.20409422868889e-05, 0.0522277659816533, 3.38444372904148e-06, -3.04876810104202e-06, -0.00740101458993567, -3.10246007319624e-06, -0.0522420026166316, -3.10246007319908e-06, -1.22291243886098e-05, 0.0522420026166316, 3.45123566711743e-06, -3.04207518474359e-06, -0.0073071691344024, 1.57406665988079e-08, 1.42366349783278e-05, 1.5740666598801e-08, 1.88182101705376e-07, -1.42366349783278e-05, -6.67919380758803e-08, -6.69291626682703e-09, -9.3845455533257e-05, 
13935, 0, -2.80270277238566e-06, -0.0522263078533744, -2.80270277238851e-06, -1.19468162516001e-05, 0.0522263078533744, 3.32080193185671e-06, -3.03892338600074e-06, -0.00740094785039773, -2.81840270223234e-06, -0.0522405436662814, -2.81840270223498e-06, -1.21352887544628e-05, 0.0522405436662814, 3.38750665874461e-06, -3.03222585407355e-06, -0.00730710411159546, 1.56999298567528e-08, 1.42358129067176e-05, 1.56999298567528e-08, 1.88472502856228e-07, -1.42358129067176e-05, -6.67047268996502e-08, -6.69753195420465e-09, -9.38437388022761e-05, 
13935, 7, -2.85209940391155e-06, -0.0522272610765043, -2.85209940391504e-06, -1.20258529648884e-05, 0.0522272610765043, 3.60547263878982e-06, -2.87673566417804e-06, -0.00740163570602119, -2.87067883983205e-06, -0.0522414959661083, -2.87067883983489e-06, -1.220531257517e-05, 0.0522414959661083, 3.67147616809714e-06, -2.87530384605888e-06, -0.00730778495007423, 1.85794359174628e-08, 1.42348896039137e-05, 1.85794359174643e-08, 1.79459610330356e-07, -1.42348896039137e-05, -6.60035294078137e-08, -1.43181813251321e-09, -9.38507559469621e-05, 
13936, 0, -2.59290886552684e-06, -0.0522259779798836, -2.59290886553012e-06, -1.18133754048944e-05, 0.0522259779798836, 3.75685282089288e-06, -2.71726922434148e-06, -0.00740164031273817, -2.61208965473512e-06, -0.0522402119091786, -2.61208965473796e-06, -1.19930474985007e-05, 0.0522402119091786, 3.82279540678189e-06, -2.71588710223818e-06, -0.00730779059767035, 1.91807892173192e-08, 1.42339292949574e-05, 1.91807892173208e-08, 1.79672093614916e-07, -1.42339292949574e-05, -6.59425859286368e-08, -1.38212222673362e-09, -9.38497150678011e-05, 
13936, 7, -2.46887647014988e-06, -0.0522274245071598, -2.46887647015293e-06, -1.18849756808553e-05, 0.0522274245071598, 4.38762255934278e-06, -2.83458626709131e-06, -0.00740230735917508, -2.49584260050736e-06, -0.0522416542991786, -2.49584260050999e-06, -1.20586235191138e-05, 0.0522416542991786, 4.44896558209845e-06, -2.83736270238163e-06, -0.00730845610871664, 2.69661303685681e-08, 1.42297920186479e-05, 2.69661303685698e-08, 1.73647838267442e-07, -1.42297920186479e-05, -6.13430228126003e-08, 2.77643530474219e-09, -9.38512504584606e-05, 
13937, 0, -2.20434515839414e-06, -0.0522265119204753, -2.2043451583972e-06, -1.1665791470246e-05, 0.0522265119204753, 4.76818032801131e-06, -2.68364546660918e-06, -0.00740242731558223, -2.23048731232383e-06, -0.0522407412210029, -2.23048731232689e-06, -1.18392975018946e-05, 0.0522407412210029, 4.82946539342316e-06, -2.68624407525702e-06, -0.00730857820625411, 2.61421539396449e-08, 1.42293005274227e-05, 2.61421539396449e-08, 1.73506031662782e-07, -1.42293005274227e-05, -6.12850653779644e-08, 2.59860848685114e-09, -9.3849109328116e-05, 
13937, 7, -1.89067450218097e-06, -0.0522284663910315, -1.89067450218403e-06, -1.18827459428149e-05, 0.0522284663910315, 5.22477390281995e-06, -3.27120485448119e-06, -0.00740302226900005, -1.91066403730773e-06, -0.0522426911580307, -1.91066403731056e-06, -1.20487617247273e-05, 0.0522426911580307, 5.27604548529596e-06, -3.27389332516398e-06, -0.00730917789659302, 1.99895350954545e-08, 1.42247669992064e-05, 1.99895350954511e-08, 1.66015781885522e-07, -1.42247669992064e-05, -5.12715824939023e-08, 2.68847074864432e-09, -9.38443724070343e-05, 
13938, 0, -1.6144327623425e-06, -0.0522279829052017, -1.61443276234491e-06, -1.18002227648772e-05, 0.0522279829052017, 5.65044921859201e-06, -3.27697689348944e-06, -0.00740326264641456, -1.63330389105778e-06, -0.0522422073821689, -1.63330389106084e-06, -1.19664249487676e-05, 0.0522422073821689, 5.70192345844229e-06, -3.27950509160582e-06, -0.00730942103855709, 1.88711287117516e-08, 1.4224476967098e-05, 1.8871128711755e-08, 1.66202183897797e-07, -1.4224476967098e-05, -5.14742398148161e-08, 2.52819819377467e-09, -9.38416078574859e-05, 
13938, 7, -1.31937188860452e-06, -0.0522303889276716, -1.31937188860737e-06, -1.21148128883805e-05, 0.0522303889276716, 5.41160663707466e-06, -4.17345400121414e-06, -0.0074039429009094, -1.35011064822295e-06, -0.0522446095608505, -1.35011064822579e-06, -1.22859070483367e-05, 0.0522446095608505, 5.45702241276985e-06, -4.17454051335572e-06, -0.00731010923754203, 3.07387596287425e-08, 1.42206331789139e-05, 3.07387596287393e-08, 1.71094159939905e-07, -1.42206331789139e-05, -4.5415775656245e-08, 1.08651238293466e-09, -9.38336633673772e-05, 
13939, 0, -1.11121372434042e-06, -0.0522303084771595, -1.11121372434347e-06, -1.22540517564088e-05, 0.0522303084771595, 5.66226016454523e-06, -4.38532920570973e-06, -0.00740433187993501, -1.14172131767403e-06, -0.0522445286165266, -1.1417213176773e-06, -1.24248848002844e-05, 0.0522445286165266, 5.70749025780909e-06, -4.38642237464609e-06, -0.00731050062436367, 3.05075933558671e-08, 1.42201393671405e-05, 3.05075933558706e-08, 1.70833043859871e-07, -1.42201393671405e-05, -4.5230093316933e-08, 1.09316889026103e-09, -9.38312555713137e-05, 
13939, 7, -1.22195374610968e-06, -0.0522328109736905, -1.22195374611296e-06, -1.24986862820262e-05, 0.0522328109736905, 4.68529569607718e-06, -5.18600059660026e-06, -0.00740515305210549, -1.24696117975644e-06, -0.0522470313934994, -1.24696117976015e-06, -1.26656216176672e-05, 0.0522470313934994, 4.72893200528389e-06, -5.18580129105207e-06, -0.0073113235209376, 2.5007433668293e-08, 1.42204198089908e-05, 2.50074336682911e-08, 1.66935335615657e-07, -1.42204198089908e-05, -4.36363091321962e-08, -1.99305615951125e-10, -9.38295311678864e-05, 
13940, 0, -1.1783395287178e-06, -0.052232945202573, -1.17833952872063e-06, -1.27783073465125e-05, 0.052232945202573, 4.66194878008233e-06, -5.52386887689021e-06, -0.00740559846630832, -1.20316395462755e-06, -0.0522471650933368, -1.20316395463039e-06, -1.29439594865421e-05, 0.0522471650933368, 4.70559763128596e-06, -5.52369105893023e-06, -0.00731177069860488, 2.48244259273984e-08, 1.42198907640354e-05, 2.48244259274053e-08, 1.65652139984701e-07, -1.42198907640354e-05, -4.36488512269718e-08, -1.77817831976697e-10, -9.38277677034345e-05, 
13940, 7, -1.68776705704363e-06, -0.0522347914882406, -1.68776705704647e-06, -1.27376558684227e-05, 0.0522347914882406, 3.30894709673192e-06, -5.92838334996429e-06, -0.00740647401215914, -1.71417138330757e-06, -0.0522490182772905, -1.71417138331064e-06, -1.28916415536556e-05, 0.0522490182772905, 3.35502193348623e-06, -5.931298613475e-06, -0.0073126415802907, 2.64043262375656e-08, 1.42267890500392e-05, 2.6404326237564e-08, 1.53985685225512e-07, -1.42267890500392e-05, -4.60748367582919e-08, 2.91526345695712e-09, -9.38324318684282e-05, 
13941, 0, -1.82448547963772e-06, -0.0522347795084105, -1.824485479641e-06, -1.29765154220478e-05, 0.0522347795084105, 3.07293421364141e-06, -6.24067996798152e-06, -0.0074067972312016, -1.85030870280366e-06, -0.0522490055557813, -1.85030870280673e-06, -1.31300851261435e-05, 0.0522490055557813, 3.11880651012758e-06, -6.24369427739837e-06, -0.00731296684197762, 2.58232231691763e-08, 1.42260473707107e-05, 2.58232231691693e-08, 1.53569704088985e-07, -1.42260473707107e-05, -4.58722964799665e-08, 3.01430934361966e-09, -9.38303892240091e-05, 
13941, 7, -2.39839364702012e-06, -0.0522355546382863, -2.39839364702339e-06, -1.26371611282276e-05, 0.0522355546382863, 1.66847074920951e-06, -6.21287186877228e-06, -0.00740773262231157, -2.42227777555427e-06, -0.0522497862796349, -2.42227777555756e-06, -1.27780018355095e-05, 0.0522497862796349, 1.71348268258704e-06, -6.22331115085504e-06, -0.00731389745954144, 2.38841285282949e-08, 1.42316413487585e-05, 2.38841285282996e-08, 1.40840707269254e-07, -1.42316413487585e-05, -4.50119334175772e-08, 1.04392820345574e-08, -9.38351627701363e-05, 
13942, 0, -2.67160276211594e-06, -0.0522350523798002, -2.67160276211942e-06, -1.27191290894689e-05, 0.0522350523798002, 1.25760982272807e-06, -6.38358891413858e-06, -0.00740781952679842, -2.69561075218626e-06, -0.0522492839678438, -2.69561075218953e-06, -1.28593809800835e-05, 0.0522492839678438, 1.3022667603216e-06, -6.39430604321979e-06, -0.00731398636355031, 2.40079900891259e-08, 1.42315880433114e-05, 2.40079900891259e-08, 1.40251890611709e-07, -1.42315880433114e-05, -4.46569376104657e-08, 1.07171290220198e-08, -9.38331632481264e-05, 
13942, 7, -3.00842537847962e-06, -0.0522350219897893, -3.00842537848311e-06, -1.22330055047067e-05, 0.0522350219897893, -9.06065964029369e-08, -6.10496209927328e-06, -0.00740880027744099, -3.03945221817236e-06, -0.0522492519056959, -3.03945221817542e-06, -1.23770674113293e-05, 0.0522492519056959, -4.77636195344057e-08, -6.12234576069464e-06, -0.00731495795906484, 3.10268396699167e-08, 1.42299159063382e-05, 3.10268396699133e-08, 1.44061906628526e-07, -1.42299159063382e-05, -4.28429768837432e-08, 1.73836614149062e-08, -9.38423183761674e-05, 
13943, 0, -3.36698969977106e-06, -0.0522339488676544, -3.36698969977367e-06, -1.21209144215098e-05, 0.0522339488676544, -6.63463566860665e-07, -6.10445978789067e-06, -0.00740856595745298, -3.39672906303929e-06, -0.0522481784409589, -3.39672906304236e-06, -1.22636846051202e-05, 0.0522481784409589, -6.20625757677694e-07, -6.1218472711725e-06, -0.00731472552919854, 2.97393632708446e-08, 1.42295733045349e-05, 2.97393632708446e-08, 1.42770183619867e-07, -1.42295733045349e-05, -4.28378092032214e-08, 1.73874833227996e-08, -9.38404282544077e-05, 
13943, 7, -3.52304908652235e-06, -0.0522335766415003, -3.5230490865254e-06, -1.17337737015331e-05, 0.0522335766415003, -1.73467029251082e-06, -5.80581895197977e-06, -0.00740940776154182, -3.55529322906533e-06, -0.0522478051716941, -3.55529322906818e-06, -1.18696166267962e-05, 0.0522478051716941, -1.69292721186506e-06, -5.82841651848036e-06, -0.00731555753148325, 3.22441425407791e-08, 1.42285301938147e-05, 3.22441425407824e-08, 1.35842925237259e-07, -1.42285301938147e-05, -4.17430806054677e-08, 2.25975665789189e-08, -9.38502300585585e-05, 
13944, 0, -3.94131915907819e-06, -0.0522319946322918, -3.94131915908125e-06, -1.14566139946893e-05, 0.0522319946322918, -2.38392973713298e-06, -5.67224202993668e-06, -0.00740880708237631, -3.97466293694762e-06, -0.0522462216629263, -3.97466293695069e-06, -1.15930379875878e-05, 0.0522462216629263, -2.34289260654211e-06, -5.69530160133651e-06, -0.0073149568567134, 3.33437778483167e-08, 1.42270306344639e-05, 3.33437778483116e-08, 1.36423992936407e-07, -1.42270306344639e-05, -4.1037130648812e-08, 2.30595714803888e-08, -9.38502256628973e-05, 
13944, 7, -4.07261486057345e-06, -0.0522315163277361, -4.07261486057672e-06, -1.13298218446503e-05, 0.0522315163277361, -2.95245738367147e-06, -5.5414471898781e-06, -0.00740946152325285, -4.09467374492152e-06, -0.0522457374660549, -4.09467374492458e-06, -1.14584117542372e-05, 0.0522457374660549, -2.91219639010116e-06, -5.56533215541598e-06, -0.00731561102926003, 2.20588843442573e-08, 1.42211383186593e-05, 2.20588843442573e-08, 1.285899095228e-07, -1.42211383186593e-05, -4.02609934361763e-08, 2.38849655498702e-08, -9.3850493992813e-05, 
13945, 0, -4.49403897917319e-06, -0.052229537701092, -4.49403897917624e-06, -1.0981765644309e-05, 0.052229537701092, -3.51133917821903e-06, -5.34931111769623e-06, -0.00740860716998193, -4.51626121000269e-06, -0.0522437573440249, -4.51626121000554e-06, -1.11112610195577e-05, 0.0522437573440249, -3.47119416928931e-06, -5.37328725936659e-06, -0.00731475713705165, 2.2222230790755e-08, 1.42196429329691e-05, 2.22222307907567e-08, 1.29495375233964e-07, -1.42196429329691e-05, -4.01450088578868e-08, 2.39761416258669e-08, -9.38500329302913e-05, 
13945, 7, -4.61088967221371e-06, -0.0522291120297262, -4.61088967221654e-06, -1.11387036583066e-05, 0.0522291120297263, -3.46721429925573e-06, -5.31224494658553e-06, -0.00740915231193125, -4.6302713910105e-06, -0.0522433302173175, -4.63027139101311e-06, -1.12610211789125e-05, 0.0522433302173175, -3.43021566819927e-06, -5.33657485032471e-06, -0.00731529960545892, 1.93817187967096e-08, 1.42181875914249e-05, 1.93817187967096e-08, 1.22317520582039e-07, -1.42181875914249e-05, -3.69986311028456e-08, 2.43299038341925e-08, -9.38527064723388e-05, 
13946, 0, -4.92128810793249e-06, -0.0522269238847234, -4.92128810793576e-06, -1.0789142698046e-05, 0.0522269238847234, -3.76308228917046e-06, -5.09516354054343e-06, -0.00740826583669947, -4.9422071711345e-06, -0.0522411405133593, -4.94220717113821e-06, -1.09125799682184e-05, 0.0522411405133593, -3.72665230064319e-06, -5.11986176214454e-06, -0.00731441312087155, 2.09190632040821e-08, 1.4216628635603e-05, 2.09190632040823e-08, 1.23437270181341e-07, -1.4216628635603e-05, -3.64299884306958e-08, 2.46982217523424e-08, -9.38527158279428e-05, 
13946, 7, -5.01852539723808e-06, -0.0522267738841271, -5.0185253972407e-06, -1.10430380282578e-05, 0.0522267738841271, -3.22302827678975e-06, -4.884480306076e-06, -0.0074086681741029, -5.03607875703387e-06, -0.0522409901855701, -5.03607875703692e-06, -1.11501603341174e-05, 0.0522409901855701, -3.1880175441123e-06, -4.91075089991315e-06, -0.00731482033961164, 1.75533597835307e-08, 1.42163014431987e-05, 1.75533597835308e-08, 1.07122305833578e-07, -1.42163014431987e-05, -3.50107326697049e-08, 2.62705940213059e-08, -9.38478344912653e-05, 
13947, 0, -5.14143635802179e-06, -0.0522245946459532, -5.14143635802421e-06, -1.06841744142781e-05, 0.0522245946459532, -3.20543905315653e-06, -4.61561378296067e-06, -0.00740791174920753, -5.15825550723278e-06, -0.0522388100535707, -5.15825550723627e-06, -1.07917010880377e-05, 0.0522388100535707, -3.17003430422746e-06, -4.6415669005439e-06, -0.00731406513917606, 1.68191492007053e-08, 1.42154076176937e-05, 1.68191492007036e-08, 1.07526673809523e-07, -1.42154076176937e-05, -3.54047489200752e-08, 2.59531176646831e-08, -9.38466100314784e-05, 
13947, 7, -5.35555835620003e-06, -0.0522246347844766, -5.35555835620329e-06, -1.08612627903864e-05, 0.0522246347844766, -2.55833296319383e-06, -4.05900865941597e-06, -0.00740814824587094, -5.37184363895494e-06, -0.0522388538751481, -5.37184363895778e-06, -1.09615387792067e-05, 0.0522388538751481, -2.52634809397418e-06, -4.08533073346531e-06, -0.00731429562342866, 1.62852827970978e-08, 1.42190906716521e-05, 1.62852827971012e-08, 1.00275988846342e-07, -1.42190906716522e-05, -3.19848693148876e-08, 2.63220739788433e-08, -9.38526224423089e-05, 
13948, 0, -5.35314859506454e-06, -0.0522225679792673, -5.35314859506869e-06, -1.04868997806087e-05, 0.0522225679792673, -2.34190911111138e-06, -3.6770581987872e-06, -0.00740757166135271, -5.36898189883054e-06, -0.0522367867943461, -5.36898189883338e-06, -1.05867487731882e-05, 0.0522367867943461, -2.30995530826955e-06, -3.70338677006844e-06, -0.0073137206966951, 1.5833303785017e-08, 1.42188150787329e-05, 1.58333037850136e-08, 9.98489926215132e-08, -1.42188150787329e-05, -3.19538028392769e-08, 2.63285713266982e-08, -9.38509646576281e-05, 
13948, 7, -5.81908837608206e-06, -0.0522223701585954, -5.81908837608557e-06, -1.05165434975081e-05, 0.0522223701585954, -2.08284296278549e-06, -2.85569716805737e-06, -0.00740765203871803, -5.83501007727049e-06, -0.0522365952786877, -5.83501007727354e-06, -1.06096298085385e-05, 0.0522365952786877, -2.05215161873029e-06, -2.88275734899156e-06, -0.0073137977936343, 1.59217012228745e-08, 1.42251200921482e-05, 1.59217012228762e-08, 9.30863110204534e-08, -1.42251200921482e-05, -3.06913439929927e-08, 2.7060180809754e-08, -9.38542450837473e-05, 
13949, 0, -5.85721111508779e-06, -0.0522202825053929, -5.85721111509063e-06, -1.015675564105e-05, 0.0522202825053929, -1.91052417751776e-06, -2.36373163691682e-06, -0.00740720398733451, -5.87234650934264e-06, -0.0522345072731255, -5.8723465093457e-06, -1.02494520466391e-05, 0.0522345072731255, -1.87975075407963e-06, -2.39057452639431e-06, -0.00731335200192338, 1.51353942583998e-08, 1.42247677324669e-05, 1.51353942584065e-08, 9.26964055615443e-08, -1.42247677324669e-05, -3.07734234726024e-08, 2.6842889537453e-08, -9.38519854111419e-05, 
13949, 7, -6.5598943876884e-06, -0.0522197557298043, -6.55989438769168e-06, -9.98596762648641e-06, 0.0522197557298043, -2.16905888092741e-06, -1.56214619766148e-06, -0.00740714452523972, -6.57275644474231e-06, -0.0522339900045862, -6.57275644474581e-06, -1.00813707761636e-05, 0.0522339900045862, -2.13475237868572e-06, -1.58835153151889e-06, -0.00731328658597251, 1.28620570402143e-08, 1.4234274781966e-05, 1.28620570402128e-08, 9.54031497004719e-08, -1.4234274781966e-05, -3.43065023000741e-08, 2.62053338988423e-08, -9.38579392671722e-05, 
13950, 0, -6.76775906937943e-06, -0.0522175560578468, -6.7677590693825e-06, -9.65951785932469e-06, 0.0522175560578468, -2.18216788774394e-06, -1.04637420068048e-06, -0.00740676972635191, -6.78075048959711e-06, -0.0522317897923073, -6.7807504896006e-06, -9.75480030501861e-06, 0.0522317897923073, -2.14788472937338e-06, -1.07268969577188e-06, -0.00731291351271605, 1.29914202289194e-08, 1.42337344604694e-05, 1.29914202289176e-08, 9.52824456894402e-08, -1.42337344604694e-05, -3.42831582786791e-08, 2.63154951827979e-08, -9.38562136358461e-05, 
13950, 7, -7.49910939632365e-06, -0.0522170055242055, -7.49910939632715e-06, -9.32363096716236e-06, 0.0522170055242055, -2.56936142614297e-06, -5.7647032640828e-07, -0.00740659093528654, -7.51706121555576e-06, -0.0522312514618357, -7.5170612155588e-06, -9.42744474681472e-06, 0.0522312514618357, -2.53151830692076e-06, -6.01455083420085e-07, -0.00731272922447042, 1.79518192360799e-08, 1.42459376302728e-05, 1.79518192360816e-08, 1.03813779649711e-07, -1.42459376302728e-05, -3.78431191990888e-08, 2.49847570725072e-08, -9.38617108161166e-05, 
13951, 0, -7.84776492239521e-06, -0.0522148225096106, -7.84776492239827e-06, -9.06199106049881e-06, 0.0522148225096106, -2.69516174106907e-06, -1.49662171328711e-07, -0.00740623603933566, -7.86455115668853e-06, -0.0522290681149744, -7.86455115669138e-06, -9.16568234861842e-06, 0.0522290681149744, -2.6572286681005e-06, -1.74559639984712e-07, -0.00731237591738713, 1.67862342833642e-08, 1.42456053637758e-05, 1.67862342833641e-08, 1.03691288144662e-07, -1.42456053637758e-05, -3.79330729090381e-08, 2.48974688136005e-08, -9.38601219485332e-05, 
13951, 7, -8.25039023034737e-06, -0.0522147685968072, -8.25039023035065e-06, -8.6703839524425e-06, 0.0522147685968072, -2.68947350228566e-06, -1.73933165060882e-07, -0.00740608253980443, -8.26621577896658e-06, -0.0522290272146392, -8.26621577896943e-06, -8.77800394851903e-06, 0.0522290272146392, -2.64966163078897e-06, -1.98844822866532e-07, -0.00731221722504078, 1.5825548609096e-08, 1.42586178322219e-05, 1.5825548609096e-08, 1.07619996105113e-07, -1.42586178322219e-05, -3.98118715320115e-08, 2.49116579347579e-08, -9.38653147636407e-05, 
13952, 0, -8.55279162917362e-06, -0.0522128856203601, -8.55279162917667e-06, -8.51329590124652e-06, 0.0522128856203601, -2.7390482800006e-06, 7.99666803141748e-08, -0.00740574831484236, -8.56767146312643e-06, -0.05222714310218, -8.56767146312885e-06, -8.62140601500604e-06, 0.05222714310218, -2.69895626240215e-06, 5.53630008864639e-08, -0.00731188438598251, 1.48798339587058e-08, 1.42574818199921e-05, 1.48798339587023e-08, 1.08110113772784e-07, -1.42574818199921e-05, -4.00920176355311e-08, 2.46036793668732e-08, -9.38639288598439e-05, 
13952, 7, -8.42131728521301e-06, -0.0522136753156384, -8.42131728521606e-06, -8.24368453313489e-06, 0.0522136753156384, -2.1228943243154e-06, -4.29801387014752e-07, -0.00740588258530218, -8.42634996356732e-06, -0.0522279404273849, -8.42634996357037e-06, -8.35183108158088e-06, 0.0522279404273849, -2.08639607880037e-06, -4.55840383461268e-07, -0.00731201783069309, 5.0326783328078e-09, 1.42651117466237e-05, 5.0326783328079e-09, 1.08146548392168e-07, -1.42651117466237e-05, -3.649824547251e-08, 2.60389963553417e-08, -9.38647546090801e-05, 
13953, 0, -8.53673734312248e-06, -0.0522122678309755, -8.53673734312554e-06, -8.23257290345292e-06, 0.0522122678309755, -1.97665197447193e-06, -3.98132284217524e-07, -0.00740564101695849, -8.54177210610487e-06, -0.0522265321653022, -8.54177210610857e-06, -8.34117072722841e-06, 0.0522265321653022, -1.94031127185746e-06, -4.24108108696723e-07, -0.00731177747494148, 5.03476301268619e-09, 1.42643343267319e-05, 5.03476301268619e-09, 1.08597823787631e-07, -1.42643343267319e-05, -3.63407025530823e-08, 2.59758245251917e-08, -9.38635420170672e-05, 
13953, 7, -7.99467357873096e-06, -0.0522134844303017, -7.99467357873424e-06, -8.21444877750447e-06, 0.0522134844303017, -9.12078983722949e-07, -1.23342077644541e-06, -0.00740621788046123, -7.99643652450823e-06, -0.0522277482389469, -7.9964365245115e-06, -8.33155917983753e-06, 0.0522277482389469, -8.84055824131337e-07, -1.25804834966057e-06, -0.00731235461283936, 1.76294572806919e-09, 1.42638086453193e-05, 1.76294572807089e-09, 1.17110402336895e-07, -1.42638086453193e-05, -2.80231595104309e-08, 2.46275732431583e-08, -9.38632676218441e-05, 
13954, 0, -7.90170737965026e-06, -0.0522124031600258, -7.90170737965352e-06, -8.35979304649389e-06, 0.0522124031600258, -5.81074060649585e-07, -1.42060911449205e-06, -0.00740610509594235, -7.90315058008535e-06, -0.052226666006241, -7.90315058008863e-06, -8.47728670528569e-06, 0.0522266660062411, -5.53179123052037e-07, -1.44531797958868e-06, -0.00731224304766282, 1.44320045686827e-09, 1.42628462150166e-05, 1.44320045686827e-09, 1.17493658789569e-07, -1.42628462150166e-05, -2.78949376099886e-08, 2.47088650508099e-08, -9.38620482795252e-05, 
13954, 7, -7.18876918721422e-06, -0.0522134304761705, -7.1887691872177e-06, -8.5414301549224e-06, 0.0522134304761705, 6.96333607599602e-07, -2.30358619035875e-06, -0.00740698897757701, -7.1864645794864e-06, -0.0522276909054738, -7.18646457948968e-06, -8.66714840007505e-06, 0.0522276909054738, 7.15879204472556e-07, -2.32574750037474e-06, -0.0073131227354242, -2.30460771980433e-09, 1.42604293033207e-05, -2.30460771980253e-09, 1.25718245111753e-07, -1.42604293033206e-05, -1.95455967654269e-08, 2.216131009748e-08, -9.38662421528159e-05, 
13955, 0, -6.88089321357785e-06, -0.0522124066633417, -6.88089321358047e-06, -8.80261668064618e-06, 0.0522124066633417, 1.15657774970629e-06, -2.62651124350256e-06, -0.00740695665732588, -6.87867735659524e-06, -0.0522266665014545, -6.87867735659809e-06, -8.92845009415652e-06, 0.0522266665014545, 1.17611005384359e-06, -2.64861539386655e-06, -0.0073130918222118, -2.21585700031174e-09, 1.42598381128137e-05, -2.21585700031174e-09, 1.25833413541972e-07, -1.42598381128137e-05, -1.95323041355947e-08, 2.21041504932286e-08, -9.38648351140808e-05, 
13955, 7, -6.15746368225481e-06, -0.0522130476347673, -6.15746368225764e-06, -9.03889966517053e-06, 0.0522130476347673, 2.34874051918931e-06, -3.30130673702893e-06, -0.00740780785392612, -6.15661918114242e-06, -0.0522273075725962, -6.15661918114591e-06, -9.17161129927391e-06, 0.0522273075725962, 2.36264307071842e-06, -3.32318841409067e-06, -0.00731394269928475, -8.44501114655659e-10, 1.4259937828779e-05, -8.44501114659154e-10, 1.3271163406648e-07, -1.4259937828779e-05, -1.39025514941397e-08, 2.18816771162706e-08, -9.38651546413885e-05, 
13956, 0, -5.69746243238245e-06, -0.0522119231546565, -5.69746243238573e-06, -9.35500024587361e-06, 0.0522119231546565, 2.78070927066157e-06, -3.68328953889301e-06, -0.00740776422868127, -5.69615018114484e-06, -0.0522261826194624, -5.6961501811481e-06, -9.48791731096168e-06, 0.0522261826194624, 2.79461876966087e-06, -3.70507260769659e-06, -0.00731390025058811, -1.31225119657012e-09, 1.42594648058021e-05, -1.31225119656515e-09, 1.32917065080038e-07, -1.42594648058022e-05, -1.39094988785852e-08, 2.17830688469363e-08, -9.38639780931497e-05, 
13956, 7, -5.1577900773145e-06, -0.0522122029630442, -5.15779007731712e-06, -9.58889157194065e-06, 0.0522122029630442, 3.41246337471982e-06, -4.16066803478433e-06, -0.00740832098680482, -5.1573738379709e-06, -0.0522264650207621, -5.15737383797374e-06, -9.73011966036893e-06, 0.0522264650207621, 3.42398224126666e-06, -4.17891593663689e-06, -0.00731445729284662, -4.16239317281238e-10, 1.4262057718013e-05, -4.1623931727605e-10, 1.41228088433063e-07, -1.4262057718013e-05, -1.1518866584523e-08, 1.82479016905759e-08, -9.38636939582432e-05, 
13957, 0, -4.72121161930938e-06, -0.0522109751634497, -4.7212116193118e-06, -9.9041845178856e-06, 0.0522109751634497, 3.5895895523928e-06, -4.60750139348674e-06, -0.00740820257427472, -4.72073412171864e-06, -0.0522252367201938, -4.72073412172234e-06, -1.0045431523906e-05, 0.0522252367201938, 3.60136651844585e-06, -4.62555390868908e-06, -0.00731434048269031, -4.77497614472754e-10, 1.42615567442733e-05, -4.7749761447286e-10, 1.41247006002209e-07, -1.42615567442733e-05, -1.17769661469064e-08, 1.80525152776677e-08, -9.38620915844081e-05, 
13957, 7, -4.49639466363433e-06, -0.0522111131614594, -4.49639466363739e-06, -1.01220327733575e-05, 0.0522111131614594, 3.44338404543905e-06, -5.00064166028013e-06, -0.00740844487157095, -4.49668707190026e-06, -0.0522253775903201, -4.49668707190376e-06, -1.02695699919254e-05, 0.0522253775903201, 3.45466685961209e-06, -5.01765911691729e-06, -0.00731458741099185, 2.92408275470839e-10, 1.42644288606736e-05, 2.92408275467556e-10, 1.47537218545486e-07, -1.42644288606736e-05, -1.12828140625205e-08, 1.70174565688197e-08, -9.38574605790887e-05, 
13958, 0, -4.25723894503317e-06, -0.0522098728463297, -4.25723894503623e-06, -1.0406168720466e-05, 0.0522098728463297, 3.24369043254909e-06, -5.54365820426626e-06, -0.00740825139383645, -4.25753919525719e-06, -0.0522241366767503, -4.25753919526004e-06, -1.05542845782125e-05, 0.0522241366767503, 3.25514866969937e-06, -5.56052864006339e-06, -0.00731439554528735, 3.0025022580328e-10, 1.42638304206042e-05, 3.0025022580328e-10, 1.48115857720909e-07, -1.42638304206042e-05, -1.14582371164817e-08, 1.68704357754225e-08, -9.38558485490827e-05, 
13958, 7, -4.35193340478307e-06, -0.0522101121764774, -4.35193340478635e-06, -1.06494772949799e-05, 0.0522101121764774, 2.39410435899435e-06, -5.88738359836258e-06, -0.00740840216171934, -4.35870354236976e-06, -0.0522243811227182, -4.35870354237282e-06, -1.0798913212773e-05, 0.0522243811227182, 2.40587925479129e-06, -5.9052284375044e-06, -0.007314547270162, 6.77013759315345e-09, 1.42689462408747e-05, 6.77013759315164e-09, 1.49435917828877e-07, -1.42689462408747e-05, -1.1774895825449e-08, 1.78448391296348e-08, -9.3854891557346e-05, 
13959, 0, -4.36912712460223e-06, -0.052208950453237, -4.36912712460506e-06, -1.09066806855938e-05, 0.052208950453237, 1.82417358817201e-06, -6.49109865658156e-06, -0.00740816438973013, -4.3762973994675e-06, -0.0522232191631081, -4.37629739947077e-06, -1.10557815874446e-05, 0.0522232191631081, 1.83614026450773e-06, -6.50891185674851e-06, -0.00731431151311938, 7.17027488421692e-09, 1.42687098710603e-05, 7.17027488421883e-09, 1.49100901846019e-07, -1.42687098710603e-05, -1.19666762922535e-08, 1.78132000743438e-08, -9.38528766107566e-05, 
13959, 7, -4.73135878660542e-06, -0.0522094641031507, -4.73135878660827e-06, -1.11478690391547e-05, 0.0522094641031507, 5.49492616969314e-07, -6.58386716374608e-06, -0.00740851094580728, -4.74852064133355e-06, -0.0522237317010198, -4.74852064133682e-06, -1.13000748356088e-05, 0.0522237317010198, 5.65834261110463e-07, -6.60101753657539e-06, -0.00731466789754655, 1.71618547308036e-08, 1.42675978692938e-05, 1.71618547308003e-08, 1.52205796415668e-07, -1.42675978692938e-05, -1.63416442431162e-08, 1.71503728460134e-08, -9.38430482607612e-05, 
13960, 0, -5.00157131007289e-06, -0.0522084215067198, -5.00157131007571e-06, -1.13597114118978e-05, 0.0522084215067198, -2.72285448053433e-07, -7.09515978395582e-06, -0.00740827826746577, -5.01985512586013e-06, -0.0522226885941866, -5.01985512586319e-06, -1.15124127188968e-05, 0.0522226885941866, -2.55611181732156e-07, -7.11212035211376e-06, -0.00731443601563132, 1.82838157677424e-08, 1.42670874669182e-05, 1.82838157677443e-08, 1.52701307005577e-07, -1.42670874669182e-05, -1.6674266336792e-08, 1.69605682769643e-08, -9.38422518344686e-05, 
13960, 7, -5.57980462148295e-06, -0.0522093860650108, -5.57980462148602e-06, -1.15997597523384e-05, 0.0522093860650108, -1.45182698754268e-06, -6.75231741021215e-06, -0.00740892084942443, -5.60493994065079e-06, -0.0522236494555543, -5.60493994065385e-06, -1.17530370544076e-05, 0.0522236494555543, -1.4251347072875e-06, -6.76750616266122e-06, -0.00731508253395343, 2.51353191834438e-08, 1.42633905436131e-05, 2.51353191834421e-08, 1.53277302072607e-07, -1.42633905436131e-05, -2.66922802821778e-08, 1.51887525062044e-08, -9.38383154709815e-05, 
13961, 0, -6.07131464692366e-06, -0.0522084623008034, -6.07131464692649e-06, -1.17387962600771e-05, 0.0522084623008034, -2.31375946458801e-06, -7.05579302423201e-06, -0.00740873914601393, -6.09716189415142e-06, -0.0522227250899298, -6.09716189415471e-06, -1.18920765973152e-05, 0.0522227250899298, -2.2868005324098e-06, -7.07096491178289e-06, -0.00731490270835913, 2.58472471908228e-08, 1.42627891264732e-05, 2.58472471908277e-08, 1.53280337218216e-07, -1.42627891264732e-05, -2.69589321740827e-08, 1.51718874497269e-08, -9.38364376547796e-05, 
13961, 7, -6.66284356674562e-06, -0.0522093712530277, -6.66284356674823e-06, -1.19736651583905e-05, 0.0522093712530277, -3.09895392911242e-06, -6.3596928475199e-06, -0.00740948576382709, -6.69506161146096e-06, -0.0522236288156168, -6.69506161146424e-06, -1.21320613206255e-05, 0.0522236288156168, -3.06685631424529e-06, -6.37363675788501e-06, -0.00731565400471411, 3.22180447238156e-08, 1.42575625890374e-05, 3.2218044723814e-08, 1.58396162256438e-07, -1.42575625890374e-05, -3.20976149019024e-08, 1.39439105547029e-08, -9.38317591129946e-05, 
13962, 0, -7.2412469678348e-06, -0.0522083922892936, -7.24124696783788e-06, -1.19862454067653e-05, 0.0522083922892936, -3.79764762626778e-06, -6.40956171590337e-06, -0.00740932942374067, -7.27288805898033e-06, -0.0522226489242792, -7.27288805898383e-06, -1.21447566985827e-05, 0.0522226489242792, -3.76533534681427e-06, -6.4234869634654e-06, -0.00731549945704445, 3.16410911538476e-08, 1.42566349855864e-05, 3.16410911538476e-08, 1.58511291861327e-07, -1.42566349855864e-05, -3.2312279524016e-08, 1.39252476337974e-08, -9.38299666962125e-05, 
13962, 7, -7.48342659272411e-06, -0.052208631565275, -7.48342659272717e-06, -1.21952412638627e-05, 0.052208631565275, -3.76295360250421e-06, -5.4420666054305e-06, -0.00740994539709053, -7.51811056502295e-06, -0.0522228840699066, -7.51811056502623e-06, -1.23496585535716e-05, 0.0522228840699066, -3.72792721244581e-06, -5.45582858453608e-06, -0.00731611937701364, 3.46839722876453e-08, 1.42525046316079e-05, 3.46839722876454e-08, 1.54417289705443e-07, -1.42525046316079e-05, -3.50263899970516e-08, 1.3761979065313e-08, -9.38260200769063e-05, 
13963, 0, -7.9457347964694e-06, -0.052207327798094, -7.94573479647267e-06, -1.20211627105916e-05, 0.052207327798094, -4.08686758131239e-06, -5.1971592886306e-06, -0.00740969374798201, -7.97938702050171e-06, -0.0522215795529376, -7.97938702050477e-06, -1.21762553556701e-05, 0.0522215795529376, -4.05136442423518e-06, -5.21068830165667e-06, -0.00731586945266009, 3.36522240483495e-08, 1.42517548435708e-05, 3.36522240483495e-08, 1.55092645119319e-07, -1.42517548435708e-05, -3.55031570084465e-08, 1.35290129987363e-08, -9.38242953219278e-05, 
13963, 7, -7.68985193718956e-06, -0.0522067327590853, -7.68985193719219e-06, -1.21746306319585e-05, 0.0522067327590853, -3.15028678178882e-06, -3.98935411823415e-06, -0.00740994625204764, -7.72107464604504e-06, -0.0522209860957897, -7.72107464604787e-06, -1.23215043719011e-05, 0.0522209860957897, -3.11869412772907e-06, -4.00398678507572e-06, -0.00731612355837881, 3.12227088647115e-08, 1.42533367041385e-05, 3.12227088647116e-08, 1.46873739935106e-07, -1.42533367041385e-05, -3.1592654100499e-08, 1.46326668252222e-08, -9.38226936688315e-05, 
13964, 0, -7.88174886034472e-06, -0.052205016368321, -7.88174886034733e-06, -1.17629007392138e-05, 0.052205016368321, -3.02272301636643e-06, -3.41818720499059e-06, -0.00740951783995139, -7.91288591796163e-06, -0.0522192691849274, -7.91288591796467e-06, -1.19101353810123e-05, 0.0522192691849274, -2.99100134057029e-06, -3.43272516144734e-06, -0.00731569663140589, 3.11370575751646e-08, 1.42528166065397e-05, 3.11370575751647e-08, 1.4723464177573e-07, -1.42528166065397e-05, -3.17216756876485e-08, 1.45379564780897e-08, -9.38212085454991e-05, 
13964, 7, -7.34562131890311e-06, -0.0522042166511883, -7.34562131890596e-06, -1.17891566761197e-05, 0.0522042166511884, -1.74929811629859e-06, -2.06815348401979e-06, -0.00740944194982976, -7.37651188293149e-06, -0.0522184783020184, -7.37651188293454e-06, -1.19328503913597e-05, 0.0522184783020184, -1.72482123962891e-06, -2.08321490625318e-06, -0.00731562086535121, 3.08905640739743e-08, 1.42616508300907e-05, 3.08905640739794e-08, 1.4369371522208e-07, -1.42616508300907e-05, -2.4476876680135e-08, 1.50614223281658e-08, -9.38210844785088e-05, 
13965, 0, -7.26103544622196e-06, -0.0522023395464675, -7.2610354462248e-06, -1.11376681030072e-05, 0.0522023395464675, -1.33181577925314e-06, -1.20550264864338e-06, -0.0074088566197518, -7.29225779161203e-06, -0.0522166007664797, -7.2922577916153e-06, -1.12815810376843e-05, 0.0522166007664797, -1.30749986515862e-06, -1.22063217149771e-06, -0.00731503773723851, 3.12223453602443e-08, 1.42612200121712e-05, 3.12223453602428e-08, 1.43912934673675e-07, -1.42612200121712e-05, -2.43159140270953e-08, 1.51295228143711e-08, -9.38188825133064e-05, 
13965, 7, -6.85415799733002e-06, -0.0522021244697039, -6.85415799733263e-06, -1.09536066016711e-05, 0.0522021244697039, -5.02656403426269e-07, -8.16686971987546e-09, -0.00740881024539796, -6.88696350870666e-06, -0.0522163908617471, -6.88696350871036e-06, -1.10957338748355e-05, 0.0522163908617471, -4.81414478892368e-07, -2.20678173889014e-08, -0.00731499927850785, 3.28055114058305e-08, 1.4266392043428e-05, 3.28055114058272e-08, 1.42127273205127e-07, -1.4266392043428e-05, -2.12419245032493e-08, 1.39009475539718e-08, -9.38109668901379e-05, 
13966, 0, -6.6171203487558e-06, -0.0522004314502672, -6.61712034875886e-06, -1.01608611309952e-05, 0.0522004314502672, -9.24155472855454e-08, 9.84087027830856e-07, -0.0074081628012529, -6.65045119241497e-06, -0.0522146968364133, -6.65045119241737e-06, -1.03029185740782e-05, 0.0522146968364133, -7.14018771780216e-08, 9.69980887747568e-07, -0.00731435310569003, 3.33308436655159e-08, 1.42653861462914e-05, 3.33308436655211e-08, 1.42057443108556e-07, -1.42653861462914e-05, -2.10136700692587e-08, 1.41061401480735e-08, -9.38096955628523e-05, 
13966, 7, -6.63964671971737e-06, -0.0522010328599063, -6.63964671972064e-06, -9.75577404818632e-06, 0.0522010328599063, -1.26126700199008e-07, 1.65487607096637e-06, -0.0074085060678419, -6.67761888513825e-06, -0.0522153008984277, -6.67761888514109e-06, -9.89819096789526e-06, 0.0522153008984277, -1.05739878802109e-07, 1.63904262436038e-06, -0.00731470327168712, 3.79721653970657e-08, 1.42680385215517e-05, 3.79721653970657e-08, 1.42416919673842e-07, -1.42680385215517e-05, -2.03868213542248e-08, 1.58334465798985e-08, -9.38027961547909e-05, 
13967, 0, -6.4013629855059e-06, -0.0521996773177361, -6.40136298550919e-06, -8.97298561828022e-06, 0.0521996773177361, 5.93468496397508e-08, 2.53545039168395e-06, -0.00740792585428365, -6.43924600314934e-06, -0.0522139446876568, -6.43924600315238e-06, -9.11556747287363e-06, 0.0522139446876568, 7.99173002682723e-08, 2.51968214277475e-06, -0.00731412463089658, 3.78830176247906e-08, 1.42673699206637e-05, 3.78830176247941e-08, 1.42581854573832e-07, -1.42673699206637e-05, -2.05704507514858e-08, 1.57682487937563e-08, -9.38012233870708e-05, 
13967, 7, -6.88176253168756e-06, -0.0522009294243109, -6.88176253168996e-06, -8.4461840182034e-06, 0.0522009294243109, -5.92825697980436e-07, 2.70387082421462e-06, -0.00740877113954268, -6.92786230334326e-06, -0.052215193340377, -6.92786230334677e-06, -8.58937623604247e-06, 0.052215193340377, -5.65523461014746e-07, 2.68854688403195e-06, -0.00731497674739224, 4.60997716316629e-08, 1.42639160661291e-05, 4.60997716316611e-08, 1.4319221782632e-07, -1.42639160661291e-05, -2.73022369838139e-08, 1.53239402194271e-08, -9.37943921504478e-05, 
13968, 0, -6.74010637840041e-06, -0.0521998272565859, -6.74010637840346e-06, -7.79983672323234e-06, 0.0521998272565859, -6.46487578882186e-07, 3.36212329545097e-06, -0.00740836538100281, -6.78649654207336e-06, -0.0522140901924069, -6.78649654207662e-06, -7.94344926523354e-06, 0.0522140901924069, -6.19079531135884e-07, 3.34685843930125e-06, -0.00731457207688322, 4.63901636836658e-08, 1.42629358209027e-05, 4.63901636836625e-08, 1.43612541999343e-07, -1.42629358209027e-05, -2.74080477463773e-08, 1.52648561768197e-08, -9.37933041195936e-05, 
13968, 7, -7.45656020166127e-06, -0.0522009910890866, -7.45656020166476e-06, -7.2745145288344e-06, 0.0522009910890866, -1.42054671180628e-06, 3.43622620337706e-06, -0.0074094427718111, -7.50957611363803e-06, -0.0522152490705692, -7.50957611364066e-06, -7.42135218714191e-06, 0.0522152490705692, -1.38559360006032e-06, 3.42030947382104e-06, -0.00731564890310339, 5.30159119991517e-08, 1.425798148252e-05, 5.30159119991518e-08, 1.46837658278852e-07, -1.425798148252e-05, -3.49531119086109e-08, 1.59167295034757e-08, -9.37938687076959e-05, 
13969, 0, -7.41285806797354e-06, -0.0521998303712787, -7.4128580679766e-06, -6.81163271078444e-06, 0.0521998303712787, -1.56486856117773e-06, 3.94498306680286e-06, -0.00740914383926864, -7.46507466094289e-06, -0.0522140875055525, -7.46507466094575e-06, -6.95876119738308e-06, 0.0522140875055525, -1.52947533349287e-06, 3.92930828319832e-06, -0.00731535185968929, 5.22165929935781e-08, 1.42571342738594e-05, 5.22165929935764e-08, 1.47128486579907e-07, -1.42571342738594e-05, -3.53932276838777e-08, 1.56747836779887e-08, -9.37919795793413e-05, 
13969, 7, -8.0075124564842e-06, -0.0521999909159203, -8.00751245648769e-06, -6.33573496698671e-06, 0.0521999909159203, -1.93275920936196e-06, 4.22260897166418e-06, -0.00741005321949247, -8.05803910796474e-06, -0.0522142451869866, -8.05803910796822e-06, -6.48583131712091e-06, 0.0522142451869866, -1.8915157025014e-06, 4.20564382775269e-06, -0.00731625449194344, 5.05266514764807e-08, 1.42542710666459e-05, 5.05266514764874e-08, 1.50096350156043e-07, -1.42542710666459e-05, -4.12435068139994e-08, 1.69651439973915e-08, -9.37987275490514e-05, 
13970, 0, -7.98886549503988e-06, -0.0521983755015816, -7.98886549504272e-06, -6.00628883703523e-06, 0.0521983755015816, -1.92123844481737e-06, 4.71319016229465e-06, -0.00740968177886123, -8.03880434061584e-06, -0.0522126286140981, -8.0388043406189e-06, -6.15666147770254e-06, 0.0522126286140981, -1.88002520318715e-06, 4.69623981448479e-06, -0.00731588453310487, 4.99388455924831e-08, 1.42531125165335e-05, 4.99388455924829e-08, 1.5037264067923e-07, -1.42531125165335e-05, -4.12132416398891e-08, 1.69503478069388e-08, -9.37972457563666e-05, 
13970, 7, -8.18052597492603e-06, -0.0521973625880016, -8.1805259749293e-06, -5.59210393631686e-06, 0.0521973625880017, -1.28931717404945e-06, 5.30043031636725e-06, -0.00741020756945713, -8.23093601165239e-06, -0.0522116161126313, -8.23093601165501e-06, -5.74075599803845e-06, 0.0522116161126313, -1.2491501786902e-06, 5.28119364577943e-06, -0.00731640458930515, 5.04100367067713e-08, 1.42535246296814e-05, 5.04100367067644e-08, 1.48652061772142e-07, -1.42535246296814e-05, -4.01669954136289e-08, 1.92366706239819e-08, -9.38029801520012e-05, 
13971, 0, -8.09461794363441e-06, -0.0521951020257729, -8.09461794363704e-06, -5.30456966747886e-06, 0.0521951020257729, -8.6632523507747e-07, 5.85249154022905e-06, -0.00740966124784768, -8.14466538922847e-06, -0.052209354551321, -8.14466538923153e-06, -5.45354674648427e-06, 0.052209354551321, -8.2621120910154e-07, 5.83341983916422e-06, -0.00731586022760903, 5.00474456121969e-08, 1.42525255477884e-05, 5.00474456121987e-08, 1.48977079039655e-07, -1.42525255477884e-05, -4.01140259013682e-08, 1.90717008996945e-08, -9.3801020238674e-05, 
13971, 7, -7.78181589814267e-06, -0.0521932392104378, -7.78181589814573e-06, -4.89911477754711e-06, 0.0521932392104378, 7.69406899159929e-07, 6.55126469067068e-06, -0.00740971442224962, -7.8244977456891e-06, -0.0522075002870415, -7.82449774569216e-06, -5.05100825380766e-06, 0.0522075002870415, 8.04690902425313e-07, 6.53287493106194e-06, -0.00731590441426194, 4.268184755967e-08, 1.42610766036433e-05, 4.26818475596696e-08, 1.51893476283835e-07, -1.42610766036433e-05, -3.52840032760824e-08, 1.83897595132961e-08, -9.38100079876904e-05, 
13972, 0, -7.54793991236605e-06, -0.0521904260041704, -7.54793991236911e-06, -4.619867696437e-06, 0.0521904260041704, 1.62994753828092e-06, 7.12752936620346e-06, -0.00740894664448315, -7.59022770126525e-06, -0.0522046864884982, -7.59022770126852e-06, -4.77198410886536e-06, 0.0522046864884982, 1.66511813542932e-06, 7.10921245036768e-06, -0.007315138174652, 4.22877888593351e-08, 1.42604843277729e-05, 4.22877888593332e-08, 1.52116412452511e-07, -1.42604843277729e-05, -3.51705971597414e-08, 1.83169157608006e-08, -9.38084698311838e-05, 
13972, 7, -6.75765299161191e-06, -0.0521883932204192, -6.75765299161518e-06, -4.22229027971007e-06, 0.0521883932204192, 3.61852518212678e-06, 7.67502926556736e-06, -0.00740852923917703, -6.79920775947707e-06, -0.0522026625375142, -6.79920775947991e-06, -4.37014815138859e-06, 0.0522026625375142, 3.64798306985244e-06, 7.65685038364438e-06, -0.0073147168769241, 4.15547678707773e-08, 1.42693170949656e-05, 4.15547678707741e-08, 1.47857871680042e-07, -1.42693170949656e-05, -2.94578877873536e-08, 1.81788818893802e-08, -9.38123622529123e-05, 
13973, 0, -6.35689530210412e-06, -0.0521853386696318, -6.35689530210696e-06, -3.99312591698847e-06, 0.0521853386696318, 4.70552047124719e-06, 8.18347185186115e-06, -0.0074075664758472, -6.39798987907698e-06, -0.0521996072190388, -6.39798987907983e-06, -4.14059283163844e-06, 0.0521996072190388, 4.73488582436128e-06, 8.16524082595977e-06, -0.00731375592087283, 4.10945769880118e-08, 1.42685494068581e-05, 4.10945769880051e-08, 1.47466914643278e-07, -1.42685494068582e-05, -2.93653530403428e-08, 1.82310258572181e-08, -9.38105549743729e-05, 
13973, 7, -5.40272291208803e-06, -0.052183799400299, -5.40272291209087e-06, -3.59236154575115e-06, 0.052183799400299, 6.2741350521416e-06, 8.40593937361792e-06, -0.00740709805194348, -5.44289339684798e-06, -0.0521980793705786, -5.44289339685105e-06, -3.73381748147308e-06, 0.0521980793705786, 6.29802324012265e-06, 8.38821773006944e-06, -0.00731328383573594, 4.0170484740292e-08, 1.42799702795617e-05, 4.01704847402936e-08, 1.4145593575773e-07, -1.42799702795617e-05, -2.38881879902856e-08, 1.7721643525299e-08, -9.38142162075514e-05, 
13974, 0, -4.91898011753452e-06, -0.0521808112718672, -4.91898011753801e-06, -3.4821203930386e-06, 0.0521808112718672, 7.29260206944239e-06, 8.74004824909953e-06, -0.007406085704162, -4.95889930245818e-06, -0.0521950906009994, -4.95889930246146e-06, -3.62391220277582e-06, 0.0521950906009994, 7.31660273813706e-06, 8.72239548058949e-06, -0.00731227287902214, 3.99191849266243e-08, 1.42793291322922e-05, 3.99191849266228e-08, 1.41791809707977e-07, -1.42793291322922e-05, -2.40006687861324e-08, 1.76527685578473e-08, -9.38128251398525e-05, 
13974, 7, -4.16090421123809e-06, -0.052180177269561, -4.16090421124113e-06, -3.11966402725218e-06, 0.052180177269561, 8.06561135098393e-06, 8.65848659866676e-06, -0.00740592847985724, -4.19987590608391e-06, -0.0521944659913316, -4.19987590608698e-06, -3.26445689336682e-06, 0.0521944659913316, 8.08939980337686e-06, 8.64456067785559e-06, -0.00731211742561444, 3.89716948720119e-08, 1.42887217704841e-05, 3.89716948720083e-08, 1.44792866108709e-07, -1.42887217704841e-05, -2.37884522781368e-08, 1.39259208153306e-08, -9.38110542427911e-05, 
13975, 0, -3.723230111649e-06, -0.0521774909377533, -3.72323011165248e-06, -3.14602558273259e-06, 0.0521774909377533, 8.86101564196384e-06, 8.79290586157765e-06, -0.00740501231364363, -3.76289995985638e-06, -0.0521917784614059, -3.76289995985944e-06, -3.29041914616908e-06, 0.0521917784614059, 8.88441399340886e-06, 8.77871160017861e-06, -0.00731120287791151, 3.96698482147106e-08, 1.42875236527307e-05, 3.96698482147142e-08, 1.44393563423906e-07, -1.42875236527307e-05, -2.33983515601674e-08, 1.41942613392348e-08, -9.38094357321192e-05, 
13975, 7, -3.29175212871901e-06, -0.0521781095665761, -3.29175212872228e-06, -2.85467679650848e-06, 0.0521781095665761, 9.10759492263617e-06, 8.64329103216324e-06, -0.00740524509714876, -3.33516392872102e-06, -0.0521923989931309, -3.33516392872473e-06, -2.99501136971864e-06, 0.0521923989931309, 9.13232526898567e-06, 8.6312555851311e-06, -0.00731143630168694, 4.34117999995216e-08, 1.42894265547953e-05, 4.34117999995198e-08, 1.40334573239045e-07, -1.42894265547953e-05, -2.47303462553102e-08, 1.20354471164317e-08, -9.38087954618548e-05, 
13976, 0, -3.00166861433385e-06, -0.0521758576232596, -3.0016686143369e-06, -2.98092183002831e-06, 0.0521758576232596, 9.65026104401248e-06, 8.629217488013e-06, -0.0074045001715414, -3.04476072663181e-06, -0.0521901465326215, -3.04476072663487e-06, -3.12195745446888e-06, 0.0521901465326215, 9.67487598653799e-06, 8.61737193521375e-06, -0.00731069249222032, 4.30921123290352e-08, 1.42889093622183e-05, 4.30921123290353e-08, 1.41035624400088e-07, -1.42889093622183e-05, -2.46149425640839e-08, 1.18455528125637e-08, -9.38076793210776e-05, 
13976, 7, -2.93731075509629e-06, -0.0521772170486957, -2.93731075509913e-06, -2.71924407876923e-06, 0.0521772170486957, 9.35313386549053e-06, 8.42593367438972e-06, -0.00740494455319378, -2.98089336455624e-06, -0.0521915007585812, -2.9808933645593e-06, -2.86294758006429e-06, 0.0521915007585812, 9.37696765986154e-06, 8.41532635656336e-06, -0.00731113880826834, 4.35826094562299e-08, 1.42837098855647e-05, 4.35826094562283e-08, 1.43703501287671e-07, -1.42837098855647e-05, -2.38337943394635e-08, 1.06073177687469e-08, -9.38057449254138e-05, 
13977, 0, -2.85447777032599e-06, -0.0521752373279406, -2.85447777032926e-06, -2.89757125974378e-06, 0.0521752373279406, 9.55745706254949e-06, 8.28054494291564e-06, -0.00740435432933865, -2.89762009929329e-06, -0.0521895202717701, -2.89762009929698e-06, -3.0418270810734e-06, 0.0521895202717701, 9.58120539391147e-06, 8.26995230407176e-06, -0.0073105500670087, 4.31423289868731e-08, 1.42829438293111e-05, 4.3142328986873e-08, 1.44255821316367e-07, -1.42829438293111e-05, -2.37483313764319e-08, 1.05926388654706e-08, -9.38042623299288e-05, 
13977, 7, -3.08767258096798e-06, -0.0521765560109294, -3.08767258097104e-06, -2.7132166540678e-06, 0.0521765560109294, 8.70437247988325e-06, 8.0234800877941e-06, -0.00740484134322877, -3.12794873077551e-06, -0.0521908365787049, -3.12794873077836e-06, -2.85840920231524e-06, 0.0521908365787049, 8.72756812909103e-06, 8.01395678406629e-06, -0.0073110380815379, 4.02761498200399e-08, 1.42805677754671e-05, 4.02761498200401e-08, 1.45192548226455e-07, -1.42805677754671e-05, -2.31956493185767e-08, 9.52330375204352e-09, -9.38032616908657e-05, 
13978, 0, -3.21116211358384e-06, -0.0521746034783041, -3.21116211358669e-06, -2.93391360993875e-06, 0.0521746034783041, 8.52450642179403e-06, 7.76687536254969e-06, -0.00740434228601649, -3.25149004440787e-06, -0.0521888832876541, -3.25149004441114e-06, -3.07944033439595e-06, 0.0521888832876541, 8.54773421928631e-06, 7.75729841047654e-06, -0.0073105406308814, 4.03279307920716e-08, 1.42798093501357e-05, 4.03279307920752e-08, 1.45526724483991e-07, -1.42798093501357e-05, -2.32277975200334e-08, 9.57695225841169e-09, -9.38016551350813e-05, 
13978, 7, -3.64964866299074e-06, -0.0521754220431831, -3.6496486629938e-06, -2.85203951752842e-06, 0.0521754220431831, 7.31877799669256e-06, 7.57928108819623e-06, -0.007404638260014, -3.691454936198e-06, -0.0521897059442114, -3.69145493620128e-06, -2.9997366542773e-06, 0.0521897059442114, 7.34503248820862e-06, 7.570364615085e-06, -0.00731082315681826, 4.18062732177146e-08, 1.42839010282191e-05, 4.18062732177181e-08, 1.4769713677e-07, -1.42839010282191e-05, -2.62544915049654e-08, 8.91647308395725e-09, -9.38151031956944e-05, 
13979, 0, -3.94541423040358e-06, -0.0521733673836403, -3.94541423040686e-06, -3.10075980515474e-06, 0.0521733673836403, 6.81737481187126e-06, 7.27722197095943e-06, -0.0074041517087891, -3.98708134118667e-06, -0.0521876509559996, -3.98708134118951e-06, -3.24857617487176e-06, 0.0521876509559996, 6.84371916906217e-06, 7.26836250974861e-06, -0.00731033832175473, 4.166711078256e-08, 1.42835723591598e-05, 4.16671107825686e-08, 1.47816369722952e-07, -1.42835723591598e-05, -2.634435710911e-08, 8.85946124742003e-09, -9.38133870343677e-05, 
13979, 7, -4.57752289475177e-06, -0.0521737244427807, -4.5775228947546e-06, -3.03952510149734e-06, 0.0521737244427807, 5.44522925858673e-06, 7.17281767999618e-06, -0.00740413251640254, -4.61916596045991e-06, -0.0521880173413298, -4.61916596046339e-06, -3.19101401173246e-06, 0.0521880173413298, 5.47720385706501e-06, 7.16497080505734e-06, -0.00731031303225319, 4.16430657190512e-08, 1.42928985490738e-05, 4.16430657190497e-08, 1.51488910249477e-07, -1.42928985490738e-05, -3.19745984568331e-08, 7.84687497214952e-09, -9.38194841493487e-05, 
13980, 0, -5.00901277616038e-06, -0.0521716839117885, -5.00901277616387e-06, -3.2812043836082e-06, 0.0521716839117885, 4.76536421685173e-06, 6.88397171938456e-06, -0.00740364089091948, -5.05024210221031e-06, -0.0521859760414688, -5.05024210221315e-06, -3.4320920423087e-06, 0.0521859760414688, 4.7973536606312e-06, 6.87616544599702e-06, -0.00730982271953866, 4.12293260186256e-08, 1.4292129680415e-05, 4.12293260186272e-08, 1.50887658722888e-07, -1.4292129680415e-05, -3.19894437666686e-08, 7.80627319312479e-09, -9.38181713807753e-05, 
13980, 7, -5.7525993161202e-06, -0.0521719467323162, -5.75259931612326e-06, -3.26188302817256e-06, 0.0521719467323162, 3.63802762255342e-06, 6.76611579846418e-06, -0.00740349084900291, -5.79609296810722e-06, -0.052186245527333, -5.79609296811072e-06, -3.41656120619434e-06, 0.052186245527333, 3.67596642483373e-06, 6.75775760309429e-06, -0.0073096707847041, 4.34936520448097e-08, 1.42987950167765e-05, 4.34936520448115e-08, 1.54678178037779e-07, -1.42987950167765e-05, -3.79388022262712e-08, 8.35819537901727e-09, -9.38200642988178e-05, 
13981, 0, -6.23005948382261e-06, -0.0521701171812338, -6.23005948382589e-06, -3.47129505145293e-06, 0.0521701171812338, 3.02283407523138e-06, 6.51591040789177e-06, -0.00740301955499525, -6.27399241023881e-06, -0.0521844156707505, -6.27399241024209e-06, -3.62609536041312e-06, 0.0521844156707505, 3.06092187634799e-06, 6.50761362912613e-06, -0.00730920134099027, 4.39329263883221e-08, 1.4298489516753e-05, 4.3932926388322e-08, 1.54800309000429e-07, -1.4298489516753e-05, -3.80878010827626e-08, 8.29677876690708e-09, -9.38182140050077e-05, 
13981, 7, -6.86383631446673e-06, -0.0521704366249887, -6.86383631447022e-06, -3.4873079297785e-06, 0.0521704366249887, 2.627239810667e-06, 6.26523539549031e-06, -0.00740300732377818, -6.90941131229625e-06, -0.0521847433411299, -6.9094113122993e-06, -3.63946206731176e-06, 0.0521847433411299, 2.66922697295685e-06, 6.25534442669882e-06, -0.00730917847463126, 4.55749978645475e-08, 1.43067161411621e-05, 4.55749978645442e-08, 1.52154137557624e-07, -1.43067161411621e-05, -4.19871623162657e-08, 9.89096868728619e-09, -9.38288491469113e-05, 
13982, 0, -7.23359766480679e-06, -0.0521688617609831, -7.23359766481005e-06, -3.62253147362128e-06, 0.0521688617609831, 2.35497621440671e-06, 6.03359510874235e-06, -0.00740257435269917, -7.27910126128811e-06, -0.0521831679117227, -7.27910126129074e-06, -3.77466206206571e-06, 0.0521831679117227, 2.39722148459502e-06, 6.02372314963982e-06, -0.0073087467062328, 4.55035964964694e-08, 1.43061507396778e-05, 4.55035964964728e-08, 1.52130588467662e-07, -1.43061507396778e-05, -4.2245270077324e-08, 9.87195922383626e-09, -9.38276464663765e-05, 
13982, 7, -7.51275229628712e-06, -0.0521692916512337, -7.51275229628995e-06, -3.63326807052544e-06, 0.0521692916512337, 2.91276022061427e-06, 5.66536310389888e-06, -0.00740271265914985, -7.55606686467634e-06, -0.0521836022630715, -7.55606686467963e-06, -3.78887859500423e-06, 0.0521836022630715, 2.95590754918011e-06, 5.65620369283575e-06, -0.00730888239227537, 4.33145683965678e-08, 1.43106118373626e-05, 4.33145683965728e-08, 1.55610524470268e-07, -1.43106118373626e-05, -4.31473285965346e-08, 9.1594110300985e-09, -9.38302668744915e-05, 
13983, 0, -7.66673707078845e-06, -0.0521678961226724, -7.66673707079129e-06, -3.69111612093499e-06, 0.0521678961226724, 3.11406911272809e-06, 5.41199124659126e-06, -0.0074022890072242, -7.7096425525822e-06, -0.0521822057823331, -7.70964255258569e-06, -3.84731346751158e-06, 0.0521822057823331, 3.1573824175308e-06, 5.40292353725449e-06, -0.00730846028211903, 4.29054817884312e-08, 1.43096596608006e-05, 4.29054817884294e-08, 1.56197346596945e-07, -1.43096596608006e-05, -4.33133047208986e-08, 9.06770931199437e-09, -9.38287251051624e-05, 
13983, 7, -7.51818287592332e-06, -0.0521682315047459, -7.51818287592593e-06, -3.73474052939217e-06, 0.0521682315047459, 4.18099212293095e-06, 4.90828236027652e-06, -0.00740252664197967, -7.55585689658064e-06, -0.0521825460184924, -7.55585689658391e-06, -3.88882270115677e-06, 0.0521825460184924, 4.22133962736703e-06, 4.90231652736461e-06, -0.00730868595552843, 3.76740206648155e-08, 1.43145137467753e-05, 3.7674020664814e-08, 1.54082171779912e-07, -1.43145137467753e-05, -4.03475043190439e-08, 5.96583283139429e-09, -9.38406864512133e-05, 
13984, 0, -7.45131777346825e-06, -0.052166891165119, -7.45131777347109e-06, -3.74585844702446e-06, 0.052166891165119, 4.73259627757395e-06, 4.59767883598398e-06, -0.0074021266863489, -7.48876221208983e-06, -0.0521812048084684, -7.48876221209266e-06, -3.90039284199456e-06, 0.0521812048084684, 4.77275976563084e-06, 4.59176830179194e-06, -0.00730828728163635, 3.74444386232177e-08, 1.43136433495523e-05, 3.74444386232227e-08, 1.54534394985811e-07, -1.43136433495523e-05, -4.01634880533148e-08, 5.91053437442097e-09, -9.38394047125693e-05, 
13984, 7, -7.09581691064143e-06, -0.0521668954797615, -7.09581691064406e-06, -3.96110875131947e-06, 0.0521668954797615, 5.53929589875236e-06, 4.02937531244037e-06, -0.00740240980026876, -7.14056659329576e-06, -0.0521812125541129, -7.14056659329947e-06, -4.11077913117912e-06, 0.0521812125541129, 5.57425078521777e-06, 4.02589521579819e-06, -0.0073085584602668, 4.4749682671695e-08, 1.43170743513424e-05, 4.47496826716966e-08, 1.49670379858225e-07, -1.43170743513424e-05, -3.49548865547922e-08, 3.48009650132183e-09, -9.38513400019354e-05, 
13985, 0, -6.89916113386934e-06, -0.0521654577307554, -6.8991611338724e-06, -3.98368958190334e-06, 0.0521654577307554, 6.09718926535995e-06, 3.68652620113716e-06, -0.0074020312698133, -6.9438046874287e-06, -0.0521797740180148, -6.94380468743262e-06, -4.13315574558763e-06, 0.0521797740180147, 6.13200079136724e-06, 3.68323987776342e-06, -0.00730818165179764, 4.46435535561007e-08, 1.43162872592833e-05, 4.46435535561025e-08, 1.49466163701443e-07, -1.43162872592833e-05, -3.48115260614389e-08, 3.28632329613121e-09, -9.38496180156612e-05, 
13985, 7, -6.74537418715459e-06, -0.0521648598796038, -6.74537418715787e-06, -4.43216394886425e-06, 0.0521648598796038, 5.987817559921e-06, 3.21565309302892e-06, -0.00740224876650255, -6.78940639516612e-06, -0.0521791782059189, -6.78940639516918e-06, -4.58483122945088e-06, 0.0521791782059189, 6.02103010290953e-06, 3.21884550360654e-06, -0.00730839101889623, 4.40322080287484e-08, 1.43183263150733e-05, 4.40322080287467e-08, 1.52667280590578e-07, -1.43183263150733e-05, -3.32125429739465e-08, -3.19241052098692e-09, -9.38577476063013e-05, 
13986, 0, -6.55751597085163e-06, -0.0521631880037507, -6.55751597085467e-06, -4.51451180931852e-06, 0.0521631880037507, 6.22079438402126e-06, 2.95772013111565e-06, -0.00740182223036022, -6.60130634796796e-06, -0.0521775054988698, -6.60130634797166e-06, -4.66784733056181e-06, 0.0521775054988698, 6.25395663816405e-06, 2.96109981648113e-06, -0.00730796594259758, 4.37903771061631e-08, 1.43174951190429e-05, 4.37903771061646e-08, 1.53335521228721e-07, -1.43174951190429e-05, -3.31622541038739e-08, -3.37968514891528e-09, -9.38562877626345e-05, 
13986, 7, -6.87391255417364e-06, -0.0521619894294134, -6.87391255417649e-06, -5.12586242812638e-06, 0.0521619894294134, 5.32562071176776e-06, 2.82272604955998e-06, -0.00740190195513748, -6.9190527521653e-06, -0.0521763099421499, -6.91905275216835e-06, -5.27445753915819e-06, 0.0521763099421499, 5.36443198369434e-06, 2.82998042924587e-06, -0.00730803413185168, 4.51401979983827e-08, 1.43205127365103e-05, 4.51401979983861e-08, 1.48595111057429e-07, -1.43205127365103e-05, -3.8811271879228e-08, -7.25437967516385e-09, -9.38678232858138e-05, 
13987, 0, -6.81498916070732e-06, -0.052160018543594, -6.8149891607106e-06, -5.29106385066831e-06, 0.052160018543594, 5.21710219080651e-06, 2.7646265847839e-06, -0.00740138095895974, -6.85994957362844e-06, -0.0521743384922337, -6.85994957363128e-06, -5.44030171106624e-06, 0.0521743384922337, 5.25626208856359e-06, 2.77209340800449e-06, -0.00730751435311229, 4.49604129118565e-08, 1.43199486397957e-05, 4.4960412911853e-08, 1.49237860400757e-07, -1.43199486397957e-05, -3.91598976372033e-08, -7.46682328625469e-09, -9.38666058474973e-05, 
13987, 7, -7.51221305777834e-06, -0.0521584854322543, -7.51221305778119e-06, -5.84561235185059e-06, 0.0521584854322543, 4.33689428361469e-06, 3.04266790792103e-06, -0.0074013435677248, -7.55696154488146e-06, -0.0521728112937163, -7.55696154488451e-06, -5.98531790914285e-06, 0.0521728112937163, 4.38435400229929e-06, 3.05045246990996e-06, -0.00730746327826238, 4.47484870985386e-08, 1.4325861462112e-05, 4.4748487098542e-08, 1.39705557317456e-07, -1.4325861462112e-05, -4.74597186185167e-08, -7.78456205972104e-09, -9.38802894624184e-05, 
13988, 0, -7.55310313599089e-06, -0.0521563044303313, -7.55310313599438e-06, -6.05276123000568e-06, 0.0521563044303313, 4.20710682839998e-06, 3.20975757594862e-06, -0.00740075585887135, -7.59645058534008e-06, -0.0521706297487663, -7.59645058534335e-06, -6.19276152050125e-06, 0.0521706297487663, 4.25466644503243e-06, 3.21755446922295e-06, -0.00730687638433049, 4.33474493451997e-08, 1.4325318434883e-05, 4.33474493452033e-08, 1.40000290504807e-07, -1.4325318434883e-05, -4.75596166091491e-08, -7.79689331641282e-09, -9.38794745408778e-05, 
13988, 7, -8.13177004903153e-06, -0.0521549001584411, -8.13177004903502e-06, -6.3339821241659e-06, 0.0521549001584411, 4.25305205599465e-06, 3.76539968443937e-06, -0.0074006068044745, -8.17427471045952e-06, -0.0521692342070077, -8.17427471046237e-06, -6.47482114635268e-06, 0.0521692342070077, 4.30809940471632e-06, 3.77111911370514e-06, -0.00730671550723035, 4.25046613941801e-08, 1.43340485667137e-05, 4.25046613941768e-08, 1.40839022215643e-07, -1.43340485667137e-05, -5.50473486665244e-08, -5.7194293124075e-09, -9.38912972441571e-05, 
13989, 0, -8.10173554312562e-06, -0.0521527461930069, -8.10173554312932e-06, -6.52123209126916e-06, 0.0521527461930069, 4.51890086193955e-06, 4.07172599738922e-06, -0.00739998336684557, -8.14352826218404e-06, -0.052167079984981, -8.14352826218754e-06, -6.66233439132261e-06, 0.052167079984981, 4.57383296280055e-06, 4.07748181737008e-06, -0.00730609366105084, 4.17927190391994e-08, 1.43337919739754e-05, 4.17927190392011e-08, 1.41102300034302e-07, -1.43337919739754e-05, -5.49321007877867e-08, -5.75581992784155e-09, -9.38897057947148e-05, 
13989, 7, -8.11005566692205e-06, -0.0521522354648155, -8.11005566692575e-06, -6.50800987776403e-06, 0.0521522354648155, 5.9133751823796e-06, 4.56701107036048e-06, -0.00739974193799527, -8.14216564913724e-06, -0.0521665782517213, -8.14216564914028e-06, -6.64789694453885e-06, 0.0521665782517213, 5.96581355027238e-06, 4.56860867472964e-06, -0.00730585465310961, 3.21099822083945e-08, 1.43427869059902e-05, 3.21099822083979e-08, 1.39887066748206e-07, -1.43427869059902e-05, -5.24383677816239e-08, -1.59760428534312e-09, -9.38872848856413e-05, 
13990, 0, -7.86568016096601e-06, -0.0521504813474856, -7.86568016096928e-06, -6.64977813338105e-06, 0.0521504813474856, 6.78928721415727e-06, 4.83312180008451e-06, -0.00739913572059189, -7.89760899511628e-06, -0.0521648226949138, -7.89760899511933e-06, -6.78933361887354e-06, 0.0521648226949139, 6.84148510190825e-06, 4.83468837226962e-06, -0.00730524882457945, 3.19288341481937e-08, 1.43413474282462e-05, 3.19288341481972e-08, 1.39555485484129e-07, -1.43413474282462e-05, -5.21978877669147e-08, -1.56657221053594e-09, -9.38868960124642e-05, 
13990, 7, -7.25492090970699e-06, -0.0521514479807469, -7.25492090971027e-06, -6.53150527502784e-06, 0.0521514479807469, 8.92436781002642e-06, 4.84637755385395e-06, -0.00739906592917568, -7.28783717056553e-06, -0.0521657905023118, -7.28783717056837e-06, -6.67536848453341e-06, 0.0521657905023118, 8.96743514391038e-06, 4.84620511424349e-06, -0.00730518792083004, 3.29162609096974e-08, 1.43425215649817e-05, 3.29162609096956e-08, 1.43863209526586e-07, -1.43425215649817e-05, -4.30673338709938e-08, 1.72439646421798e-10, -9.38780083456479e-05, 
13991, 0, -6.81489837483032e-06, -0.0521504164876047, -6.81489837483339e-06, -6.64836442894305e-06, 0.0521504164876047, 1.01780895740101e-05, 4.87153395249009e-06, -0.00739862856222173, -6.84736261005116e-06, -0.0521647585755283, -6.84736261005487e-06, -6.7920178813446e-06, 0.0521647585755283, 1.02211546384865e-05, 4.87144621740103e-06, -0.0073047524451843, 3.24642352455349e-08, 1.43420879235512e-05, 3.24642352455315e-08, 1.43653452422184e-07, -1.43420879235512e-05, -4.30650644346698e-08, 8.77351016963424e-11, -9.38761170374171e-05, 
13991, 7, -5.8941128905445e-06, -0.0521529550890778, -5.89411289054735e-06, -6.68883272547524e-06, 0.0521529550890778, 1.18063772775572e-05, 4.35615836637125e-06, -0.00739904959122064, -5.92890628052714e-06, -0.0521672936367563, -5.92890628052998e-06, -6.82937072427347e-06, 0.0521672936367563, 1.18405806606454e-05, 4.35533018829123e-06, -0.00730518842475577, 3.47933900005375e-08, 1.43385476782977e-05, 3.4793390000529e-08, 1.40537998802811e-07, -1.43385476782977e-05, -3.42033830889067e-08, 8.28178058459807e-10, -9.38611664648675e-05, 
13992, 0, -5.37778604843839e-06, -0.0521528109942807, -5.37778604844145e-06, -6.83087421496657e-06, 0.0521528109942807, 1.29192509659877e-05, 4.11174501977178e-06, -0.00739893616885011, -5.41279128783046e-06, -0.0521671485753638, -5.41279128783374e-06, -6.9718383708593e-06, 0.0521671485753638, 1.29531340922913e-05, 4.11091573262065e-06, -0.0073050766544444, 3.50052393513424e-08, 1.43375810831076e-05, 3.50052393513442e-08, 1.40964155845127e-07, -1.43375810831076e-05, -3.38831263500459e-08, 8.2928729924048e-10, -9.38595144056954e-05, 
13992, 7, -4.65012486968338e-06, -0.0521565145444726, -4.65012486968665e-06, -7.18015469010614e-06, 0.0521565145444726, 1.3192813085887e-05, 3.36604159909547e-06, -0.00739990642783626, -4.69933039544056e-06, -0.0521708426809736, -4.69933039544405e-06, -7.32451055811057e-06, 0.0521708426809736, 1.32222752133916e-05, 3.36796734067321e-06, -0.00730605693670993, 4.92055257632632e-08, 1.43281365007008e-05, 4.92055257632701e-08, 1.44355867996465e-07, -1.43281365007008e-05, -2.9462127561002e-08, -1.92574147785373e-09, -9.38494911263011e-05, 
13993, 0, -4.26012100890025e-06, -0.0521571383678034, -4.26012100890309e-06, -7.41830502289701e-06, 0.0521571383678034, 1.37469932107429e-05, 2.98388045256893e-06, -0.00740011214038653, -4.30923078547287e-06, -0.0521714654947463, -4.30923078547636e-06, -7.56291109859559e-06, 0.0521714654947463, 1.37764607310615e-05, 2.98589206764587e-06, -0.00730626496003887, 4.91097765631736e-08, 1.43271269425269e-05, 4.91097765631769e-08, 1.44606075655581e-07, -1.43271269425269e-05, -2.9467520193466e-08, -2.01161513730045e-09, -9.38471803476363e-05, 
13993, 7, -4.18699770691938e-06, -0.0521608765416609, -4.18699770692245e-06, -8.06416395297589e-06, 0.0521608765416609, 1.2787802881692e-05, 2.26196114121115e-06, -0.00740142527073509, -4.24179934314148e-06, -0.0521751918999486, -4.24179934314434e-06, -8.21218951398778e-06, 0.0521751918999486, 1.28244269492534e-05, 2.26979612263178e-06, -0.00730758702774324, 5.48016362490532e-08, 1.43153582877358e-05, 5.48016362490565e-08, 1.48025560987145e-07, -1.43153582877358e-05, -3.66240676533996e-08, -7.83498141690461e-09, -9.3838242991839e-05, 
13994, 0, -4.0972029762747e-06, -0.0521617764723001, -4.09720297627754e-06, -8.41852338812e-06, 0.0521617764723001, 1.27537550542955e-05, 1.8625357536235e-06, -0.00740179999097645, -4.15136122276022e-06, -0.0521760906458992, -4.15136122276349e-06, -8.56557153198488e-06, 0.0521760906458993, 1.27908228779496e-05, 1.8706699618754e-06, -0.00730796297542563, 5.41582464797708e-08, 1.43141735992409e-05, 5.41582464797709e-08, 1.4704814389581e-07, -1.43141735992409e-05, -3.70678236027079e-08, -8.13420821516354e-09, -9.38370155508206e-05, 
13994, 7, -4.57582477534862e-06, -0.0521642197152737, -4.57582477535146e-06, -9.10859605544767e-06, 0.0521642197152737, 1.1514675697943e-05, 1.27169002304194e-06, -0.00740313101100161, -4.6282025168759e-06, -0.0521785263377679, -4.62820251687897e-06, -9.25497469692639e-06, 0.0521785263377679, 1.15621814163591e-05, 1.2826936632138e-06, -0.00730929838743891, 5.23777415320233e-08, 1.43066224942609e-05, 5.23777415320233e-08, 1.46378641473614e-07, -1.43066224942609e-05, -4.75057183838803e-08, -1.10036401959546e-08, -9.38326235626869e-05, 
13995, 0, -4.75794893520784e-06, -0.052164733950826, -4.7579489352109e-06, -9.51142812673375e-06, 0.052164733950826, 1.12546985470886e-05, 9.20047449273717e-07, -0.00740344537628346, -4.81037679073412e-06, -0.0521790386484252, -4.81037679073718e-06, -9.65696625301712e-06, 0.0521790386484252, 1.13022526991142e-05, 9.31090341412093e-07, -0.00730961378965902, 5.24278555710839e-08, 1.43046975991772e-05, 5.2427855571084e-08, 1.45538126274262e-07, -1.43046975991772e-05, -4.75541520272137e-08, -1.10428920471042e-08, -9.38315866244282e-05, 
13995, 7, -5.18672251578237e-06, -0.0521652847046995, -5.18672251578587e-06, -1.00394423377656e-05, 0.0521652847046995, 1.07552981342139e-05, 4.36612317585229e-07, -0.00740445677043241, -5.24541543894579e-06, -0.0521795884956861, -5.24541543894929e-06, -1.01839292208221e-05, 0.0521795884956861, 1.08118705367194e-05, 4.50081115863476e-07, -0.00731061856640112, 5.86929231757733e-08, 1.43037909864999e-05, 5.86929231757682e-08, 1.44486883088807e-07, -1.43037909864999e-05, -5.65724025245159e-08, -1.34687982610161e-08, -9.38382040313123e-05, 
13996, 0, -5.41436577509833e-06, -0.0521649171576911, -5.41436577510139e-06, -1.04272444123893e-05, 0.0521649171576911, 1.07196523165557e-05, 1.56389644220609e-07, -0.00740447104342556, -5.47159696183148e-06, -0.0521792199526796, -5.47159696183454e-06, -1.05721506068046e-05, 0.0521792199526796, 1.07764403294804e-05, 1.70201304719931e-07, -0.00731063451713886, 5.72311867088579e-08, 1.43027949885316e-05, 5.72311867088576e-08, 1.4490619447804e-07, -1.43027949885316e-05, -5.67880128976351e-08, -1.38116604741613e-08, -9.38365262866919e-05, 
13996, 7, -5.36842835741384e-06, -0.0521639064425319, -5.36842835741734e-06, -1.07723720730513e-05, 0.0521639064425319, 1.13005138030876e-05, -3.10581690739e-07, -0.00740496287110823, -5.42116462554299e-06, -0.0521782163034972, -5.42116462554584e-06, -1.09151635872051e-05, 0.0521782163034972, 1.13567837752917e-05, -2.96113465430452e-07, -0.00731111815263096, 5.27362681482789e-08, 1.430986096519e-05, 5.27362681482789e-08, 1.42791514181822e-07, -1.430986096519e-05, -5.62699722752997e-08, -1.44682253566465e-08, -9.38447184773123e-05, 
13997, 0, -5.40875339881605e-06, -0.0521625769460103, -5.40875339881889e-06, -1.11179160927152e-05, 0.0521625769460103, 1.16872897691327e-05, -5.69767164988314e-07, -0.0074045392320062, -5.46192760526208e-06, -0.0521768867960951, -5.46192760526471e-06, -1.12611089707696e-05, 0.0521768867960951, 1.17433762604168e-05, -5.55228589788422e-07, -0.00731069669932399, 5.31742064385525e-08, 1.43098500850395e-05, 5.31742064385525e-08, 1.43192878032378e-07, -1.43098500850395e-05, -5.60864913102004e-08, -1.45385751710497e-08, -9.38425326822078e-05, 
13997, 7, -4.89278187127051e-06, -0.052161010229899, -4.89278187127334e-06, -1.12906899369564e-05, 0.052161010229899, 1.30078323032247e-05, -1.05945196489013e-06, -0.0074046823194391, -4.94751710340348e-06, -0.0521753317076186, -4.94751710340632e-06, -1.14326849051897e-05, 0.0521753317076186, 1.30576884545483e-05, -1.04279008229965e-06, -0.00731083406349033, 5.4735232108529e-08, 1.43214777196229e-05, 5.47352321085306e-08, 1.41994968255953e-07, -1.43214777196229e-05, -4.98561512840811e-08, -1.66618825094255e-08, -9.38482559487791e-05, 
13998, 0, -4.6588784412846e-06, -0.0521589861884474, -4.65887844128701e-06, -1.15526366414561e-05, 0.0521589861884474, 1.37560642745098e-05, -1.37472709578823e-06, -0.00740386218463332, -4.71327934893352e-06, -0.0521733073763721, -4.7132793489368e-06, -1.16951731236054e-05, 0.0521733073763722, 1.38056192689655e-05, -1.35801554130817e-06, -0.0073100166934693, 5.4400907625908e-08, 1.4321187924832e-05, 5.44009076259047e-08, 1.42536482087288e-07, -1.4321187924832e-05, -4.95549945195096e-08, -1.67115545735563e-08, -9.38454911640167e-05, 
13998, 7, -4.00845935588632e-06, -0.0521576952368712, -4.00845935588938e-06, -1.16126992392435e-05, 0.0521576952368712, 1.51588409136917e-05, -1.7509113348008e-06, -0.00740406886646473, -4.05718052342111e-06, -0.0521720224549943, -4.05718052342417e-06, -1.17476363706963e-05, 0.0521720224549943, 1.52043589532887e-05, -1.73231082043308e-06, -0.00731021397349191, 4.87211674992759e-08, 1.43272181232436e-05, 4.87211674992758e-08, 1.34937131466151e-07, -1.43272181232436e-05, -4.55180395585196e-08, -1.86005143079456e-08, -9.38548929727593e-05, 
13999, 0, -3.57399458602824e-06, -0.052155255357799, -3.57399458603085e-06, -1.18054552069836e-05, 0.052155255357799, 1.60185305237129e-05, -2.12941242889745e-06, -0.00740302310867625, -3.62271246011861e-06, -0.0521695814412578, -3.62271246012189e-06, -1.19404662433123e-05, 0.0521695814412578, 1.60638269357656e-05, -2.11073619483278e-06, -0.007309169518622, 4.87178740977028e-08, 1.43260834590711e-05, 4.87178740977028e-08, 1.35011036325465e-07, -1.43260834590711e-05, -4.52964121430872e-08, -1.86762340445912e-08, -9.38535900542303e-05, 
13999, 7, -3.07884719306046e-06, -0.0521539920007627, -3.07884719306417e-06, -1.18306447566325e-05, 0.0521539920007628, 1.67388168054532e-05, -2.20845992771879e-06, -0.00740340092093172, -3.13167721915778e-06, -0.052168317010091, -3.13167721916085e-06, -1.19539303601451e-05, 0.052168317010091, 1.67811956371732e-05, -2.19011952913285e-06, -0.00730954481562059, 5.28300260945267e-08, 1.4325009328138e-05, 5.28300260945267e-08, 1.23285603502922e-07, -1.4325009328138e-05, -4.23788316865484e-08, -1.83403986152437e-08, -9.38561053111287e-05, 
14000, 0, -2.60005735832328e-06, -0.0521511504764786, -2.600057358327e-06, -1.19843294228805e-05, 0.0521511504764786, 1.73876639703667e-05, -2.56613663827579e-06, -0.00740228014364945, -2.65372005332359e-06, -0.0521654750200155, -2.65372005332621e-06, -1.21081649926318e-05, 0.0521654750200155, 1.74296842944026e-05, -2.54797831054192e-06, -0.00730842620217722, 5.36626949775965e-08, 1.43245435371204e-05, 5.36626949775999e-08, 1.23835569771975e-07, -1.43245435371204e-05, -4.2020324122007e-08, -1.81583279460059e-08, -9.38539414722175e-05, 
14000, 7, -2.39272030291406e-06, -0.0521494253554333, -2.39272030291711e-06, -1.18843116942e-05, 0.0521494253554333, 1.71992687270268e-05, -2.21993923201345e-06, -0.00740255205674901, -2.45834484799979e-06, -0.0521637463401196, -2.45834484800283e-06, -1.2003111742206e-05, 0.0521637463401196, 1.72431481261765e-05, -2.20430155789848e-06, -0.00730869005176098, 6.56245451259257e-08, 1.43209846862936e-05, 6.5624545125924e-08, 1.1880004800714e-07, -1.43209846862936e-05, -4.38793991891628e-08, -1.5637674155957e-08, -9.38620049880512e-05, 
14001, 0, -2.05722487921517e-06, -0.0521461273877047, -2.05722487921845e-06, -1.19418468002278e-05, 0.0521461273877047, 1.74558363607526e-05, -2.42758944166094e-06, -0.0074013924510487, -2.12297738652098e-06, -0.0521604481090548, -2.12297738652382e-06, -1.20615936897435e-05, 0.0521604481090548, 1.74997481981661e-05, -2.41206533315619e-06, -0.0073075320351998, 6.57525073158108e-08, 1.43207213501038e-05, 6.5752507315816e-08, 1.19746889529789e-07, -1.43207213501038e-05, -4.39118373988718e-08, -1.55241085435307e-08, -9.38604158489356e-05, 
14001, 7, -2.0491786639608e-06, -0.0521437939366665, -2.04917866396365e-06, -1.15657634298445e-05, 0.0521437939366665, 1.68170579999013e-05, -1.58329222594244e-06, -0.00740124630222586, -2.1302130544245e-06, -0.0521581196585821, -2.13021305442712e-06, -1.16790136703807e-05, 0.0521581196585821, 1.68714510021069e-05, -1.57085060438811e-06, -0.00730736678717173, 8.10343904717081e-08, 1.43257219154158e-05, 8.10343904717134e-08, 1.13250240525422e-07, -1.43257219154158e-05, -5.43930021781471e-08, -1.24416215935179e-08, -9.387951505414e-05, 
14002, 0, -1.95322549283831e-06, -0.0521400802665262, -1.9532254928418e-06, -1.14292993827806e-05, 0.0521400802665262, 1.67546814633574e-05, -1.52523865538795e-06, -0.00740004793507428, -2.03499838358174e-06, -0.0521544055595412, -2.03499838358524e-06, -1.15433746298025e-05, 0.0521544055595412, 1.6808865223211e-05, -1.51306414368394e-06, -0.00730617101572028, 8.17728907451301e-08, 1.43252930149659e-05, 8.17728907451335e-08, 1.14075247046055e-07, -1.43252930149659e-05, -5.41837598708225e-08, -1.21745116348547e-08, -9.38769193539655e-05, 
14002, 7, -1.88756954272477e-06, -0.0521376935909576, -1.88756954272804e-06, -1.08055925454318e-05, 0.0521376935909576, 1.62460628260307e-05, -3.13731358613642e-07, -0.0073994471779607, -1.97885040340229e-06, -0.0521520304276325, -1.97885040340557e-06, -1.09188354561016e-05, 0.0521520304276325, 1.63031897709987e-05, -3.05838662541102e-07, -0.00730556709439122, 9.12808606747976e-08, 1.43368366746591e-05, 9.12808606748012e-08, 1.13242910682801e-07, -1.43368366746591e-05, -5.71269449010923e-08, -7.8926960335539e-09, -9.38800835694899e-05, 
14003, 0, -1.99738165947831e-06, -0.0521338646448118, -1.99738165948159e-06, -1.04741130845338e-05, 0.0521338646448118, 1.60240035513537e-05, 1.49247345969376e-08, -0.00739827082011828, -2.08968297653441e-06, -0.0521482013929682, -2.08968297653789e-06, -1.05886760678369e-05, 0.0521482013929681, 1.60810988578608e-05, 2.28315300043564e-08, -0.007304393341749, 9.23013170902433e-08, 1.43367481562985e-05, 9.23013170902433e-08, 1.1456298328611e-07, -1.43367481562985e-05, -5.70953065609504e-08, -7.90679539576059e-09, -9.38774783692767e-05, 
14003, 7, -1.6555294106344e-06, -0.0521324497493272, -1.65552941063746e-06, -9.77246487491505e-06, 0.0521324497493272, 1.58535443452662e-05, 1.21671638469563e-06, -0.00739760076498267, -1.756772436369e-06, -0.0521467968686685, -1.75677243637206e-06, -9.88709685448783e-06, 0.0521467968686685, 1.59102458003696e-05, 1.22378233098178e-06, -0.00730371785222929, 1.01243025723153e-07, 1.43471193413428e-05, 1.0124302572315e-07, 1.14631979577109e-07, -1.43471193413428e-05, -5.6701455030563e-08, -7.06594630773827e-09, -9.38829127533739e-05, 
14004, 0, -1.87160819895765e-06, -0.0521289849447328, -1.87160819896026e-06, -9.33351571221117e-06, 0.0521289849447328, 1.55837923103598e-05, 1.71446692288347e-06, -0.00739659247866667, -1.97441584910326e-06, -0.0521433309610195, -1.97441584910633e-06, -9.44893025869612e-06, 0.0521433309610195, 1.56397703953743e-05, 1.72109770246442e-06, -0.00730271177286155, 1.02807650142905e-07, 1.43460162864881e-05, 1.02807650142912e-07, 1.15414546520129e-07, -1.43460162864881e-05, -5.59780849968491e-08, -6.63077942706536e-09, -9.38807058050979e-05, 
14004, 7, -1.33899916282715e-06, -0.0521294090934769, -1.33899916283022e-06, -8.64774930346592e-06, 0.0521294090934769, 1.56702284081239e-05, 2.66475435461663e-06, -0.00739628586252843, -1.44503040225337e-06, -0.0521437611146844, -1.44503040225664e-06, -8.75898710075331e-06, 0.0521437611146844, 1.57209687071088e-05, 2.67092972930657e-06, -0.00730241297600153, 1.06031239450231e-07, 1.4352021207637e-05, 1.06031239450233e-07, 1.1123779727279e-07, -1.4352021207637e-05, -5.07402990126755e-08, -6.1753746182012e-09, -9.38728865269028e-05, 
14005, 0, -1.59572554695567e-06, -0.0521267637471235, -1.59572554695872e-06, -8.16663386675656e-06, 0.0521267637471235, 1.53848817713566e-05, 3.21479017893534e-06, -0.0073956266724526, -1.70089050457003e-06, -0.05214111479061, -1.70089050457331e-06, -8.27894225266934e-06, 0.05214111479061, 1.54356518906988e-05, 3.22100113958485e-06, -0.00730175561635344, 1.051649575781e-07, 1.43510434866513e-05, 1.05164957578107e-07, 1.12308385932174e-07, -1.43510434866513e-05, -5.07701193211203e-08, -6.21096056953155e-09, -9.38710560991721e-05, 
14005, 7, -1.13507289330126e-06, -0.0521288974238072, -1.13507289330496e-06, -7.48045239685088e-06, 0.0521288974238072, 1.54775112895048e-05, 3.88039372960028e-06, -0.00739591049153282, -1.25287594640462e-06, -0.0521432471283792, -1.2528759464079e-06, -7.58963045907596e-06, 0.0521432471283792, 1.55226054131964e-05, 3.88436188135976e-06, -0.00730204340373376, 1.17803053126101e-07, 1.43497045720085e-05, 1.17803053126102e-07, 1.09178062245418e-07, -1.43497045720085e-05, -4.50941236767843e-08, -3.96815179961996e-09, -9.38670877990619e-05, 
14006, 0, -1.40471629468139e-06, -0.0521271477893217, -1.40471629468446e-06, -7.02033265087803e-06, 0.0521271477893217, 1.51527081666571e-05, 4.37671617527418e-06, -0.00739566360214758, -1.52291552879898e-06, -0.052141496468203, -1.52291552880226e-06, -7.12984132623679e-06, 0.052141496468203, 1.51976303683217e-05, 4.38066566008711e-06, -0.00730179826489242, 1.18199234123195e-07, 1.43486788811972e-05, 1.18199234123192e-07, 1.09508675364623e-07, -1.43486788811972e-05, -4.49222015883372e-08, -3.94948475996481e-09, -9.38653372551759e-05, 
14006, 7, -1.27892404637659e-06, -0.0521297089108738, -1.27892404637944e-06, -6.42720366062307e-06, 0.0521297089108738, 1.49637958082964e-05, 4.74338955044631e-06, -0.00739632154410621, -1.41049662477625e-06, -0.0521440436358286, -1.4104966247791e-06, -6.54016888972996e-06, 0.0521440436358286, 1.50073233044067e-05, 4.74725638992339e-06, -0.00730246759291181, 1.31572578416042e-07, 1.43347249548849e-05, 1.31572578416041e-07, 1.12965229109073e-07, -1.43347249548849e-05, -4.35274961066078e-08, -3.86683935034408e-09, -9.38539511944129e-05, 
14007, 0, -1.55911575463424e-06, -0.0521284884442974, -1.5591157546373e-06, -6.07727937805353e-06, 0.0521284884442974, 1.45496899309314e-05, 5.06898087159949e-06, -0.00739636284609843, -1.69101360329769e-06, -0.0521428227543207, -1.69101360330053e-06, -6.19023560695809e-06, 0.0521428227543207, 1.45933259945226e-05, 5.07289691268048e-06, -0.00730251078818575, 1.31897848661688e-07, 1.43343100234461e-05, 1.31897848661686e-07, 1.12956228917479e-07, -1.43343100234461e-05, -4.3636063575111e-08, -3.91604096999831e-09, -9.38520579126858e-05, 
14007, 7, -1.73899452351821e-06, -0.0521300734106599, -1.73899452352148e-06, -5.71303982987376e-06, 0.0521300734106599, 1.40284295447052e-05, 5.07061516026084e-06, -0.00739703153139462, -1.87479186439235e-06, -0.0521444006221194, -1.87479186439541e-06, -5.83077503663108e-06, 0.0521444006221194, 1.40736004346563e-05, 5.07167496267889e-06, -0.00730318383922848, 1.35797340892389e-07, 1.43272114593058e-05, 1.35797340892389e-07, 1.17735206750514e-07, -1.43272114593058e-05, -4.51708900123649e-08, -1.05980243815941e-09, -9.38476921661707e-05, 
14008, 0, -2.00094058141119e-06, -0.0521288360526881, -2.00094058141447e-06, -5.53386690551917e-06, 0.0521288360526881, 1.35171791417086e-05, 5.11598148920336e-06, -0.00739714763818346, -2.13642142693126e-06, -0.0521431631013706, -2.13642142693432e-06, -5.65230979600095e-06, 0.0521431631013706, 1.35626470688325e-05, 5.11726550392685e-06, -0.00730330264201097, 1.35480845518408e-07, 1.43270486824985e-05, 1.3548084551841e-07, 1.18442890496062e-07, -1.43270486824985e-05, -4.54679271215172e-08, -1.28401479328751e-09, -9.38449961724921e-05, 
14008, 7, -2.23565471532302e-06, -0.0521286517442103, -2.23565471532629e-06, -5.48197505913164e-06, 0.0521286517442103, 1.29202788610368e-05, 4.69170398958385e-06, -0.00739747637048839, -2.37149366721983e-06, -0.0521429792517068, -2.37149366722289e-06, -5.60489656371352e-06, 0.0521429792517069, 1.29691167036109e-05, 4.69347205682654e-06, -0.00730364144568667, 1.35838951890833e-07, 1.43275074965708e-05, 1.3583895189083e-07, 1.2292150455594e-07, -1.43275074965708e-05, -4.8837842649083e-08, -1.7680672252154e-09, -9.38349248016873e-05, 
14009, 0, -2.43685685316797e-06, -0.052126898179797, -2.43685685317103e-06, -5.4940534560874e-06, 0.052126898179797, 1.23861656031558e-05, 4.42220534914559e-06, -0.00739744086544474, -2.57293683118207e-06, -0.0521412251241065, -2.57293683118489e-06, -5.61746399507212e-06, 0.0521412251241065, 1.24350619768835e-05, 4.42400024965235e-06, -0.0073036072833643, 1.36079978020069e-07, 1.43269443097884e-05, 1.36079978020071e-07, 1.23410538967884e-07, -1.43269443097884e-05, -4.88963737103709e-08, -1.79490048298298e-09, -9.38335820804493e-05, 
14009, 7, -2.57525330516279e-06, -0.0521249288755727, -2.57525330516583e-06, -5.70235749103098e-06, 0.0521249288755727, 1.19551468143786e-05, 3.75027407758684e-06, -0.00739727650458925, -2.70975052352178e-06, -0.052139263028533, -2.70975052352484e-06, -5.83313764312633e-06, 0.052139263028533, 1.20058552066498e-05, 3.75418636356173e-06, -0.00730344301638878, 1.3449721837658e-07, 1.43341529602754e-05, 1.34497218376582e-07, 1.3078015211787e-07, -1.43341529602754e-05, -5.07083922255042e-08, -3.91228604670583e-09, -9.38334882004711e-05, 
14010, 0, -2.69823540387642e-06, -0.0521224509362501, -2.69823540388035e-06, -5.84166642645267e-06, 0.0521224509362501, 1.1491481544095e-05, 3.26707884436759e-06, -0.00739692781843754, -2.83333174048978e-06, -0.0521367845616728, -2.83333174049262e-06, -5.97359809581964e-06, 0.0521367845616728, 1.15420248086264e-05, 3.27106936587667e-06, -0.00730309539313234, 1.35096336629939e-07, 1.43336254227783e-05, 1.35096336629937e-07, 1.31931669386886e-07, -1.43336254227783e-05, -5.05432645169368e-08, -3.99052157512206e-09, -9.38324253052043e-05, 
14010, 7, -2.70264342260767e-06, -0.0521197967246603, -2.70264342261074e-06, -6.17139280479842e-06, 0.0521197967246603, 1.14495913359548e-05, 2.68518014420708e-06, -0.00739638220588602, -2.83976923610338e-06, -0.0521341394437246, -2.83976923610644e-06, -6.30806141907038e-06, 0.0521341394437246, 1.149842966051e-05, 2.6927976793114e-06, -0.00730255361500051, 1.37125813495087e-07, 1.43427190643985e-05, 1.37125813495085e-07, 1.36668614265571e-07, -1.43427190643985e-05, -4.88383244974545e-08, -7.61753503890009e-09, -9.38285908855259e-05, 
14011, 0, -2.73103550919309e-06, -0.052116869574145, -2.73103550919615e-06, -6.31037477723304e-06, 0.052116869574145, 1.11640294822651e-05, 2.18958672455586e-06, -0.00739574214869262, -2.86881482509425e-06, -0.0521312120532361, -2.8688148250973e-06, -6.44748941417107e-06, 0.0521312120532361, 1.1212454981776e-05, 2.19704745338806e-06, -0.00730191560498499, 1.37779315862107e-07, 1.43424790910827e-05, 1.37779315862111e-07, 1.37114636966103e-07, -1.43424790910827e-05, -4.84254994828985e-08, -7.46072872465127e-09, -9.38265437076213e-05, 
14011, 7, -2.68853331941512e-06, -0.0521152133261145, -2.68853331941816e-06, -6.61340870395114e-06, 0.0521152133261145, 1.15189225429057e-05, 1.99980296556612e-06, -0.00739516897248802, -2.81962971414661e-06, -0.0521295711767265, -2.81962971414988e-06, -6.74710946343534e-06, 0.0521295711767265, 1.15647826024942e-05, 2.00985400438855e-06, -0.00730133974029869, 1.31096394718311e-07, 1.43578506122679e-05, 1.31096394718314e-07, 1.33700759476406e-07, -1.43578506122679e-05, -4.58600596015133e-08, -1.00510387172523e-08, -9.38292321893207e-05, 
14012, 0, -2.65121370644978e-06, -0.0521124423110232, -2.65121370645284e-06, -6.63634919744284e-06, 0.0521124423110232, 1.14294721876136e-05, 1.672893689378e-06, -0.00739445140067472, -2.78208776414418e-06, -0.0521267995616716, -2.78208776414702e-06, -6.76993030158768e-06, 0.0521267995616716, 1.14752402947704e-05, 1.68297261809807e-06, -0.00730062382893031, 1.30874057671214e-07, 1.43572506481459e-05, 1.30874057671216e-07, 1.33581104091091e-07, -1.43572506481459e-05, -4.57681071780727e-08, -1.00789287220966e-08, -9.38275717444203e-05, 
14012, 7, -2.62267969549985e-06, -0.052112895917194, -2.62267969550357e-06, -6.7628696287929e-06, 0.0521128959171941, 1.18747330542148e-05, 1.89505416965716e-06, -0.00739423829732176, -2.75449565527745e-06, -0.0521272598762658, -2.75449565528051e-06, -6.89924694772275e-06, 0.0521272598762658, 1.19139656213084e-05, 1.90281626630421e-06, -0.00730041228299733, 1.31815959736262e-07, 1.43639590717344e-05, 1.3181595973626e-07, 1.36377318920696e-07, -1.43639590717344e-05, -3.9232567165421e-08, -7.76209668536717e-09, -9.38260143244472e-05, 
14013, 0, -2.5504793279329e-06, -0.0521108229791326, -2.5504793279366e-06, -6.59829972068815e-06, 0.0521108229791326, 1.18591788629007e-05, 1.79405583128173e-06, -0.00739370147034207, -2.68048826309769e-06, -0.0521251873001268, -2.68048826310032e-06, -6.73407799180069e-06, 0.0521251873001268, 1.18989798603076e-05, 1.80240320830222e-06, -0.00729987996835976, 1.30008935167593e-07, 1.43643209943837e-05, 1.300089351676e-07, 1.35778271124061e-07, -1.43643209943837e-05, -3.98009973644805e-08, -8.34737704814601e-09, -9.38215019822915e-05, 
14013, 7, -2.56781164866386e-06, -0.0521133321216225, -2.56781164866669e-06, -6.53277733642864e-06, 0.0521133321216226, 1.1814553506286e-05, 2.09209223619893e-06, -0.00739410961711285, -2.68729006997671e-06, -0.0521276912489591, -2.68729006997999e-06, -6.66749359082787e-06, 0.0521276912489591, 1.18528759676215e-05, 2.09774622123616e-06, -0.00730028575590127, 1.19478421284105e-07, 1.43591273363438e-05, 1.19478421284103e-07, 1.34716254359145e-07, -1.43591273363438e-05, -3.83224612920308e-08, -5.6539849745415e-09, -9.38238612116001e-05, 
14014, 0, -2.5036105659212e-06, -0.052112191637103, -2.50361056592447e-06, -6.1773272984301e-06, 0.052112191637103, 1.16130654443043e-05, 2.13078551585748e-06, -0.00739395621155206, -2.62183847594356e-06, -0.052126550828391, -2.6218384759464e-06, -6.3114816766191e-06, 0.052126550828391, 1.16519142124609e-05, 2.13681049471277e-06, -0.00730013597569584, 1.18227909992034e-07, 1.43591912876958e-05, 1.18227909992032e-07, 1.34154378166731e-07, -1.43591912876958e-05, -3.88487682149962e-08, -6.02497885098169e-09, -9.38202358562568e-05, 
14014, 7, -2.63449684998726e-06, -0.052116006842315, -2.6344968499901e-06, -6.05832478915245e-06, 0.052116006842315, 1.08249989414513e-05, 2.0906200575668e-06, -0.00739493472944945, -2.75041367807054e-06, -0.052130355126378, -2.75041367807403e-06, -6.19655194357664e-06, 0.052130355126378, 1.08628480017981e-05, 2.09663660969042e-06, -0.00730112422226412, 1.15916828075092e-07, 1.4348284062791e-05, 1.15916828075085e-07, 1.38227154412772e-07, -1.4348284062791e-05, -3.7849060373517e-08, -6.01655202837541e-09, -9.38105071852969e-05, 
14015, 0, -2.66540322439342e-06, -0.0521157243840992, -2.66540322439691e-06, -5.6314712546662e-06, 0.0521157243840992, 1.02669293377571e-05, 2.094724066491e-06, -0.00739520711301498, -2.78064913279671e-06, -0.0521300727068466, -2.78064913279976e-06, -5.76982504146948e-06, 0.0521300727068466, 1.03051737461153e-05, 2.10116046454199e-06, -0.00730139981260477, 1.15245908410479e-07, 1.43483227474393e-05, 1.15245908410481e-07, 1.38353786841799e-07, -1.43483227474393e-05, -3.82444082944121e-08, -6.43639792899628e-09, -9.38073004101994e-05, 
14015, 7, -3.03535473662331e-06, -0.052119994411799, -3.0353547366268e-06, -5.64234228150012e-06, 0.052119994411799, 9.01566293140581e-06, 1.46505623484155e-06, -0.00739647102466392, -3.14703268952077e-06, -0.0521343309876796, -3.14703268952382e-06, -5.7741873286061e-06, 0.0521343309876796, 9.05666202455382e-06, 1.47228890125061e-06, -0.00730267000955058, 1.11677952867218e-07, 1.43365758804241e-05, 1.1167795286722e-07, 1.31845047111058e-07, -1.43365758804241e-05, -4.09990931209871e-08, -7.2326663745764e-09, -9.38010151133619e-05, 
14016, 0, -3.21694807712015e-06, -0.052120297922275, -3.21694807712365e-06, -5.30188427857154e-06, 0.052120297922275, 8.13925420063763e-06, 1.2888699976773e-06, -0.00739705415351314, -3.32830718578775e-06, -0.0521346331219807, -3.32830718579059e-06, -5.43380448242473e-06, 0.0521346331219807, 8.1803652583755e-06, 1.29614509137433e-06, -0.00730325433575302, 1.1135910867401e-07, 1.43351997056459e-05, 1.1135910867401e-07, 1.31920203826289e-07, -1.43351997056459e-05, -4.11110577684926e-08, -7.27509369370688e-09, -9.37998177601377e-05, 
14016, 7, -3.79665417300831e-06, -0.0521242186792184, -3.79665417301159e-06, -5.44929819687585e-06, 0.0521242186792184, 6.88775023466849e-06, 2.93796568058953e-07, -0.00739832664290333, -3.90687714074843e-06, -0.0521385425755596, -3.90687714075106e-06, -5.58025176351613e-06, 0.0521385425755596, 6.93213853899658e-06, 3.03239829278874e-07, -0.00730452304608621, 1.10222967735949e-07, 1.43238963410389e-05, 1.1022296773595e-07, 1.30953566638939e-07, -1.43238963410389e-05, -4.43883042934017e-08, -9.44326107278074e-09, -9.38035968171303e-05, 
14017, 0, -4.08073049185748e-06, -0.0521247024413876, -4.08073049186077e-06, -5.28837740335832e-06, 0.0521247024413876, 5.89927979016262e-06, -3.18166382856144e-08, -0.00739901873485188, -4.18900762953178e-06, -0.0521390264015204, -4.18900762953548e-06, -5.41871760613897e-06, 0.0521390264015204, 5.94455085338917e-06, -2.177879360473e-08, -0.00730521900055339, 1.08277137682228e-07, 1.43239601326779e-05, 1.08277137682226e-07, 1.3034020277408e-07, -1.43239601326779e-05, -4.52710633026442e-08, -1.00378447078139e-08, -9.3799734298494e-05, 
14017, 7, -4.72386022735694e-06, -0.0521277076450308, -4.72386022736086e-06, -5.4607717140248e-06, 0.0521277076450308, 5.12434468488494e-06, -8.41475223692758e-07, -0.0074001551679297, -4.83344622912718e-06, -0.0521420283800432, -4.83344622913002e-06, -5.59035394836518e-06, 0.0521420283800432, 5.17318937878731e-06, -8.27674940387823e-07, -0.00730635976465792, 1.09586001741981e-07, 1.43207350122638e-05, 1.09586001741979e-07, 1.29582234382322e-07, -1.43207350122638e-05, -4.88446938858739e-08, -1.38002832848808e-08, -9.37954032717823e-05, 
14018, 0, -4.96408495629027e-06, -0.0521279887089139, -4.96408495629376e-06, -5.44605353303248e-06, 0.0521279887089139, 4.35065245339537e-06, -1.14410808150095e-06, -0.00740077835279362, -5.07241105823844e-06, -0.0521423092162044, -5.0724110582415e-06, -5.5756110965012e-06, 0.0521423092162044, 4.3998726886442e-06, -1.12996392744079e-06, -0.00730698538527967, 1.08326101968498e-07, 1.43205072905127e-05, 1.08326101968501e-07, 1.29557563467503e-07, -1.43205072905127e-05, -4.92202351406709e-08, -1.41441538207605e-08, -9.37929675139466e-05, 
14018, 7, -5.48100583610421e-06, -0.052130072814047, -5.48100583610705e-06, -5.4701149826468e-06, 0.052130072814047, 4.38605234636033e-06, -1.27120015821027e-06, -0.00740184127475252, -5.5734769965066e-06, -0.0521443993050791, -5.57347699650988e-06, -5.60042592717464e-06, 0.0521443993050791, 4.43294655290217e-06, -1.25467601407229e-06, -0.00730804156428537, 9.24711603934158e-08, 1.43264910320663e-05, 9.24711603934125e-08, 1.30310944529994e-07, -1.43264910320663e-05, -4.68942065359636e-08, -1.65241442324896e-08, -9.37997104671507e-05, 
14019, 0, -5.52651533629464e-06, -0.0521299272626645, -5.52651533629814e-06, -5.47816656424087e-06, 0.0521299272626645, 4.08686747281051e-06, -1.36455185252559e-06, -0.00740225240855227, -5.61889911077666e-06, -0.0521442531088625, -5.61889911078014e-06, -5.60880398909817e-06, 0.0521442531088625, 4.13365816359987e-06, -1.34816530281653e-06, -0.00730845422104561, 9.23837744646106e-08, 1.43258461976571e-05, 9.23837744646086e-08, 1.30637424860217e-07, -1.43258461976571e-05, -4.67906908399082e-08, -1.63865497701337e-08, -9.37981875066572e-05, 
14019, 7, -5.76325392355326e-06, -0.0521314809389703, -5.76325392355674e-06, -5.26971214119129e-06, 0.0521314809389703, 4.8629949231343e-06, -7.19991122359953e-07, -0.00740333216082703, -5.85894770243919e-06, -0.0521458064765863, -5.85894770244245e-06, -5.39313566316004e-06, 0.0521458064765863, 4.90341050559383e-06, -7.08257584068685e-07, -0.00730952273547268, 9.56937788561134e-08, 1.43255376161856e-05, 9.56937788561166e-08, 1.23423521972163e-07, -1.43255376161856e-05, -4.04155825225595e-08, -1.17335381789423e-08, -9.38094253543447e-05, 
14020, 0, -5.54997569686352e-06, -0.0521308417133556, -5.54997569686636e-06, -5.15816736289245e-06, 0.0521308417133556, 5.0665341261814e-06, -5.24642856005262e-07, -0.007403460164905, -5.64531881935467e-06, -0.0521451665115787, -5.64531881935772e-06, -5.28116137286507e-06, 0.0521451665115787, 5.1068038609106e-06, -5.13130771462376e-07, -0.00730965203412241, 9.53431224906295e-08, 1.43247982230996e-05, 9.5343122490633e-08, 1.22994010041693e-07, -1.43247982230996e-05, -4.02697347595944e-08, -1.1512084552675e-08, -9.38081307825681e-05, 
14020, 7, -5.575745660672e-06, -0.052132276542917, -5.57574566067485e-06, -4.71707579257e-06, 0.052132276542917, 6.14676333333485e-06, 4.80849591496509e-07, -0.00740462254588567, -5.6693068478723e-06, -0.0521465986602689, -5.66930684787447e-06, -4.83303366218673e-06, 0.0521465986602689, 6.18141453087926e-06, 4.87484922264469e-07, -0.00731079976275211, 9.35611872327477e-08, 1.43221173520085e-05, 9.35611872327477e-08, 1.15957869625007e-07, -1.43221173520085e-05, -3.46511974984393e-08, -6.63533087024692e-09, -9.38227831335606e-05, 
14021, 0, -5.17081723739268e-06, -0.0521311999048906, -5.17081723739553e-06, -4.42085521370263e-06, 0.0521311999048906, 6.66675586840801e-06, 8.56384400021987e-07, -0.00740449952528963, -5.26387026726106e-06, -0.0521455215200598, -5.26387026726433e-06, -4.53636833621315e-06, 0.0521455215200598, 6.70116736242295e-06, 8.62933746171866e-07, -0.00731067851367578, 9.30530298468076e-08, 1.43216151691217e-05, 9.30530298468042e-08, 1.15513122537306e-07, -1.43216151691217e-05, -3.44114940063597e-08, -6.54934613414358e-09, -9.38210116138576e-05, 
14021, 7, -5.15554415783671e-06, -0.0521327322789022, -5.15554415783911e-06, -3.94839978617503e-06, 0.0521327322789022, 7.58205055855239e-06, 1.58245240227587e-06, -0.00740558252712364, -5.23975186871526e-06, -0.0521470531487829, -5.23975186871853e-06, -4.05512920206157e-06, 0.0521470531487829, 7.61409045425092e-06, 1.58499240708597e-06, -0.00731175169694077, 8.42077108552733e-08, 1.43208698806895e-05, 8.42077108552732e-08, 1.06729415901415e-07, -1.43208698806895e-05, -3.20398956769252e-08, -2.54000486953182e-09, -9.3830830182851e-05, 
14022, 0, -4.68664164687727e-06, -0.0521313678893992, -4.68664164688054e-06, -3.53743095300743e-06, 0.0521313678893992, 8.17704026405601e-06, 1.89317004045407e-06, -0.00740529658856986, -4.77131506018671e-06, -0.0521456878231448, -4.77131506018998e-06, -3.64408178675473e-06, 0.0521456878231448, 8.20876097714607e-06, 1.89547004450818e-06, -0.00731146742358986, 8.46734132686497e-08, 1.4319933745824e-05, 8.46734132686512e-08, 1.06650833758045e-07, -1.4319933745824e-05, -3.17207131150894e-08, -2.30000404200202e-09, -9.38291649800051e-05, 
14022, 7, -4.68050780321192e-06, -0.0521328373599847, -4.68050780321498e-06, -3.33334287256397e-06, 0.0521328373599847, 8.841567099072e-06, 1.97308458321421e-06, -0.00740612398231503, -4.76630608724169e-06, -0.0521471579114694, -4.76630608724539e-06, -3.43232935202766e-06, 0.0521471579114694, 8.87440481105449e-06, 1.97397240174742e-06, -0.00731228620936894, 8.57982840337224e-08, 1.43205514845115e-05, 8.57982840337289e-08, 9.89864794861619e-08, -1.43205514845115e-05, -3.28377119712507e-08, -8.87818635935612e-10, -9.38377729460965e-05, 
14023, 0, -4.23991160708757e-06, -0.0521312729093085, -4.23991160709084e-06, -2.98079781590891e-06, 0.0521312729093085, 9.38778724383117e-06, 2.02435551091126e-06, -0.00740579101417557, -4.3256197993813e-06, -0.0521455930088714, -4.32561979938413e-06, -3.0799737965196e-06, 0.0521455930088714, 9.42093185699208e-06, 2.02551605929059e-06, -0.00731195541126568, 8.57081922921787e-08, 1.43200995628774e-05, 8.57081922921772e-08, 9.91759806308238e-08, -1.43200995628774e-05, -3.31446131848616e-08, -1.16054848651903e-09, -9.38356029098642e-05, 
14023, 7, -4.1481703915095e-06, -0.0521319117252035, -4.14817039151256e-06, -3.16601395433336e-06, 0.0521319117252035, 9.91669088761355e-06, 1.55882491016113e-06, -0.00740626704103012, -4.22714522401923e-06, -0.0521462365851721, -4.22714522402229e-06, -3.26279600605544e-06, 0.0521462365851721, 9.95166987690722e-06, 1.5651264093604e-06, -0.00731241905477724, 7.89748324859905e-08, 1.43248599686982e-05, 7.89748324859974e-08, 9.67820517404103e-08, -1.43248599686982e-05, -3.49789893070035e-08, -6.30149917832488e-09, -9.38479862529002e-05, 
14024, 0, -3.75051541507067e-06, -0.0521301005389434, -3.75051541507394e-06, -3.00155466733381e-06, 0.0521301005389434, 1.04159881233455e-05, 1.37364869696681e-06, -0.00740592157274031, -3.82906800688512e-06, -0.0521444247630823, -3.82906800688817e-06, -3.09811765922068e-06, 0.0521444247630823, 1.04510502023982e-05, 1.38014935565868e-06, -0.00731207486563276, 7.85525918380595e-08, 1.43242241391552e-05, 7.85525918380611e-08, 9.65629919048138e-08, -1.43242241391552e-05, -3.50620791959855e-08, -6.50065879426166e-09, -9.38467071075556e-05, 
14024, 7, -3.4165460374999e-06, -0.0521294903179898, -3.41654603750295e-06, -3.39258820034835e-06, 0.0521294903179898, 1.1150578197716e-05, 9.91800527191104e-07, -0.00740597508345213, -3.49051110199387e-06, -0.0521438258974003, -3.49051110199691e-06, -3.48776433226259e-06, 0.0521438258974003, 1.11863041971124e-05, 1.00606150793755e-06, -0.00731212222051533, 7.39650644874252e-08, 1.43355794103593e-05, 7.39650644874269e-08, 9.51761318988278e-08, -1.43355794103593e-05, -3.57259994785481e-08, -1.42609806014085e-08, -9.38528629367927e-05, 
14025, 0, -3.01225513532813e-06, -0.0521273843713243, -3.0122551353312e-06, -3.38906824477142e-06, 0.0521273843713243, 1.17282142295203e-05, 8.09264448949793e-07, -0.00740554378389927, -3.08660947652583e-06, -0.0521417199260135, -3.08660947652932e-06, -3.48403584180923e-06, 0.0521417199260135, 1.17637132742623e-05, 8.23471239753511e-07, -0.00731169360585963, 7.43543412144328e-08, 1.43355546893869e-05, 7.43543412144345e-08, 9.4967597054388e-08, -1.43355546893869e-05, -3.54990446147747e-08, -1.42067907310815e-08, -9.38501780396825e-05, 
14025, 7, -2.43150078342358e-06, -0.0521258418676778, -2.43150078342707e-06, -3.57442356504262e-06, 0.0521258418676778, 1.29629210346701e-05, 1.14109746576424e-06, -0.00740530342197965, -2.50561514234297e-06, -0.0521401920232082, -2.50561514234668e-06, -3.66891287937513e-06, 0.0521401920232082, 1.29952284275152e-05, 1.15982495580657e-06, -0.00731144167974896, 7.41143589212531e-08, 1.43501555304462e-05, 7.41143589212513e-08, 9.44893143449116e-08, -1.43501555304462e-05, -3.23073928844612e-08, -1.87274900321394e-08, -9.3861742230668e-05, 
14026, 0, -1.96546791384067e-06, -0.0521234913480045, -1.96546791384394e-06, -3.58534665056108e-06, 0.0521234913480045, 1.37685122886999e-05, 1.21577027650738e-06, -0.00740472926612169, -2.03908572710977e-06, -0.0521378414063292, -2.0390857271126e-06, -3.68004878471589e-06, 0.0521378414063292, 1.38010350706478e-05, 1.23482355007491e-06, -0.00731086847236728, 7.36178132456639e-08, 1.43500583245226e-05, 7.36178132456622e-08, 9.47021341605557e-08, -1.43500583245226e-05, -3.25227820907713e-08, -1.90532736250712e-08, -9.38607937544185e-05, 
14026, 7, -1.30316861168138e-06, -0.0521215625212526, -1.30316861168531e-06, -3.30219365313155e-06, 0.0521215625212527, 1.51649893664553e-05, 2.17757946922549e-06, -0.00740438784117112, -1.37267475466319e-06, -0.0521359332198872, -1.37267475466581e-06, -3.39917289631617e-06, 0.0521359332198872, 1.51893968790578e-05, 2.19573957959305e-06, -0.00731050603205724, 6.95061429969412e-08, 1.43706986345836e-05, 6.95061429969411e-08, 9.69792431495759e-08, -1.43706986345836e-05, -2.44075126055023e-08, -1.81601104668534e-08, -9.38818091138834e-05, 
14027, 0, -7.93120949417775e-07, -0.0521190172613467, -7.93120949420838e-07, -3.21599415966619e-06, 0.0521190172613467, 1.6103954801047e-05, 2.52517136100513e-06, -0.00740363358035454, -8.62702180253222e-07, -0.0521333876573691, -8.62702180256054e-07, -3.31293879082259e-06, 0.0521333876573691, 1.6127909100033e-05, 2.54301790739984e-06, -0.00730975329724972, 6.95812308140805e-08, 1.43703960221654e-05, 6.95812308140872e-08, 9.69446311916217e-08, -1.43703960221654e-05, -2.39542990389251e-08, -1.7846546408263e-08, -9.38802831048258e-05, 
14027, 7, -2.41543162929186e-07, -0.0521174703687792, -2.41543162932452e-07, -2.51504402096642e-06, 0.0521174703687792, 1.68305466147708e-05, 3.46354286233852e-06, -0.00740337804118439, -3.0205439984326e-07, -0.0521318571847015, -3.02054399845883e-07, -2.6150652949154e-06, 0.0521318571847015, 1.68461985161351e-05, 3.47697085405538e-06, -0.00730948188420086, 6.05112369065699e-08, 1.43868159221937e-05, 6.05112369065647e-08, 1.00021273920509e-07, -1.43868159221937e-05, -1.56519013952175e-08, -1.34279917725236e-08, -9.38961569835601e-05, 
14028, 0, 1.93890035588759e-07, -0.0521149347260309, 1.93890035585486e-07, -2.31364889112742e-06, 0.0521149347260309, 1.75844103863058e-05, 3.88567215564198e-06, -0.00740249338473478, 1.33659807541242e-07, -0.0521293201893407, 1.33659807538409e-07, -2.41402249347367e-06, 0.0521293201893407, 1.75996151413044e-05, 3.89886918472555e-06, -0.00730859835654585, 6.02302280219212e-08, 1.43854633097229e-05, 6.02302280219196e-08, 1.00373602356804e-07, -1.43854633097229e-05, -1.52047550526737e-08, -1.31970292489385e-08, -9.38950281889067e-05, 
14028, 7, 5.10460243231897e-07, -0.0521148373805567, 5.10460243229058e-07, -1.49995346413413e-06, 0.0521148373805567, 1.73466684862321e-05, 4.36836066415123e-06, -0.00740258660303443, 4.44096711348829e-07, -0.0521292313977466, 4.44096711345339e-07, -1.61519835073751e-06, 0.0521292313977466, 1.73568059013431e-05, 4.37798300914197e-06, -0.00730867999580767, 6.63635318964101e-08, 1.43940171901812e-05, 6.63635318964083e-08, 1.15244886616831e-07, -1.43940171901812e-05, -1.01374150563277e-08, -9.6223449461227e-09, -9.39066072267564e-05, 
14029, 0, 7.20279395540249e-07, -0.052112720841474, 7.20279395537193e-07, -1.24832370032803e-06, 0.052112720841474, 1.76646871838871e-05, 4.66823947199917e-06, -0.00740174903599722, 6.55837133801077e-07, -0.0521271124923115, 6.55837133797798e-07, -1.36461943863333e-06, 0.0521271124923115, 1.7675713412775e-05, 4.67854895751063e-06, -0.00730784333673612, 6.44422617202987e-08, 1.43916508372473e-05, 6.4442261720302e-08, 1.16295738317507e-07, -1.43916508372473e-05, -1.10262288895116e-08, -1.03094855798264e-08, -9.39056992610903e-05, 
14029, 7, 6.40570570110761e-07, -0.0521143583340128, 6.40570570107488e-07, -7.17063645613758e-07, 0.0521143583340128, 1.66719171155575e-05, 4.61998741688353e-06, -0.00740226140927527, 5.75315288877022e-07, -0.0521287454331124, 5.75315288873533e-07, -8.40133723366397e-07, 0.0521287454331124, 1.6683653601428e-05, 4.63148359192226e-06, -0.00730834988928738, 6.52552812615922e-08, 1.43870990997574e-05, 6.52552812615955e-08, 1.23070077718933e-07, -1.43870990997574e-05, -1.17364858495436e-08, -1.14961749880472e-08, -9.39115199878928e-05, 
14030, 0, 5.03521511576158e-07, -0.0521129229086309, 5.03521511573312e-07, -5.27847160294919e-07, 0.0521129229086309, 1.64684780239565e-05, 4.69025024245267e-06, -0.00740165194492504, 4.38913027589374e-07, -0.0521273087562258, 4.38913027586542e-07, -6.51392309048135e-07, 0.0521273087562258, 1.64804066828023e-05, 4.70205991846387e-06, -0.00730774227350861, 6.46084839533263e-08, 1.43858475947905e-05, 6.46084839533263e-08, 1.23545148748701e-07, -1.43858475947905e-05, -1.19286589097402e-08, -1.1809675891273e-08, -9.39096714164136e-05, 
14030, 7, 9.7315991157322e-08, -0.0521156989768284, 9.73159911542658e-08, -3.31199067655865e-07, 0.0521156989768284, 1.52107048418419e-05, 4.2940291887827e-06, -0.00740249053914174, 2.51912515130648e-08, -0.0521300753273953, 2.51912515100158e-08, -4.61802180503919e-07, 0.0521300753273953, 1.5225901634826e-05, 4.31022252262339e-06, -0.00730857817556312, 7.21247396575911e-08, 1.43763505669171e-05, 7.21247396575842e-08, 1.30603112845303e-07, -1.43763505669171e-05, -1.51967928734624e-08, -1.61933339161805e-08, -9.39123635786217e-05, 
14031, 0, -3.88610793212305e-07, -0.0521148594801967, -3.88610793215788e-07, -2.70046600981783e-07, 0.0521148594801967, 1.46161959215962e-05, 4.13497794384339e-06, -0.00740219871051442, -4.60589143755512e-07, -0.0521292350755154, -4.60589143758581e-07, -4.01678732545094e-07, 0.0521292350755154, 1.46312291446771e-05, 4.15127512395987e-06, -0.00730828792110727, 7.19783505529482e-08, 1.43755953188292e-05, 7.19783505529498e-08, 1.3163213157722e-07, -1.43755953188292e-05, -1.50332230531212e-08, -1.62971801086024e-08, -9.39107894071416e-05, 
14031, 7, -9.70079861833526e-07, -0.0521177162687379, -9.70079861836582e-07, -2.44413085939426e-07, 0.0521177162687379, 1.35556716796452e-05, 3.57779381882345e-06, -0.00740315182342566, -1.04158501300304e-06, -0.0521320848480958, -1.04158501300611e-06, -3.83839992780664e-07, 0.0521320848480958, 1.35741693299287e-05, 3.60002096453854e-06, -0.0073092429445256, 7.15051512048418e-08, 1.43685793580577e-05, 7.150515120484e-08, 1.39426906821348e-07, -1.43685793580577e-05, -1.84976502147938e-08, -2.2227145796788e-08, -9.39088789000315e-05, 
14032, 0, -1.68528575926478e-06, -0.0521171289151649, -1.68528575926806e-06, -3.08272317321327e-07, 0.0521171289151649, 1.28143028460709e-05, 3.26340486977195e-06, -0.00740315374419547, -1.75624032025967e-06, -0.0521314969504312, -1.75624032026229e-06, -4.48345068243997e-07, 0.0521314969504312, 1.28330503943091e-05, 3.28601676466493e-06, -0.00730924620050331, 7.09545609960329e-08, 1.43680352662255e-05, 7.09545609960347e-08, 1.40072750869069e-07, -1.43680352662255e-05, -1.87475481446997e-08, -2.26118948107134e-08, -9.39075436921486e-05, 
14032, 7, -2.2140733041819e-06, -0.0521191579353983, -2.21407330418452e-06, -3.33529130760027e-07, 0.0521191579353983, 1.21727724896847e-05, 2.70186744055697e-06, -0.00740392305247516, -2.28746209613944e-06, -0.0521335253651507, -2.28746209614205e-06, -4.75311776952666e-07, 0.0521335253651507, 1.21941001358637e-05, 2.7296086302661e-06, -0.00731000943783148, 7.33887919681816e-08, 1.43674297525091e-05, 7.33887919681815e-08, 1.41782646160151e-07, -1.43674297525091e-05, -2.13276462438308e-08, -2.77411896717463e-08, -9.3913614643681e-05, 
14033, 0, -2.98683990857683e-06, -0.0521184671843518, -2.98683990858032e-06, -4.74660487805464e-07, 0.0521184671843518, 1.14886617822325e-05, 2.36944900315357e-06, -0.00740404520942941, -3.06029780947528e-06, -0.0521328338949115, -3.06029780947833e-06, -6.16785644426761e-07, 0.0521328338949115, 1.15099720404003e-05, 2.39751184799375e-06, -0.00731013340103444, 7.34579009232237e-08, 1.43667105596955e-05, 7.34579009232187e-08, 1.42125156619065e-07, -1.43667105596955e-05, -2.1310258149381e-08, -2.8062844778644e-08, -9.39118083950025e-05, 
14033, 7, -3.26892222710261e-06, -0.0521195299350706, -3.26892222710588e-06, -4.73616210493669e-07, 0.0521195299350706, 1.11025523657944e-05, 2.16663674985485e-06, -0.00740437647819284, -3.34190679752511e-06, -0.0521339080684151, -3.34190679752815e-06, -6.17522001567356e-07, 0.0521339080684151, 1.11244447774059e-05, 2.19830028043721e-06, -0.0073104636907821, 7.29845704553084e-08, 1.43781333446611e-05, 7.29845704553153e-08, 1.43905791073897e-07, -1.43781333446611e-05, -2.18924115022582e-08, -3.16635307473128e-08, -9.39127874107274e-05, 
14034, 0, -3.94952225590885e-06, -0.0521185932446214, -3.94952225591213e-06, -6.17827493421897e-07, 0.0521185932446214, 1.05138860849836e-05, 2.02262983932341e-06, -0.00740439240007674, -4.02235311164462e-06, -0.0521329710039266, -4.02235311164702e-06, -7.62547694597926e-07, 0.0521329710039266, 1.05356972789406e-05, 2.05447326052951e-06, -0.00731048106088923, 7.2830855714507e-08, 1.43777593051906e-05, 7.28308557145037e-08, 1.44720201184537e-07, -1.43777593051906e-05, -2.18111940360351e-08, -3.1843421085471e-08, -9.39113391875405e-05, 
14034, 7, -4.0256244323174e-06, -0.0521195872246214, -4.02562443232109e-06, -4.71427228147219e-07, 0.0521195872246214, 1.01184089428291e-05, 2.57015083185347e-06, -0.00740440066003858, -4.1070713140891e-06, -0.0521339764217241, -4.1070713140928e-06, -6.1756029416807e-07, 0.0521339764217241, 1.01380957887008e-05, 2.60126459778394e-06, -0.00731048442757048, 8.14468818116129e-08, 1.43891971024536e-05, 8.14468818116129e-08, 1.46133066046354e-07, -1.43891971024536e-05, -1.9686845836458e-08, -3.11137658944997e-08, -9.39162324680783e-05, 
14035, 0, -4.5512084305123e-06, -0.0521186501674252, -4.55120843051536e-06, -4.85511802877663e-07, 0.0521186501674252, 9.58521460667202e-06, 2.82282475289281e-06, -0.00740428049034244, -4.63217946709214e-06, -0.0521330390434664, -4.63217946709541e-06, -6.32462274573659e-07, 0.0521330390434664, 9.60486951302923e-06, 2.85414708384165e-06, -0.00731036644701428, 8.09710366010138e-08, 1.43888760411217e-05, 8.0971036601009e-08, 1.4695047166957e-07, -1.43888760411217e-05, -1.96549063684725e-08, -3.13223308755525e-08, -9.39140433281884e-05, 
14035, 7, -4.6546574678507e-06, -0.0521208394396564, -4.65465746785396e-06, -9.54688651215614e-08, 0.0521208394396564, 9.1757280308677e-06, 4.07201757686452e-06, -0.00740446744951719, -4.73440345886266e-06, -0.0521352357998499, -4.73440345886571e-06, -2.43287132189491e-07, 0.0521352357998499, 9.19446096398595e-06, 4.10177030932125e-06, -0.00731055968150248, 7.97459909770095e-08, 1.43963601935162e-05, 7.97459909770095e-08, 1.47818267022415e-07, -1.43963601935162e-05, -1.87329331473557e-08, -2.97527325263009e-08, -9.390776801473e-05, 
14036, 0, -5.04584414535691e-06, -0.0521203887444589, -5.04584414536041e-06, 1.30375933842337e-07, 0.0521203887444589, 8.71432492383146e-06, 4.75609628464021e-06, -0.00740440046162994, -5.12583283576876e-06, -0.052134784163363, -5.12583283577182e-06, -1.80638656353539e-08, 0.052134784163363, 8.73287630455293e-06, 4.78562351400471e-06, -0.00731049462086768, 7.9988690437332e-08, 1.43954189041519e-05, 7.99886904373287e-08, 1.48439799496219e-07, -1.43954189041519e-05, -1.85513805704121e-08, -2.95272293188124e-08, -9.39058407622612e-05, 
14036, 7, -5.26026589413114e-06, -0.0521242574865241, -5.26026589413486e-06, 7.18190237924529e-07, 0.0521242574865241, 8.58628997241752e-06, 6.10493717973257e-06, -0.00740514534765954, -5.34050471694574e-06, -0.0521386463376743, -5.34050471694858e-06, 5.65802234806591e-07, 0.0521386463376743, 8.60586495500054e-06, 6.13022396025981e-06, -0.00731124861568723, 8.02388228069903e-08, 1.43888511501161e-05, 8.02388228069954e-08, 1.52388003124436e-07, -1.43888511501161e-05, -1.95749824930961e-08, -2.52867804161986e-08, -9.38967319723209e-05, 
14037, 0, -5.49717925254717e-06, -0.0521246185709281, -5.49717925255045e-06, 1.18793604165812e-06, 0.0521246185709281, 8.30361773830826e-06, 6.98692672257842e-06, -0.00740526057538309, -5.57785814420604e-06, -0.0521390062763552, -5.57785814420911e-06, 1.03530428390424e-06, 0.0521390062763552, 8.32271508432024e-06, 7.01187870232346e-06, -0.00731136631598051, 8.06788916532166e-08, 1.43877054273371e-05, 8.06788916532165e-08, 1.52631757759385e-07, -1.43877054273371e-05, -1.90973460194768e-08, -2.49519798087395e-08, -9.38942594025736e-05, 
14037, 7, -5.67249381477886e-06, -0.0521293643791901, -5.67249381478148e-06, 1.75101109426887e-06, 0.0521293643791901, 8.77112357494288e-06, 7.72039562312111e-06, -0.00740650490071972, -5.76004825168549e-06, -0.0521437389239982, -5.76004825168855e-06, 1.59344316661443e-06, 0.0521437389239982, 8.78803479828578e-06, 7.74041311316765e-06, -0.00731261454289313, 8.75544369114462e-08, 1.43745448082921e-05, 8.7554436911441e-08, 1.57567927668176e-07, -1.43745448082921e-05, -1.69112232660762e-08, -2.0017490039907e-08, -9.38903578265921e-05, 
14038, 0, -5.6477962579285e-06, -0.0521304051273028, -5.64779625793155e-06, 2.3426192314542e-06, 0.0521304051273028, 8.79185422807694e-06, 8.48772073574583e-06, -0.0074068078269604, -5.73487007878638e-06, -0.0521447787416863, -5.73487007878965e-06, 2.18462457424675e-06, 0.0521447787416863, 8.80880562456407e-06, 8.50784693565832e-06, -0.00731291984181904, 8.70738208674492e-08, 1.43736143834603e-05, 8.70738208674526e-08, 1.57994657206128e-07, -1.43736143834603e-05, -1.69513963798057e-08, -2.01261999084753e-08, -9.38879851413882e-05, 
14038, 7, -5.56105936344171e-06, -0.0521345665693094, -5.56105936344455e-06, 2.68510892038129e-06, 0.0521345665693094, 9.80738850673437e-06, 8.42536850349769e-06, -0.00740824926496611, -5.64056864505093e-06, -0.0521489316675571, -5.64056864505399e-06, 2.52313931048017e-06, 0.0521489316675571, 9.81870987160244e-06, 8.44416611157966e-06, -0.00731436011825692, 7.95092816059073e-08, 1.43650982477349e-05, 7.95092816059073e-08, 1.61969609911677e-07, -1.43650982477349e-05, -1.13213649199233e-08, -1.87976080072968e-08, -9.38891467091853e-05, 
14039, 0, -5.1904978873566e-06, -0.0521357577437755, -5.19049788735988e-06, 3.24687080074094e-06, 0.0521357577437755, 1.01397671721387e-05, 8.93510762715477e-06, -0.00740866572674014, -5.2704575257474e-06, -0.0521501221958014, -5.27045752575045e-06, 3.08395826716759e-06, 0.0521501221958014, 1.01505663028026e-05, 8.95368610033803e-06, -0.00731477901452986, 7.99596383951418e-08, 1.43644520261261e-05, 7.99596383951417e-08, 1.62912533581033e-07, -1.43644520261261e-05, -1.07991307642746e-08, -1.85784731602219e-08, -9.38867122102522e-05, 
14039, 7, -4.85211300758949e-06, -0.0521381853049621, -4.85211300759299e-06, 3.38211523430408e-06, 0.0521381853049621, 1.12752396099132e-05, 8.46580755656454e-06, -0.00740979784873397, -4.92911135179774e-06, -0.052152547323857, -4.92911135180081e-06, 3.20947587422866e-06, 0.052152547323857, 1.12811943442506e-05, 8.4868550589173e-06, -0.00731590938659587, 7.69983441924727e-08, 1.43620188949589e-05, 7.69983441924711e-08, 1.72639360098254e-07, -1.43620188949589e-05, -5.95473443522839e-09, -2.10475024975348e-08, -9.38884621380827e-05, 
14040, 0, -4.22984929528952e-06, -0.0521389076985545, -4.22984929529213e-06, 3.81244453476129e-06, 0.0521389076985545, 1.18081236707773e-05, 8.75844820103769e-06, -0.00741010642279126, -4.30693301817956e-06, -0.0521532689923881, -4.30693301818219e-06, 3.63967907305432e-06, 0.0521532689923882, 1.18139365153262e-05, 8.77949273151059e-06, -0.00731621980213407, 7.7083722900073e-08, 1.43612938336238e-05, 7.7083722900078e-08, 1.7276546167332e-07, -1.43612938336238e-05, -5.81284455782564e-09, -2.1044530439317e-08, -9.38866206571881e-05, 
14040, 7, -3.92567831139251e-06, -0.0521393598037952, -3.92567831139557e-06, 3.86649693645334e-06, 0.0521393598037952, 1.26206828840618e-05, 8.31565304348926e-06, -0.00741060839081449, -3.99854648659077e-06, -0.0521537276401381, -3.99854648659425e-06, 3.68797165618894e-06, 0.0521537276401381, 1.2624236174733e-05, 8.33940977751808e-06, -0.00731671240477905, 7.28681752093333e-08, 1.43678363431257e-05, 7.2868175209335e-08, 1.78525280250318e-07, -1.43678363431257e-05, -3.55329063481051e-09, -2.37567339415746e-08, -9.38959860354211e-05, 
14041, 0, -3.25290922027525e-06, -0.0521392757950674, -3.25290922027809e-06, 4.15932961595454e-06, 0.0521392757950674, 1.31913086921452e-05, 8.49313260568441e-06, -0.00741059355882595, -3.32652007509869e-06, -0.0521536433812605, -3.32652007510196e-06, 3.98098022558496e-06, 0.0521536433812605, 1.31944925880005e-05, 8.51664497673383e-06, -0.00731669943620023, 7.36108548234756e-08, 1.43675861930454e-05, 7.36108548234739e-08, 1.78349390374998e-07, -1.43675861930454e-05, -3.18389589485732e-09, -2.35123709560187e-08, -9.3894122625717e-05, 
14041, 7, -3.02329658681215e-06, -0.0521383322012909, -3.02329658681563e-06, 4.24030512889454e-06, 0.0521383322012909, 1.36361099016181e-05, 8.31461557283794e-06, -0.00741058766872698, -3.10000021861932e-06, -0.05215270957055, -3.10000021862238e-06, 4.06634153574052e-06, 0.05215270957055, 1.36393743921444e-05, 8.33599679730835e-06, -0.00731669037857524, 7.67036317881577e-08, 1.43773692589801e-05, 7.67036317881559e-08, 1.73963593173402e-07, -1.43773692589801e-05, -3.26449040033575e-09, -2.13812244532104e-08, -9.3897290151711e-05, 
14042, 0, -2.43887412620794e-06, -0.0521374296053695, -2.43887412621123e-06, 4.43588971723167e-06, 0.0521374296053695, 1.41477341025336e-05, 8.46479870380273e-06, -0.00741017876728268, -2.5150834275771e-06, -0.0521518061947146, -2.5150834275806e-06, 4.26233521391704e-06, 0.0521518061947146, 1.41510911790126e-05, 8.48611459136945e-06, -0.00731628276478723, 7.62093013684279e-08, 1.43765893450675e-05, 7.62093013684262e-08, 1.73554503298009e-07, -1.43765893450675e-05, -3.3570764106589e-09, -2.13158874887966e-08, -9.38960024954484e-05, 
14042, 7, -2.1367750423761e-06, -0.052135925292138, -2.13677504237958e-06, 4.59247152746647e-06, 0.052135925292138, 1.42508180048931e-05, 8.50078320539956e-06, -0.00740991912571515, -2.21827381794664e-06, -0.0521503128368956, -2.2182738179497e-06, 4.41896739781167e-06, 0.0521503128368956, 1.42575524791019e-05, 8.52086715096215e-06, -0.00731601283134179, 8.14987755361261e-08, 1.43875447576548e-05, 8.14987755361311e-08, 1.73504129664025e-07, -1.43875447576548e-05, -6.73447423107655e-09, -2.00839456618817e-08, -9.39062943733848e-05, 
14043, 0, -1.71576203361691e-06, -0.0521344113200631, -1.71576203362019e-06, 4.71779619672866e-06, 0.0521344113200631, 1.45910636957539e-05, 8.65127832881083e-06, -0.00740916071806326, -1.79769912962491e-06, -0.0521487984844692, -1.79769912962797e-06, 4.54500795971592e-06, 0.0521487984844692, 1.45975471097464e-05, 8.67130849083832e-06, -0.00731525658318453, 8.19370960158652e-08, 1.43871644060628e-05, 8.19370960158653e-08, 1.72788237016e-07, -1.43871644060628e-05, -6.48341395732845e-09, -2.00301619113497e-08, -9.39041348787235e-05, 
14043, 7, -1.27795566739874e-06, -0.0521330227845756, -1.27795566740223e-06, 4.88673791923253e-06, 0.0521330227845756, 1.43539786148001e-05, 8.64347229866636e-06, -0.0074087982605234, -1.35441129890157e-06, -0.0521474154734697, -1.35441129890463e-06, 4.71482406490234e-06, 0.0521474154734697, 1.43654469777212e-05, 8.66357032186554e-06, -0.00731488585678856, 7.64556315202155e-08, 1.43926888941305e-05, 7.64556315202138e-08, 1.71913854341312e-07, -1.43926888941305e-05, -1.14683630381604e-08, -2.00980231559068e-08, -9.39124037348466e-05, 
14044, 0, -1.05522894139177e-06, -0.0521312269639826, -1.05522894139482e-06, 4.94928800492311e-06, 0.0521312269639826, 1.44320311609774e-05, 8.77969943577092e-06, -0.00740781154038575, -1.13091364723144e-06, -0.052145618250424, -1.13091364723428e-06, 4.77793567279921e-06, 0.052145618250424, 1.4443740001783e-05, 8.80000952186944e-06, -0.00731389923835016, 7.56847058628257e-08, 1.43912864411961e-05, 7.56847058628188e-08, 1.71352332150918e-07, -1.43912864411961e-05, -1.17088408211094e-08, -2.03100861946486e-08, -9.39123020355936e-05, 
14044, 7, -4.95918964920703e-07, -0.0521304606565728, -4.95918964924192e-07, 5.03121189555217e-06, 0.0521304606565728, 1.4051197100514e-05, 8.69929340139597e-06, -0.00740746596809979, -5.75875842580368e-07, -0.0521448546856352, -5.75875842583425e-07, 4.85900976110016e-06, 0.0521448546856352, 1.40635693109398e-05, 8.71722114807558e-06, -0.00731354322860789, 7.99568776384817e-08, 1.43940290624832e-05, 7.99568776384751e-08, 1.72202134498537e-07, -1.43940290624832e-05, -1.23722103843808e-08, -1.79277466949983e-08, -9.39227394919333e-05, 
14045, 0, -4.53123604615977e-07, -0.0521287229540224, -4.53123604619026e-07, 5.05377767994403e-06, 0.0521287229540224, 1.38592913583844e-05, 8.84386402270109e-06, -0.0074064015107672, -5.33489417366401e-07, -0.0521431167458926, -5.33489417368813e-07, 4.88140814073443e-06, 0.0521431167458926, 1.38714414070966e-05, 8.86168251240549e-06, -0.00731248106759215, 8.03658128258899e-08, 1.43937918703523e-05, 8.03658128258915e-08, 1.72369539209593e-07, -1.43937918703523e-05, -1.21500487554051e-08, -1.78184898112309e-08, -9.39204431750403e-05, 
14045, 7, 1.3484276039446e-07, -0.0521288641465143, 1.34842760391194e-07, 5.06753967001409e-06, 0.0521288641465143, 1.35822884482208e-05, 8.90140140925552e-06, -0.00740618470464551, 4.49151499399098e-08, -0.0521432628973855, 4.49151499366304e-08, 4.89057636926901e-06, 0.0521432628973855, 1.35959178612353e-05, 8.91857765897477e-06, -0.00731226499428051, 8.99276104593156e-08, 1.43987508715795e-05, 8.99276104593189e-08, 1.76963300801609e-07, -1.43987508715795e-05, -1.36294131440968e-08, -1.71762496869949e-08, -9.39197103650082e-05, 
14046, 0, 3.14896177492395e-08, -0.0521274110564344, 3.14896177463938e-08, 5.09854227907045e-06, 0.0521274110564344, 1.32245998794538e-05, 9.12834192793513e-06, -0.00740520411253273, -5.79324873846254e-08, -0.0521418091032428, -5.79324873874512e-08, 4.9214697375028e-06, 0.0521418091032428, 1.32384271358584e-05, 9.14563694767452e-06, -0.00731128649735649, 8.9422105133886e-08, 1.43980468084035e-05, 8.94221051338843e-08, 1.77072541605971e-07, -1.43980468084035e-05, -1.38272564148043e-08, -1.72950195441221e-08, -9.39176151762418e-05, 
14046, 7, 5.332034459311e-07, -0.0521282368183898, 5.33203445927826e-07, 5.16866330663962e-06, 0.0521282368183898, 1.31921347446491e-05, 9.49534115677838e-06, -0.00740525755242603, 4.45369599253562e-07, -0.0521426366756045, 4.45369599250506e-07, 4.98913796722063e-06, 0.0521426366756045, 1.32071424266467e-05, 9.51412802830728e-06, -0.00731133726986863, 8.78338466744466e-08, 1.43998572147197e-05, 8.78338466744449e-08, 1.79525339437883e-07, -1.43998572147197e-05, -1.50076819851583e-08, -1.87868715669239e-08, -9.39202825574057e-05, 
14047, 0, 3.44467227359887e-07, -0.0521270512234511, 3.44467227356628e-07, 5.26358291787095e-06, 0.0521270512234511, 1.28210288235227e-05, 9.841014984077e-06, -0.00740446272928304, 2.57255000231607e-07, -0.0521414521428439, 2.57255000228341e-07, 5.08278498995222e-06, 0.0521414521428439, 1.28363240483833e-05, 9.8602088044285e-06, -0.00731054585218002, 8.72122271447632e-08, 1.44009193929168e-05, 8.72122271447632e-08, 1.80797927924644e-07, -1.44009193929168e-05, -1.529522483906e-08, -1.91938203180335e-08, -9.39168771030167e-05, 
14047, 7, 7.60128183431109e-07, -0.05212795020712, 7.6012818342783e-07, 5.50310146700191e-06, 0.05212795020712, 1.30401272462919e-05, 1.03169800397358e-05, -0.00740476210109064, 6.66213607970439e-07, -0.052142351960054, 6.66213607967173e-07, 5.31531282193911e-06, 0.052142351960054, 1.30503453888428e-05, 1.03329465101458e-05, -0.00731084453444201, 9.3914575443922e-08, 1.44017529341051e-05, 9.39145754439169e-08, 1.87788645079148e-07, -1.44017529341051e-05, -1.02181426224769e-08, -1.59664703138286e-08, -9.39175666486373e-05, 
14048, 0, 6.13953277342977e-07, -0.0521268489240314, 6.13953277339928e-07, 5.67662949955691e-06, 0.0521268489240314, 1.28090269980472e-05, 1.06820473786525e-05, -0.0074041377341488, 5.19727009943561e-07, -0.05214125050629, 5.19727009940939e-07, 5.48849257989345e-06, 0.05214125050629, 1.28191232071066e-05, 1.06977585912697e-05, -0.00731022284793499, 9.42262674081893e-08, 1.44015822584646e-05, 9.42262674081895e-08, 1.88136919632435e-07, -1.44015822584646e-05, -1.00962089899646e-08, -1.57112125832773e-08, -9.39148862138344e-05, 
14048, 7, 9.36723647374687e-07, -0.0521273954866517, 9.36723647371408e-07, 5.94385350653967e-06, 0.0521273954866517, 1.3203463294418e-05, 1.07323876725199e-05, -0.00740452957626571, 8.37438470185811e-07, -0.0521417974883015, 8.37438470182972e-07, 5.75071266609018e-06, 0.0521417974883015, 1.32096405654627e-05, 1.07450532352611e-05, -0.00731061355809676, 9.92851772088169e-08, 1.44020016497202e-05, 9.92851772088205e-08, 1.93140840473591e-07, -1.44020016497202e-05, -6.17727105507231e-09, -1.26655626012641e-08, -9.39160181689764e-05, 
14049, 0, 9.42633040191745e-07, -0.0521261988293332, 9.4263304018913e-07, 6.10811963169026e-06, 0.0521261988293332, 1.32124241078245e-05, 1.08882758060917e-05, -0.00740396465701973, 8.43671361684265e-07, -0.0521406004969489, 8.43671361681426e-07, 5.91529065770641e-06, 0.052140600496949, 1.32183182208445e-05, 1.09008601252063e-05, -0.00731005036340187, 9.89616785422043e-08, 1.44016676155413e-05, 9.8961678542211e-08, 1.92828973971288e-07, -1.44016676155413e-05, -5.89411301488649e-09, -1.25843191037377e-08, -9.39142936178114e-05, 
14049, 7, 1.16554095286655e-06, -0.0521263459249965, 1.16554095286328e-06, 6.08273729955642e-06, 0.0521263459249965, 1.37047393159725e-05, 1.02661825435497e-05, -0.00740428117766797, 1.06499056211048e-06, -0.0521407487882485, 1.06499056210764e-06, 5.89396433610172e-06, 0.0521407487882485, 1.37082177951578e-05, 1.02754306981002e-05, -0.00731036653644869, 1.00550390764333e-07, 1.44028632520149e-05, 1.00550390764338e-07, 1.88772963444157e-07, -1.44028632520149e-05, -3.47847924756033e-09, -9.24815460719164e-09, -9.39146412192687e-05, 
14050, 0, 1.34768072124397e-06, -0.0521249596250849, 1.34768072124134e-06, 6.08930364545727e-06, 0.0521249596250849, 1.3973050733941e-05, 1.00844884060937e-05, -0.00740366029943845, 1.24776359748364e-06, -0.0521393618328118, 1.24776359748015e-06, 5.90031181867764e-06, 0.0521393618328118, 1.39764862798594e-05, 1.00938509229641e-05, -0.00730974763865816, 9.99171237687633e-08, 1.44022077271763e-05, 9.99171237687633e-08, 1.8899182677108e-07, -1.44022077271763e-05, -3.43554582551813e-09, -9.36251683349127e-09, -9.39126607802485e-05, 
14050, 7, 1.49151193846682e-06, -0.0521249641666909, 1.49151193846376e-06, 5.70232571330114e-06, 0.0521249641666909, 1.44368862588633e-05, 9.19318046414088e-06, -0.00740383725319775, 1.39664596858084e-06, -0.0521393645478329, 1.39664596857779e-06, 5.50311332726372e-06, 0.0521393645478329, 1.44430002543806e-05, 9.20799460432953e-06, -0.00730992401700912, 9.48659699021432e-08, 1.44003811421485e-05, 9.48659699021415e-08, 1.99212386054067e-07, -1.44003811421485e-05, -6.11399550423321e-09, -1.48141400554862e-08, -9.3913236188635e-05, 
14051, 0, 1.83410079059508e-06, -0.0521233926563126, 1.83410079059157e-06, 5.50974565937873e-06, 0.0521233926563126, 1.48904656829624e-05, 8.80863765681217e-06, -0.00740310762273552, 1.73964433984922e-06, -0.0521377922718692, 1.73964433984595e-06, 5.31133205135873e-06, 0.0521377922718692, 1.48965949066418e-05, 8.8236229663461e-06, -0.00730919557499913, 9.44564507555004e-08, 1.43996155567106e-05, 9.44564507554989e-08, 1.98413608046003e-07, -1.43996155567106e-05, -6.12922371054672e-09, -1.49853095531557e-08, -9.39120477363698e-05, 
14051, 7, 1.91181593009728e-06, -0.0521234937654921, 1.91181593009402e-06, 5.06027859632127e-06, 0.0521234937654921, 1.53527846231973e-05, 8.29166578454209e-06, -0.00740312789372672, 1.82735046691173e-06, -0.0521378943200221, 1.82735046690845e-06, 4.86448277989146e-06, 0.0521378943200221, 1.53649902600803e-05, 8.31303439971679e-06, -0.0073092042723314, 8.44654631572686e-08, 1.4400554529941e-05, 8.44654631572621e-08, 1.9579581642992e-07, -1.4400554529941e-05, -1.2205636984995e-08, -2.13686151579295e-08, -9.39236213953463e-05, 
14052, 0, 2.38405260425789e-06, -0.0521218294713989, 2.38405260425441e-06, 4.79998124356398e-06, 0.0521218294713989, 1.59820328295337e-05, 7.969145350025e-06, -0.00740228563537285, 2.29823828242659e-06, -0.0521362295116238, 2.29823828242375e-06, 4.60485291940626e-06, 0.0521362295116238, 1.59938002489719e-05, 7.99004329229059e-06, -0.00730836379717553, 8.58143218134097e-08, 1.44000402246674e-05, 8.5814321813408e-08, 1.95128324163341e-07, -1.44000402246674e-05, -1.17674194793123e-08, -2.08979422927912e-08, -9.39218381973094e-05, 
14052, 7, 2.42969272265056e-06, -0.0521222373110107, 2.42969272264751e-06, 4.66526675664912e-06, 0.0521222373110107, 1.66064536430965e-05, 8.10750050661295e-06, -0.00740207395076125, 2.34685265532428e-06, -0.0521366366850461, 2.34685265532144e-06, 4.47246322998704e-06, 0.0521366366850461, 1.66231993301966e-05, 8.12854342696127e-06, -0.00730815401253764, 8.28400673464605e-08, 1.4399374035491e-05, 8.28400673464622e-08, 1.92803526592054e-07, -1.4399374035491e-05, -1.67456872721583e-08, -2.10429203135003e-08, -9.39199382236135e-05, 
14053, 0, 2.97393407988599e-06, -0.0521206518890162, 2.97393407988228e-06, 4.50021258670833e-06, 0.0521206518890162, 1.74497990402856e-05, 8.00398872918623e-06, -0.00740118517403137, 2.89043318082011e-06, -0.0521350507270963, 2.89043318081706e-06, 4.30629377069422e-06, 0.0521350507270963, 1.74659365655453e-05, 8.02461469446873e-06, -0.00730726667787949, 8.35008990611566e-08, 1.43988380801137e-05, 8.35008990611551e-08, 1.9391881601422e-07, -1.43988380801137e-05, -1.61375253255361e-08, -2.06259653431e-08, -9.39184961518782e-05, 
14053, 7, 3.03751031648604e-06, -0.0521217086340805, 3.03751031648299e-06, 4.75325636490422e-06, 0.0521217086340806, 1.82309101669586e-05, 8.66052333528382e-06, -0.00740091608172061, 2.96398304917686e-06, -0.0521361102412073, 2.96398304917316e-06, 4.55858768662976e-06, 0.0521361102412073, 1.82472373101871e-05, 8.6758290143347e-06, -0.00730699103220226, 7.35272673196659e-08, 1.4401607126767e-05, 7.35272673196676e-08, 1.94668678288357e-07, -1.4401607126767e-05, -1.63271433196145e-08, -1.53056790143007e-08, -9.39250495183221e-05, 
14054, 0, 3.56613005014212e-06, -0.0521204252394301, 3.56613005013884e-06, 4.7351392473983e-06, 0.0521204252394301, 1.92045924568629e-05, 8.75115330890859e-06, -0.00740010604431695, 3.49314878440577e-06, -0.0521348265800981, 3.49314878440314e-06, 4.54091167953162e-06, 0.0521348265800981, 1.9220702895144e-05, 8.76621943531541e-06, -0.00730618329702398, 7.29812657563446e-08, 1.44013406678781e-05, 7.29812657563428e-08, 1.94227567836973e-07, -1.44013406678781e-05, -1.6110438240278e-08, -1.50661263916523e-08, -9.39227472929512e-05, 
14054, 7, 3.70261338567988e-06, -0.0521221538210076, 3.70261338567704e-06, 5.25123955228543e-06, 0.0521221538210076, 1.97848809324994e-05, 9.43454123222952e-06, -0.00740007233412288, 3.6312919388293e-06, -0.0521365561656569, 3.63129193882603e-06, 5.05734745960926e-06, 0.0521365561656569, 1.97993192952261e-05, 9.44237844437728e-06, -0.00730615582381397, 7.1321446861907e-08, 1.44023446492559e-05, 7.13214468619069e-08, 1.93892092705914e-07, -1.44023446492559e-05, -1.44383626864447e-08, -7.83721211294914e-09, -9.39165103089331e-05, 
14055, 0, 4.08978854949105e-06, -0.0521212197605994, 4.089788549488e-06, 5.33799839612907e-06, 0.0521212197605994, 2.06372197740695e-05, 9.55352596091466e-06, -0.00739945089507504, 4.0188709407805e-06, -0.0521356214349332, 4.01887094077744e-06, 5.1443382819773e-06, 0.0521356214349332, 2.06515797169579e-05, 9.56148090638018e-06, -0.00730553615476383, 7.09176086523817e-08, 1.44016743335822e-05, 7.09176086523784e-08, 1.93660114181064e-07, -1.44016743335822e-05, -1.4359942893519e-08, -7.95494559695781e-09, -9.39147403112515e-05, 
14055, 7, 4.24022226163313e-06, -0.0521232159830989, 4.24022226163007e-06, 5.89509359307542e-06, 0.0521232159830989, 2.05146862268644e-05, 9.68254866267039e-06, -0.00739973804056995, 4.16545558298433e-06, -0.0521376179220114, 4.16545558298128e-06, 5.69758413601989e-06, 0.0521376179220114, 2.05261225080782e-05, 9.68511585937994e-06, -0.0073058311973313, 7.47666786390548e-08, 1.44019389125317e-05, 7.47666786390601e-08, 1.9750945705054e-07, -1.44019389125317e-05, -1.14362813026482e-08, -2.56719669185972e-09, -9.39068432386343e-05, 
14056, 0, 4.36045163203362e-06, -0.0521224672732318, 4.36045163203034e-06, 6.00210853415871e-06, 0.0521224672732318, 2.09456880948424e-05, 9.62953579330156e-06, -0.00739931693509719, 4.28626577943706e-06, -0.0521368679844844, 4.28626577943444e-06, 5.80454620893605e-06, 0.0521368679844844, 2.09571356063563e-05, 9.63228661999217e-06, -0.00730541197271328, 7.41858525935315e-08, 1.44007112524746e-05, 7.4185852593523e-08, 1.97562325219906e-07, -1.44007112524746e-05, -1.14475114574206e-08, -2.75082674572905e-09, -9.39049623838985e-05, 
14056, 7, 4.35746707619247e-06, -0.0521244677496656, 4.35746707618965e-06, 6.30225154435954e-06, 0.0521244677496656, 1.99072324498295e-05, 9.05992618422609e-06, -0.0073997403282534, 4.26543660665233e-06, -0.0521388692299703, 4.26543660664949e-06, 6.09994730941881e-06, 0.0521388692299703, 1.992154417912e-05, 9.063602893233e-06, -0.00730583630996712, 9.20304695295863e-08, 1.44014803048197e-05, 9.20304695295896e-08, 2.02304234974846e-07, -1.44014803048197e-05, -1.43117293774988e-08, -3.6767089459997e-09, -9.39040182862876e-05, 
14057, 0, 4.13660992960673e-06, -0.0521237674849436, 4.13660992960325e-06, 6.32817693447707e-06, 0.0521237674849436, 1.97355382743735e-05, 8.76083054751516e-06, -0.00739942634764511, 4.04368408356201e-06, -0.0521381681317205, 4.04368408355851e-06, 6.12500495327257e-06, 0.0521381681317205, 1.97496034586849e-05, 8.76438066907353e-06, -0.00730552486883645, 9.29258460758113e-08, 1.44006467768579e-05, 9.29258460758131e-08, 2.03171981160553e-07, -1.44006467768579e-05, -1.40651842582697e-08, -3.5501216127545e-09, -9.39014788086755e-05, 
14057, 7, 3.8688358941421e-06, -0.0521258354431596, 3.86883589413927e-06, 6.28336447943363e-06, 0.0521258354431596, 1.7988671732598e-05, 7.92083553344255e-06, -0.00739990589870519, 3.76540276386815e-06, -0.0521402326346966, 3.7654027638651e-06, 6.07079084446944e-06, 0.0521402326346966, 1.80094320845322e-05, 7.93040347535287e-06, -0.00730601314111439, 1.03433130259426e-07, 1.43971915370353e-05, 1.03433130259423e-07, 2.12573634977535e-07, -1.43971915370353e-05, -2.07603518004858e-08, -9.56794193540136e-09, -9.38927575908024e-05, 
14058, 0, 3.32717643081566e-06, -0.0521251508383122, 3.32717643081282e-06, 6.187860328787e-06, 0.0521251508383122, 1.72309928009666e-05, 7.46469433164237e-06, -0.0073996195473963, 3.22359667434579e-06, -0.052139546892721, 3.22359667434294e-06, 5.97520662733911e-06, 0.052139546892721, 1.7251766043057e-05, 7.47439709248277e-06, -0.00730572847380614, 1.03579756468393e-07, 1.43960544086521e-05, 1.03579756468391e-07, 2.12653701428881e-07, -1.43960544086521e-05, -2.07732420389899e-08, -9.70276093504458e-09, -9.38910735901374e-05, 
14058, 7, 2.84506286680705e-06, -0.0521272675105359, 2.84506286680356e-06, 6.04317810728087e-06, 0.0521272675105359, 1.52844900649926e-05, 6.92036847744073e-06, -0.00740018545458133, 2.73076419561499e-06, -0.0521416655655805, 2.73076419561151e-06, 5.83235227034088e-06, 0.0521416655655805, 1.53138168322144e-05, 6.93440302384132e-06, -0.00730629498666875, 1.14298671198206e-07, 1.43980550446025e-05, 1.14298671198206e-07, 2.1082583690061e-07, -1.43980550446025e-05, -2.93267672938562e-08, -1.40345464153329e-08, -9.38904679125932e-05, 
14059, 0, 2.10980362154014e-06, -0.05212659192453, 2.10980362153665e-06, 5.92107713104146e-06, 0.05212659192453, 1.41598343922965e-05, 6.49713975893068e-06, -0.00739987753674634, 1.99540970479226e-06, -0.0521409889895943, 1.99540970478898e-06, 5.7101000679829e-06, 0.0521409889895943, 1.41890867212787e-05, 6.51099816613924e-06, -0.00730598916458708, 1.14393916771779e-07, 1.43970650642253e-05, 1.14393916771786e-07, 2.1097706307339e-07, -1.43970650642253e-05, -2.92523289322527e-08, -1.38584072364063e-08, -9.38883721592639e-05, 
14059, 7, 1.51614598615227e-06, -0.0521286390146313, 1.51614598614922e-06, 6.0173241508703e-06, 0.0521286390146313, 1.26019711968554e-05, 6.58284722020211e-06, -0.00740043278604713, 1.3993514557342e-06, -0.0521430316289137, 1.39935145573072e-06, 5.80220637657965e-06, 0.0521430316289137, 1.26318815242366e-05, 6.59509498850365e-06, -0.00730654956283856, 1.16794530434224e-07, 1.43926142826774e-05, 1.16794530434228e-07, 2.15117774296892e-07, -1.43926142826774e-05, -2.99103274127402e-08, -1.22477684049853e-08, -9.38832232086116e-05, 
14060, 0, 7.61742852725662e-07, -0.0521279371144684, 7.61742852722816e-07, 6.0189398916036e-06, 0.0521279371144684, 1.14205170062149e-05, 6.37888525757171e-06, -0.00740007078376618, 6.46451308209754e-07, -0.0521423293625986, 6.46451308206048e-07, 5.80454918992331e-06, 0.0521423293625986, 1.14507764566914e-05, 6.39148282605806e-06, -0.00730619064678286, 1.15291544539596e-07, 1.43922481301156e-05, 1.15291544539596e-07, 2.14390701682186e-07, -1.43922481301156e-05, -3.02594504366275e-08, -1.25975685773201e-08, -9.38801369833147e-05, 
14060, 7, 2.37830391541249e-07, -0.0521298844085547, 2.37830391538186e-07, 6.39598057342686e-06, 0.0521298844085547, 1.05926500265578e-05, 7.09660075472664e-06, -0.00740053091244861, 1.19015435776308e-07, -0.0521442735026324, 1.19015435772818e-07, 6.18488088388233e-06, 0.0521442735026324, 1.06242740821211e-05, 7.10298756852835e-06, -0.00730664847401101, 1.18814955769194e-07, 1.43890940777596e-05, 1.1881495576919e-07, 2.11099689539313e-07, -1.43890940777596e-05, -3.16240556733218e-08, -6.38681365502815e-09, -9.38824384375912e-05, 
14061, 0, -3.74597603616094e-07, -0.052129123746649, -3.74597603619137e-07, 6.62497773037094e-06, 0.052129123746649, 9.59943066035204e-06, 7.20940539143558e-06, -0.00740009991391839, -4.92774234712787e-07, -0.0521435121628567, -4.9277423471541e-07, 6.41374330474488e-06, 0.0521435121628567, 9.63110494045025e-06, 7.21581306105563e-06, -0.00730621971993128, 1.18176631102838e-07, 1.43884162079582e-05, 1.18176631102843e-07, 2.1123442559255e-07, -1.43884162079582e-05, -3.16742800400033e-08, -6.40766963030415e-09, -9.388019398711e-05, 
14061, 7, -7.34521235029433e-07, -0.0521309823037531, -7.34521235032049e-07, 7.10012659192595e-06, 0.0521309823037531, 9.47765560114297e-06, 8.19421777925867e-06, -0.00740043366862299, -8.46918602853075e-07, -0.0521453706293202, -8.46918602855921e-07, 6.8937756690321e-06, 0.0521453706293202, 9.50703398380763e-06, 8.1913372284761e-06, -0.00730654662042491, 1.12397367826914e-07, 1.43883255672231e-05, 1.12397367826916e-07, 2.06350922913436e-07, -1.43883255672231e-05, -2.9378382762761e-08, 2.88055092003824e-09, -9.38870481980942e-05, 
14062, 0, -1.13593809508232e-06, -0.0521301765455874, -1.13593809508559e-06, 7.57158430411203e-06, 0.0521301765455874, 8.77629257116549e-06, 8.58322723398442e-06, -0.00739995686340352, -1.24879153535741e-06, -0.052144563887728, -1.24879153536133e-06, 7.36517779909863e-06, 0.052144563887728, 8.80532606025961e-06, 8.58007897550429e-06, -0.00730607128294099, 1.12853440245399e-07, 1.43873421406e-05, 1.12853440245402e-07, 2.06406505034757e-07, -1.43873421406e-05, -2.90334890876479e-08, 3.14825846105631e-09, -9.38855804625361e-05, 
14062, 7, -1.29443551292588e-06, -0.0521320322297148, -1.29443551292893e-06, 7.87460624040039e-06, 0.0521320322297148, 9.09340796395788e-06, 9.47403622044671e-06, -0.0074002677691569, -1.39510835966793e-06, -0.0521464251605146, -1.39510835967077e-06, 7.67469577553687e-06, 0.0521464251605146, 9.12038102591169e-06, 9.46534530243268e-06, -0.00730637870924102, 1.00672846729246e-07, 1.4392930799555e-05, 1.00672846729249e-07, 1.99910464871382e-07, -1.4392930799555e-05, -2.69730619222794e-08, 8.6909179136408e-09, -9.3889059915876e-05, 
14063, 0, -1.50663862095098e-06, -0.0521312315359776, -1.50663862095426e-06, 8.53998324712806e-06, 0.0521312315359776, 8.64168785612403e-06, 1.00615505883509e-05, -0.00739982365051172, -1.60734107045298e-06, -0.0521456233629672, -1.60734107045626e-06, 8.33987398630668e-06, 0.0521456233629672, 8.66842379022919e-06, 1.00527065224061e-05, -0.00730593593449754, 1.00702449489153e-07, 1.4391826989657e-05, 1.00702449489156e-07, 2.00109260826217e-07, -1.4391826989657e-05, -2.67359340433711e-08, 8.84406601631408e-09, -9.38877160141711e-05, 
14063, 7, -1.44581094768752e-06, -0.0521330384095099, -1.4458109476908e-06, 8.5065442939727e-06, 0.0521330384095099, 8.99056989542713e-06, 1.07228148107412e-05, -0.00740019194911632, -1.54535353864497e-06, -0.0521474320400336, -1.54535353864867e-06, 8.31138151179603e-06, 0.0521474320400336, 9.01412192892239e-06, 1.07127116938851e-05, -0.0073063036630826, 9.95425909579903e-08, 1.43936305237834e-05, 9.95425909579869e-08, 1.95162782165396e-07, -1.43936305237834e-05, -2.35520336290328e-08, 1.01031169561524e-08, -9.38882860337583e-05, 
14064, 0, -1.50820354343847e-06, -0.0521322212367919, -1.50820354344175e-06, 9.26868120676493e-06, 0.0521322212367919, 8.6456760136567e-06, 1.14591280995922e-05, -0.00739979857780821, -1.60748626757791e-06, -0.0521466143644803, -1.60748626758161e-06, 9.0740963734807e-06, 0.0521466143644803, 8.66946125870047e-06, 1.14491657608548e-05, -0.00730591308340083, 9.92827241556959e-08, 1.43931276882794e-05, 9.92827241556976e-08, 1.94584833293191e-07, -1.43931276882794e-05, -2.37852451136099e-08, 9.96233878406291e-09, -9.388549440736e-05, 
14064, 7, -1.31800239192266e-06, -0.0521339364686398, -1.3180023919255e-06, 8.97370261595477e-06, 0.0521339364686398, 8.78720175951717e-06, 1.20842282270478e-05, -0.00740018160269848, -1.41930476887639e-06, -0.0521483340853007, -1.41930476887901e-06, 8.77808756225654e-06, 0.0521483340853007, 8.81116987968962e-06, 1.20793433636335e-05, -0.00730628898494648, 1.01302376939591e-07, 1.4397616661012e-05, 1.01302376939594e-07, 1.95615053695897e-07, -1.4397616661012e-05, -2.39681202487334e-08, 4.88486340774133e-09, -9.38926177519975e-05, 
14065, 0, -1.30048520841975e-06, -0.0521331154928684, -1.30048520842302e-06, 9.72174280149842e-06, 0.0521331154928685, 8.43555831141816e-06, 1.29874334598436e-05, -0.00739979063547228, -1.40087562039662e-06, -0.0521475127415647, -1.40087562039989e-06, 9.52638887621605e-06, 0.0521475127415647, 8.46004003586197e-06, 1.29830160668801e-05, -0.00730589965551248, 1.00390412000742e-07, 1.43972486964335e-05, 1.00390412000742e-07, 1.95353925342466e-07, -1.43972486964335e-05, -2.44817245510134e-08, 4.41739285184105e-09, -9.38909799598417e-05, 
14065, 7, -1.15654553571854e-06, -0.0521351801363818, -1.15654553572159e-06, 9.41807035115961e-06, 0.0521351801363818, 8.46657455248628e-06, 1.393067210642e-05, -0.00740020756679054, -1.25489736648068e-06, -0.0521495834530001, -1.25489736648308e-06, 9.23390516616715e-06, 0.0521495834530001, 8.49414612643924e-06, 1.39308651642337e-05, -0.00730631338797325, 9.83518307588579e-08, 1.44033166182087e-05, 9.83518307588579e-08, 1.84165185006974e-07, -1.44033166182087e-05, -2.75715740125955e-08, -1.93057758976209e-10, -9.38941788172804e-05, 
14066, 0, -1.13134664519293e-06, -0.052134534958713, -1.1313466451962e-06, 1.00827525374782e-05, 0.0521345349587131, 8.09921148115879e-06, 1.50464713562031e-05, -0.00739981808959541, -1.22993254369353e-06, -0.0521489376304938, -1.22993254369681e-06, 9.89950568849841e-06, 0.0521489376304938, 8.12695446017502e-06, 1.5046691307374e-05, -0.00730592499372501, 9.85858984957491e-08, 1.44026717810626e-05, 9.85858984957558e-08, 1.8324684896844e-07, -1.44026717810626e-05, -2.7742979012496e-08, -2.19951256970228e-10, -9.38930958704106e-05, 
14066, 7, -1.14756226542672e-06, -0.0521374482375199, -1.14756226542956e-06, 1.005297613257e-05, 0.0521374482375199, 8.09240460760553e-06, 1.62410695033742e-05, -0.00740050891752894, -1.24295594087957e-06, -0.052151852975933, -1.24295594088241e-06, 9.88341844869307e-06, 0.0521518529759331, 8.12500176290118e-06, 1.62412869468592e-05, -0.00730661412935231, 9.53936754001368e-08, 1.44047384133757e-05, 9.53936754001368e-08, 1.69557683860753e-07, -1.44047384133757e-05, -3.25971551389565e-08, -2.17443487779313e-10, -9.38947881766279e-05, 
14067, 0, -1.14550216826409e-06, -0.0521371334632286, -1.14550216826693e-06, 1.05805613160797e-05, 0.0521371334632286, 7.74538376104199e-06, 1.74931454917454e-05, -0.00740020481563145, -1.24095462848018e-06, -0.0521515378942486, -1.24095462848258e-06, 1.04124048642551e-05, 0.0521515378942486, 7.77774154892373e-06, 1.74929169812665e-05, -0.00730631255661058, 9.54524602488491e-08, 1.4404431020114e-05, 9.54524602488442e-08, 1.68156451850045e-07, -1.4404431020114e-05, -3.23577879929961e-08, 2.28510639394724e-10, -9.38922590208578e-05, 
14067, 7, -1.27940244719993e-06, -0.0521408731782801, -1.27940244720319e-06, 1.08419775643308e-05, 0.0521408731782801, 7.80311287185803e-06, 1.83726911943492e-05, -0.00740132811959491, -1.37637152953679e-06, -0.0521552783045232, -1.37637152953962e-06, 1.06757409001272e-05, 0.0521552783045232, 7.84039651739968e-06, 1.83700743884822e-05, -0.00730743147014698, 9.69690823458838e-08, 1.44051262429961e-05, 9.69690823458874e-08, 1.66236664204958e-07, -1.44051262429961e-05, -3.72836455648546e-08, 2.61680581654218e-09, -9.38966494479524e-05, 
14068, 0, -1.27189904494708e-06, -0.0521408990798551, -1.27189904495079e-06, 1.11410398386377e-05, 0.0521408990798551, 7.56387631673269e-06, 1.95006566642085e-05, -0.00740119064374669, -1.37213948428899e-06, -0.0521553017366818, -1.37213948429227e-06, 1.09749286625793e-05, 0.0521553017366818, 7.5999393613164e-06, 1.94966903043272e-05, -0.00730729489457173, 1.00240439351395e-07, 1.44026568269329e-05, 1.00240439351392e-07, 1.66111176049464e-07, -1.44026568269329e-05, -3.60630445560258e-08, 3.96635989648636e-09, -9.38957491749541e-05, 
14068, 7, -1.39811104665615e-06, -0.0521446851515508, -1.39811104665899e-06, 1.14455657519093e-05, 0.0521446851515508, 7.90711585389399e-06, 1.94467719626817e-05, -0.00740258297052459, -1.49583203302667e-06, -0.0521590761269233, -1.49583203303015e-06, 1.12788533831342e-05, 0.0521590761269233, 7.94299212698874e-06, 1.94393309724426e-05, -0.00730867250775305, 9.77209863777328e-08, 1.43909753724079e-05, 9.7720986377731e-08, 1.66712368773404e-07, -1.43909753724079e-05, -3.58762730580269e-08, 7.44099010719193e-09, -9.39104627715573e-05, 
14069, 0, -1.34191064404346e-06, -0.0521448237841289, -1.34191064404673e-06, 1.14336485888905e-05, 0.0521448237841289, 7.87658020290003e-06, 2.01059171575827e-05, -0.00740258084011772, -1.43869222408628e-06, -0.0521592134980851, -1.43869222408977e-06, 1.12668817887118e-05, 0.0521592134980851, 7.91271880770911e-06, 2.00986652268105e-05, -0.00730867079113141, 9.67815800650979e-08, 1.43897139562438e-05, 9.67815800650943e-08, 1.66766800159336e-07, -1.43897139562439e-05, -3.61386047044102e-08, 7.25193077016971e-09, -9.39100489862996e-05, 
14069, 7, -1.34317474060229e-06, -0.0521475537026844, -1.34317474060492e-06, 1.15115607355597e-05, 0.0521475537026844, 8.51287639643018e-06, 1.88944304224183e-05, -0.00740381450548486, -1.43948912652633e-06, -0.0521619332521725, -1.43948912652982e-06, 1.13322036086805e-05, 0.0521619332521725, 8.54605133571281e-06, 1.88877260641967e-05, -0.0073099020302183, 9.63143858929587e-08, 1.43795494877704e-05, 9.63143858929587e-08, 1.79357126889034e-07, -1.43795494877704e-05, -3.31749392977762e-08, 6.70435809139236e-09, -9.39124752665489e-05, 
14070, 0, -1.22299057283612e-06, -0.0521474694582283, -1.22299057283896e-06, 1.11587541947117e-05, 0.0521474694582283, 8.66718538425019e-06, 1.88597768243454e-05, -0.00740380381037638, -1.32009665765885e-06, -0.0521618489504007, -1.3200966576619e-06, 1.09784057184101e-05, 0.0521618489504007, 8.70010531670484e-06, 1.8852935754917e-05, -0.0073098937703866, 9.71060848364875e-08, 1.43794921726095e-05, 9.71060848364892e-08, 1.8034847630015e-07, -1.43794921726095e-05, -3.2919932453716e-08, 6.84106939433771e-09, -9.39100399898103e-05, 
14070, 7, -1.06508202089879e-06, -0.0521486092870378, -1.06508202090163e-06, 1.07893947533848e-05, 0.0521486092870378, 9.23105813997521e-06, 1.69130177282042e-05, -0.00740446757626462, -1.15319759053046e-06, -0.0521629904968016, -1.15319759053373e-06, 1.06003695605593e-05, 0.0521629904968016, 9.26288536373853e-06, 1.6911236703257e-05, -0.00731054563406953, 8.81155696335704e-08, 1.4381209763733e-05, 8.81155696335704e-08, 1.89025192802434e-07, -1.4381209763733e-05, -3.18272237697565e-08, 1.78102489381767e-09, -9.39219421950801e-05, 
14071, 0, -9.11710288604298e-07, -0.0521481457165932, -9.11710288606696e-07, 1.01005167229278e-05, 0.0521481457165932, 9.38658466550543e-06, 1.62200439574304e-05, -0.00740428000583781, -1.0016068537786e-06, -0.0521625273538091, -1.00160685378167e-06, 9.91021298106039e-06, 0.0521625273538091, 9.41777026089583e-06, 1.62176744250819e-05, -0.00731036119719078, 8.98965652156442e-08, 1.43816372158966e-05, 8.98965652156427e-08, 1.90303741859212e-07, -1.43816372158966e-05, -3.11855954414457e-08, 2.36953245714527e-09, -9.39188086470136e-05, 
14071, 7, -6.33899322514852e-07, -0.0521483772310768, -6.33899322517908e-07, 9.38063977546847e-06, 0.0521483772310768, 9.57121232142859e-06, 1.43903493421113e-05, -0.00740429014079304, -7.20100375917511e-07, -0.0521627668073047, -7.2010037592035e-07, 9.18364089313433e-06, 0.0521627668073047, 9.60370932528814e-06, 1.43961144921466e-05, -0.00731035667763194, 8.62010534021711e-08, 1.43895762280324e-05, 8.62010534021695e-08, 1.96998882340098e-07, -1.43895762280324e-05, -3.2497003822876e-08, -5.76515000234752e-09, -9.39334631610981e-05, 
14072, 0, -4.9265568407278e-07, -0.0521477649551573, -4.92655684075842e-07, 8.47788638188262e-06, 0.0521477649551573, 9.51833690696417e-06, 1.33305418480062e-05, -0.00740391334266949, -5.78832342349373e-07, -0.0521621544232245, -5.78832342352219e-07, 8.2806166952427e-06, 0.0521621544232245, 9.55087948788866e-06, 1.33366557331461e-05, -0.00730998138015387, 8.61766582811785e-08, 1.43894680672708e-05, 8.61766582811769e-08, 1.97269686630511e-07, -1.43894680672708e-05, -3.25425809865473e-08, -6.1138852171574e-09, -9.39319625156007e-05, 
14072, 7, -2.62391508784069e-07, -0.0521483888572713, -2.62391508787132e-07, 7.74139504768083e-06, 0.0521483888572713, 9.3581586577464e-06, 1.23459480131178e-05, -0.00740371371442097, -3.50629436687893e-07, -0.0521627885000324, -3.50629436691166e-07, 7.53249660229044e-06, 0.0521627885000324, 9.39174699181236e-06, 1.23593689476647e-05, -0.007309790147161, 8.82379279075696e-08, 1.43996427611084e-05, 8.8237927907568e-08, 2.08898445373606e-07, -1.43996427611084e-05, -3.35883340577802e-08, -1.34209345244766e-08, -9.39235672599793e-05, 
14073, 0, -1.89517781201922e-07, -0.0521480643035038, -1.89517781205181e-07, 6.84095047168409e-06, 0.0521480643035038, 9.04373958311706e-06, 1.13163842326304e-05, -0.00740330590991306, -2.77918968030389e-07, -0.052162463129427, -2.77918968033011e-07, 6.63272620730811e-06, 0.052162463129427, 9.07728660772742e-06, 1.13298644600038e-05, -0.00730938422482166, 8.8401186809009e-08, 1.43988259236243e-05, 8.84011868090074e-08, 2.08224264376362e-07, -1.43988259236243e-05, -3.35470245545753e-08, -1.34802274990101e-08, -9.39216850913996e-05, 
14073, 7, -1.92680336160682e-07, -0.0521499289769024, -1.92680336163725e-07, 6.27432267997852e-06, 0.0521499289769024, 8.67754088443734e-06, 1.13229267441458e-05, -0.0074034824284071, -2.87564145984904e-07, -0.052164337036374, -2.8756414598773e-07, 6.0612434467295e-06, 0.052164337036374, 8.71497111412723e-06, 1.13364226045963e-05, -0.00730956011558653, 9.48838098272577e-08, 1.44080594715533e-05, 9.48838098272643e-08, 2.13079233259036e-07, -1.44080594715533e-05, -3.74302298248024e-08, -1.34958603544041e-08, -9.39223128205523e-05, 
14074, 0, -2.13702960419433e-07, -0.0521501872088081, -2.13702960422706e-07, 5.59590290754548e-06, 0.0521501872088081, 8.18540974840914e-06, 1.06042231762418e-05, -0.00740321414898359, -3.10106807880131e-07, -0.0521645934727378, -3.10106807882537e-07, 5.38353454374295e-06, 0.0521645934727378, 8.22247911979133e-06, 1.06172445609302e-05, -0.00730929238694465, 9.64038474782791e-08, 1.44062639295999e-05, 9.6403847478279e-08, 2.12368363772662e-07, -1.44062639295999e-05, -3.7069371416516e-08, -1.30213846375073e-08, -9.39217620389342e-05, 
14074, 7, -4.60783607383093e-07, -0.0521530724361814, -4.6078360738615e-07, 5.22376728264647e-06, 0.0521530724361814, 7.83118157899416e-06, 1.12175706512339e-05, -0.00740397828390774, -5.67363387747664e-07, -0.0521674750074069, -5.67363387750509e-07, 5.01269249625575e-06, 0.0521674750074069, 7.86775137470434e-06, 1.12233017273458e-05, -0.00731006111198937, 1.06579780374195e-07, 1.44025712252392e-05, 1.065797803742e-07, 2.11074786368818e-07, -1.44025712252392e-05, -3.65697958224851e-08, -5.73107616554081e-09, -9.39171719183768e-05, 
14075, 0, -5.26235414139411e-07, -0.0521537959599782, -5.26235414142684e-07, 4.88677471903621e-06, 0.0521537959599782, 7.34717568348751e-06, 1.0912766651782e-05, -0.00740393699284021, -6.32785476583473e-07, -0.0521681967452508, -6.32785476586739e-07, 4.67615318951517e-06, 0.0521681967452508, 7.38366393445867e-06, 1.09183548802195e-05, -0.00731002108389059, 1.0655006245968e-07, 1.44007852728437e-05, 1.06550062459679e-07, 2.10621529514813e-07, -1.44007852728437e-05, -3.64882509182924e-08, -5.58822837916486e-09, -9.39159089496022e-05, 
14075, 7, -8.23804118706011e-07, -0.0521566014445271, -8.23804118709067e-07, 4.66583485199894e-06, 0.0521566014445271, 7.35951477284737e-06, 1.16150290125008e-05, -0.00740502791786106, -9.36172414014511e-07, -0.0521709981050483, -9.36172414017567e-07, 4.45498615215211e-06, 0.0521709981050483, 7.39784618102186e-06, 1.16143900876224e-05, -0.00731111321082228, 1.12368295313531e-07, 1.43966605213305e-05, 1.12368295313533e-07, 2.10848699825385e-07, -1.43966605213305e-05, -3.83314082802715e-08, 6.38924983838156e-10, -9.39147070387628e-05, 
14076, 0, -8.46144432311812e-07, -0.0521573305301464, -8.46144432314644e-07, 4.64081236052163e-06, 0.0521573305301464, 7.08227256961652e-06, 1.16509727673886e-05, -0.00740514052051976, -9.58133272183067e-07, -0.0521717263855658, -9.5813327218569e-07, 4.42931707141477e-06, 0.0521717263855658, 7.12075464414057e-06, 1.16504526075786e-05, -0.00731122774830739, 1.11988839857138e-07, 1.43958554196617e-05, 1.11988839857132e-07, 2.11495289092044e-07, -1.43958554196617e-05, -3.84820744668619e-08, 5.20159832737309e-10, -9.39127722123392e-05, 
14076, 7, -9.90586381632082e-07, -0.0521590574040798, -9.90586381635578e-07, 4.46399083064202e-06, 0.0521590574040798, 7.54088192818294e-06, 1.19874354548151e-05, -0.00740602959755441, -1.1015599984682e-06, -0.0521734518983934, -1.10155999847125e-06, 4.25473449017197e-06, 0.0521734518983934, 7.5809718463322e-06, 1.19871669232737e-05, -0.00731211637423608, 1.10973616875897e-07, 1.43944943138484e-05, 1.10973616875897e-07, 2.09256340492372e-07, -1.43944943138484e-05, -4.00899182595797e-08, 2.68531519878333e-10, -9.39132233183304e-05, 
14077, 0, -9.11513458944029e-07, -0.0521592846914346, -9.11513458946421e-07, 4.59899406487167e-06, 0.0521592846914346, 7.52487086888421e-06, 1.21499759514118e-05, -0.00740607579223863, -1.02282976020653e-06, -0.0521736780817041, -1.02282976020915e-06, 4.3896420976374e-06, 0.0521736780817041, 7.5645447434207e-06, 1.21493392391211e-05, -0.00731216387188338, 1.11316301268807e-07, 1.43933902694464e-05, 1.11316301268808e-07, 2.09351967241447e-07, -1.43933902694464e-05, -3.9673874475989e-08, 6.36712278748363e-10, -9.39119203552516e-05, 
14077, 7, -8.33239052322499e-07, -0.0521597642972387, -8.33239052325338e-07, 4.42294508407127e-06, 0.0521597642972387, 8.17672835028258e-06, 1.20252130688229e-05, -0.00740653072122896, -9.52643091148101e-07, -0.0521741669242568, -9.52643091151373e-07, 4.20126867483017e-06, 0.0521741669242568, 8.21578114702326e-06, 1.20283141565204e-05, -0.00731260555367708, 1.1940403883382e-07, 1.44026270182006e-05, 1.1940403883382e-07, 2.21676409222911e-07, -1.44026270182006e-05, -3.90527967545308e-08, -3.10108775104748e-09, -9.39251675518912e-05, 
14078, 0, -6.63525678456222e-07, -0.0521592642740066, -6.63525678459284e-07, 4.55868720059317e-06, 0.0521592642740067, 8.32350680658919e-06, 1.21347010884285e-05, -0.00740634903365628, -7.82233055484452e-07, -0.0521736667128457, -7.82233055487081e-07, 4.33778062878077e-06, 0.0521736667128457, 8.36277710288623e-06, 1.21379582917781e-05, -0.00731242596043996, 1.18707377018919e-07, 1.4402438838892e-05, 1.18707377018921e-07, 2.20906571812761e-07, -1.4402438838892e-05, -3.92702963361681e-08, -3.25720333062345e-09, -9.3923073216318e-05, 
14078, 7, -4.12236811437075e-07, -0.0521589090959758, -4.12236811440131e-07, 4.46276246513233e-06, 0.0521589090959758, 8.84942043645873e-06, 1.1790793542648e-05, -0.00740653127896316, -5.28511343142342e-07, -0.052173324420671, -5.28511343145831e-07, 4.24513670636657e-06, 0.052173324420671, 8.88922983439999e-06, 1.18001570898717e-05, -0.00731259401674142, 1.16274531720319e-07, 1.44153246953629e-05, 1.16274531720319e-07, 2.1762575876275e-07, -1.44153246953629e-05, -3.98093978697964e-08, -9.36354727077379e-09, -9.39372622217352e-05, 
14079, 0, -1.73818773980403e-07, -0.0521577497310639, -1.73818773983026e-07, 4.54210787231754e-06, 0.0521577497310639, 9.02111650321475e-06, 1.17724441270169e-05, -0.00740610972607995, -2.89602274290846e-07, -0.052172164262512, -2.89602274294119e-07, 4.32425237819556e-06, 0.052172164262512, 9.06079488855625e-06, 1.17817025434126e-05, -0.00731217419990683, 1.1578350028908e-07, 1.44145314484077e-05, 1.1578350028908e-07, 2.17855494152285e-07, -1.44145314484077e-05, -3.96783852848103e-08, -9.25841639470139e-09, -9.39355261731375e-05, 
14079, 7, 1.7840256756917e-07, -0.0521570979957674, 1.78402567565457e-07, 4.6973175403159e-06, 0.0521570979957674, 9.22940022057359e-06, 1.14556118733369e-05, -0.00740626946762112, 6.70037634375618e-08, -0.0521715248541966, 6.70037634347292e-08, 4.48025348358431e-06, 0.0521715248541966, 9.26851251723849e-06, 1.14671090500356e-05, -0.00731232615167017, 1.11398804113464e-07, 1.44268584291967e-05, 1.11398804113464e-07, 2.17064056714429e-07, -1.44268584291967e-05, -3.91122966706951e-08, -1.14971766816413e-08, -9.39433159509418e-05, 
14080, 0, 4.51175228592825e-07, -0.0521555393821314, 4.51175228589979e-07, 4.72089040144692e-06, 0.0521555393821314, 9.34466578429226e-06, 1.13160879752025e-05, -0.00740569738310773, 3.39958134615224e-07, -0.0521699652893371, 3.39958134611951e-07, 4.50474800774769e-06, 0.0521699652893371, 9.38376958475315e-06, 1.1327507624585e-05, -0.0073117553395015, 1.11217093984772e-07, 1.44259072056458e-05, 1.1121709398477e-07, 2.16142393667357e-07, -1.44259072056458e-05, -3.91038003909411e-08, -1.14196494363191e-08, -9.39420436062188e-05, 
14080, 7, 7.27611000646077e-07, -0.0521552322610824, 7.27611000642805e-07, 5.03396355418886e-06, 0.0521552322610824, 9.23056822350463e-06, 1.10935249601084e-05, -0.00740585593964354, 6.1056581547546e-07, -0.0521696628062891, 6.10565815472831e-07, 4.81833521739606e-06, 0.0521696628062891, 9.26896831285114e-06, 1.11004378957924e-05, -0.00731191175586304, 1.17045185222076e-07, 1.44305452066286e-05, 1.17045185222074e-07, 2.15628336790999e-07, -1.44305452066286e-05, -3.84000892155614e-08, -6.91293557331819e-09, -9.39441837804969e-05, 
14081, 0, 9.66388587861115e-07, -0.0521536702757061, 9.66388587857632e-07, 5.02508505771003e-06, 0.0521536702757061, 9.26097208395835e-06, 1.08895912350986e-05, -0.007405251140582, 8.50261338411853e-07, -0.0521680998867647, 8.50261338409014e-07, 4.81072581107822e-06, 0.0521680998867647, 9.29964452375482e-06, 1.08966616073434e-05, -0.00731130800617801, 1.16127249461187e-07, 1.44296110585436e-05, 1.16127249461189e-07, 2.14359246649774e-07, -1.44296110585436e-05, -3.86724397984678e-08, -7.0703721628084e-09, -9.39431344039769e-05, 
14081, 7, 1.02444326496727e-06, -0.052154347746029, 1.02444326496443e-06, 5.27535645576888e-06, 0.052154347746029, 8.90667219774106e-06, 1.06577567597889e-05, -0.00740539819588787, 9.08864666158999e-07, -0.0521687759742657, 9.0886466615574e-07, 5.05956463215799e-06, 0.0521687759742657, 8.94598562588108e-06, 1.06602322013731e-05, -0.00731144910068375, 1.15578598824272e-07, 1.44282282367579e-05, 1.15578598824265e-07, 2.15791823591018e-07, -1.44282282367579e-05, -3.93134281521128e-08, -2.4754415293711e-09, -9.39490952041206e-05, 
14082, 0, 1.17807691463609e-06, -0.0521532310881485, 1.17807691463325e-06, 5.26434003635607e-06, 0.0521532310881485, 8.84953544223371e-06, 1.04483093793414e-05, -0.00740492498706691, 1.06228934037023e-06, -0.052167658552724, 1.06228934036718e-06, 5.04868694998485e-06, 0.052167658552724, 8.88894849911254e-06, 1.04507393710769e-05, -0.00731097733686217, 1.15787574280839e-07, 1.44274645756476e-05, 1.15787574280839e-07, 2.15653086339693e-07, -1.44274645756476e-05, -3.94130569780552e-08, -2.42999178171546e-09, -9.39476502047777e-05, 
14082, 7, 1.0671496492253e-06, -0.0521548994550037, 1.06714964922247e-06, 5.2734696788084e-06, 0.0521548994550037, 8.31235201734277e-06, 1.01415105146197e-05, -0.00740515587624358, 9.50107551788755e-07, -0.0521693242142364, 9.50107551785909e-07, 5.05659073542359e-06, 0.0521693242142364, 8.35084024878071e-06, 1.01403847309989e-05, -0.00731120484622125, 1.17042097457494e-07, 1.44247592327088e-05, 1.17042097457497e-07, 2.16878943417887e-07, -1.44247592327088e-05, -3.84882314295408e-08, 1.12578363995616e-09, -9.39510300223179e-05, 
14083, 0, 1.10060908990577e-06, -0.052154370273328, 1.10060908990272e-06, 5.26954832819462e-06, 0.052154370273328, 8.18071351179082e-06, 9.987923307636e-06, -0.00740494084514977, 9.83256433186739e-07, -0.0521687947590132, 9.83256433183683e-07, 5.05248808099035e-06, 0.0521687947590132, 8.219002343107e-06, 9.98670275172464e-06, -0.00731099244822299, 1.17352656700726e-07, 1.44244856851086e-05, 1.17352656700729e-07, 2.17060247186321e-07, -1.44244856851086e-05, -3.82888313324541e-08, 1.22055589183663e-09, -9.39483969267933e-05, 
14083, 7, 9.12659216733122e-07, -0.0521560750539845, 9.1265921673029e-07, 4.98550932243043e-06, 0.0521560750539845, 7.41611807368689e-06, 9.63553446975705e-06, -0.00740528631656249, 7.93430619294117e-07, -0.0521704947797117, 7.93430619290844e-07, 4.76857716907896e-06, 0.0521704947797117, 7.45561792162492e-06, 9.63516823001009e-06, -0.00731134028606025, 1.19228597450797e-07, 1.44197257270711e-05, 1.19228597450792e-07, 2.1693215335246e-07, -1.44197257270711e-05, -3.94998480185686e-08, 3.6623987599239e-10, -9.39460305022084e-05, 
14084, 0, 7.90866354077317e-07, -0.0521558017520877, 7.90866354074478e-07, 4.97316293821229e-06, 0.0521558017520877, 7.15558319710548e-06, 9.58304182230561e-06, -0.00740528763017043, 6.72070631824647e-07, -0.0521702212060913, 6.72070631821591e-07, 4.75609208618376e-06, 0.0521702212060913, 7.19514156363583e-06, 9.58272663978814e-06, -0.00731134433233593, 1.18795722256713e-07, 1.441945400348e-05, 1.18795722256715e-07, 2.17070852022304e-07, -1.44194540034799e-05, -3.95583664381758e-08, 3.15182510615762e-10, -9.39432978345134e-05, 
14084, 7, 5.86286243233217e-07, -0.0521565302344179, 5.86286243229734e-07, 4.5516874253651e-06, 0.0521565302344179, 6.09002470546993e-06, 9.20068920061619e-06, -0.00740556159476281, 4.69959208769952e-07, -0.0521709538456763, 4.69959208766469e-07, 4.33159370048764e-06, 0.0521709538456763, 6.13171756919438e-06, 9.20381591581746e-06, -0.00731161622550479, 1.16327034459796e-07, 1.44236112584582e-05, 1.16327034459798e-07, 2.20093724887854e-07, -1.44236112584582e-05, -4.16928636258711e-08, -3.1267151548103e-09, -9.39453692580376e-05, 
14085, 0, 3.08646665392725e-07, -0.0521560040781173, 3.08646665389886e-07, 4.51693405681226e-06, 0.0521560040781173, 5.58420521729806e-06, 9.21404353574493e-06, -0.00740554683410308, 1.93237107427137e-07, -0.0521704270792911, 1.93237107424731e-07, 4.29636003997662e-06, 0.0521704270792911, 5.62606048509392e-06, 9.21751945811838e-06, -0.00731160339227488, 1.15409557938653e-07, 1.44230011738676e-05, 1.15409557938658e-07, 2.2057401684322e-07, -1.44230011738676e-05, -4.18552677541526e-08, -3.47592246981028e-09, -9.39434418281925e-05, 
14085, 7, 1.91203630076445e-08, -0.0521554881139337, 1.91203630045951e-08, 4.17806077146989e-06, 0.0521554881139337, 4.24829043102093e-06, 8.62533411860286e-06, -0.00740561181785384, -9.54379867669462e-08, -0.0521699239112713, -9.54379867702125e-08, 3.95601331175884e-06, 0.0521699239112713, 4.2919328454467e-06, 8.63095801833818e-06, -0.00731165795578302, 1.14558349788543e-07, 1.44357973375782e-05, 1.14558349788538e-07, 2.22047459698878e-07, -1.44357973375782e-05, -4.36424144732406e-08, -5.62389974008107e-09, -9.39538620708226e-05, 
14086, 0, -4.08570263076656e-07, -0.0521543651790958, -4.08570263079929e-07, 4.10118170928761e-06, 0.0521543651790958, 3.44066444646732e-06, 8.56178075669863e-06, -0.00740536633208833, -5.24175317286474e-07, -0.0521688020084343, -5.2417531728932e-07, 3.87850347103999e-06, 0.0521688020084343, 3.48363706152903e-06, 8.56689800013951e-06, -0.00731141560867459, 1.15605054200511e-07, 1.44368293386306e-05, 1.15605054200507e-07, 2.22678238261417e-07, -1.44368293386306e-05, -4.29726150523801e-08, -5.11724325878009e-09, -9.39507234137487e-05, 
14086, 7, -8.75519094271389e-07, -0.0521529360951626, -8.75519094274445e-07, 3.91455486075101e-06, 0.0521529360951626, 2.05255963198916e-06, 7.57722460507478e-06, -0.00740529014003697, -9.95787699959661e-07, -0.0521673857204116, -9.95787699962501e-07, 3.68683404108851e-06, 0.0521673857204116, 2.09379765367912e-06, 7.58372383124145e-06, -0.00731133295465282, 1.20268605682622e-07, 1.44496252490696e-05, 1.20268605682627e-07, 2.2772081965326e-07, -1.44496252490696e-05, -4.12380217452684e-08, -6.49922612971461e-09, -9.39571853841386e-05, 
14087, 0, -1.41579938394865e-06, -0.052151153740726, -1.4157993839517e-06, 3.75147043571866e-06, 0.052151153740726, 1.0475254841495e-06, 7.27263270567372e-06, -0.00740472840476473, -1.53388464489193e-06, -0.0521656036225556, -1.53388464489521e-06, 3.52498704776212e-06, 0.0521656036225556, 1.08951837273322e-06, 7.2800359766801e-06, -0.00731077420082726, 1.18085260929451e-07, 1.44498818297747e-05, 1.18085260929458e-07, 2.26483387929731e-07, -1.44498818297747e-05, -4.1992888622083e-08, -7.40327117860203e-09, -9.3954203937477e-05, 
14087, 7, -1.96190901147319e-06, -0.0521496311173198, -1.96190901147625e-06, 3.64913812710096e-06, 0.0521496311173198, 3.89273025623827e-08, 6.05285036958408e-06, -0.00740471198075651, -2.07535900824269e-06, -0.0521640902809352, -2.07535900824597e-06, 3.41632168265856e-06, 0.0521640902809352, 7.81915226615854e-08, 6.06166662320082e-06, -0.0073107471650282, 1.13449996756109e-07, 1.44591636156248e-05, 1.13449996756109e-07, 2.32816444437656e-07, -1.44591636156248e-05, -3.92642201716506e-08, -8.81625363687367e-09, -9.39648157283102e-05, 
14088, 0, -2.47682430246698e-06, -0.0521474024573746, -2.47682430247112e-06, 3.39300918373952e-06, 0.0521474024573746, -9.32795660497382e-07, 5.46421898874177e-06, -0.00740387266928466, -2.59022982367153e-06, -0.0521618618128125, -2.59022982367523e-06, 3.16029934481849e-06, 0.0521618618128125, -8.93698531255544e-07, 5.47304439920203e-06, -0.00730991007235656, 1.13405521172249e-07, 1.44593554378757e-05, 1.13405521172244e-07, 2.32709838945013e-07, -1.44593554378757e-05, -3.90971291313186e-08, -8.82541040524184e-09, -9.39625969280895e-05, 
14088, 7, -2.95630689568549e-06, -0.0521464474273988, -2.95630689568875e-06, 3.22679771977923e-06, 0.0521464474273988, -1.39739014387613e-06, 4.13635086833186e-06, -0.00740389832617229, -3.06199830059336e-06, -0.052160909997707, -3.06199830059663e-06, 2.99288157139026e-06, 0.052160909997707, -1.36132369628234e-06, 4.14677015766135e-06, -0.00730992513094839, 1.05691404911321e-07, 1.44625703085188e-05, 1.05691404911316e-07, 2.33916148390547e-07, -1.44625703085188e-05, -3.60664475897097e-08, -1.04192893184389e-08, -9.39731952238946e-05, 
14089, 0, -3.28779744131212e-06, -0.0521440827900505, -3.28779744131475e-06, 2.90460055586061e-06, 0.0521440827900505, -2.14636512952959e-06, 3.27194490125379e-06, -0.00740290587678449, -3.39304194892246e-06, -0.0521585454937676, -3.39304194892574e-06, 2.67006475885751e-06, 0.0521585454937676, -2.11052716209581e-06, 3.28238252967516e-06, -0.00730893508376217, 1.0524450759123e-07, 1.44627037171573e-05, 1.05244507591231e-07, 2.34535797004718e-07, -1.44627037171573e-05, -3.58379674895556e-08, -1.04376284274141e-08, -9.39707930223324e-05, 
14089, 7, -3.63653574153815e-06, -0.052144082669338, -3.63653574154099e-06, 2.62169409283733e-06, 0.052144082669338, -2.07771442134207e-06, 1.94937773957284e-06, -0.00740297127270169, -3.73399527257345e-06, -0.0521585467635418, -3.73399527257629e-06, 2.39019871832418e-06, 0.0521585467635418, -2.0446849457373e-06, 1.96183179239308e-06, -0.00730899702921322, 9.74595310065314e-08, 1.44640942036537e-05, 9.74595310065295e-08, 2.31495374513195e-07, -1.44640942036537e-05, -3.30294755929885e-08, -1.24540528843634e-08, -9.39742434884609e-05, 
14090, 0, -3.69391325766388e-06, -0.0521418633255457, -3.69391325766694e-06, 2.25718311490205e-06, 0.0521418633255457, -2.46012654887453e-06, 9.24479605716447e-07, -0.00740201483694592, -3.79097882269933e-06, -0.0521563274264956, -3.79097882270217e-06, 2.0251790315414e-06, 0.0521563274264956, -2.42725096032978e-06, 9.37093370822647e-07, -0.0073080422438037, 9.70655650262555e-08, 1.44641009497648e-05, 9.70655650262573e-08, 2.32004083326367e-07, -1.44641009497648e-05, -3.28755885002808e-08, -1.26137650918937e-08, -9.39725931422104e-05, 
14090, 7, -3.88781319475434e-06, -0.0521428064933084, -3.88781319475718e-06, 1.84670258352613e-06, 0.0521428064933084, -2.02577495095373e-06, -7.43056509681282e-08, -0.00740217164786499, -3.97984630122571e-06, -0.0521572704943257, -3.97984630122899e-06, 1.61251219956748e-06, 0.0521572704943257, -1.99586543185067e-06, -6.13209396560902e-08, -0.00730819298064267, 9.20331064775842e-08, 1.4464001017318e-05, 9.20331064775842e-08, 2.34190383968212e-07, -1.4464001017318e-05, -2.99095191571829e-08, -1.29847111758052e-08, -9.39786672223511e-05, 
14091, 0, -3.69862268233652e-06, -0.052140871365946, -3.69862268234e-06, 1.48442566513218e-06, 0.052140871365946, -2.04142872504248e-06, -1.05914044422125e-06, -0.00740136896062456, -3.78935266455989e-06, -0.0521553350316373, -3.78935266456315e-06, 1.25033008553179e-06, 0.0521553350316373, -2.01120680230033e-06, -1.04564630644758e-06, -0.00730739231916882, 9.07299822142383e-08, 1.44636656913064e-05, 9.07299822142368e-08, 2.34095579600674e-07, -1.44636656913064e-05, -3.02219227289547e-08, -1.34941378280557e-08, -9.39766414557555e-05, 
14091, 7, -3.69625079175412e-06, -0.052142180492276, -3.69625079175718e-06, 1.06298490515951e-06, 0.052142180492276, -1.47991378254132e-06, -1.53156674426356e-06, -0.00740154463184207, -3.78722626123059e-06, -0.0521566420749661, -3.78722626123388e-06, 8.3288846271498e-07, 0.0521566420749661, -1.44833585585922e-06, -1.51893705568966e-06, -0.00730756308283535, 9.0975469481516e-08, 1.44615826899075e-05, 9.09754694815228e-08, 2.30096442454079e-07, -1.44615826899075e-05, -3.15779267435031e-08, -1.26296886522078e-08, -9.39815490066998e-05, 
14092, 0, -3.33656200761447e-06, -0.0521404562222757, -3.33656200761796e-06, 7.96501875222794e-07, 0.0521404562222757, -1.23152636430351e-06, -2.3352392981524e-06, -0.00740086039534124, -3.42602690609328e-06, -0.0521549177103194, -3.42602690609611e-06, 5.66361539143662e-07, 0.0521549177103194, -1.19987853194561e-06, -2.32243424040907e-06, -0.00730688151930055, 8.94648985061589e-08, 1.44614880438633e-05, 8.94648985061555e-08, 2.30140336068816e-07, -1.44614880438633e-05, -3.16478323310923e-08, -1.28050578670709e-08, -9.39788760406929e-05, 
14092, 7, -3.17507155957547e-06, -0.0521415873490542, -3.17507155957875e-06, 4.9689378125547e-07, 0.0521415873490542, -6.06381969247124e-07, -2.4298495976988e-06, -0.00740095328059128, -3.25845913064461e-06, -0.0521560475265431, -3.25845913064723e-06, 2.72665628801604e-07, 0.0521560475265431, -5.72962654345056e-07, -2.41673446756411e-06, -0.00730697392668874, 8.33875711437669e-08, 1.4460177488882e-05, 8.33875711437669e-08, 2.24228152460897e-07, -1.4460177488882e-05, -3.34193149112191e-08, -1.31151301810538e-08, -9.39793539025392e-05, 
14093, 0, -2.72929108667516e-06, -0.052139972383872, -2.72929108667822e-06, 3.99481280586386e-07, 0.052139972383872, -1.47093797332889e-07, -3.03732621596639e-06, -0.00740035019180522, -2.81217802762137e-06, -0.0521544322031744, -2.81217802762464e-06, 1.74606787841698e-07, 0.0521544322031744, -1.13477215951258e-07, -3.02389348896826e-06, -0.00730637327194713, 8.28869409341545e-08, 1.44598193025598e-05, 8.28869409341544e-08, 2.24874492746718e-07, -1.44598193025598e-05, -3.36165814311199e-08, -1.34327269472981e-08, -9.39769198581047e-05, 
14093, 7, -2.46359826456374e-06, -0.0521410825773683, -2.46359826456659e-06, 1.4668582621562e-07, 0.0521410825773683, 7.58049580862286e-07, -2.95526501788441e-06, -0.00740033625750425, -2.54457351311495e-06, -0.0521555415337978, -2.54457351311801e-06, -6.73830523955834e-08, 0.0521555415337978, 7.88534139496356e-07, -2.94430827765351e-06, -0.00730636030996439, 8.09752485294833e-08, 1.44589564294177e-05, 8.0975248529485e-08, 2.14068878641339e-07, -1.44589564294177e-05, -3.04845585771452e-08, -1.0956740270703e-08, -9.3975947539854e-05, 
14094, 0, -1.99369865439751e-06, -0.0521396711033715, -1.99369865440099e-06, 1.98575141970259e-07, 0.0521396711033715, 1.47226018619597e-06, -3.39615938479083e-06, -0.00739982683821676, -2.07405397011172e-06, -0.0521541302110112, -2.07405397011543e-06, -1.48991053647664e-08, 0.0521541302110112, 1.50281950645662e-06, -3.38501581318705e-06, -0.00730585410913119, 8.03553156735761e-08, 1.44591076395666e-05, 8.03553156735761e-08, 2.13474247345941e-07, -1.44591076395666e-05, -3.0559320185759e-08, -1.11435716609802e-08, -9.39727290855891e-05, 
14094, 7, -1.57646236689585e-06, -0.0521407685267724, -1.57646236689935e-06, -6.57528412601464e-08, 0.0521407685267724, 2.48129913864634e-06, -3.36781567186824e-06, -0.00739976649982413, -1.65952344227994e-06, -0.0521552351023873, -1.659523442283e-06, -2.7873229807768e-07, 0.0521552351023873, 2.5084370180582e-06, -3.3559266521943e-06, -0.00730580230092471, 8.30610753899664e-08, 1.44665756151828e-05, 8.30610753899679e-08, 2.1297945683576e-07, -1.44665756151828e-05, -2.71378794158312e-08, -1.18890197046317e-08, -9.39641988994185e-05, 
14095, 0, -1.09622450432625e-06, -0.0521395866466785, -1.0962245043291e-06, 5.29075878311633e-08, 0.0521395866466785, 3.35138493138092e-06, -3.69871950302357e-06, -0.00739931945219142, -1.17789513949246e-06, -0.0521540527675371, -1.17789513949551e-06, -1.59683542077454e-07, 0.0521540527675372, 3.37871576095158e-06, -3.68657511039686e-06, -0.00730535714104921, 8.16706351483885e-08, 1.4466120858478e-05, 8.16706351483901e-08, 2.12591129900241e-07, -1.4466120858478e-05, -2.73308296315484e-08, -1.21443926765892e-08, -9.39623111422335e-05, 
14095, 7, -5.12929699639041e-07, -0.0521405839020817, -5.1292969964165e-07, -2.17188390934687e-07, 0.0521405839020817, 4.14136656219507e-06, -3.63707195414912e-06, -0.00739932632845451, -5.99590575508588e-07, -0.0521550520487217, -5.99590575512295e-07, -4.17121699604812e-07, 0.0521550520487217, 4.1675446978156e-06, -3.62207782776151e-06, -0.00730535662638346, 8.66608758795866e-08, 1.44681466401315e-05, 8.66608758795865e-08, 1.99933308669866e-07, -1.44681466401315e-05, -2.61781355762888e-08, -1.49941262848015e-08, -9.3969702071057e-05, 
14096, 0, -6.3170353559577e-08, -0.0521395907608535, -6.31703535621924e-08, -9.90378082717269e-08, 0.0521395907608535, 4.95923940924173e-06, -3.84743489465267e-06, -0.00739888755257811, -1.51608065920905e-07, -0.0521540593161263, -1.51608065924387e-07, -3.00068651029829e-07, 0.0521540593161263, 4.98492751821048e-06, -3.83294295221219e-06, -0.00730492045265873, 8.84377123552569e-08, 1.4468555272552e-05, 8.84377123552518e-08, 2.01030842754138e-07, -1.4468555272552e-05, -2.56881090246693e-08, -1.44919424726873e-08, -9.39670999193509e-05, 
14096, 7, 5.24112305378475e-07, -0.0521407519857842, 5.24112305374979e-07, -2.2335847239002e-07, 0.0521407519857842, 5.32112411400297e-06, -3.21753714574601e-06, -0.00739901527471107, 4.38831273876605e-07, -0.0521552222487337, 4.38831273872891e-07, -4.08658352049728e-07, 0.0521552222487337, 5.34736410756905e-06, -3.19932500256139e-06, -0.00730504097485944, 8.52810314945962e-08, 1.4470262949461e-05, 8.52810314945963e-08, 1.85299879673401e-07, -1.4470262949461e-05, -2.62399935254119e-08, -1.82121431664298e-08, -9.39742998516475e-05, 
14097, 0, 8.3948833370765e-07, -0.0521399489854891, 8.3948833370416e-07, -7.73826790195888e-08, 0.0521399489854891, 5.88376671152473e-06, -3.16220686350329e-06, -0.00739858946161584, 7.51974233130508e-07, -0.0521544197221846, 7.51974233127242e-07, -2.64634391309209e-07, 0.0521544197221846, 5.90915815471641e-06, -3.14482622629377e-06, -0.00730461798778989, 8.75141005916157e-08, 1.44707366956973e-05, 8.75141005916227e-08, 1.87251712281235e-07, -1.44707366956973e-05, -2.53914432265856e-08, -1.73806371821336e-08, -9.39714738259686e-05, 
14097, 7, 1.18304874780456e-06, -0.0521414917810516, 1.18304874780128e-06, 1.47793158504315e-07, 0.0521414917810516, 5.77148182510472e-06, -1.69667836256438e-06, -0.00739891252475051, 1.08279078287102e-06, -0.0521559668800321, 1.08279078286797e-06, -2.75381653239558e-08, 0.0521559668800321, 5.79697847146696e-06, -1.68570587140321e-06, -0.00730494869356931, 1.00257964948294e-07, 1.44750989805392e-05, 1.00257964948297e-07, 1.75331323846371e-07, -1.44750989805392e-05, -2.54966462043274e-08, -1.0972491218734e-08, -9.39638311811996e-05, 
14098, 0, 1.23230337978755e-06, -0.0521408742571589, 1.23230337978429e-06, 3.94117556506344e-07, 0.0521408742571589, 5.93292410533812e-06, -1.27788028162054e-06, -0.00739856260173411, 1.1321256868648e-06, -0.0521553483297721, 1.13212568686153e-06, 2.18880891207947e-07, 0.0521553483297721, 5.95866266491051e-06, -1.26699596477612e-06, -0.00730459956338086, 1.00177692915103e-07, 1.44740726132111e-05, 1.00177692915097e-07, 1.75236665308092e-07, -1.44740726132111e-05, -2.57385596628298e-08, -1.08843167187197e-08, -9.39630383532504e-05, 
14098, 7, 1.22289151829647e-06, -0.0521427263512419, 1.22289151829363e-06, 1.00100561394598e-06, 0.0521427263512419, 5.46408257598698e-06, 5.05801347165218e-07, -0.00739902366460797, 1.10760379814513e-06, -0.0521572020306648, 1.10760379814206e-06, 8.35221851899558e-07, 0.0521572020306648, 5.49268418489967e-06, 5.05050537005062e-07, -0.00730506592415422, 1.15287720147647e-07, 1.44756794229136e-05, 1.15287720147643e-07, 1.65783762043161e-07, -1.44756794229136e-05, -2.86016090753992e-08, 7.50810191950341e-10, -9.39577404537929e-05, 
14099, 0, 9.60996410997422e-07, -0.0521423227131513, 9.60996410994807e-07, 1.36731420823351e-06, 0.0521423227131513, 5.23634196848823e-06, 1.16480124240431e-06, -0.00739877416918359, 8.45769303593437e-07, -0.0521567977499919, 8.45769303589737e-07, 1.20176417997015e-06, 0.0521567977499919, 5.26498885100777e-06, 1.16408025134203e-06, -0.00730481824550496, 1.1522710742531e-07, 1.44750368406396e-05, 1.15227107425317e-07, 1.65550028293682e-07, -1.44750368406396e-05, -2.86468826129403e-08, 7.20991180115778e-10, -9.3955923678633e-05, 
14099, 7, 6.97520933488788e-07, -0.0521445073015342, 6.97520933486172e-07, 2.05987719651224e-06, 0.0521445073015342, 4.67859769620176e-06, 2.42280585384204e-06, -0.00739924882694089, 5.77807233564958e-07, -0.052158982500793, 5.77807233561685e-07, 1.90476592664783e-06, 0.052158982500793, 4.71124217819824e-06, 2.4152287795308e-06, -0.00730529932671298, 1.1971369997769e-07, 1.44751992587539e-05, 1.19713699977691e-07, 1.55111269894918e-07, -1.44751992587539e-05, -3.26444820429696e-08, 7.57707440065528e-09, -9.39495002279382e-05, 
14100, 0, 1.79454760457172e-07, -0.0521443729560132, 1.79454760453683e-07, 2.46595724530836e-06, 0.0521443729560132, 4.13711779924888e-06, 3.03492667679726e-06, -0.00739910596732417, 5.99249559087823e-08, -0.052158846765238, 5.99249559059361e-08, 2.31160984048668e-06, 0.052158846765238, 4.16966926668236e-06, 3.02712526803643e-06, -0.00730515755528721, 1.19529804587055e-07, 1.44738092248331e-05, 1.19529804587053e-07, 1.543474048448e-07, -1.44738092248331e-05, -3.25514674326912e-08, 7.80140870884193e-09, -9.39484120369619e-05, 
14100, 7, -1.46512725750604e-07, -0.0521470286113148, -1.46512725753871e-07, 2.91483378334036e-06, 0.0521470286113148, 3.65450792273209e-06, 3.35056025969151e-06, -0.0073996209023838, -2.71466710922056e-07, -0.0521614980808147, -2.71466710925112e-07, 2.76187762625334e-06, 0.0521614980808147, 3.68914135941509e-06, 3.34114650190518e-06, -0.00730568510203059, 1.2495398517038e-07, 1.44694694998777e-05, 1.24953985170378e-07, 1.5295615706838e-07, -1.44694694998777e-05, -3.46334366214211e-08, 9.41375772118256e-09, -9.39358003532213e-05, 
14101, 0, -7.71344739680665e-07, -0.0521473126833105, -7.71344739684155e-07, 3.26723474411437e-06, 0.0521473126833105, 2.92254190595322e-06, 3.73890900295902e-06, -0.00739960404939245, -8.95137540255174e-07, -0.0521617807487581, -8.95137540258447e-07, 3.11404529508368e-06, 0.0521617807487581, 2.95756677665852e-06, 3.7299499729446e-06, -0.00730566996603073, 1.23792800575648e-07, 1.44680654477292e-05, 1.23792800575644e-07, 1.53189449043172e-07, -1.44680654477292e-05, -3.50248707707879e-08, 8.9590298008183e-09, -9.39340833617232e-05, 
14101, 7, -1.04510605641204e-06, -0.0521506211622477, -1.04510605641531e-06, 3.33924859276528e-06, 0.0521506211622477, 2.71598799779426e-06, 3.39561417859396e-06, -0.00740024262304745, -1.17219690813376e-06, -0.0521650820029912, -1.17219690813703e-06, 3.18629533574037e-06, 0.0521650820029912, 2.75229060784512e-06, 3.3889235406755e-06, -0.00730631240119509, 1.27090851704449e-07, 1.44608407435186e-05, 1.27090851704449e-07, 1.52953257004558e-07, -1.44608407435186e-05, -3.63026100376095e-08, 6.69063795801795e-09, -9.39302218523165e-05, 
14102, 0, -1.61886173271607e-06, -0.0521514107307066, -1.61886173271956e-06, 3.55244526718009e-06, 0.0521514107307066, 1.97950387185539e-06, 3.51336725507078e-06, -0.00740035520161024, -1.74634642415327e-06, -0.0521658705784814, -1.74634642415677e-06, 3.39899908674608e-06, 0.0521658705784814, 2.01578610211889e-06, 3.50683121890051e-06, -0.00730642647052212, 1.27484691479894e-07, 1.44598477749538e-05, 1.27484691479892e-07, 1.53446180463274e-07, -1.44598477749538e-05, -3.62822302079904e-08, 6.53603609404566e-09, -9.39287310881233e-05, 
14102, 7, -1.82311787402063e-06, -0.0521549268933841, -1.82311787402367e-06, 3.48191505476803e-06, 0.0521549268933841, 2.1553135020528e-06, 2.79454611485035e-06, -0.0074011584720247, -1.94405000355421e-06, -0.0521693827259836, -1.94405000355706e-06, 3.32037707364795e-06, 0.0521693827259837, 2.19013919732116e-06, 2.79511384086061e-06, -0.00730723457934515, 1.2093212955106e-07, 1.44558325995998e-05, 1.20932129551058e-07, 1.61537981112814e-07, -1.44558325995998e-05, -3.4825695325398e-08, -5.67725995818938e-10, -9.39238926795614e-05, 
14103, 0, -2.2279964385256e-06, -0.0521560264275619, -2.22799643852844e-06, 3.55427547426584e-06, 0.0521560264275619, 1.58847951976765e-06, 2.59978252330897e-06, -0.00740135663574462, -2.34815202738321e-06, -0.0521704808006162, -2.34815202738647e-06, 3.39221401604587e-06, 0.0521704808006162, 1.6236714695728e-06, 2.60067730137789e-06, -0.00730743363460138, 1.2015558890549e-07, 1.44543730542049e-05, 1.20155588905492e-07, 1.62061458219253e-07, -1.44543730542049e-05, -3.51919497404784e-08, -8.94778054192567e-10, -9.39230011432469e-05, 
14103, 7, -2.31110070009227e-06, -0.0521590697803797, -2.31110070009533e-06, 3.53851852828546e-06, 0.0521590697803797, 1.98487227683564e-06, 1.62895770399373e-06, -0.00740226950035594, -2.42780059592731e-06, -0.0521735206482326, -2.42780059593102e-06, 3.37810609139814e-06, 0.0521735206482326, 2.02028226346767e-06, 1.63518633373236e-06, -0.00730834861658883, 1.1669989584875e-07, 1.44508678527847e-05, 1.16699895848755e-07, 1.60412436866214e-07, -1.44508678527847e-05, -3.54099866103395e-08, -6.22862966386496e-09, -9.39208837671146e-05, 
14104, 0, -2.46028296690421e-06, -0.0521601180413685, -2.46028296690705e-06, 3.50496840305442e-06, 0.0521601180413685, 1.65361914702085e-06, 1.12346165890883e-06, -0.00740245746434129, -2.57722991525084e-06, -0.0521745682091589, -2.57722991525455e-06, 3.34346030594295e-06, 0.0521745682091589, 1.68903216279527e-06, 1.12972934276086e-06, -0.00730853819862451, 1.16946948340454e-07, 1.44501677903441e-05, 1.16946948340454e-07, 1.61508097097356e-07, -1.44501677903441e-05, -3.54130157706264e-08, -6.26768371193146e-09, -9.39192657167895e-05, 
14104, 7, -2.37792967971952e-06, -0.0521624752457575, -2.37792967972258e-06, 3.52275590372959e-06, 0.0521624752457575, 2.1196402043218e-06, 1.3880974827331e-07, -0.0074032672775981, -2.49410143768515e-06, -0.0521769245756917, -2.49410143768841e-06, 3.3503277356202e-06, 0.0521769245756917, 2.15357517701386e-06, 1.48924854495147e-07, -0.00730935499661768, 1.16171757926348e-07, 1.4449329934403e-05, 1.16171757926346e-07, 1.72428168142808e-07, -1.4449329934403e-05, -3.39349726390307e-08, -1.01151062073932e-08, -9.39122809804151e-05, 
14105, 0, -2.23440658750516e-06, -0.0521632053984425, -2.23440658750821e-06, 3.42560144987289e-06, 0.0521632053984425, 2.01738278926314e-06, -5.25508739169228e-07, -0.00740332166146754, -2.35036873882924e-06, -0.0521776543103493, -2.35036873883273e-06, 3.25287584195593e-06, 0.0521776543103493, 2.05126077607026e-06, -5.15264995309336e-07, -0.00730941048143465, 1.15962151338975e-07, 1.44489119068695e-05, 1.15962151338973e-07, 1.72725607910939e-07, -1.44489119068695e-05, -3.38779867178217e-08, -1.02437439724733e-08, -9.39111800329022e-05, 
14105, 7, -2.0597275902686e-06, -0.0521649182428066, -2.05972759027187e-06, 3.28800717964951e-06, 0.0521649182428067, 2.36022129069813e-06, -1.23004360006029e-06, -0.00740388099649606, -2.1738634274997e-06, -0.0521793662381729, -2.17386342750275e-06, 3.11369776467653e-06, 0.0521793662381729, 2.39097302965354e-06, -1.22031620007008e-06, -0.00730997071252346, 1.14135837222552e-07, 1.44479953663831e-05, 1.1413583722255e-07, 1.74309414985436e-07, -1.44479953663831e-05, -3.07517388934254e-08, -9.72739994160762e-09, -9.39102839726055e-05, 
14106, 0, -1.68900197719163e-06, -0.0521652265623214, -1.68900197719447e-06, 3.17625521178631e-06, 0.0521652265623214, 2.41839763509572e-06, -1.82013782223673e-06, -0.00740373020152023, -1.80184666414249e-06, -0.0521796731871059, -1.80184666414554e-06, 3.00186699597385e-06, 0.0521796731871059, 2.44930114190517e-06, -1.81020585782179e-06, -0.00730982163235026, 1.12844686937706e-07, 1.44466247842808e-05, 1.12844686937703e-07, 1.7438821582157e-07, -1.44466247842808e-05, -3.09035068906943e-08, -9.93196442663093e-09, -9.39085691699578e-05, 
14106, 7, -1.47546666480314e-06, -0.0521666182301671, -1.47546666480663e-06, 2.95764015955272e-06, 0.0521666182301671, 2.72997080813646e-06, -1.92637051465681e-06, -0.00740420710451571, -1.59118579736008e-06, -0.0521810619482907, -1.59118579736271e-06, 2.79125504759665e-06, 0.0521810619482907, 2.75996293847972e-06, -1.91698338631997e-06, -0.0073102983201348, 1.15719132565116e-07, 1.44437181237048e-05, 1.15719132565118e-07, 1.66385111943508e-07, -1.44437181237048e-05, -2.99921302950398e-08, -9.38712834076092e-09, -9.39087843809147e-05, 
14107, 0, -1.01069547422748e-06, -0.052166599809775, -1.0106954742301e-06, 2.91299464859219e-06, 0.052166599809775, 2.92569644637295e-06, -2.21413349746006e-06, -0.00740391414494751, -1.12636086709957e-06, -0.0521810427380343, -1.12636086710305e-06, 2.74694927922836e-06, 0.0521810427380343, 2.95581965342371e-06, -2.20478243667585e-06, -0.00731000664165248, 1.15665392851386e-07, 1.44429282594441e-05, 1.15665392851386e-07, 1.66045369376494e-07, -1.44429282594441e-05, -3.01232070697413e-08, -9.35106075350184e-09, -9.39075032950384e-05, 
14107, 7, -7.57137725300184e-07, -0.0521677168285187, -7.57137725303016e-07, 2.81699250624208e-06, 0.0521677168285187, 3.39107703692625e-06, -1.813729681494e-06, -0.00740443602526192, -8.70883571572576e-07, -0.0521821624589125, -8.70883571575408e-07, 2.65789638289347e-06, 0.0521821624589125, 3.42017937899876e-06, -1.80566300898396e-06, -0.00731053052005571, 1.13745846262799e-07, 1.44456303936557e-05, 1.13745846262794e-07, 1.59096123349879e-07, -1.44456303936557e-05, -2.91023419419482e-08, -8.06667255058312e-09, -9.39055052061916e-05, 
14108, 0, -3.18239217066175e-07, -0.0521674521793362, -3.18239217069021e-07, 2.9024009655063e-06, 0.0521674521793362, 3.70410475855125e-06, -1.75937362838253e-06, -0.00740408233478029, -4.31432885126929e-07, -0.0521818967540691, -4.31432885129985e-07, 2.74395158886657e-06, 0.0521818967540691, 3.73334274556847e-06, -1.75107282454431e-06, -0.00731017791948374, 1.1319366807232e-07, 1.44445747328981e-05, 1.13193668072316e-07, 1.58449376638164e-07, -1.44445747328981e-05, -2.92379870313368e-08, -8.30080391391661e-09, -9.39044152965659e-05, 
14108, 7, 1.75149301823379e-08, -0.0521679547874088, 1.75149301792821e-08, 2.98381395208646e-06, 0.0521679547874088, 4.27611306408724e-06, -1.30762315548729e-06, -0.00740453797834107, -9.39909940538377e-08, -0.0521824004089038, -9.39909940564603e-08, 2.82848493005853e-06, 0.0521824004089038, 4.30589312828529e-06, -1.29708742313455e-06, -0.00731063035778285, 1.11505924242385e-07, 1.44456214947372e-05, 1.11505924242379e-07, 1.55329022018478e-07, -1.44456214947372e-05, -2.97800640825713e-08, -1.05357324081121e-08, -9.39076205582021e-05, 
14109, 0, 3.83992422609046e-07, -0.0521674034212252, 3.83992422605766e-07, 3.16162923255752e-06, 0.0521674034212252, 4.62295758915687e-06, -1.07552336999402e-06, -0.00740412938637657, 2.71736521064342e-07, -0.0521818485964204, 2.71736521061286e-07, 3.00612877543419e-06, 0.0521818485964204, 4.65266724207886e-06, -1.06501979445721e-06, -0.00731022215193684, 1.12255901584706e-07, 1.44451751953105e-05, 1.12255901584707e-07, 1.55500457135875e-07, -1.44451751953105e-05, -2.97096529597242e-08, -1.05035755928551e-08, -9.39072344397228e-05, 
14109, 7, 8.05043494215531e-07, -0.0521670737828156, 8.05043494212482e-07, 3.30452618885046e-06, 0.0521670737828156, 5.08626852586643e-06, -8.48358170546102e-07, -0.00740435499922036, 6.82709747675875e-07, -0.0521815237837421, 6.82709747672392e-07, 3.14548987716612e-06, 0.0521815237837421, 5.11527785240116e-06, -8.36223010754537e-07, -0.00731043216721935, 1.22333746537667e-07, 1.44500009266039e-05, 1.22333746537672e-07, 1.59036311725928e-07, -1.44500009266039e-05, -2.90093266517987e-08, -1.21351598581906e-08, -9.39228320009846e-05, 
14110, 0, 1.09114410013476e-06, -0.0521662304089624, 1.09114410013148e-06, 3.47135277871088e-06, 0.0521662304089624, 5.35403080279467e-06, -6.27281616397176e-07, -0.00740386904479894, 9.67392934167919e-07, -0.052180680001102, 9.67392934164436e-07, 3.31213101224052e-06, 0.052180680001102, 5.38252477355261e-06, -6.15499038078649e-07, -0.00730994824090004, 1.2375116599226e-07, 1.44495921397038e-05, 1.23751165992257e-07, 1.59221766437233e-07, -1.44495921397038e-05, -2.8493970688891e-08, -1.17825782223056e-08, -9.39208038988828e-05, 
14110, 7, 1.45459844466533e-06, -0.052165101117726, 1.45459844466206e-06, 3.51636495197137e-06, 0.052165101117726, 5.49655090436169e-06, -6.73180011302459e-07, -0.00740378926059984, 1.32257216248809e-06, -0.0521795598444527, 1.32257216248482e-06, 3.3548366316199e-06, 0.0521795598444527, 5.52457636932453e-06, -6.59918768085154e-07, -0.00730985465593657, 1.32026282162687e-07, 1.44587267267083e-05, 1.32026282162691e-07, 1.61528320374768e-07, -1.44587267267083e-05, -2.80254650448644e-08, -1.32612431316655e-08, -9.39346046632712e-05, 
14111, 0, 1.66452163861687e-06, -0.0521639721846605, 1.66452163861447e-06, 3.59355695397458e-06, 0.0521639721846605, 5.59513193863249e-06, -5.76359948417667e-07, -0.00740317330797976, 1.53271049537651e-06, -0.0521784303890041, 1.53271049537324e-06, 3.43258694059557e-06, 0.0521784303890041, 5.62325747577827e-06, -5.6293841053872e-07, -0.00730923943606707, 1.31811143255899e-07, 1.44582043434102e-05, 1.31811143255901e-07, 1.60970013358264e-07, -1.44582043434102e-05, -2.81255370737823e-08, -1.34215379104003e-08, -9.39338719127148e-05, 
14111, 7, 1.88882064111552e-06, -0.0521623113469351, 1.88882064111289e-06, 3.51231791311799e-06, 0.0521623113469351, 5.45038612069501e-06, -8.52044463738137e-07, -0.00740290686776841, 1.75179587249422e-06, -0.0521767832471657, 1.75179587249051e-06, 3.34866849524816e-06, 0.0521767832471657, 5.4789413344217e-06, -8.38262216333997e-07, -0.00730895984596153, 1.37024768581816e-07, 1.44719002308999e-05, 1.37024768581811e-07, 1.63649417851049e-07, -1.44719002308999e-05, -2.85552137448651e-08, -1.37822473303571e-08, -9.39470218068801e-05, 
14112, 0, 2.07009768604136e-06, -0.0521609473284521, 2.07009768603874e-06, 3.48742378964514e-06, 0.0521609473284521, 5.43702283597606e-06, -8.88697699051593e-07, -0.00740214347430247, 1.93343029184132e-06, -0.052175418915636, 1.93343029183848e-06, 3.32363078841082e-06, 0.052175418915636, 5.46580779146905e-06, -8.74694882183632e-07, -0.00730819787353136, 1.36667394172944e-07, 1.44715871840773e-05, 1.36667394172949e-07, 1.63793001238889e-07, -1.44715871840773e-05, -2.87849554623297e-08, -1.40028167628886e-08, -9.39456007711453e-05, 
14112, 7, 2.21929039560322e-06, -0.0521594850321801, 2.21929039559996e-06, 3.28311804348927e-06, 0.0521594850321801, 5.32268442535141e-06, -1.21052071130617e-06, -0.00740190399495251, 2.08394722158427e-06, -0.0521739675240002, 2.083947221581e-06, 3.13160849667155e-06, 0.0521739675240002, 5.35122320851232e-06, -1.1978797460261e-06, -0.00730794062667111, 1.35343174052326e-07, 1.44824918203536e-05, 1.35343174052321e-07, 1.51509546831321e-07, -1.44824918203536e-05, -2.85387831788074e-08, -1.26409652594701e-08, -9.39633682814187e-05, 
14113, 0, 2.4424808599721e-06, -0.0521580714974618, 2.44248085996905e-06, 3.17560752376697e-06, 0.0521580714974618, 5.36064661684692e-06, -1.30407621990115e-06, -0.00740105904742313, 2.30584651379099e-06, -0.0521725539361589, 2.30584651378816e-06, 3.02298900410652e-06, 0.0521725539361589, 5.38875353689099e-06, -1.29178414947691e-06, -0.00730709871771745, 1.3663434618181e-07, 1.44824386971537e-05, 1.36634346181807e-07, 1.52618519661374e-07, -1.44824386971537e-05, -2.81069200242492e-08, -1.22920703762971e-08, -9.39603297057103e-05, 
14113, 7, 2.65673832842641e-06, -0.0521576726933796, 2.65673832842313e-06, 2.97645834233265e-06, 0.0521576726933796, 5.47305064892768e-06, -1.40959187715987e-06, -0.00740100733838847, 2.51676347224111e-06, -0.0521721624269621, 2.51676347223806e-06, 2.82303977314955e-06, 0.0521721624269621, 5.50378382758177e-06, -1.39534704549258e-06, -0.00730704012187121, 1.39974856218282e-07, 1.44897335824485e-05, 1.39974856218281e-07, 1.53418569165007e-07, -1.44897335824485e-05, -3.07331786496571e-08, -1.42448316421866e-08, -9.39672165172427e-05, 
14114, 0, 2.97815950819502e-06, -0.0521565453145943, 2.97815950819196e-06, 2.85786299512838e-06, 0.0521565453145943, 5.67063439026548e-06, -1.44117117971359e-06, -0.00740019464919964, 2.83688102092586e-06, -0.0521710354488907, 2.83688102092301e-06, 2.70344865106026e-06, 0.0521710354488907, 5.70096195337043e-06, -1.42747503577881e-06, -0.00730622964678345, 1.41278487262721e-07, 1.44901342962146e-05, 1.41278487262721e-07, 1.54414344077874e-07, -1.44901342962146e-05, -3.03275631184414e-08, -1.36961438538424e-08, -9.39650024161895e-05, 
14114, 7, 3.3283777571412e-06, -0.0521576180351052, 3.32837775713814e-06, 2.86737532406786e-06, 0.0521576180351052, 6.1633761414631e-06, -1.21723799682857e-06, -0.00740044816964318, 3.18887830782211e-06, -0.0521721093884021, 3.1888783078197e-06, 2.71595999718932e-06, 0.0521721093884021, 6.19497881714472e-06, -1.20191944764798e-06, -0.00730647149975647, 1.39499449296367e-07, 1.44913532970629e-05, 1.3949944929637e-07, 1.51415326886266e-07, -1.44913532970629e-05, -3.16026757408128e-08, -1.53185492335238e-08, -9.39766698867373e-05, 
14115, 0, 3.75541068394098e-06, -0.0521570201546998, 3.75541068393792e-06, 2.82793355597401e-06, 0.0521570201546998, 6.56588286810404e-06, -1.12151133009059e-06, -0.00739976758190001, 3.61554438649546e-06, -0.0521715115376628, 3.61554438649219e-06, 2.67578019022167e-06, 0.0521715115376628, 6.59731580076709e-06, -1.10652313877728e-06, -0.0073057928355995, 1.39866297445694e-07, 1.44913829630184e-05, 1.39866297445694e-07, 1.52153365778951e-07, -1.44913829630184e-05, -3.14329327962078e-08, -1.498819137604e-08, -9.39747463005313e-05, 
14115, 7, 4.26465297105809e-06, -0.0521590059998481, 4.26465297105502e-06, 3.13112181686126e-06, 0.0521590059998481, 7.46151833154781e-06, -6.67099629562963e-07, -0.00740028632043106, 4.12281088113053e-06, -0.0521734909868856, 4.12281088112724e-06, 2.97619232700166e-06, 0.0521734909868856, 7.48871569631467e-06, -6.54151579872728e-07, -0.00730631939886427, 1.41842089890131e-07, 1.44849870375306e-05, 1.41842089890131e-07, 1.54929489858061e-07, -1.44849870375306e-05, -2.71973647566594e-08, -1.29480496012327e-08, -9.39669215667534e-05, 
14116, 0, 4.76571449525044e-06, -0.052158816321214, 4.76571449524738e-06, 3.21650145147023e-06, 0.0521588163212141, 8.04317322544524e-06, -4.47704975646646e-07, -0.00739979214491258, 4.62446336103367e-06, -0.0521732999846269, 4.62446336103083e-06, 3.06083116777527e-06, 0.0521732999846269, 8.07034306906889e-06, -4.34569492293892e-07, -0.00730582560102153, 1.41251134221232e-07, 1.44836634131147e-05, 1.41251134221231e-07, 1.55670283684888e-07, -1.44836634131147e-05, -2.71698435971871e-08, -1.31354833134389e-08, -9.39665438910385e-05, 
14116, 7, 5.39973382219399e-06, -0.0521606241658682, 5.39973382219114e-06, 3.62530505201198e-06, 0.0521606241658682, 8.94203692221492e-06, 1.02883984891402e-07, -0.00740049597066717, 5.26137403529162e-06, -0.052175097138713, 5.26137403528813e-06, 3.47248905489171e-06, 0.052175097138713, 8.96783747314018e-06, 1.15638772269133e-07, -0.007306527333416, 1.38359786890166e-07, 1.44729728444218e-05, 1.3835978689017e-07, 1.52815997087075e-07, -1.44729728444218e-05, -2.58005508357922e-08, -1.27547872722452e-08, -9.39686372511665e-05, 
14117, 0, 5.89261887401355e-06, -0.0521604793102301, 5.89261887401092e-06, 3.80788130970411e-06, 0.0521604793102301, 9.49564633692578e-06, 4.16717536164903e-07, -0.00740016701178632, 5.75383072902835e-06, -0.0521749515838628, 5.75383072902529e-06, 3.65359554984253e-06, 0.0521749515838628, 9.52133714965008e-06, 4.29322218636593e-07, -0.00730619916264077, 1.3878814499712e-07, 1.44722736326643e-05, 1.38788144997118e-07, 1.54285759842157e-07, -1.44722736326643e-05, -2.56908127096298e-08, -1.26046824855132e-08, -9.3967849145519e-05, 
14117, 7, 6.54551648254011e-06, -0.0521614196182158, 6.54551648253772e-06, 4.12749950239313e-06, 0.0521614196182159, 9.75610588141415e-06, 9.84527317664093e-07, -0.00740082000680199, 6.41184886940141e-06, -0.0521758844775826, 6.41184886939834e-06, 3.97930180400067e-06, 0.0521758844775826, 9.78148311710022e-06, 9.9880560396631e-07, -0.00730684050218094, 1.33667613154566e-07, 1.44648593669052e-05, 1.33667613154559e-07, 1.48197698400705e-07, -1.44648593669052e-05, -2.53772356344338e-08, -1.42782863878883e-08, -9.39795046210785e-05, 
14118, 0, 6.91665451141041e-06, -0.0521610382266988, 6.91665451140756e-06, 4.33101915361046e-06, 0.0521610382266988, 9.99506695158705e-06, 1.36164388335134e-06, -0.00740052576142111, 6.78239530069041e-06, -0.0521755032794738, 6.78239530068756e-06, 4.18157221819551e-06, 0.0521755032794738, 1.00203152769263e-05, 1.37583646190742e-06, -0.00730654827364235, 1.34259210707211e-07, 1.44650527748538e-05, 1.34259210707216e-07, 1.49446935387491e-07, -1.44650527748538e-05, -2.52483253502622e-08, -1.41925786039947e-08, -9.39774877787858e-05, 
14118, 7, 7.34165084601425e-06, -0.0521611975145465, 7.34165084601097e-06, 4.55015691090783e-06, 0.0521611975145465, 9.35929394509949e-06, 1.86982820409626e-06, -0.00740094420686996, 7.20001383688511e-06, -0.052175660511585, 7.20001383688227e-06, 4.39912762241422e-06, 0.052175660511585, 9.38463297812039e-06, 1.88581387023876e-06, -0.00730696085024023, 1.41637009161682e-07, 1.44629970385984e-05, 1.41637009161685e-07, 1.51029288480912e-07, -1.44629970385984e-05, -2.53390329483657e-08, -1.59856661101947e-08, -9.39833566297568e-05, 
14119, 0, 7.46057731641277e-06, -0.0521604967125279, 7.46057731641015e-06, 4.67918604261047e-06, 0.0521604967125279, 9.15132034217544e-06, 2.25951282371254e-06, -0.00740054860629884, 7.31983052905589e-06, -0.0521749587078693, 7.31983052905218e-06, 4.52798373923674e-06, 0.0521749587078693, 9.17671388174388e-06, 2.2756548871366e-06, -0.00730656554376952, 1.40746787388359e-07, 1.44619953412219e-05, 1.40746787388362e-07, 1.51202303369781e-07, -1.44619953412219e-05, -2.53935394904584e-08, -1.61420633570323e-08, -9.39830625293062e-05, 
14119, 7, 7.35074812508089e-06, -0.0521601639761568, 7.35074812507696e-06, 4.80093786791348e-06, 0.0521601639761568, 7.84415012473531e-06, 2.49810390436757e-06, -0.00740068797095585, 7.20232047865069e-06, -0.0521746299049696, 7.20232047864785e-06, 4.65008340523967e-06, 0.0521746299049696, 7.8716296700641e-06, 2.51297589239734e-06, -0.0073066985570599, 1.48427646436507e-07, 1.44659288126472e-05, 1.48427646436505e-07, 1.50854462703495e-07, -1.44659288126472e-05, -2.74795453018606e-08, -1.48719879487708e-08, -9.39894138959326e-05, 
14120, 0, 7.1608340031203e-06, -0.052159151251418, 7.16083400311703e-06, 4.76675033225634e-06, 0.052159151251418, 7.26246354641185e-06, 2.76392689235547e-06, -0.00740012300393441, 7.01135390579985e-06, -0.052173617331224, 7.01135390579679e-06, 4.61626873835602e-06, 0.052173617331224, 7.28974901951159e-06, 2.77841886699142e-06, -0.00730613544066205, 1.49480097317494e-07, 1.44660798059935e-05, 1.49480097317496e-07, 1.50481593905079e-07, -1.44660798059935e-05, -2.72854730186097e-08, -1.44919746677766e-08, -9.39875632723559e-05, 
14120, 7, 6.51025097088509e-06, -0.0521588397383968, 6.51025097088181e-06, 4.64432211156947e-06, 0.0521588397383968, 5.89819849981057e-06, 2.57940971102938e-06, -0.00740003007081308, 6.35493072687498e-06, -0.0521733158067309, 6.35493072687171e-06, 4.49344303564297e-06, 0.0521733158067309, 5.93209312377686e-06, 2.59491491896993e-06, -0.00730604182119491, 1.55320243986578e-07, 1.44760683343051e-05, 1.55320243986578e-07, 1.50879075948899e-07, -1.44760683343051e-05, -3.38946239910956e-08, -1.55052079867525e-08, -9.39882496181677e-05, 
14121, 0, 6.10958951006511e-06, -0.0521577009767903, 6.10958951006184e-06, 4.39473859196153e-06, 0.0521577009767903, 5.22106484037149e-06, 2.64809888099004e-06, -0.00739935567152272, 5.95433902861681e-06, -0.0521721765213418, 5.95433902861376e-06, 4.24273391470727e-06, 0.0521721765213418, 5.25507678591933e-06, 2.66371954980208e-06, -0.00730536877237799, 1.55250481451012e-07, 1.44755445516508e-05, 1.5525048145101e-07, 1.5200467723923e-07, -1.44755445516508e-05, -3.40119454851588e-08, -1.56206689347279e-08, -9.3986899144753e-05, 
14121, 7, 5.32454276967383e-06, -0.0521584152055148, 5.32454276967013e-06, 3.97401894566615e-06, 0.0521584152055148, 4.87104542701983e-06, 2.35164282202858e-06, -0.00739936202411279, 5.18012087032779e-06, -0.0521728947002085, 5.18012087032495e-06, 3.82558313279827e-06, 0.0521728947002085, 4.91255388814049e-06, 2.3706439502241e-06, -0.00730536524138993, 1.44421899337782e-07, 1.4479494693836e-05, 1.44421899337785e-07, 1.4843581289721e-07, -1.4479494693836e-05, -4.15084611025849e-08, -1.90011281787477e-08, -9.39967827228483e-05, 
14122, 0, 4.91500122270942e-06, -0.0521575078655398, 4.91500122270614e-06, 3.53546730765372e-06, 0.0521575078655398, 4.52701499381589e-06, 2.3095385496126e-06, -0.00739872455687332, 4.77028000391188e-06, -0.052171987432169, 4.77028000390884e-06, 3.38597544335516e-06, 0.052171987432169, 4.56859852081365e-06, 2.32848658389399e-06, -0.00730472976140923, 1.44721218809557e-07, 1.44795666295737e-05, 1.44721218809559e-07, 1.49491864300995e-07, -1.44795666295737e-05, -4.15835269922211e-08, -1.89480342622589e-08, -9.39947954640714e-05, 
14122, 7, 4.50445944775507e-06, -0.0521593701662008, 4.50445944775179e-06, 3.05327398852431e-06, 0.0521593701662008, 5.64840090813704e-06, 2.11904152720164e-06, -0.00739898765449175, 4.36853752872157e-06, -0.0521738522155541, 4.36853752871806e-06, 2.90095089840322e-06, 0.0521738522155541, 5.69358108192063e-06, 2.14149170362564e-06, -0.00730500418582696, 1.35921919061666e-07, 1.44820493532574e-05, 1.3592191906167e-07, 1.52323090128166e-07, -1.44820493532574e-05, -4.5180173790905e-08, -2.24501764066786e-08, -9.39834686648036e-05, 
14123, 0, 4.29459465592364e-06, -0.0521588330796661, 4.2945946559208e-06, 2.53690788520832e-06, 0.0521588330796661, 5.93692213025311e-06, 2.06071058320481e-06, -0.00739846278425865, 4.16147070381034e-06, -0.0521733142697484, 4.16147070380684e-06, 2.3850852946021e-06, 0.0521733142697484, 5.98296421801878e-06, 2.08416064850323e-06, -0.00730448018032285, 1.33123952102599e-07, 1.44811900821322e-05, 1.33123952102599e-07, 1.51822590614706e-07, -1.44811900821322e-05, -4.60420878390836e-08, -2.34500652535164e-08, -9.39826039358245e-05, 
14123, 7, 4.50594687264909e-06, -0.0521614330375516, 4.50594687264582e-06, 2.32025396004506e-06, 0.0521614330375516, 8.30483897656787e-06, 2.1073805744519e-06, -0.00739908118503817, 4.37254210832418e-06, -0.052175910283628, 4.37254210832069e-06, 2.17318088486166e-06, 0.052175910283628, 8.34611883388603e-06, 2.13095460441156e-06, -0.00730510984427732, 1.33404764351262e-07, 1.44772460765245e-05, 1.33404764351265e-07, 1.4707307519021e-07, -1.44772460765245e-05, -4.12798572791731e-08, -2.35740299583931e-08, -9.39713407608226e-05, 
14124, 0, 4.63283937712297e-06, -0.0521611882324195, 4.6328393771197e-06, 1.88325077296108e-06, 0.0521611882324195, 9.27431580709196e-06, 2.09228709820003e-06, -0.0073987139158865, 4.49942368522569e-06, -0.0521756636390142, 4.49942368522263e-06, 1.73560278430884e-06, 0.0521756636390142, 9.315121840768e-06, 2.11550706306726e-06, -0.00730474379957778, 1.33415691895671e-07, 1.44754065945593e-05, 1.33415691895671e-07, 1.47647988645834e-07, -1.44754065945593e-05, -4.08060337071137e-08, -2.32199648819001e-08, -9.39701163087019e-05, 
14124, 7, 5.30748520933403e-06, -0.0521639093655759, 5.30748520933119e-06, 2.02060949637879e-06, 0.0521639093655759, 1.21534509877299e-05, 2.38687861132627e-06, -0.00739965346751677, 5.17741238622489e-06, -0.0521783759283218, 5.17741238622163e-06, 1.86505545125589e-06, 0.0521783759283218, 1.2186132257227e-05, 2.4115476650978e-06, -0.00730568750578519, 1.30072823104311e-07, 1.44665627457527e-05, 1.30072823104308e-07, 1.55554045135815e-07, -1.44665627457527e-05, -3.2681269497387e-08, -2.46690537025404e-08, -9.39659617315427e-05, 
14125, 0, 5.70609505383358e-06, -0.0521637024000379, 5.70609505383052e-06, 1.72640354089637e-06, 0.0521637024000379, 1.35454190035144e-05, 2.39941945194435e-06, -0.0073994606329852, 5.57717407645966e-06, -0.0521781680198937, 5.57717407645681e-06, 1.57076494911343e-06, 0.0521781680198937, 1.35780174349779e-05, 2.4243707484878e-06, -0.0073054964129865, 1.28920977389801e-07, 1.44656198556512e-05, 1.28920977389798e-07, 1.5563859174613e-07, -1.44656198556512e-05, -3.25984314122118e-08, -2.49512965857455e-08, -9.39642199987421e-05, 
14125, 7, 6.40966270465404e-06, -0.052165625387011, 6.40966270465055e-06, 1.93012131259348e-06, 0.052165625387011, 1.57678967633391e-05, 2.69067891727173e-06, -0.00740035090927999, 6.28001726729302e-06, -0.052180082586569, 6.2800172672904e-06, 1.77188371803023e-06, 0.052180082586569, 1.57926243651628e-05, 2.71546997601686e-06, -0.0073063918849852, 1.29645437371283e-07, 1.44571995577341e-05, 1.29645437371286e-07, 1.58237594586039e-07, -1.44571995577341e-05, -2.47276018484752e-08, -2.47910587174496e-08, -9.39590242947805e-05, 
14126, 0, 6.82830874213716e-06, -0.0521650889558234, 6.82830874213344e-06, 1.67882442488891e-06, 0.0521650889558234, 1.70789322643692e-05, 2.65556653360367e-06, -0.00740019367317636, 6.69838820790312e-06, -0.0521795465029176, 6.69838820790007e-06, 1.52052797423416e-06, 0.0521795465029176, 1.71036964371908e-05, 2.68074957740157e-06, -0.00730623680163235, 1.29920534235067e-07, 1.44575470943153e-05, 1.29920534235063e-07, 1.58296450644794e-07, -1.44575470943153e-05, -2.47641728860527e-08, -2.51830438127722e-08, -9.39568715440369e-05, 
14126, 7, 7.30098992396141e-06, -0.0521659793784148, 7.30098992395836e-06, 1.75840439823771e-06, 0.0521659793784148, 1.78267443391555e-05, 2.71831220979292e-06, -0.00740075773299317, 7.16009154555433e-06, -0.0521804381959537, 7.16009154555106e-06, 1.59294846305092e-06, 0.0521804381959537, 1.78493730800176e-05, 2.7449407092701e-06, -0.00730679944046649, 1.40898378420541e-07, 1.44588175389116e-05, 1.40898378420536e-07, 1.65455935136278e-07, -1.44588175389116e-05, -2.26287409415502e-08, -2.66284994605688e-08, -9.39582925267025e-05, 
14127, 0, 7.49751619849336e-06, -0.052165028808591, 7.4975161984903e-06, 1.46760698906058e-06, 0.052165028808591, 1.85977360348119e-05, 2.59154711345201e-06, -0.00740047832017117, 7.35648489856081e-06, -0.0521794876506616, 7.35648489855818e-06, 1.30135121572071e-06, 0.0521794876506616, 1.86201965382364e-05, 2.61804248290767e-06, -0.0073065223750966, 1.41031299930648e-07, 1.44588420706327e-05, 1.41031299930641e-07, 1.66255773346553e-07, -1.44588420706327e-05, -2.24605034608855e-08, -2.64953694508141e-08, -9.39559450745271e-05, 
14127, 7, 7.60701745857515e-06, -0.0521655002458648, 7.60701745857232e-06, 1.25069632274097e-06, 0.0521655002458648, 1.77735287701352e-05, 2.44173950590387e-06, -0.00740076713800528, 7.45812923030674e-06, -0.0521799629694522, 7.45812923030389e-06, 1.08345753831828e-06, 0.0521799629694522, 1.78002573024903e-05, 2.46976680545836e-06, -0.0073067960104839, 1.48888228259036e-07, 1.44627235874673e-05, 1.4888822825904e-07, 1.67238784367492e-07, -1.44627235874672e-05, -2.67285323069026e-08, -2.80272994263179e-08, -9.39711275213668e-05, 
14128, 0, 7.42196217492503e-06, -0.0521643376941732, 7.42196217492196e-06, 8.79277050356779e-07, 0.0521643376941732, 1.7774987496549e-05, 2.23509203840991e-06, -0.00740035924982004, 7.27112709299895e-06, -0.0521788001834208, 7.27112709299567e-06, 7.10583985006904e-07, 0.0521788001834208, 1.78010931217455e-05, 2.2626308780716e-06, -0.00730639109924028, 1.50835081952968e-07, 1.44624892478625e-05, 1.50835081952972e-07, 1.6869306533818e-07, -1.44624892478625e-05, -2.61056252500325e-08, -2.75388397028039e-08, -9.39681505797644e-05, 
14128, 7, 7.14508599699943e-06, -0.052164734494829, 7.14508599699592e-06, 3.82815567852207e-07, 0.052164734494829, 1.60267626209095e-05, 1.94919894150627e-06, -0.00740053191927998, 6.98444837410268e-06, -0.052179200090567, 6.98444837409963e-06, 2.01598300629747e-07, 0.052179200090567, 1.60630678181841e-05, 1.9827415575553e-06, -0.00730655810253469, 1.60637622887551e-07, 1.4465595737905e-05, 1.60637622887551e-07, 1.81217267223353e-07, -1.4465595737905e-05, -3.63051971937377e-08, -3.35426161085817e-08, -9.39738167452888e-05, 
14129, 0, 6.57861058790487e-06, -0.052163558289385, 6.57861058790204e-06, -4.21376148447843e-08, 0.052163558289385, 1.53828088462606e-05, 1.75254446643663e-06, -0.00740011592616606, 6.41636061073939e-06, -0.0521780235557441, 6.41636061073611e-06, -2.24567337163036e-07, 0.0521780235557441, 1.54185796281776e-05, 1.78538880901679e-06, -0.00730614373529835, 1.62249977154424e-07, 1.44652663591307e-05, 1.62249977154419e-07, 1.82429722345599e-07, -1.44652663591307e-05, -3.57707819277106e-08, -3.28443424850733e-08, -9.39721908677027e-05, 
14129, 7, 6.20395142184079e-06, -0.0521642504270778, 6.20395142183772e-06, -5.94845490896305e-07, 0.0521642504270778, 1.3753095973228e-05, 1.61882852769402e-06, -0.00740028423278592, 6.02504488168703e-06, -0.0521787185310835, 6.02504488168398e-06, -7.84205254983543e-07, 0.0521787185310835, 1.37979872916544e-05, 1.65529469494935e-06, -0.0073063016755166, 1.78906540171708e-07, 1.44681040059137e-05, 1.78906540171702e-07, 1.89359764062087e-07, -1.44681040059137e-05, -4.4891318478358e-08, -3.64661672735802e-08, -9.39825572692851e-05, 
14130, 0, 5.46563868737792e-06, -0.0521632956932799, 5.46563868737486e-06, -9.83338100662136e-07, 0.0521632956932799, 1.28149091923965e-05, 1.57736570642155e-06, -0.00739998832809107, 5.2887310080374e-06, -0.0521777626785454, 5.28873100803456e-06, -1.17136105675694e-06, 0.0521777626785454, 1.28605523369705e-05, 1.61467576064829e-06, -0.00730600718095042, 1.76907679371893e-07, 1.44669852655374e-05, 1.76907679371896e-07, 1.88022956119684e-07, -1.44669852655374e-05, -4.56431445282016e-08, -3.7310054286409e-08, -9.39811471406563e-05, 
14130, 7, 5.24119333250659e-06, -0.0521646430870422, 5.2411933325031e-06, -1.3894247327543e-06, 0.0521646430870422, 1.19747177105076e-05, 1.79230396905892e-06, -0.00740013201140523, 5.05440044914166e-06, -0.0521791160843387, 5.05440044913903e-06, -1.58563293630667e-06, 0.0521791160843387, 1.2024661901968e-05, 1.83317383791646e-06, -0.00730615030971215, 1.86792883346918e-07, 1.44729972964176e-05, 1.86792883346913e-07, 1.9620820357185e-07, -1.44729972964176e-05, -4.99441914552325e-08, -4.08698687063188e-08, -9.39817016930474e-05, 
14131, 0, 4.57822936262865e-06, -0.0521641272753005, 4.57822936262602e-06, -1.62098014646169e-06, 0.0521641272753005, 1.10852374262065e-05, 1.98814322384906e-06, -0.00739998599243343, 4.39237518503566e-06, -0.0521786000649922, 4.39237518503326e-06, -1.81765587140264e-06, 0.0521786000649922, 1.11352493824596e-05, 2.02934366133391e-06, -0.00730600583765979, 1.85854177595525e-07, 1.44727896917674e-05, 1.85854177595523e-07, 1.9667572491979e-07, -1.44727896917673e-05, -5.00119562821457e-08, -4.12004376090638e-08, -9.39801547735939e-05, 
14131, 7, 4.51230119270748e-06, -0.0521662570430819, 4.512301192704e-06, -1.80367289174162e-06, 0.0521662570430819, 1.109543753344e-05, 2.48510265804038e-06, -0.00740017725592902, 4.32638043816041e-06, -0.0521807321111546, 4.32638043815714e-06, -2.00525780043508e-06, 0.0521807321111546, 1.11475567622809e-05, 2.53073699805977e-06, -0.00730618823771031, 1.85920754548654e-07, 1.44750680726928e-05, 1.85920754548653e-07, 2.01584908688216e-07, -1.44750680726928e-05, -5.21192288651124e-08, -4.56343400811807e-08, -9.39890182187217e-05, 
14132, 0, 4.07612169443525e-06, -0.0521662111703092, 4.0761216944322e-06, -1.78497181472888e-06, 0.0521662111703092, 1.04499359778455e-05, 2.91084688742463e-06, -0.00740015972671105, 3.88906560946199e-06, -0.0521806849499139, 3.88906560945894e-06, -1.98782909818133e-06, 0.052180684949914, 1.05012920134331e-05, 2.9556315728356e-06, -0.00730617190020472, 1.87056084978944e-07, 1.44737796046421e-05, 1.87056084978945e-07, 2.0285728343251e-07, -1.44737796046421e-05, -5.13560355098633e-08, -4.47846853993639e-08, -9.39878265063378e-05, 
14132, 7, 4.05006900085107e-06, -0.0521685059447057, 4.0500690008478e-06, -1.78918619580464e-06, 0.0521685059447057, 1.07298095317877e-05, 3.66380233747669e-06, -0.00740052617855027, 3.86232257900113e-06, -0.0521829856778727, 3.86232257899828e-06, -1.99807509838607e-06, 0.0521829856778727, 1.07764577436916e-05, 3.70581962531913e-06, -0.00730653408633955, 1.87746421870289e-07, 1.44797331666718e-05, 1.8774642187029e-07, 2.08888902576379e-07, -1.44797331666718e-05, -4.66482119002531e-08, -4.20172877957589e-08, -9.39920922106927e-05, 
14133, 0, 3.90495848074258e-06, -0.0521686400166599, 3.90495848073931e-06, -1.50700459405003e-06, 0.0521686400166599, 1.03150275738296e-05, 4.29890559410259e-06, -0.00740061566321821, 3.71712074193321e-06, -0.0521831192331913, 3.71712074193015e-06, -1.71586340259206e-06, 0.0521831192331913, 1.03616610464843e-05, 4.34049273880866e-06, -0.00730662481263064, 1.87837738812496e-07, 1.44792165313447e-05, 1.87837738812496e-07, 2.08858808527287e-07, -1.44792165313447e-05, -4.66334727191651e-08, -4.15871446368399e-08, -9.399085058754e-05, 
14133, 7, 3.81426988903103e-06, -0.0521707408011769, 3.81426988902819e-06, -1.48712854694717e-06, 0.052170740801177, 1.05226834521614e-05, 5.06011286536411e-06, -0.00740121266876805, 3.62332206084763e-06, -0.0521852184732992, 3.62332206084436e-06, -1.70211553510707e-06, 0.0521852184732992, 1.05671261659268e-05, 5.0971924816274e-06, -0.00730720185514494, 1.90947828169378e-07, 1.44776721221715e-05, 1.90947828169376e-07, 2.14986988154006e-07, -1.44776721221715e-05, -4.44427137794772e-08, -3.70796163879464e-08, -9.40108136231088e-05, 
14134, 0, 3.94459517483865e-06, -0.0521708202443502, 3.94459517483558e-06, -1.01997179880952e-06, 0.0521708202443502, 1.03483113835234e-05, 5.84679621159292e-06, -0.00740132665941545, 3.75394624028018e-06, -0.0521852985629654, 3.75394624027712e-06, -1.23429890242061e-06, 0.0521852985629654, 1.03927032078685e-05, 5.88367018092558e-06, -0.0073073197149902, 1.90648934556293e-07, 1.44783186154086e-05, 1.90648934556293e-07, 2.14327103615581e-07, -1.44783186154086e-05, -4.43918243385524e-08, -3.68739693685858e-08, -9.40069444252489e-05, 
14134, 7, 3.72004441876313e-06, -0.0521727809213224, 3.72004441875943e-06, -1.23548132398523e-06, 0.0521727809213224, 1.05355099824732e-05, 6.20597811664785e-06, -0.00740200004478927, 3.52714010499907e-06, -0.0521872639913612, 3.52714010499558e-06, -1.44285484517581e-06, 0.0521872639913612, 1.05805395796911e-05, 6.24029356900338e-06, -0.00730798265546893, 1.92904313781191e-07, 1.44830700389893e-05, 1.92904313781191e-07, 2.07373521187041e-07, -1.44830700389893e-05, -4.50295972477375e-08, -3.43154523932353e-08, -9.40173893203495e-05, 
14135, 0, 4.03346978022238e-06, -0.0521727229219058, 4.03346978021933e-06, -7.38936511886058e-07, 0.0521727229219058, 1.06351913596085e-05, 6.99625598557407e-06, -0.00740200733655999, 3.84100593768493e-06, -0.0521872060461901, 3.84100593768186e-06, -9.47405332881494e-07, 0.0521872060461901, 1.06800725465111e-05, 7.03031986292752e-06, -0.00730799290580777, 1.92463842535774e-07, 1.44831242844225e-05, 1.92463842535774e-07, 2.0846882099599e-07, -1.44831242844225e-05, -4.48811869210782e-08, -3.40638773438355e-08, -9.40144307522243e-05, 
14135, 7, 3.64003102597028e-06, -0.0521743254662111, 3.64003102596744e-06, -1.27743473354924e-06, 0.0521743254662111, 1.07502005405821e-05, 6.75166727048214e-06, -0.00740259518014672, 3.44596458818663e-06, -0.0521888085548176, 3.44596458818336e-06, -1.48572552225896e-06, 0.0521888085548176, 1.07995161936932e-05, 6.78556738390965e-06, -0.00730856808230446, 1.94066437785125e-07, 1.44830886065852e-05, 1.94066437785123e-07, 2.08290788738406e-07, -1.44830886065852e-05, -4.93156530492789e-08, -3.39001134808761e-08, -9.40270978422669e-05, 
14136, 0, 4.02552633917712e-06, -0.0521739654911246, 4.02552633917384e-06, -9.36294932537354e-07, 0.0521739654911246, 1.10698445548734e-05, 7.39470794266611e-06, -0.0074023900381475, 3.83041242306259e-06, -0.0521884485579763, 3.83041242305974e-06, -1.14518561585486e-06, 0.0521884485579763, 1.11192538345558e-05, 7.42860899741132e-06, -0.00730836472107829, 1.95113916138273e-07, 1.44830668516308e-05, 1.95113916138273e-07, 2.08890683315669e-07, -1.44830668516308e-05, -4.94092796404948e-08, -3.39010546729341e-08, -9.40253170691956e-05, 
14136, 7, 3.55493523725287e-06, -0.0521747321832983, 3.55493523725046e-06, -1.64532190600806e-06, 0.0521747321832983, 1.09417366377765e-05, 6.6553421669465e-06, -0.00740286185940217, 3.3562015908696e-06, -0.0521892169431599, 3.35620159086676e-06, -1.85842804701306e-06, 0.0521892169431599, 1.09984658386294e-05, 6.6944203931364e-06, -0.00730881257435049, 1.9873364638555e-07, 1.44847598615415e-05, 1.98733646385553e-07, 2.13106141018419e-07, -1.44847598615415e-05, -5.67292007726368e-08, -3.90782262940008e-08, -9.40492850516854e-05, 
14137, 0, 3.93828033030308e-06, -0.0521738731989578, 3.93828033030003e-06, -1.57642720498882e-06, 0.0521738731989578, 1.13863968520071e-05, 7.02684297273853e-06, -0.00740242295353166, 3.73985092042246e-06, -0.0521883582435036, 3.73985092041963e-06, -1.79004218504158e-06, 0.0521883582435036, 1.14434345142698e-05, 7.06639484231359e-06, -0.00730837654829317, 1.98429409893029e-07, 1.44850445459251e-05, 1.98429409893031e-07, 2.1361498005175e-07, -1.44850445459251e-05, -5.70376622273415e-08, -3.95518697140131e-08, -9.40464052385091e-05, 
14137, 7, 3.58145581671735e-06, -0.0521740337636246, 3.58145581671429e-06, -2.26305540647778e-06, 0.0521740337636246, 1.12182752323335e-05, 5.77537184932971e-06, -0.00740288096304082, 3.38037997584846e-06, -0.0521885219179411, 3.38037997584563e-06, -2.47945094572011e-06, 0.0521885219179411, 1.12791498680203e-05, 5.81885654116388e-06, -0.00730881568606878, 2.01075840883853e-07, 1.44881543164002e-05, 2.01075840883853e-07, 2.16395539239605e-07, -1.44881543164002e-05, -6.08746357190201e-08, -4.34846917902286e-08, -9.40652769720491e-05, 
14138, 0, 3.90424823742759e-06, -0.0521726837117684, 3.90424823742475e-06, -2.51011480166336e-06, 0.0521726837117684, 1.17189829456331e-05, 5.76609155352477e-06, -0.00740227481649415, 3.70378008463315e-06, -0.0521871714712482, 3.70378008462988e-06, -2.72836350667382e-06, 0.0521871714712482, 1.17800675527754e-05, 5.81006197407076e-06, -0.0073082116362326, 2.00468152791669e-07, 1.44877594798033e-05, 2.00468152791666e-07, 2.18248705017802e-07, -1.44877594798033e-05, -6.10846071050274e-08, -4.39704204386762e-08, -9.40631802615099e-05, 
14138, 7, 3.6961932708373e-06, -0.0521725871109748, 3.69619327083425e-06, -3.06842838964577e-06, 0.0521725871109748, 1.15492606468009e-05, 4.18681623582081e-06, -0.0074025967856878, 3.49571718121599e-06, -0.052187076577569, 3.49571718121293e-06, -3.29070867557822e-06, 0.052187076577569, 1.16095432966349e-05, 4.23417009358051e-06, -0.00730851198216886, 2.00476089589632e-07, 1.44894665940795e-05, 2.00476089589627e-07, 2.22280285936227e-07, -1.44894665940795e-05, -6.02826497575422e-08, -4.73538576555126e-08, -9.40848035189507e-05, 
14139, 0, 3.89298717816615e-06, -0.0521709285740682, 3.89298717816287e-06, -3.61532796071903e-06, 0.0521709285740682, 1.19855108188599e-05, 3.78408933041273e-06, -0.00740186578695207, 3.69399930109377e-06, -0.052185417302034, 3.69399930109093e-06, -3.83693113492713e-06, 0.052185417302034, 1.20461809598056e-05, 3.83225142540337e-06, -0.007307781755288, 1.98987877066431e-07, 1.44887279660777e-05, 1.98987877066429e-07, 2.21603174194081e-07, -1.44887279660777e-05, -6.06701408964874e-08, -4.81620949555241e-08, -9.40840316640551e-05, 
14139, 7, 3.87000508875021e-06, -0.0521711045881167, 3.87000508874696e-06, -4.02310075820712e-06, 0.0521711045881167, 1.1770412410074e-05, 2.37148274833846e-06, -0.00740199119869226, 3.68303785013426e-06, -0.0521855967096215, 3.68303785013098e-06, -4.2473584003546e-06, 0.0521855967096215, 1.18276882817783e-05, 2.42358043694487e-06, -0.00730788458470818, 1.86967238634383e-07, 1.4492121504835e-05, 1.86967238634386e-07, 2.24257642145e-07, -1.4492121504835e-05, -5.72758717134579e-08, -5.20976886124323e-08, -9.41066139840782e-05, 
14140, 0, 3.94058047705124e-06, -0.0521694658502517, 3.94058047704797e-06, -4.76705891193203e-06, 0.0521694658502517, 1.20464171642552e-05, 1.69540377984341e-06, -0.00740123030516309, 3.75312121540792e-06, -0.0521839588137975, 3.75312121540443e-06, -4.99275812865341e-06, 0.0521839588137975, 1.21031820264193e-05, 1.74708815195266e-06, -0.00730712761513212, 1.87459261611733e-07, 1.44929635456282e-05, 1.87459261611733e-07, 2.25699216726954e-07, -1.44929635456282e-05, -5.67648621269837e-08, -5.16843720776579e-08, -9.41026900309607e-05, 
14140, 7, 4.05359414972972e-06, -0.0521702310703226, 4.05359414972645e-06, -5.03350710876385e-06, 0.0521702310703226, 1.17336517315154e-05, 5.6593119096701e-07, -0.00740124843888521, 3.8664455855912e-06, -0.0521847267248756, 3.86644558558835e-06, -5.2545351414033e-06, 0.0521847267248756, 1.1783958543403e-05, 6.14578330582496e-07, -0.00730713941913495, 1.87148564154357e-07, 1.44956545529505e-05, 1.87148564154356e-07, 2.21028032663737e-07, -1.44956545529505e-05, -5.03068118383877e-08, -4.86471397438592e-08, -9.41090197502854e-05, 
14141, 0, 4.01597564562156e-06, -0.052168861453698, 4.01597564561894e-06, -5.86451204974857e-06, 0.052168861453698, 1.17780192812457e-05, -3.06494590011947e-07, -0.00740057462692836, 3.82903931879952e-06, -0.0521833574964919, 3.82903931879624e-06, -6.08728296577907e-06, 0.0521833574964919, 1.18282146938279e-05, -2.57672242562923e-07, -0.00730646804264753, 1.86936326827464e-07, 1.44960427937648e-05, 1.86936326827458e-07, 2.22770916013567e-07, -1.44960427937648e-05, -5.01954126523464e-08, -4.88223474693038e-08, -9.41065842808313e-05, 
14141, 7, 4.12575416064075e-06, -0.0521703700604213, 4.12575416063725e-06, -6.0077358470989e-06, 0.0521703700604213, 1.12466694674133e-05, -1.25560214322134e-06, -0.00740061748769313, 3.93290905935488e-06, -0.0521848686926663, 3.93290905935225e-06, -6.23261448634794e-06, 0.0521848686926663, 1.12916402940113e-05, -1.21106485414239e-06, -0.00730651104111414, 1.92845101333893e-07, 1.4498632245121e-05, 1.92845101333893e-07, 2.24878639235864e-07, -1.4498632245121e-05, -4.4970826482795e-08, -4.45372890399182e-08, -9.41064465790048e-05, 
14142, 0, 4.00157790013161e-06, -0.0521695113471507, 4.00157790012856e-06, -6.81746206818258e-06, 0.0521695113471507, 1.10240303979482e-05, -2.25993352305787e-06, -0.00740012736470459, 3.81097885115855e-06, -0.0521840087573588, 3.81097885115528e-06, -7.04156238526815e-06, 0.0521840087573588, 1.10692369728128e-05, -2.21475968022162e-06, -0.00730602093898214, 1.90599048985031e-07, 1.44974102082677e-05, 1.90599048985038e-07, 2.24100317115601e-07, -1.44974102082677e-05, -4.52065747468229e-08, -4.5173842856974e-08, -9.41064257224635e-05, 
14142, 7, 3.96098479398594e-06, -0.0521718373466166, 3.96098479398288e-06, -6.9473897965494e-06, 0.0521718373466166, 1.02581121675279e-05, -3.11666428533411e-06, -0.0074003701501666, 3.78403131508577e-06, -0.0521863362262644, 3.78403131508249e-06, -7.17255724152129e-06, 0.0521863362262644, 1.03023256326703e-05, -3.07098172964931e-06, -0.0073062560015116, 1.76953478902362e-07, 1.44988796479048e-05, 1.76953478902359e-07, 2.25167444954175e-07, -1.44988796479048e-05, -4.42134650857012e-08, -4.56825557147024e-08, -9.41141486550046e-05, 
14143, 0, 3.77481011672712e-06, -0.0521716043327942, 3.77481011672364e-06, -7.63699039477547e-06, 0.0521716043327942, 9.79794283975431e-06, -4.15696103190979e-06, -0.00740013101658854, 3.59670393306441e-06, -0.0521861021071254, 3.59670393306123e-06, -7.86329565707772e-06, 0.0521861021071254, 9.84178665591508e-06, -4.11162568061959e-06, -0.00730601788633093, 1.78106183669867e-07, 1.44977743313821e-05, 1.78106183669871e-07, 2.26305262326808e-07, -1.44977743313821e-05, -4.38438161243844e-08, -4.53353511775293e-08, -9.41131302576315e-05, 
14143, 7, 3.52418390062394e-06, -0.0521747064963266, 3.52418390062068e-06, -7.86246686118415e-06, 0.0521747064963266, 8.97856556869972e-06, -4.75929845892855e-06, -0.00740067029871013, 3.35357827588416e-06, -0.0521892095734583, 3.35357827588144e-06, -8.08223465281728e-06, 0.0521892095734583, 9.01999221061115e-06, -4.71574466022298e-06, -0.00730655221427135, 1.70605624737932e-07, 1.45030771316056e-05, 1.7060562473793e-07, 2.19767791626556e-07, -1.45030771316056e-05, -4.14266419160538e-08, -4.35537987268045e-08, -9.41180844387509e-05, 
14144, 0, 3.29682515235033e-06, -0.0521750461972333, 3.29682515234771e-06, -8.36818668015673e-06, 0.0521750461972333, 8.40863277453828e-06, -5.67593113265887e-06, -0.00740066987895492, 3.12659740545572e-06, -0.0521895487134555, 3.126597405453e-06, -8.58802675425109e-06, 0.0521895487134555, 8.44992558385063e-06, -5.63234297691458e-06, -0.00730655373958768, 1.70227746856975e-07, 1.4502516222138e-05, 1.70227746856977e-07, 2.19840074105199e-07, -1.4502516222138e-05, -4.12928093370446e-08, -4.35881556950362e-08, -9.4116139367255e-05, 
14144, 7, 2.85581729754882e-06, -0.052178559345815, 2.85581729754555e-06, -8.74792186891715e-06, 0.052178559345815, 7.80454584955678e-06, -5.97808070984763e-06, -0.00740151496958353, 2.68860862255768e-06, -0.0521930608143364, 2.68860862255485e-06, -8.96158020922547e-06, 0.0521930608143364, 7.84440615688471e-06, -5.93805646318536e-06, -0.00730739888377005, 1.67208674982624e-07, 1.45014685210796e-05, 1.67208674982628e-07, 2.13658340293323e-07, -1.45014685210796e-05, -3.98603074989932e-08, -4.00242466657251e-08, -9.41160858134974e-05, 
14145, 0, 2.66305495061425e-06, -0.0521791997354239, 2.6630549506114e-06, -9.05382525274726e-06, 0.0521791997354239, 7.34299060876073e-06, -6.6614398858154e-06, -0.00740164268130953, 2.49787926428206e-06, -0.0521937002881829, 2.49787926427879e-06, -9.26739021156054e-06, 0.0521937002881829, 7.38338091861772e-06, -6.62065342846159e-06, -0.00730752916194625, 1.65175686321191e-07, 1.45005527591754e-05, 1.65175686321186e-07, 2.13564958813296e-07, -1.45005527591754e-05, -4.03903098487272e-08, -4.07864572759579e-08, -9.41135193632793e-05, 
14145, 7, 2.16255722982206e-06, -0.052182459320718, 2.16255722981835e-06, -9.60369776133111e-06, 0.052182459320718, 7.11828994597515e-06, -6.7591450284721e-06, -0.00740278095486551, 2.0100841760369e-06, -0.0521969516613244, 2.0100841760334e-06, -9.7996012754523e-06, 0.0521969516613244, 7.16176936781113e-06, -6.71599185636181e-06, -0.00730866557520038, 1.52473053803584e-07, 1.44923406064638e-05, 1.52473053803584e-07, 1.95903514110777e-07, -1.44923406064638e-05, -4.34794219447887e-08, -4.31531721126505e-08, -9.41153796651296e-05, 
14146, 0, 2.0887309310886e-06, -0.0521829727327573, 2.08873093108534e-06, -9.73959898115013e-06, 0.0521829727327573, 6.91675094878464e-06, -7.1572354488425e-06, -0.00740288946696197, 1.93577353972121e-06, -0.0521974641691087, 1.93577353971772e-06, -9.93670720707419e-06, 0.0521974641691088, 6.95993677730088e-06, -7.11412043740568e-06, -0.00730877676881507, 1.52957391410119e-07, 1.44914363514036e-05, 1.52957391410119e-07, 1.97108225918883e-07, -1.44914363514036e-05, -4.31858285603177e-08, -4.31150115678855e-08, -9.41126981468998e-05, 
14146, 7, 1.62509190741787e-06, -0.0521850917472616, 1.62509190741482e-06, -1.02873464846549e-05, 0.0521850917472616, 6.8842865384977e-06, -6.85500652203251e-06, -0.00740409673469613, 1.47947946653875e-06, -0.0521995744317401, 1.47947946653505e-06, -1.04755385129571e-05, 0.0521995744317401, 6.92670940346748e-06, -6.81163310235003e-06, -0.00730997307285329, 1.45612440867356e-07, 1.44826844784119e-05, 1.45612440867354e-07, 1.88192028301959e-07, -1.44826844784119e-05, -4.24228649825026e-08, -4.33734196696196e-08, -9.41236618428332e-05, 
14147, 0, 1.64131389776129e-06, -0.0521849488310889, 1.64131389775803e-06, -1.03065344758792e-05, 0.0521849488310889, 6.92191989735474e-06, -6.92835342440911e-06, -0.00740401654671751, 1.49632693743896e-06, -0.0521994314987899, 1.4963269374359e-06, -1.0495082792329e-05, 0.0521994314987899, 6.96420833102977e-06, -6.88529791694376e-06, -0.00730989502647242, 1.4498696027408e-07, 1.44826677012249e-05, 1.4498696027408e-07, 1.8854831643558e-07, -1.44826677012249e-05, -4.22884336300225e-08, -4.30555075336609e-08, -9.41215202450901e-05, 
14147, 7, 1.25333570034988e-06, -0.0521855011843608, 1.25333570034683e-06, -1.0659996721651e-05, 0.0521855011843608, 7.00317630995491e-06, -6.3883052924947e-06, -0.00740497065179205, 1.11934705978359e-06, -0.052199978430893, 1.11934705978053e-06, -1.08392369635098e-05, 0.052199978430893, 7.0479413139662e-06, -6.34223891032081e-06, -0.00731083602061792, 1.33988640588239e-07, 1.44772465322575e-05, 1.33988640588242e-07, 1.79240241849809e-07, -1.44772465322575e-05, -4.4765003957751e-08, -4.60663821715933e-08, -9.41346311741657e-05, 
14148, 0, 1.28866668612086e-06, -0.052184379022125, 1.28866668611792e-06, -1.06113405277737e-05, 0.052184379022125, 7.2271801090575e-06, -6.23952165480829e-06, -0.00740455407770917, 1.15528778262634e-06, -0.0521988557073012, 1.15528778262296e-06, -1.07901713049742e-05, 0.0521988557073012, 7.27209552619334e-06, -6.19330349725936e-06, -0.00731042018414053, 1.33378903487783e-07, 1.44766851762625e-05, 1.33378903487782e-07, 1.78830777186482e-07, -1.44766851762625e-05, -4.49154171469569e-08, -4.6218157434104e-08, -9.41338935686559e-05, 
14148, 7, 1.05228341517477e-06, -0.0521835581310807, 1.05228341517193e-06, -1.06484595800698e-05, 0.0521835581310807, 7.59025332198415e-06, -5.74013494004667e-06, -0.0074050114862369, 9.17062314255478e-07, -0.0521980382794771, 9.17062314252212e-07, -1.08314462922898e-05, 0.0521980382794771, 7.63892257631171e-06, -5.69706547103802e-06, -0.00731086861868357, 1.35221100895213e-07, 1.44801483964666e-05, 1.35221100895218e-07, 1.82986712244094e-07, -1.44801483964666e-05, -4.86692542851664e-08, -4.30694691026458e-08, -9.41428675533131e-05, 
14149, 0, 1.07697057586555e-06, -0.0521814367711745, 1.07697057586228e-06, -1.05837269191556e-05, 0.0521814367711745, 7.98916441715699e-06, -5.5297431475819e-06, -0.00740421056470475, 9.41529902235083e-07, -0.052195916899279, 9.41529902232122e-07, -1.07678145675207e-05, 0.052195916899279, 8.03776861794412e-06, -5.48668789712554e-06, -0.00731007013991273, 1.35440673644561e-07, 1.44801281044423e-05, 1.35440673644561e-07, 1.84087648412849e-07, -1.44801281044423e-05, -4.86042008392539e-08, -4.30552503771327e-08, -9.41404247920149e-05, 
14149, 7, 9.96728853404498e-07, -0.0521798049252999, 9.96728853401226e-07, -1.03832599983319e-05, 0.0521798049253, 8.52791953980032e-06, -5.25964267598628e-06, -0.00740407509567406, 8.74166721041058e-07, -0.0521942914623549, 8.74166721038002e-07, -1.05528705230812e-05, 0.0521942914623549, 8.57759161375202e-06, -5.21815286073625e-06, -0.00730991839568336, 1.225621323336e-07, 1.44865370554875e-05, 1.22562132333602e-07, 1.6961052474942e-07, -1.44865370554875e-05, -4.9672073874132e-08, -4.14898151638506e-08, -9.41566999907233e-05, 
14150, 0, 1.00271779172504e-06, -0.0521769709905101, 1.00271779172177e-06, -1.03560850056493e-05, 0.0521769709905101, 9.02580883218796e-06, -5.14289754909126e-06, -0.00740296406405285, 8.80051584378e-07, -0.0521914575779709, 8.80051584374287e-07, -1.0526283091045e-05, 0.0521914575779709, 9.07509126742266e-06, -5.10179615170284e-06, -0.00730880943414199, 1.22666207340398e-07, 1.4486587460919e-05, 1.22666207340394e-07, 1.70198085398409e-07, -1.4486587460919e-05, -4.9282435212891e-08, -4.11013972973511e-08, -9.4154629910852e-05, 
14150, 7, 1.01986145541289e-06, -0.052175479490577, 1.01986145540897e-06, -1.0075764489402e-05, 0.052175479490577, 9.58683509122781e-06, -5.21748939704473e-06, -0.00740242326666754, 9.05307628709745e-07, -0.0521899745873845, 9.0530762870669e-07, -1.02456942957772e-05, 0.0521899745873845, 9.63160866870287e-06, -5.17837957581321e-06, -0.00730826692797553, 1.14553826694742e-07, 1.44950968072496e-05, 1.14553826694747e-07, 1.6992980636461e-07, -1.44950968072496e-05, -4.47735774242365e-08, -3.91098211441239e-08, -9.41563386920149e-05, 
14151, 0, 1.00376813704096e-06, -0.052172422420892, 1.00376813703779e-06, -1.01076076916366e-05, 0.052172422420892, 1.01134183560673e-05, -5.29642206551634e-06, -0.0074012075431461, 8.88872710460208e-07, -0.0521869176004647, 8.88872710456502e-07, -1.02776238638005e-05, 0.0521869176004648, 1.01579363851882e-05, -5.25760064641608e-06, -0.0073070533896224, 1.14895426580498e-07, 1.44951795727318e-05, 1.14895426580499e-07, 1.70016172162263e-07, -1.44951795727318e-05, -4.45180291067761e-08, -3.88214190210445e-08, -9.41541535236624e-05, 
14151, 7, 9.63561445043386e-07, -0.0521718428511963, 9.63561445040106e-07, -9.94461628339222e-06, 0.0521718428511963, 1.05451965196991e-05, -5.66871868919093e-06, -0.00740063883917177, 8.53935440414818e-07, -0.0521863447431376, 8.53935440411769e-07, -1.01170514600055e-05, 0.0521863447431376, 1.05871951820535e-05, -5.62863139294376e-06, -0.00730648889984748, 1.09626004630486e-07, 1.45018919412318e-05, 1.09626004630489e-07, 1.72435176636059e-07, -1.45018919412318e-05, -4.19986623373329e-08, -4.00872962653989e-08, -9.41499393242954e-05, 
14152, 0, 9.34412687688116e-07, -0.0521690704486417, 9.34412687685168e-07, -1.00190967643276e-05, 0.0521690704486417, 1.10493021272912e-05, -5.93613425653232e-06, -0.00739957802255362, 8.24919879751266e-07, -0.052183571959607, 8.2491987974907e-07, -1.01920688921445e-05, 0.052183571959607, 1.10910475457374e-05, -5.896242380448e-06, -0.00730542971853994, 1.09492807987264e-07, 1.45015109656578e-05, 1.09492807987264e-07, 1.72972127809143e-07, -1.45015109656578e-05, -4.17454183463449e-08, -3.98918761144927e-08, -9.41483040137128e-05, 
14152, 7, 7.73591495516545e-07, -0.0521697844402428, 7.73591495513062e-07, -1.01020233970633e-05, 0.0521697844402428, 1.11821179245974e-05, -6.45461916845528e-06, -0.00739922593697091, 6.64440484969863e-07, -0.0521842936661563, 6.64440484966814e-07, -1.02736369503522e-05, 0.0521842936661564, 1.12247653118571e-05, -6.41200067313827e-06, -0.007305071275776, 1.09151010527782e-07, 1.45092259136689e-05, 1.09151010527782e-07, 1.71613553260186e-07, -1.45092259136689e-05, -4.26473871665772e-08, -4.26184952955953e-08, -9.41546611948713e-05, 
14153, 0, 7.66909336088449e-07, -0.0521677080644564, 7.66909336084525e-07, -1.02035768499648e-05, 0.0521677080644564, 1.16143246286356e-05, -6.81453803225546e-06, -0.00739848278348918, 6.57977124055862e-07, -0.0521822169753808, 6.57977124052589e-07, -1.03756257418799e-05, 0.0521822169753808, 1.16569454931975e-05, -6.7719380306885e-06, -0.00730433007044131, 1.08932212044202e-07, 1.45089109243499e-05, 1.08932212044203e-07, 1.72048891921725e-07, -1.45089109243499e-05, -4.26208644316486e-08, -4.26000014702229e-08, -9.41527130478658e-05, 
14153, 7, 5.74108732810223e-07, -0.052169776235083, 5.74108732806402e-07, -1.05058223794235e-05, 0.052169776235083, 1.14328991263253e-05, -7.25104989876932e-06, -0.00739845479183325, 4.72816433198046e-07, -0.0521842896251317, 4.72816433194874e-07, -1.06722441930745e-05, 0.0521842896251317, 1.14788188559637e-05, -7.20749284440765e-06, -0.00730431262035928, 1.01292299629826e-07, 1.45133900488021e-05, 1.01292299629831e-07, 1.66421813668039e-07, -1.45133900488021e-05, -4.59197296112581e-08, -4.35570543864984e-08, -9.41421714739577e-05, 
14154, 0, 6.16384125148772e-07, -0.0521685591135632, 6.16384125145173e-07, -1.05800142777109e-05, 0.0521685591135632, 1.17683497236251e-05, -7.5515439157318e-06, -0.00739807621453713, 5.1443017680226e-07, -0.0521830720278474, 5.14430176798778e-07, -1.07479970089551e-05, 0.0521830720278474, 1.18139951354955e-05, -7.50823907310251e-06, -0.00730393580707531, 1.01953948328115e-07, 1.45129142842665e-05, 1.01953948328116e-07, 1.67982731241487e-07, -1.45129142842665e-05, -4.56454119155004e-08, -4.3304842625651e-08, -9.4140407461824e-05, 
14154, 7, 5.25666792889077e-07, -0.0521715924253657, 5.25666792885472e-07, -1.09304161091725e-05, 0.0521715924253657, 1.15042499488185e-05, -7.60642266800962e-06, -0.00739845581006424, 4.24325289122427e-07, -0.0521861026089768, 4.24325289119046e-07, -1.11018677374546e-05, 0.0521861026089768, 1.15566471955379e-05, -7.56150024188943e-06, -0.00730433105344446, 1.01341503796939e-07, 1.45101836110715e-05, 1.01341503796939e-07, 1.71451628279763e-07, -1.45101836110715e-05, -5.23972466624899e-08, -4.49224261137866e-08, -9.41247566197853e-05, 
14155, 0, 5.89067518711695e-07, -0.0521711256693669, 5.89067518707995e-07, -1.08874545822375e-05, 0.0521711256693669, 1.17755367948317e-05, -7.67036212281707e-06, -0.00739840854451986, 4.87989184023859e-07, -0.0521856348584802, 4.87989184020688e-07, -1.10592332259385e-05, 0.0521856348584802, 1.18279703930074e-05, -7.62525793359787e-06, -0.00730428465526726, 1.01078334717124e-07, 1.45091891129135e-05, 1.01078334717124e-07, 1.71778643695306e-07, -1.45091891129135e-05, -5.24335979679343e-08, -4.51041890950884e-08, -9.4123889252596e-05, 
14155, 7, 6.16521191983194e-07, -0.0521745552059626, 6.16521191979596e-07, -1.11825131190047e-05, 0.0521745552059626, 1.16971600410236e-05, -7.14417307808421e-06, -0.0073991408467358, 5.2057950240655e-07, -0.0521890594923986, 5.20579502402843e-07, -1.13486546551486e-05, 0.0521890594923986, 1.17541794848657e-05, -7.09883472007457e-06, -0.00730502360844807, 9.59416895613637e-08, 1.45042864361556e-05, 9.59416895613637e-08, 1.66141536165435e-07, -1.45042864361556e-05, -5.70194438255836e-08, -4.53383579828904e-08, -9.41172382877373e-05, 
14156, 0, 6.49182014936866e-07, -0.0521746081676189, 6.49182014933911e-07, -1.0967334271552e-05, 0.0521746081676189, 1.19748169335634e-05, -6.83405463743428e-06, -0.00739931316460406, 5.54158065606473e-07, -0.0521891111009944, 5.54158065603309e-07, -1.11327659305955e-05, 0.0521891111009944, 1.20320433850743e-05, -6.78854266747074e-06, -0.00730519627112603, 9.50239493096985e-08, 1.45029333753695e-05, 9.50239493096968e-08, 1.65431659056844e-07, -1.45029333753695e-05, -5.72264514905788e-08, -4.55119700614595e-08, -9.4116893478041e-05, 
14156, 7, 8.24995425905643e-07, -0.0521779873319763, 8.24995425902593e-07, -1.11280914771124e-05, 0.0521779873319763, 1.22247391007716e-05, -5.85152745533683e-06, -0.00740020659856738, 7.29455430257389e-07, -0.0521924791128349, 7.29455430254116e-07, -1.12879889277271e-05, 0.0521924791128349, 1.22799483232881e-05, -5.80935495621778e-06, -0.00730610157498968, 9.5539995624328e-08, 1.44917808585371e-05, 9.5539995624328e-08, 1.59897450599334e-07, -1.44917808585371e-05, -5.52092225337237e-08, -4.21724992114038e-08, -9.41050235777353e-05, 
14157, 0, 8.27070386901362e-07, -0.0521783189866524, 8.27070386897323e-07, -1.07421301154876e-05, 0.0521783189866524, 1.25616095788391e-05, -5.137921887523e-06, -0.00740045293565839, 7.33498925366779e-07, -0.0521928085444255, 7.33498925363181e-07, -1.09004140369215e-05, 0.0521928085444255, 1.26172644983027e-05, -5.0949893853933e-06, -0.0073063466838576, 9.35714615237231e-08, 1.44895577728445e-05, 9.35714615237215e-08, 1.58283921404835e-07, -1.44895577728445e-05, -5.565491953295e-08, -4.29325021009864e-08, -9.41062518007858e-05, 
14157, 7, 1.16032709947035e-06, -0.0521813533226337, 1.16032709946685e-06, -1.07068183985781e-05, 0.0521813533226337, 1.31287611622555e-05, -4.09835431972592e-06, -0.00740140440829369, 1.06760485666016e-06, -0.0521958385232513, 1.06760485665668e-06, -1.0860779954033e-05, 0.0521958385232513, 1.31805075336859e-05, -4.05544859328233e-06, -0.00730729561774636, 9.27222427708958e-08, 1.44852006173745e-05, 9.27222427708958e-08, 1.53961555476527e-07, -1.44852006173745e-05, -5.174637148173e-08, -4.29057264256563e-08, -9.4108790547353e-05, 
14158, 0, 1.19754667327115e-06, -0.052181784321611, 1.19754667326831e-06, -1.02258229587572e-05, 0.052181784321611, 1.35378605890157e-05, -3.1390513804761e-06, -0.00740164256217078, 1.10292314886118e-06, -0.0521962678472934, 1.10292314885757e-06, -1.03803056186541e-05, 0.0521962678472935, 1.35886962852999e-05, -3.0971122324413e-06, -0.00730753496644933, 9.46235243956015e-08, 1.44835256822309e-05, 9.46235243956013e-08, 1.54482659880305e-07, -1.44835256822309e-05, -5.08356963090809e-08, -4.19391481421098e-08, -9.41075957214662e-05, 
14158, 7, 1.51674443668924e-06, -0.0521842221030093, 1.51674443668597e-06, -1.00273725554169e-05, 0.0521842221030093, 1.41487608323254e-05, -2.48656347310751e-06, -0.00740249937473013, 1.42860046881071e-06, -0.0521987033666908, 1.42860046880776e-06, -1.01884945034058e-05, 0.0521987033666908, 1.4193439133792e-05, -2.4421236161315e-06, -0.00730839675655895, 8.81439678306994e-08, 1.44812636816779e-05, 8.81439678306977e-08, 1.61121947976873e-07, -1.44812636816779e-05, -4.46783015559643e-08, -4.44398570488797e-08, -9.41026181712135e-05, 
14159, 0, 1.60198457853689e-06, -0.0521845993610625, 1.60198457853384e-06, -9.58685069035894e-06, 0.0521845993610625, 1.45493571908128e-05, -1.57634950642951e-06, -0.00740267378393434, 1.51216873495507e-06, -0.0521990797212886, 1.51216873495159e-06, -9.74843430107174e-06, 0.0521990797212886, 1.45933163826006e-05, -1.53247945119892e-06, -0.00730857242675086, 8.98158435797143e-08, 1.44803602260747e-05, 8.98158435797192e-08, 1.61583610705174e-07, -1.44803602260747e-05, -4.39591917734803e-08, -4.38700551967365e-08, -9.41013571835089e-05, 
14159, 7, 1.59530257454856e-06, -0.0521863663999081, 1.59530257454485e-06, -9.40062656057031e-06, 0.0521863663999081, 1.46971768814927e-05, -1.57539913735531e-06, -0.0074033513003387, 1.50385528968613e-06, -0.0522008436137965, 1.50385528968296e-06, -9.56163779701833e-06, 0.0522008436137965, 1.47400215399699e-05, -1.52720304547474e-06, -0.00730924224555289, 9.14472848686894e-08, 1.44772138881768e-05, 9.14472848686893e-08, 1.61011236473272e-07, -1.44772138881768e-05, -4.28446584716553e-08, -4.81960919811799e-08, -9.41090547858147e-05, 
14160, 0, 1.66137927541362e-06, -0.0521866069965303, 1.66137927541023e-06, -9.142254439365e-06, 0.0521866069965303, 1.49442954254183e-05, -9.85712070239656e-07, -0.00740341564904059, 1.57123510814755e-06, -0.0522010829233907, 1.57123510814395e-06, -9.30326097014725e-06, 0.0522010829233907, 1.49876026793004e-05, -9.36818849400181e-07, -0.00730930741173446, 9.01441672177873e-08, 1.44759268604479e-05, 9.01441672177891e-08, 1.61006530806568e-07, -1.44759268604479e-05, -4.33072539538975e-08, -4.88932208720789e-08, -9.41082373060678e-05, 
14160, 7, 1.17400367833705e-06, -0.0521878843802878, 1.17400367833356e-06, -9.10461044625598e-06, 0.0521878843802878, 1.44522304898611e-05, -1.51407620036756e-06, -0.00740395829869545, 1.08403213815328e-06, -0.0522023634864519, 1.08403213815034e-06, -9.26426866877153e-06, 0.0522023634864519, 1.44981446074379e-05, -1.46317879176892e-06, -0.00730984705023277, 8.99715401755313e-08, 1.44791061639837e-05, 8.99715401755364e-08, 1.5965822253228e-07, -1.44791061639837e-05, -4.59141175339794e-08, -5.08974086151895e-08, -9.41112484626743e-05, 
14161, 0, 1.15545243690941e-06, -0.0521879500910351, 1.1554524369057e-06, -9.12377546974035e-06, 0.0521879500910351, 1.449616999811e-05, -1.3293490780133e-06, -0.00740391988335589, 1.06604474412663e-06, -0.052202429054391, 1.06604474412336e-06, -9.28324525319996e-06, 0.052202429054391, 1.45420797758106e-05, -1.27828092810806e-06, -0.0073098101185609, 8.94076927470732e-08, 1.44789633563509e-05, 8.94076927470716e-08, 1.59469783457947e-07, -1.44789633563509e-05, -4.5909777750674e-08, -5.10681498911892e-08, -9.4109764795012e-05, 
14161, 7, 3.82224898091086e-07, -0.0521889112894785, 3.82224898087481e-07, -9.17210535503943e-06, 0.0521889112894785, 1.38703978598852e-05, -1.91578367435858e-06, -0.00740446517327778, 2.99195371915779e-07, -0.0522033966200965, 2.99195371912404e-07, -9.33774178974924e-06, 0.0522033966200965, 1.39217630767451e-05, -1.86153078987355e-06, -0.00731035553216825, 8.30295261860701e-08, 1.44853306178232e-05, 8.30295261860669e-08, 1.65636434729046e-07, -1.44853306178232e-05, -5.13652168500668e-08, -5.42528844998697e-08, -9.41096411095576e-05, 
14162, 0, 2.95754659019682e-07, -0.0521887018938667, 2.95754659016409e-07, -9.4211545779458e-06, 0.0521887018938667, 1.38692588096395e-05, -2.00275995811952e-06, -0.00740432547989998, 2.13250751244791e-07, -0.0522031854948997, 2.13250751241301e-07, -9.58539607412618e-06, 0.0522031854948997, 1.39208051598831e-05, -1.9481354105282e-06, -0.00731021567270555, 8.25039077613493e-08, 1.44836010329815e-05, 8.25039077613424e-08, 1.6424149618494e-07, -1.44836010329815e-05, -5.15463504199514e-08, -5.46245475919089e-08, -9.41098071944403e-05, 
14162, 7, -3.79944415744539e-07, -0.0521892107633186, -3.79944415747703e-07, -9.41880149835914e-06, 0.0521892107633186, 1.39344322817275e-05, -2.22320598756894e-06, -0.00740482833292596, -4.60986585754847e-07, -0.0522036946123178, -4.60986585758445e-07, -9.58504981825881e-06, 0.0522036946123178, 1.39923336231236e-05, -2.16628802227197e-06, -0.00731072053945371, 8.10421700347176e-08, 1.44838489992908e-05, 8.10421700347126e-08, 1.66248319915661e-07, -1.44838489992908e-05, -5.79013414036825e-08, -5.69179654362385e-08, -9.41077934722528e-05, 
14163, 0, -4.23594371553521e-07, -0.0521885904247479, -4.23594371557235e-07, -9.73422762832177e-06, 0.0521885904247479, 1.41928152105705e-05, -2.38148558576471e-06, -0.0074045090463482, -5.03663907577287e-07, -0.0522030734617969, -5.03663907580451e-07, -9.90034201582717e-06, 0.0522030734617969, 1.42507725325861e-05, -2.32412645291312e-06, -0.00731040265212575, 8.00695360459798e-08, 1.4483037048897e-05, 8.00695360459799e-08, 1.66114387492363e-07, -1.4483037048897e-05, -5.79573218945318e-08, -5.73591328078589e-08, -9.41063942224526e-05, 
14163, 7, -7.14665728066671e-07, -0.0521886120533681, -7.14665728069734e-07, -9.6131638738202e-06, 0.0521886120533681, 1.53536024716761e-05, -2.09934829676657e-06, -0.0074048304925998, -7.91228496130958e-07, -0.0522030961661004, -7.91228496134014e-07, -9.77844636842075e-06, 0.0522030961661004, 1.54107620177504e-05, -2.04245492419498e-06, -0.00731072673677905, 7.65627680802908e-08, 1.44841127323865e-05, 7.65627680802943e-08, 1.65282494602764e-07, -1.44841127323865e-05, -5.71595460521718e-08, -5.68933725618697e-08, -9.41037558207404e-05, 
14164, 0, -5.86862110854978e-07, -0.0521876082314149, -5.86862110858901e-07, -9.83482025108716e-06, 0.0521876082314149, 1.60838666333138e-05, -2.18779275227134e-06, -0.00740429458456619, -6.62715954169676e-07, -0.0522020916815621, -6.627159541736e-07, -1.00007684423956e-05, 0.0522020916815622, 1.61408142025584e-05, -2.13083781052917e-06, -0.00731019261399074, 7.58538433396269e-08, 1.44834501472554e-05, 7.58538433396303e-08, 1.6594819129198e-07, -1.44834501472554e-05, -5.69475693623612e-08, -5.69549418378829e-08, -9.41019705754256e-05, 
14164, 7, -4.09251623431496e-07, -0.0521875002170185, -4.09251623434769e-07, -9.60602013471026e-06, 0.0521875002170185, 1.79366182589586e-05, -1.67325272917317e-06, -0.00740445272741021, -4.78445530819097e-07, -0.0522019873771348, -4.78445530823013e-07, -9.77028340448816e-06, 0.0522019873771348, 1.79885568460547e-05, -1.62104837050019e-06, -0.00731034834013244, 6.91939073948753e-08, 1.44871601159507e-05, 6.91939073948703e-08, 1.64263269793913e-07, -1.44871601159507e-05, -5.19385870850532e-08, -5.22043586210969e-08, -9.41043872777801e-05, 
14165, 0, -6.17246136659493e-08, -0.0521863514202577, -6.17246136693305e-08, -9.6632596226469e-06, 0.0521863514202577, 1.90732124468124e-05, -1.69375585540158e-06, -0.00740378092771283, -1.30377182620304e-07, -0.0522008381787676, -1.3037718262336e-07, -9.82821651364502e-06, 0.0522008381787676, 1.91247959469681e-05, -1.64164477149784e-06, -0.00730967879994189, 6.86525689242549e-08, 1.44867585098476e-05, 6.86525689242549e-08, 1.64956890981451e-07, -1.44867585098476e-05, -5.15835000169051e-08, -5.21110838715531e-08, -9.41021277709594e-05, 
14165, 7, 4.5840143352426e-07, -0.0521865679967014, 4.58401433520981e-07, -9.43158337271085e-06, 0.0521865679967014, 2.07242041930443e-05, -1.37908144423476e-06, -0.00740386366420602, 3.92844062783918e-07, -0.0522010591889449, 3.92844062780428e-07, -9.59489599187001e-06, 0.0522010591889449, 2.07698089931229e-05, -1.33237063100741e-06, -0.00730975886367246, 6.55573707683491e-08, 1.44911922436325e-05, 6.55573707683524e-08, 1.63312619169525e-07, -1.44911922436325e-05, -4.56047999900653e-08, -4.67108131865931e-08, -9.41048005335862e-05, 
14166, 0, 9.42235029954282e-07, -0.0521855738225546, 9.42235029950576e-07, -9.36016513047841e-06, 0.0521855738225546, 2.1929000752051e-05, -1.42360577110638e-06, -0.00740320365733976, 8.77638073770115e-07, -0.0522000645246164, 8.77638073766619e-07, -9.52361083079434e-06, 0.0522000645246164, 2.1974646365115e-05, -1.37658828821061e-06, -0.00730910026242918, 6.45969562116836e-08, 1.4490702061878e-05, 6.45969562116852e-08, 1.6344570030697e-07, -1.4490702061878e-05, -4.56456130686342e-08, -4.70174829722228e-08, -9.41033949105689e-05, 
14166, 7, 1.48135018777903e-06, -0.0521863978039923, 1.48135018777554e-06, -9.29065251655798e-06, 0.0521863978039923, 2.25413007196088e-05, -1.4079045117967e-06, -0.00740325536378855, 1.41567052787914e-06, -0.0522008870893063, 1.41567052787522e-06, -9.45638386647044e-06, 0.0522008870893063, 2.25817951697745e-05, -1.36263215423681e-06, -0.0073091564929228, 6.56796599016221e-08, 1.44892853140581e-05, 6.56796599016188e-08, 1.65731349913237e-07, -1.44892853140581e-05, -4.0494450263493e-08, -4.52723575225523e-08, -9.4098870865763e-05, 
14167, 0, 1.90589584482755e-06, -0.052185785285245, 1.90589584482417e-06, -9.18136988116184e-06, 0.052185785285245, 2.34069036879901e-05, -1.50755840811329e-06, -0.00740271303385289, 1.84137733543613e-06, -0.0522002740216849, 1.84137733543209e-06, -9.34736540637188e-06, 0.052200274021685, 2.34475728603203e-05, -1.46186546240586e-06, -0.00730861607934032, 6.45185093854963e-08, 1.44887364400937e-05, 6.45185093855013e-08, 1.65995525179769e-07, -1.44887364400937e-05, -4.06691722431397e-08, -4.56929457284438e-08, -9.40969545125542e-05, 
14167, 7, 2.12568752234609e-06, -0.052187210486188, 2.1256875223426e-06, -9.30552876389055e-06, 0.052187210486188, 2.28112370350508e-05, -1.56773041258897e-06, -0.00740281274881018, 2.06486480089647e-06, -0.0522017035887823, 2.06486480089298e-06, -9.46528699851841e-06, 0.0522017035887823, 2.2855442666545e-05, -1.52274487777333e-06, -0.00730871661854876, 6.08227214360758e-08, 1.44931025944092e-05, 6.08227214360841e-08, 1.5975823464942e-07, -1.44931025944092e-05, -4.42056315845639e-08, -4.49855348330397e-08, -9.40961302614236e-05, 
14168, 0, 2.29950148159923e-06, -0.0521871011013936, 2.29950148159585e-06, -9.2257670151791e-06, 0.0521871011013936, 2.31598347225375e-05, -1.67462984455336e-06, -0.00740241896625239, 2.24002937485112e-06, -0.0522015938069758, 2.24002937484731e-06, -9.38522596873309e-06, 0.0522015938069758, 2.32041553805261e-05, -1.62939423426068e-06, -0.00730832519105192, 5.94721067541781e-08, 1.44927055821949e-05, 5.94721067541714e-08, 1.59458953571244e-07, -1.44927055821949e-05, -4.43206580232509e-08, -4.52356103188202e-08, -9.40937752004685e-05, 
14168, 7, 2.16466989189029e-06, -0.0521890696792652, 2.16466989188626e-06, -9.36658623769281e-06, 0.0521890696792652, 2.20315190906161e-05, -1.61826625385872e-06, -0.00740267255043358, 2.10597338800269e-06, -0.0522035659105876, 2.1059733879992e-06, -9.52360488519197e-06, 0.0522035659105876, 2.20798910770246e-05, -1.57387681844031e-06, -0.00730859360708939, 5.86965038884012e-08, 1.44962313225209e-05, 5.86965038883978e-08, 1.5701864748211e-07, -1.44962313225208e-05, -4.83719862607891e-08, -4.4389435253399e-08, -9.40789433441709e-05, 
14169, 0, 2.0413467300088e-06, -0.0521894521714184, 2.04134673000498e-06, -9.33029817392301e-06, 0.0521894521714184, 2.20280826596238e-05, -1.67829078402971e-06, -0.00740240043392487, 1.98475499865501e-06, -0.0522039468297423, 1.98475499865141e-06, -9.48777480295354e-06, 0.0522039468297423, 2.20771298803277e-05, -1.63313019336558e-06, -0.00730832250066365, 5.65917313445524e-08, 1.44946583236971e-05, 5.65917313445541e-08, 1.57476628983718e-07, -1.44946583236971e-05, -4.90472205461531e-08, -4.51605908125458e-08, -9.40779332612266e-05, 
14169, 7, 1.83205095998877e-06, -0.052191816014484, 1.83205095998528e-06, -9.40487607179591e-06, 0.052191816014484, 2.12498844629948e-05, -1.50608066866687e-06, -0.00740302339609108, 1.779105226377e-06, -0.0522063059889639, 1.77910522637306e-06, -9.56761563422248e-06, 0.0522063059889639, 2.12998644316024e-05, -1.46324939487853e-06, -0.00730895507170568, 5.2945733613679e-08, 1.44899744800892e-05, 5.29457336136739e-08, 1.62739562444958e-07, -1.44899744800892e-05, -4.99799685147303e-08, -4.28312738441461e-08, -9.40683243854066e-05, 
14170, 0, 1.5419192821975e-06, -0.0521925341120702, 1.54191928219422e-06, -9.41138263226345e-06, 0.0521925341120702, 2.12221167958954e-05, -1.49784768422528e-06, -0.00740284885731208, 1.49009575399191e-06, -0.0522070237343698, 1.49009575398875e-06, -9.57434258541639e-06, 0.0522070237343698, 2.12721659665719e-05, -1.45488436782063e-06, -0.00730878239926454, 5.18235281879273e-08, 1.44896222994602e-05, 5.18235281879308e-08, 1.62959953164712e-07, -1.44896222994602e-05, -5.00491706333957e-08, -4.29633164651916e-08, -9.40664580475005e-05, 
14170, 7, 1.52971132418309e-06, -0.0521949598738951, 1.52971132417896e-06, -9.50076935814325e-06, 0.0521949598738951, 2.11986598927157e-05, -1.39090742651445e-06, -0.00740381523289282, 1.48802322499837e-06, -0.0522094417512982, 1.48802322499466e-06, -9.66287918473206e-06, 0.0522094417512982, 2.12459168156721e-05, -1.35056974935802e-06, -0.00730975525829599, 4.16880991872269e-08, 1.44818774030872e-05, 4.16880991872285e-08, 1.6210982660369e-07, -1.44818774030872e-05, -4.72569229145833e-08, -4.03376772358323e-08, -9.40599745968413e-05, 
14171, 0, 1.2507493306781e-06, -0.0521957604484398, 1.25074933067386e-06, -9.53497295919903e-06, 0.0521957604484398, 2.1363209785837e-05, -1.35254703382803e-06, -0.0074037063662843, 1.20988545452668e-06, -0.0522102417561481, 1.20988545452276e-06, -9.69710839750744e-06, 0.0522102417561481, 2.14105985937523e-05, -1.31201326036647e-06, -0.00730964785313844, 4.08638761146238e-08, 1.44813077084126e-05, 4.08638761146238e-08, 1.6213543832804e-07, -1.44813077084126e-05, -4.73888078298459e-08, -4.05337734744637e-08, -9.40585131458526e-05, 
14171, 7, 1.50319543719122e-06, -0.0521979441073218, 1.50319543718762e-06, -9.68035007350101e-06, 0.0521979441073218, 2.1849563915306e-05, -1.4173924419643e-06, -0.00740470429265412, 1.46753316852339e-06, -0.0522124131171039, 1.46753316852001e-06, -9.83612690514888e-06, 0.0522124131171039, 2.18894138062799e-05, -1.38132045089063e-06, -0.00731065182173506, 3.56622686947847e-08, 1.4469009782175e-05, 3.56622686947864e-08, 1.55776831634049e-07, -1.4469009782175e-05, -3.98498910216189e-08, -3.6071990928658e-08, -9.40524709190604e-05, 
14172, 0, 1.32041448294533e-06, -0.0521985863566936, 1.32041448294228e-06, -9.73957103483159e-06, 0.0521985863566936, 2.21676929664514e-05, -1.39340992277253e-06, -0.00740458587541279, 1.28544642494631e-06, -0.0522130548715366, 1.28544642494249e-06, -9.8957054722868e-06, 0.0522130548715366, 2.22075746950878e-05, -1.3570744861424e-06, -0.00731053510829235, 3.49680579484817e-08, 1.44685148429499e-05, 3.49680579484801e-08, 1.56134437465717e-07, -1.44685148429499e-05, -3.98817286236218e-08, -3.63354365494071e-08, -9.40507671204052e-05, 
14172, 7, 1.64296885456389e-06, -0.0522001201723485, 1.64296885456008e-06, -9.87475070795017e-06, 0.0522001201723485, 2.24223383541075e-05, -1.6105291171481e-06, -0.00740530958658559, 1.61487359412959e-06, -0.0522145776663002, 1.6148735941261e-06, -1.00291657901462e-05, 0.0522145776663002, 2.24538100479248e-05, -1.57552159108685e-06, -0.0073112615667304, 2.8095260434625e-08, 1.44574939518672e-05, 2.809526043463e-08, 1.54415082194096e-07, -1.44574939518672e-05, -3.14716938517193e-08, -3.500752610512e-08, -9.40480198551586e-05, 
14173, 0, 1.49684740974746e-06, -0.0522003741419944, 1.49684740974428e-06, -9.95933921510657e-06, 0.0522003741419944, 2.25920767826235e-05, -1.64022724842104e-06, -0.00740510248693949, 1.46719933104049e-06, -0.0522148304977158, 1.46719933103699e-06, -1.01144741702248e-05, 0.0522148304977158, 2.26229021439932e-05, -1.6057410454433e-06, -0.00731105565204977, 2.96480787472965e-08, 1.44563557213904e-05, 2.96480787472965e-08, 1.55134955130461e-07, -1.44563557213904e-05, -3.08253613997376e-08, -3.44862029412236e-08, -9.40468348897249e-05, 
14173, 7, 1.55941309836799e-06, -0.0522010107316644, 1.55941309836494e-06, -1.00265886076619e-05, 0.0522010107316644, 2.19352497316183e-05, -1.94973608552462e-06, -0.00740536978663633, 1.53068028573175e-06, -0.0522154600208029, 1.53068028572849e-06, -1.01779909949903e-05, 0.0522154600208029, 2.19627949359584e-05, -1.91491699914037e-06, -0.00731133089662392, 2.87328126477831e-08, 1.44492891384638e-05, 2.87328126477781e-08, 1.51402387334467e-07, -1.44492891384638e-05, -2.75452044583457e-08, -3.48190863616148e-08, -9.40388900124295e-05, 
14174, 0, 1.30166437778189e-06, -0.0522007829243179, 1.30166437777817e-06, -1.01565963532737e-05, 0.0522007829243179, 2.16184763638627e-05, -2.07107239021068e-06, -0.00740503001432892, 1.27254662935965e-06, -0.0522152316615725, 1.27254662935627e-06, -1.03079722777943e-05, 0.0522152316615725, 2.16459123469231e-05, -2.03621497861701e-06, -0.00731099236794261, 2.91177483927833e-08, 1.44487372546207e-05, 2.91177483927869e-08, 1.51375924553682e-07, -1.44487372546207e-05, -2.74359831404638e-08, -3.48574116186524e-08, -9.4037646386318e-05, 
14174, 7, 8.98894531438531e-07, -0.0522006022756132, 8.98894531434937e-07, -1.01257555572827e-05, 0.0522006022756133, 2.00306701068211e-05, -2.40434891760674e-06, -0.00740484077098388, 8.75095585391344e-07, -0.0522150496691575, 8.75095585387424e-07, -1.02741511753813e-05, 0.0522150496691575, 2.00609125589045e-05, -2.3693259192499e-06, -0.00731080143220344, 2.37989460571737e-08, 1.44473935444668e-05, 2.37989460571721e-08, 1.48395618063139e-07, -1.44473935444668e-05, -3.02424521289999e-08, -3.50229983287638e-08, -9.40393387804354e-05, 
14175, 0, 4.27974817335924e-07, -0.0521999826604426, 4.27974817332103e-07, -1.03069074587708e-05, 0.0521999826604426, 1.91373463035456e-05, -2.63528118001477e-06, -0.00740435473328839, 4.042459620314e-07, -0.0522144298557587, 4.04245962028127e-07, -1.04552594793422e-05, 0.0522144298557587, 1.91677428041501e-05, -2.60030411472627e-06, -0.00731031755925375, 2.37288552941225e-08, 1.44471953160702e-05, 2.37288552941208e-08, 1.48352020572629e-07, -1.44471953160702e-05, -3.03965006726027e-08, -3.49770653190785e-08, -9.40371740346362e-05, 
14175, 7, -3.5703184643696e-07, -0.0521993595273677, -3.57031846439805e-07, -1.02355669366586e-05, 0.0521993595273678, 1.72393094861971e-05, -2.93712750132315e-06, -0.00740382276652651, -3.81672454374517e-07, -0.0522138115145374, -3.81672454377682e-07, -1.03876894945978e-05, 0.0522138115145374, 1.72799432282799e-05, -2.90402613030636e-06, -0.00730978967107638, 2.46406079124786e-08, 1.44519871697497e-05, 2.46406079124735e-08, 1.52122557951655e-07, -1.44519871697498e-05, -4.06337421032268e-08, -3.31013710048448e-08, -9.40330954501193e-05, 
14176, 0, -1.02230633648817e-06, -0.0521985918390598, -1.02230633649177e-06, -1.04586538750848e-05, 0.0521985918390598, 1.5986844610433e-05, -3.28296420908489e-06, -0.00740321207329273, -1.04722465737571e-06, -0.052213044203559, -1.04722465737942e-06, -1.06124673455911e-05, 0.052213044203559, 1.6027434538181e-05, -3.25017899030399e-06, -0.0073091816306662, 2.49183208741031e-08, 1.44523644990652e-05, 2.4918320874105e-08, 1.53813470520487e-07, -1.44523644990652e-05, -4.05899276982219e-08, -3.27852187990002e-08, -9.40304426265277e-05, 
14176, 7, -1.86094367827346e-06, -0.0521983215717935, -1.86094367827716e-06, -1.04291661556358e-05, 0.0521983215717935, 1.46870734159412e-05, -3.50297710480528e-06, -0.00740264566167863, -1.88272787044091e-06, -0.0522127823225899, -1.88272787044439e-06, -1.05835399036271e-05, 0.0522127823225899, 1.47335504069704e-05, -3.47291678530462e-06, -0.00730861838823705, 2.17841922059687e-08, 1.44607507964003e-05, 2.17841922059686e-08, 1.54373747967695e-07, -1.44607507964003e-05, -4.64769911084787e-08, -3.00603196825785e-08, -9.40272734416124e-05, 
14177, 0, -2.54786185942554e-06, -0.0521977928335049, -2.54786185942914e-06, -1.06513152414273e-05, 0.0521977928335049, 1.35091373148343e-05, -3.91191791907912e-06, -0.00740199488782382, -2.56999196194846e-06, -0.0522122540178372, -2.56999196195227e-06, -1.08073659974432e-05, 0.0522122540178372, 1.35553572760193e-05, -3.8821304636851e-06, -0.00730797084080139, 2.21301024760278e-08, 1.44611843324305e-05, 2.21301024760262e-08, 1.5605075601942e-07, -1.44611843324305e-05, -4.62199611999044e-08, -2.97874554020623e-08, -9.40240470224457e-05, 
14177, 7, -2.97784922465696e-06, -0.0521987116503547, -2.97784922466013e-06, -1.06731208356844e-05, 0.0521987116503547, 1.3385494145809e-05, -3.99856267914629e-06, -0.00740184122594772, -2.99013780868446e-06, -0.052213175183137, -2.99013780868806e-06, -1.08293135641603e-05, 0.052213175183137, 1.34324896446528e-05, -3.96975017680074e-06, -0.0073078175036179, 1.22885840186929e-08, 1.44635327821356e-05, 1.22885840186912e-08, 1.56192728467178e-07, -1.44635327821356e-05, -4.69954988158067e-08, -2.88125023937542e-08, -9.40237223298568e-05, 
14178, 0, -3.4531301625746e-06, -0.0521987777361538, -3.45313016257765e-06, -1.08333095376742e-05, 0.0521987777361538, 1.26545896739048e-05, -4.37410780669721e-06, -0.00740129824685501, -3.4659213860021e-06, -0.0522132413521963, -3.46592138600494e-06, -1.09905145996289e-05, 0.0522132413521963, 1.27012676265157e-05, -4.34563836134096e-06, -0.00730727754639932, 1.27912234024168e-08, 1.44636160426812e-05, 1.27912234024168e-08, 1.57205061983609e-07, -1.44636160426812e-05, -4.66779525636039e-08, -2.84694453362202e-08, -9.40207004556681e-05, 
14178, 7, -3.26068597459531e-06, -0.0522008694741245, -3.26068597459891e-06, -1.0820783334744e-05, 0.0522008694741245, 1.35374198012506e-05, -4.27697208547661e-06, -0.00740180675711906, -3.26758117622995e-06, -0.0522153277185279, -3.26758117623322e-06, -1.09742668435859e-05, 0.0522153277185279, 1.3579632312333e-05, -4.2498619329512e-06, -0.00730779628815316, 6.89520164957444e-09, 1.44582444032925e-05, 6.89520164957623e-09, 1.53483508834082e-07, -1.44582444032925e-05, -4.22125109414928e-08, -2.71101525677208e-08, -9.4010468965901e-05, 
14179, 0, -3.40656121909083e-06, -0.0522015116207444, -3.40656121909422e-06, -1.08487453430288e-05, 0.0522015116207444, 1.33296964264738e-05, -4.5439234358294e-06, -0.00740149243526289, -3.41257722349947e-06, -0.0522159700356147, -3.41257722350264e-06, -1.10034660221876e-05, 0.0522159700356147, 1.33718518322213e-05, -4.51668774045351e-06, -0.00730748519338052, 6.01600440917303e-09, 1.44584148704352e-05, 6.0160044091746e-09, 1.54720679152311e-07, -1.44584148704352e-05, -4.21554058141191e-08, -2.72356953628433e-08, -9.40072418823906e-05, 
14179, 7, -2.81852380532482e-06, -0.0522038920893042, -2.81852380532832e-06, -1.07151068712872e-05, 0.0522038920893042, 1.44934344321423e-05, -4.40493912682775e-06, -0.00740250730540751, -2.81932342680381e-06, -0.0522183317772882, -2.81932342680774e-06, -1.08692339990747e-05, 0.0522183317772882, 1.45287166239696e-05, -4.38016596387402e-06, -0.00730849843078357, 7.99621499691545e-10, 1.44396879839884e-05, 7.99621499696561e-10, 1.54127127791262e-07, -1.44396879839884e-05, -3.52821918524924e-08, -2.47731630240461e-08, -9.40088746238926e-05, 
14180, 0, -2.66675684508235e-06, -0.0522047180094361, -2.66675684508541e-06, -1.05957659294057e-05, 0.0522047180094361, 1.46066296427091e-05, -4.59155113771538e-06, -0.007402397332911, -2.66659567230574e-06, -0.0522191574395247, -2.66659567230945e-06, -1.07502986857132e-05, 0.0522191574395247, 1.46421830276793e-05, -4.56612302519942e-06, -0.00730839041693084, -1.6117274910605e-10, 1.44394300885601e-05, -1.61172749104223e-10, 1.54532756300356e-07, -1.44394300885601e-05, -3.55533848969742e-08, -2.54281124571104e-08, -9.40069159801443e-05, 
14180, 7, -2.05177071587501e-06, -0.0522063198592269, -2.05177071587849e-06, -1.04448690728015e-05, 0.0522063198592269, 1.54486177523185e-05, -4.690067892494e-06, -0.00740335573762462, -2.05734935642696e-06, -0.052220744480243, -2.05734935643024e-06, -1.06141221987647e-05, 0.052220744480243, 1.54785740463913e-05, -4.66628138240143e-06, -0.00730934196003791, 5.57864052981595e-09, 1.44246210160986e-05, 5.57864052982116e-09, 1.69253125930266e-07, -1.44246210160986e-05, -2.99562941807139e-08, -2.37865101589521e-08, -9.40137775866962e-05, 
14181, 0, -1.69407165867751e-06, -0.0522068271195857, -1.69407165868078e-06, -1.0249951264617e-05, 0.0522068271195857, 1.56718933253687e-05, -4.87570801457235e-06, -0.00740325065809531, -1.69869565481104e-06, -0.0522212523191172, -1.69869565481453e-06, -1.04193848943454e-05, 0.0522212523191172, 1.57021948734794e-05, -4.85133396071527e-06, -0.0073092403075458, 4.6239961432382e-09, 1.44251995312494e-05, 4.62399614323844e-09, 1.6943362972956e-07, -1.44251995312494e-05, -3.03015481521683e-08, -2.43740538201762e-08, -9.40103505495172e-05, 
14181, 7, -1.33471643398571e-06, -0.0522072854501496, -1.33471643398931e-06, -1.02848392885506e-05, 0.0522072854501496, 1.62826045822915e-05, -5.22972617793921e-06, -0.00740368042668261, -1.33834802118799e-06, -0.0522217020790614, -1.33834802119115e-06, -1.04549048896128e-05, 0.0522217020790614, 1.63136117355648e-05, -5.20329485913283e-06, -0.00730967067380431, 3.63158720706681e-09, 1.44166289120177e-05, 3.63158720707011e-09, 1.70065601080932e-07, -1.44166289120177e-05, -3.10071533489952e-08, -2.64313188696292e-08, -9.40097528782875e-05, 
14182, 0, -8.80303996873767e-07, -0.0522072005072798, -8.8030399687704e-07, -1.0110781143792e-05, 0.0522072005072798, 1.66151786236245e-05, -5.45751398454742e-06, -0.00740336499001025, -8.84310871013083e-07, -0.0522216169771306, -8.84310871016247e-07, -1.02808576623525e-05, 0.0522216169771306, 1.66460401058796e-05, -5.43125777574526e-06, -0.00730935782234394, 4.00687410722104e-09, 1.44164698505693e-05, 4.00687410722604e-09, 1.70076518557313e-07, -1.44164698505693e-05, -3.08614823341762e-08, -2.62562088028228e-08, -9.40071676663253e-05, 
14182, 7, -7.08685272557564e-07, -0.052206741918086, -7.08685272561602e-07, -1.02237175761893e-05, 0.052206741918086, 1.74446503958348e-05, -5.9132509404526e-06, -0.00740332100942332, -7.05942570938663e-07, -0.0522211587294286, -7.05942570942373e-07, -1.03982485419839e-05, 0.0522211587294287, 1.74768770472845e-05, -5.88161173886989e-06, -0.00730930981832697, -2.74270164524104e-09, 1.44168113425125e-05, -2.7427016452425e-09, 1.74530965782342e-07, -1.44168113425125e-05, -3.22266514580746e-08, -3.16392016890908e-08, -9.40111910963392e-05, 
14183, 0, -2.25506189879345e-07, -0.0522060301736494, -2.25506189883265e-07, -1.00949823594723e-05, 0.0522060301736494, 1.79787964734536e-05, -6.1927231952051e-06, -0.00740269795902173, -2.23456504151773e-07, -0.0522204477720359, -2.23456504154934e-07, -1.02699746227344e-05, 0.0522204477720359, 1.80107007825065e-05, -6.16161388467108e-06, -0.00730869077602, -2.04968571868412e-09, 1.44175983866974e-05, -2.04968571868414e-09, 1.74992263248238e-07, -1.44175983866974e-05, -3.19043090243591e-08, -3.11093103865264e-08, -9.40071830017858e-05, 
14183, 7, 5.89047360367388e-08, -0.0522051336965339, 5.89047360331413e-08, -1.01473061158631e-05, 0.0522051336965339, 1.91197901938539e-05, -6.80719890209982e-06, -0.00740241343401233, 6.55945872341868e-08, -0.0522195593303171, 6.55945872311208e-08, -1.03180536313872e-05, 0.0522195593303171, 1.91556264967181e-05, -6.7713143368624e-06, -0.00730840367125881, -6.68985119852182e-09, 1.44256337831679e-05, -6.68985119852182e-09, 1.70747515520299e-07, -1.4425633783168e-05, -3.58363029753259e-08, -3.58845651922785e-08, -9.40097627535186e-05, 
14184, 0, 5.65742727559166e-07, -0.0522039690889879, 5.65742727555463e-07, -1.00403961359442e-05, 0.0522039690889879, 1.98476183373944e-05, -7.17177961378555e-06, -0.0074015211360774, 5.73175721733289e-07, -0.0522183943361031, 5.73175721730019e-07, -1.02117114840351e-05, 0.0522183943361031, 1.98833767594165e-05, -7.13565946485251e-06, -0.00730751349775577, -7.43299416102026e-09, 1.44252471149507e-05, -7.43299416102353e-09, 1.71315348076363e-07, -1.44252471149507e-05, -3.57584218680705e-08, -3.61201488685262e-08, -9.40076383216169e-05, 
14184, 7, 1.20295376221591e-06, -0.0522035786993085, 1.20295376221241e-06, -1.00471885096692e-05, 0.0522035786993085, 2.10975394518719e-05, -7.96617145700526e-06, -0.00740118449720561, 1.21592605882044e-06, -0.0522180067436686, 1.21592605881694e-06, -1.02220912699412e-05, 0.0522180067436686, 2.11325768866562e-05, -7.9281049763573e-06, -0.0073071765779282, -1.29722966214859e-08, 1.44280443602549e-05, -1.29722966214892e-08, 1.74902760252598e-07, -1.44280443602549e-05, -3.50374347788621e-08, -3.80664806852363e-08, -9.40079192774143e-05, 
14185, 0, 1.73702139041657e-06, -0.0522024278010821, 1.73702139041276e-06, -9.90813904944718e-06, 0.0522024278010821, 2.18973102200391e-05, -8.35774015589462e-06, -0.00740017449000104, 1.75073224214884e-06, -0.0522168553814769, 1.75073224214546e-06, -1.00825427981531e-05, 0.0522168553814769, 2.19324777702049e-05, -8.31961625161169e-06, -0.00730616843387426, -1.3710851688096e-08, 1.44275803946635e-05, -1.37108516880975e-08, 1.74403748723783e-07, -1.44275803946635e-05, -3.51675500959986e-08, -3.81239042669397e-08, -9.40060561267814e-05, 
14185, 7, 2.65183421016512e-06, -0.0522029971509236, 2.65183421016184e-06, -9.9061855461068e-06, 0.0522029971509236, 2.27695214564022e-05, -8.88324116166596e-06, -0.00739997700038837, 2.6643479292655e-06, -0.0522174265129748, 2.66434792926255e-06, -1.00859615978815e-05, 0.0522174265129748, 2.27979098376352e-05, -8.84332430373705e-06, -0.00730597041616949, -1.25137191268975e-08, 1.4429362051235e-05, -1.25137191268957e-08, 1.79776051760568e-07, -1.4429362051235e-05, -2.83883810697279e-08, -3.99168579918021e-08, -9.40065842188584e-05, 
14186, 0, 3.13835717231856e-06, -0.052202186662795, 3.13835717231464e-06, -9.6263515938054e-06, 0.052202186662795, 2.34021032315121e-05, -9.06339562908744e-06, -0.0073990856156549, 3.15113532938172e-06, -0.0522166159910126, 3.1511353293779e-06, -9.80616587254736e-06, 0.0522166159910126, 2.34303008594611e-05, -9.02346807538344e-06, -0.00730508149595902, -1.27781570930169e-08, 1.4429328217541e-05, -1.27781570930186e-08, 1.79814278737286e-07, -1.4429328217541e-05, -2.81976279182615e-08, -3.9927553699622e-08, -9.40041196958821e-05, 
14186, 7, 3.97282701210363e-06, -0.0522032035340622, 3.97282701210036e-06, -9.52758547548241e-06, 0.0522032035340622, 2.33089622813606e-05, -8.69294324886714e-06, -0.00739911784834979, 3.98349427139607e-06, -0.0522176276799539, 3.98349427139236e-06, -9.70633281551566e-06, 0.0522176276799539, 2.33324336017501e-05, -8.64794304532389e-06, -0.00730511768214153, -1.06672593191003e-08, 1.44241458917924e-05, -1.06672593191036e-08, 1.78747340031782e-07, -1.44241458917924e-05, -2.34713203949933e-08, -4.5000203559639e-08, -9.40001662082546e-05, 
14187, 0, 4.29375649773232e-06, -0.0522027266243148, 4.29375649772872e-06, -8.99871505767562e-06, 0.0522027266243148, 2.35302311920842e-05, -8.40858705549715e-06, -0.00739849277359259, 4.30440889353005e-06, -0.0522171504349508, 4.30440889352699e-06, -9.17707324892089e-06, 0.0522171504349509, 2.35537817209046e-05, -8.36340000738865e-06, -0.0073044946383754, -1.06523957779986e-08, 1.44238106360149e-05, -1.0652395778002e-08, 1.78358191245869e-07, -1.44238106360149e-05, -2.35505288344495e-08, -4.51870481752877e-08, -9.39981352172074e-05, 
14187, 7, 4.79745800000986e-06, -0.0522039887150064, 4.79745800000626e-06, -8.64248933722454e-06, 0.0522039887150064, 2.2549946214376e-05, -7.01904922421999e-06, -0.00739868580355874, 4.79322221371636e-06, -0.0522184099303125, 4.79322221371264e-06, -8.81175764653912e-06, 0.0522184099303125, 2.25732163313046e-05, -6.97729903577722e-06, -0.00730468920499856, 4.23578628417697e-09, 1.44212153060376e-05, 4.23578628418028e-09, 1.69268309299277e-07, -1.44212153060376e-05, -2.32701169324497e-08, -4.17501885239676e-08, -9.39965985601883e-05, 
14188, 0, 4.88054218682217e-06, -0.0522038001444686, 4.88054218681911e-06, -7.83629551932616e-06, 0.0522038001444686, 2.23239838832565e-05, -6.15359286745407e-06, -0.00739830364363566, 4.87667485915739e-06, -0.052218220227861, 4.87667485915368e-06, -8.0046307037794e-06, 0.052218220227861, 2.23475385260517e-05, -6.11149930264618e-06, -0.00730430699309771, 3.86732761784768e-09, 1.44200833924498e-05, 3.86732761784608e-09, 1.68335184483468e-07, -1.44200833924498e-05, -2.35546428501455e-08, -4.20935647608056e-08, -9.39966505379547e-05, 
14188, 7, 4.9331527624105e-06, -0.0522054060270605, 4.93315276240702e-06, -7.07838405707145e-06, 0.0522054060270605, 2.09552262196773e-05, -4.05151818567322e-06, -0.00739850627795051, 4.9130475721408e-06, -0.0522198268681322, 4.9130475721373e-06, -7.23445530632685e-06, 0.0522198268681322, 2.09824918458115e-05, -4.01629388570479e-06, -0.00730451132497977, 2.01051902615413e-08, 1.44208410718801e-05, 2.01051902615413e-08, 1.56071249247411e-07, -1.44208410718801e-05, -2.72656259812838e-08, -3.52242999565201e-08, -9.39949529706941e-05, 
14189, 0, 4.77659784219748e-06, -0.0522054682765647, 4.77659784219421e-06, -6.04555947051084e-06, 0.0522054682765647, 2.04177892994228e-05, -2.64867086557297e-06, -0.00739828598896411, 4.75503120385531e-06, -0.0522198878678842, 4.75503120385182e-06, -6.20364107040823e-06, 0.0522198878678843, 2.04447942228642e-05, -2.61399817541006e-06, -0.00730429091936759, 2.15666383707376e-08, 1.44195913195527e-05, 2.15666383707392e-08, 1.58081599912943e-07, -1.44195913195527e-05, -2.70049233204521e-08, -3.46726901894803e-08, -9.39950695965156e-05, 
14189, 7, 4.45350749294073e-06, -0.052207410372478, 4.45350749293756e-06, -4.93977191410177e-06, 0.052207410372478, 1.91313048478839e-05, -3.77846990227859e-07, -0.00739848899997396, 4.41742430382124e-06, -0.0522218350786177, 4.41742430381764e-06, -5.09154576261641e-06, 0.0522218350786177, 1.91621761599309e-05, -3.52686827202712e-07, -0.0073044973408607, 3.60831890951721e-08, 1.44247061396666e-05, 3.60831890951755e-08, 1.51773848507569e-07, -1.44247061396666e-05, -3.08713120631351e-08, -2.51601629791464e-08, -9.39916591132666e-05, 
14190, 0, 4.12691425620135e-06, -0.0522077340973342, 4.12691425619829e-06, -3.8094253732295e-06, 0.0522077340973342, 1.85018887582418e-05, 1.28096299513839e-06, -0.00739837508532388, 4.09261600385136e-06, -0.0522221568818015, 4.09261600384775e-06, -3.96132082526034e-06, 0.0522221568818015, 1.85336128456343e-05, 1.30666102804468e-06, -0.00730438324664181, 3.42982523437301e-08, 1.44227844675421e-05, 3.42982523437319e-08, 1.5189545204187e-07, -1.44227844675421e-05, -3.17240874005632e-08, -2.56980328172855e-08, -9.39918386820892e-05, 
14190, 7, 3.71737723831507e-06, -0.0522101306709747, 3.71737723831093e-06, -2.69825337143637e-06, 0.0522101306709747, 1.78409315792854e-05, 2.89270422900255e-06, -0.00739874420020273, 3.67545560103191e-06, -0.0522245538926209, 3.6754556010283e-06, -2.84937985228018e-06, 0.0522245538926209, 1.78762737212033e-05, 2.90947802277118e-06, -0.00730474898585711, 4.19216372801204e-08, 1.44232216460963e-05, 4.19216372801237e-08, 1.51126480863866e-07, -1.44232216460963e-05, -3.53421418912927e-08, -1.67737937746854e-08, -9.39952143456038e-05, 
14191, 0, 3.34716208533941e-06, -0.0522107226209092, 3.3471620853356e-06, -1.64009701917269e-06, 0.0522107226209092, 1.73532660728524e-05, 4.37437038537571e-06, -0.00739868893215615, 3.30550307849674e-06, -0.0522251452322992, 3.30550307849346e-06, -1.79111798013364e-06, 0.0522251452322992, 1.73888252511544e-05, 4.39113355619376e-06, -0.00730469478024995, 4.16590068706268e-08, 1.44226113897424e-05, 4.16590068706251e-08, 1.51020960974514e-07, -1.44226113897424e-05, -3.55591782940467e-08, -1.67631707374804e-08, -9.39941519061588e-05, 
14191, 7, 3.06871559641613e-06, -0.0522136572313481, 3.06871559641274e-06, -8.55698035301147e-07, 0.0522136572313481, 1.72720665513118e-05, 4.89705335234613e-06, -0.00739922511127724, 3.02856216779995e-06, -0.0522280764722381, 3.02856216779657e-06, -1.00437571269802e-06, 0.0522280764722381, 1.73097408218262e-05, 4.90890530357001e-06, -0.00730524338677759, 4.01534286285953e-08, 1.44192408901754e-05, 4.01534286285951e-08, 1.48677677379355e-07, -1.44192408901754e-05, -3.76742704793107e-08, -1.18519513153422e-08, -9.39817244996697e-05, 
14192, 0, 2.76284051418447e-06, -0.0522145258843222, 2.76284051418065e-06, -1.45988953902295e-08, 0.0522145258843222, 1.6967442072904e-05, 5.90489787195371e-06, -0.00739919785399467, 2.72317828185017e-06, -0.0522289443221951, 2.72317828184701e-06, -1.63681117044859e-07, 0.0522289443221951, 1.70050430287931e-05, 5.9167809338401e-06, -0.00730521828583475, 3.96622323657604e-08, 1.44184378730757e-05, 3.96622323657638e-08, 1.49082221637055e-07, -1.44184378730757e-05, -3.76009558100578e-08, -1.18830618656146e-08, -9.39795681599293e-05, 
14192, 7, 2.67349648332999e-06, -0.0522181989524888, 2.6734964833265e-06, 2.39016417088072e-07, 0.0522181989524888, 1.70830156534781e-05, 5.53069657426323e-06, -0.00739998988083623, 2.630803302765e-06, -0.0522326063083718, 2.63080330276151e-06, 9.14674874445511e-08, 0.0522326063083718, 1.71175570451689e-05, 5.5414734859361e-06, -0.00730601072311817, 4.26931805594024e-08, 1.44073558830633e-05, 4.2693180559399e-08, 1.47548929617991e-07, -1.44073558830633e-05, -3.45413915976187e-08, -1.07769117895994e-08, -9.39791577180424e-05, 
14193, 0, 2.51146282621872e-06, -0.052219382558542, 2.51146282621533e-06, 7.76632178649693e-07, 0.0522193825585421, 1.68957705811012e-05, 6.06555579895124e-06, -0.00740003813659324, 2.46963559696803e-06, -0.052233789264797, 2.46963559696431e-06, 6.28918131196052e-07, 0.052233789264797, 1.69305193579264e-05, 6.07664544473372e-06, -0.00730606088333435, 4.18272292472629e-08, 1.44067062549221e-05, 4.1827229247263e-08, 1.47714047456914e-07, -1.44067062549221e-05, -3.47487769204484e-08, -1.10896457545322e-08, -9.39772532589091e-05, 
14193, 7, 2.45435226822554e-06, -0.0522234828711361, 2.45435226822196e-06, 5.70562571033407e-07, 0.0522234828711361, 1.70126960306868e-05, 5.39833536911819e-06, -0.00740107682362168, 2.41222748348446e-06, -0.0522378779146886, 2.41222748348064e-06, 4.21909607561823e-07, 0.0522378779146886, 1.70473469989249e-05, 5.41675922926746e-06, -0.00730711079696062, 4.21247847543479e-08, 1.43950435524664e-05, 4.21247847543463e-08, 1.4865296348357e-07, -1.43950435524664e-05, -3.4650968098106e-08, -1.84238601459039e-08, -9.39660266610455e-05, 
14194, 0, 2.42965946200304e-06, -0.0522248422892294, 2.42965946199944e-06, 8.32149002229297e-07, 0.0522248422892295, 1.6906562154892e-05, 5.69786107842586e-06, -0.00740124303543393, 2.38819673095731e-06, -0.0522392365809023, 2.38819673095349e-06, 6.83656917645045e-07, 0.0522392365809023, 1.69413664234174e-05, 5.7166045654141e-06, -0.00730727891467341, 4.14627310858596e-08, 1.43942916729888e-05, 4.14627310858612e-08, 1.48492084551486e-07, -1.43942916729888e-05, -3.4804268540082e-08, -1.87434869578075e-08, -9.39641207604909e-05, 
14194, 7, 2.26043989599112e-06, -0.0522284200821786, 2.26043989598785e-06, 5.09515047509631e-07, 0.0522284200821786, 1.7087259465996e-05, 5.43858530942261e-06, -0.00740233834511502, 2.22138420847469e-06, -0.0522428021827894, 2.22138420847195e-06, 3.59643247112188e-07, 0.0522428021827894, 1.71210040037412e-05, 5.46295519341983e-06, -0.00730838228679594, 3.90556875228395e-08, 1.4382100610599e-05, 3.90556875228414e-08, 1.49871800414047e-07, -1.4382100610599e-05, -3.3744537807473e-08, -2.4369884117372e-08, -9.39560583191002e-05, 
14195, 0, 2.31714216226597e-06, -0.0522295810498924, 2.3171421622628e-06, 6.31505804191762e-07, 0.0522295810498924, 1.70901980015135e-05, 5.81580849643865e-06, -0.00740255751431283, 2.27776988286312e-06, -0.0522439628833382, 2.27776988285995e-06, 4.82044522556706e-07, 0.0522439628833382, 1.71238469066672e-05, 5.84011967489049e-06, -0.00730860257116039, 3.93722794251699e-08, 1.43818334454715e-05, 3.93722794251667e-08, 1.49461281640555e-07, -1.43818334454715e-05, -3.36489052193466e-08, -2.43111783589292e-08, -9.39549431524394e-05, 
14195, 7, 2.05744850762746e-06, -0.0522315955800896, 2.05744850762331e-06, 5.73899446248352e-07, 0.0522315955800896, 1.73993934722501e-05, 6.2894593882718e-06, -0.00740337985694923, 2.02477709718844e-06, -0.0522459762469325, 2.02477709718517e-06, 4.31315051517075e-07, 0.0522459762469325, 1.74338436910725e-05, 6.31623616521464e-06, -0.00730942488643079, 3.26714104181977e-08, 1.43806668429741e-05, 3.26714104181942e-08, 1.42584394716991e-07, -1.43806668429741e-05, -3.44502189384896e-08, -2.67767768812696e-08, -9.39549705184175e-05, 
14196, 0, 2.14535654112465e-06, -0.0522321057211574, 2.14535654112105e-06, 7.48003953870489e-07, 0.0522321057211574, 1.75248237029899e-05, 6.94026999412765e-06, -0.00740349742062192, 2.11318241031308e-06, -0.0522464858800358, 2.11318241031057e-06, 6.05444180255442e-07, 0.0522464858800358, 1.75592718050235e-05, 6.96703225986145e-06, -0.00730954335526942, 3.21741308517451e-08, 1.43801588782463e-05, 3.21741308517469e-08, 1.42559773632023e-07, -1.43801588782463e-05, -3.44481020895243e-08, -2.67622657278977e-08, -9.39540653525474e-05, 
14196, 7, 1.94047181726976e-06, -0.0522322894105712, 1.94047181726584e-06, 1.05399515553223e-06, 0.0522322894105712, 1.79381093656745e-05, 7.7574711223317e-06, -0.00740381069882456, 1.90455618576578e-06, -0.0522466774595534, 1.9045561857624e-06, 9.13699832241255e-07, 0.0522466774595534, 1.79720371422149e-05, 7.779050676629e-06, -0.00730984800841528, 3.59156315035874e-08, 1.43880489821256e-05, 3.59156315035858e-08, 1.40295323264473e-07, -1.43880489821256e-05, -3.39277766502504e-08, -2.15795543517791e-08, -9.39626904092904e-05, 
14197, 0, 2.04481341238919e-06, -0.052231955433805, 2.04481341238569e-06, 1.34439936504439e-06, 0.052231955433805, 1.81670564041814e-05, 8.61163783935449e-06, -0.00740367780311683, 2.00931632544999e-06, -0.0522463428786178, 2.00931632544628e-06, 1.20447262061017e-06, 0.0522463428786178, 1.82008339373892e-05, 8.63339024089846e-06, -0.00730971596915097, 3.54970868821706e-08, 1.43874448129386e-05, 3.54970868821774e-08, 1.39926744416362e-07, -1.43874448129386e-05, -3.37775331679085e-08, -2.17524015186252e-08, -9.39618339658715e-05, 
14197, 7, 1.92249119667983e-06, -0.0522310201250532, 1.92249119667601e-06, 1.76887000336738e-06, 0.0522310201250532, 1.85035962414639e-05, 9.05821437943851e-06, -0.0074034806261149, 1.8874162143728e-06, -0.0522454211488441, 1.88741621436888e-06, 1.64111530074485e-06, 0.0522454211488441, 1.85330524144771e-05, 9.07282069890696e-06, -0.00730950797724002, 3.50749823229849e-08, 1.44010237911098e-05, 3.50749823229799e-08, 1.27754702630879e-07, -1.44010237911098e-05, -2.94561729185723e-08, -1.46063195294564e-08, -9.39726488748915e-05, 
14198, 0, 2.02037150501521e-06, -0.0522300574548073, 2.02037150501172e-06, 2.09600913215809e-06, 0.0522300574548073, 1.87389546420744e-05, 9.86356543256967e-06, -0.00740305393480374, 1.98580674672625e-06, -0.0522444583289512, 1.98580674672275e-06, 1.9685762205269e-06, 0.0522444583289512, 1.87684812779229e-05, 9.8784440403112e-06, -0.0073090818357716, 3.45647582593524e-08, 1.44008741438094e-05, 3.45647582593474e-08, 1.27432911655213e-07, -1.44008741438094e-05, -2.95266357597352e-08, -1.48786077481534e-08, -9.39720990321267e-05, 
14198, 7, 1.91214150024743e-06, -0.052229248013074, 1.91214150024341e-06, 2.34817927108987e-06, 0.052229248013074, 1.89991564244499e-05, 9.48273367977268e-06, -0.00740270213917645, 1.86914374221403e-06, -0.052243661650727, 1.86914374221032e-06, 2.23018386764612e-06, 0.052243661650727, 1.90252211247263e-05, 9.49194909710522e-06, -0.00730871847267876, 4.29977580325881e-08, 1.44136376527828e-05, 4.29977580325882e-08, 1.17995403443673e-07, -1.44136376527828e-05, -2.60647003223925e-08, -9.21541740376546e-09, -9.39836664976824e-05, 
14199, 0, 1.97057135270001e-06, -0.052228108968643, 1.97057135269619e-06, 2.55526914145921e-06, 0.0522281089686431, 1.91981014413782e-05, 9.9599664120563e-06, -0.00740207282212281, 1.92750713739961e-06, -0.0522425221357715, 1.9275071373959e-06, 2.43699146135253e-06, 0.0522425221357715, 1.92239854331491e-05, 9.96925346394341e-06, -0.00730809014160394, 4.30642152754153e-08, 1.44131671281996e-05, 4.3064215275417e-08, 1.18277680109022e-07, -1.44131671281996e-05, -2.58839917304954e-08, -9.28705186657848e-09, -9.39826805188331e-05, 
14199, 7, 1.75974876009917e-06, -0.0522282850316014, 1.75974876009535e-06, 2.53737872525391e-06, 0.0522282850316014, 1.94235259259579e-05, 8.82053686327989e-06, -0.00740202053938177, 1.7122835275926e-06, -0.0522427045505659, 1.7122835275891e-06, 2.43167725764861e-06, 0.0522427045505659, 1.94479009451838e-05, 8.83100228853899e-06, -0.00730803329506014, 4.74652324724695e-08, 1.44195189645329e-05, 4.74652324724695e-08, 1.05701467607447e-07, -1.44195189645329e-05, -2.43750193209584e-08, -1.04654252587555e-08, -9.39872443216329e-05, 
14200, 0, 1.77473179940613e-06, -0.0522273493238163, 1.77473179940274e-06, 2.51823446528359e-06, 0.0522273493238163, 1.95697770528405e-05, 8.84580183105828e-06, -0.00740137329264581, 1.72715491777987e-06, -0.0522417684393253, 1.72715491777627e-06, 2.41313890137557e-06, 0.0522417684393253, 1.95940406194176e-05, 8.85610395461257e-06, -0.00730738747615983, 4.75768816513355e-08, 1.44191155089343e-05, 4.75768816513354e-08, 1.05095563925448e-07, -1.44191155089343e-05, -2.4263566490284e-08, -1.03021236477421e-08, -9.39858164859718e-05, 
14200, 7, 1.55471801337646e-06, -0.0522287301671698, 1.55471801337319e-06, 2.36777781332399e-06, 0.0522287301671698, 1.96599048273983e-05, 7.42835919430706e-06, -0.00740182757626564, 1.50547364965709e-06, -0.0522431486272311, 1.50547364965371e-06, 2.27097367576212e-06, 0.0522431486272311, 1.96834791964419e-05, 7.43968808291651e-06, -0.00730784158443393, 4.92443637334121e-08, 1.44184600614328e-05, 4.92443637334087e-08, 9.68041375798539e-08, -1.44184600614328e-05, -2.35743688301384e-08, -1.13288886175426e-08, -9.39859918317012e-05, 
14201, 0, 1.58495137172413e-06, -0.0522282283257608, 1.58495137172064e-06, 2.1261900923005e-06, 0.0522282283257608, 1.97393351637841e-05, 7.06504981050432e-06, -0.00740137559265929, 1.53659001238554e-06, -0.0522426457741442, 1.53659001238205e-06, 2.02914636151245e-06, 0.0522426457741442, 1.97629930889214e-05, 7.07674973939403e-06, -0.00730739019090584, 4.83613593286274e-08, 1.4417448383408e-05, 4.83613593286225e-08, 9.70437307800083e-08, -1.4417448383408e-05, -2.36579251137144e-08, -1.16999289003088e-08, -9.39854017534255e-05, 
14201, 7, 1.49286055726578e-06, -0.0522307531883213, 1.49286055726228e-06, 1.90209241427271e-06, 0.0522307531883213, 1.9639957635412e-05, 5.85436837336501e-06, -0.00740220328419316, 1.44414056818172e-06, -0.0522451639274398, 1.44414056817845e-06, 1.81146664509233e-06, 0.0522451639274398, 1.96639132671409e-05, 5.86592083243709e-06, -0.00730821660794415, 4.8719989123715e-08, 1.44107391183992e-05, 4.87199891237133e-08, 9.06257691839286e-08, -1.44107391183992e-05, -2.39556317642897e-08, -1.15524590914787e-08, -9.39866762490021e-05, 
14202, 0, 1.57515837662454e-06, -0.0522307972547178, 1.57515837662071e-06, 1.49101426189013e-06, 0.0522307972547178, 1.96196352094731e-05, 5.30682684382165e-06, -0.00740207486756255, 1.52621800035081e-06, -0.0522452073751982, 1.52621800034657e-06, 1.40040968993719e-06, 0.0522452073751982, 1.9643794675096e-05, 5.31836515756627e-06, -0.00730808957211998, 4.89403762943554e-08, 1.44101204802023e-05, 4.89403762943555e-08, 9.0604571929019e-08, -1.44101204802023e-05, -2.4159465773556e-08, -1.15383138482637e-08, -9.39852954425622e-05, 
14202, 7, 1.55036716163813e-06, -0.0522338860213087, 1.55036716163518e-06, 1.23685412442258e-06, 0.0522338860213087, 1.92304929258055e-05, 4.65629898301341e-06, -0.00740300556671341, 1.49132768952532e-06, -0.0522482889336803, 1.49132768952183e-06, 1.15584416982006e-06, 0.0522482889336803, 1.92557032115696e-05, 4.66689861831458e-06, -0.00730901796065491, 5.90394721367348e-08, 1.44029123717806e-05, 5.90394721367351e-08, 8.10099546278764e-08, -1.44029123717806e-05, -2.52102857272195e-08, -1.05996352383183e-08, -9.39876060585251e-05, 
14203, 0, 1.63389445736334e-06, -0.0522343818615457, 1.63389445735963e-06, 7.72109570873255e-07, 0.0522343818615457, 1.90507093660398e-05, 4.17311744221616e-06, -0.0074032004273043, 1.57453467622914e-06, -0.052248784427177, 1.574534676225e-06, 6.90970465724949e-07, 0.052248784427177, 1.907610890852e-05, 4.18376568382797e-06, -0.00730921436293348, 5.93597811602523e-08, 1.44025656314847e-05, 5.93597811602555e-08, 8.11391051749502e-08, -1.44025656314847e-05, -2.53995425220802e-08, -1.06482416550731e-08, -9.39860643707887e-05, 
14203, 7, 1.51107651181701e-06, -0.0522373519917826, 1.51107651181286e-06, 5.96571036528752e-07, 0.0522373519917826, 1.83983650586103e-05, 4.2536760641911e-06, -0.00740407734615274, 1.4434080281536e-06, -0.052251751800978, 1.44340802814978e-06, 5.20594120160875e-07, 0.052251751800978, 1.84259829921973e-05, 4.26163360384645e-06, -0.00731009341465323, 6.76684836685998e-08, 1.43998091952584e-05, 6.7668483668605e-08, 7.5976916379681e-08, -1.43998091952584e-05, -2.76179336457986e-08, -7.95753965558013e-09, -9.3983931499513e-05, 
14204, 0, 1.52140816202228e-06, -0.0522380545140725, 1.52140816201869e-06, 2.19160345514909e-07, 0.0522380545140725, 1.80790778018089e-05, 4.04887828250877e-06, -0.00740447375081783, 1.45326834802685e-06, -0.0522524543390741, 1.45326834802325e-06, 1.43279339163845e-07, 0.0522524543390741, 1.81066929197306e-05, 4.0564472139586e-06, -0.0073104916431513, 6.81398140034915e-08, 1.43998250014026e-05, 6.81398140034967e-08, 7.5881006353871e-08, -1.43998250014026e-05, -2.76151179503037e-08, -7.56893145303685e-09, -9.39821076665119e-05, 
14204, 7, 1.27848086570176e-06, -0.0522405396972182, 1.27848086569784e-06, 1.57341441623405e-07, 0.0522405396972182, 1.75041478290531e-05, 4.64611809394714e-06, -0.00740529317948146, 1.20712070405987e-06, -0.052254943076116, 1.2071207040567e-06, 9.10869966236514e-08, 0.052254943076116, 1.75333561863182e-05, 4.64873146276852e-06, -0.00731130793612506, 7.13601616484695e-08, 1.44033788978192e-05, 7.13601616484763e-08, 6.62544449967616e-08, -1.44033788978192e-05, -2.92083572757291e-08, -2.61336890099847e-09, -9.39852433564046e-05, 
14205, 0, 1.18335485028298e-06, -0.0522411922509234, 1.18335485027938e-06, -6.70858313549764e-08, 0.0522411922509234, 1.71932820308439e-05, 4.77322183217981e-06, -0.00740570614052337, 1.11209932184747e-06, -0.0522555946669702, 1.11209932184387e-06, -1.33080223011789e-07, 0.0522555946669702, 1.72224172864774e-05, 4.77588502879907e-06, -0.00731172272895762, 7.12555284488398e-08, 1.44024160467428e-05, 7.12555284488433e-08, 6.59943916575612e-08, -1.44024160467428e-05, -2.91352556575862e-08, -2.66319669741116e-09, -9.39834115657536e-05, 
14205, 7, 8.67762626566931e-07, -0.052243112108235, 8.67762626563658e-07, 2.71599272930601e-08, 0.052243112108235, 1.69952852764462e-05, 5.46180242803995e-06, -0.00740641418653513, 7.87905966593492e-07, -0.052257512373951, 7.87905966589992e-07, -3.14309942705303e-08, 0.052257512373951, 1.70273305105563e-05, 5.4588039460421e-06, -0.00731243421453287, 7.98566600025092e-08, 1.44002657162621e-05, 7.98566600025092e-08, 5.85909215570929e-08, -1.44002657162621e-05, -3.20452339603936e-08, 2.99848204581908e-09, -9.39799720022573e-05, 
14206, 0, 6.84871142642167e-07, -0.0522435123250732, 6.84871142638782e-07, -3.3368831788237e-08, 0.0522435123250732, 1.68459659367959e-05, 5.83069625817797e-06, -0.00740665595847111, 6.05112810693639e-07, -0.0522579120790988, 6.05112810690258e-07, -9.1728319822227e-08, 0.0522579120790988, 1.68783017640214e-05, 5.8274312087576e-06, -0.00731267794514552, 7.97583319124781e-08, 1.43997540256044e-05, 7.97583319124796e-08, 5.83594880377339e-08, -1.43997540256044e-05, -3.23358270120962e-08, 3.26504939677403e-09, -9.39780133256082e-05, 
14206, 7, 4.28688042191651e-07, -0.0522450402644087, 4.28688042187934e-07, 1.26725137908113e-07, 0.0522450402644087, 1.70603540191903e-05, 6.23417178382164e-06, -0.00740720151074368, 3.50849438257191e-07, -0.0522594391437737, 3.50849438253698e-07, 7.99690760881669e-08, 0.0522594391437737, 1.70917671091677e-05, 6.22409446416889e-06, -0.00731323059717461, 7.78386039519459e-08, 1.43988793648952e-05, 7.78386039519459e-08, 4.67560618147873e-08, -1.43988793648952e-05, -3.14130900584071e-08, 1.00773197003188e-08, -9.39709135690482e-05, 
14207, 0, 2.43439440905925e-07, -0.0522452221275623, 2.43439440902222e-07, 1.4823084243635e-07, 0.0522452221275623, 1.71505827143095e-05, 6.65341663947439e-06, -0.00740719265053479, 1.65465145155253e-07, -0.0522596201734019, 1.65465145151973e-07, 1.01807551023325e-07, 0.0522596201734019, 1.71822054685418e-05, 6.64318325292207e-06, -0.00731322354295935, 7.79742957470838e-08, 1.43980458393893e-05, 7.79742957470803e-08, 4.64232913860835e-08, -1.43980458393893e-05, -3.16227541670549e-08, 1.02333866148987e-08, -9.39691075754583e-05, 
14207, 7, 2.92895059297544e-07, -0.0522471129713799, 2.92895059294162e-07, 1.76161196902967e-07, 0.0522471129713799, 1.77510068397873e-05, 6.42122841018387e-06, -0.00740767854564255, 2.1913643164371e-07, -0.052261511314112, 2.1913643164022e-07, 1.28877544080895e-07, 0.052261511314112, 1.77807546131907e-05, 6.40893058083906e-06, -0.00731371590593395, 7.37586276780159e-08, 1.43983427321683e-05, 7.37586276780144e-08, 4.7283652828149e-08, -1.43983427321683e-05, -2.9747773314533e-08, 1.22978293506143e-08, -9.39626397086168e-05, 
14208, 0, 1.98792399008676e-07, -0.052247340869619, 1.98792399005186e-07, 1.61972911119861e-07, 0.052247340869619, 1.80440787262397e-05, 6.70006172848433e-06, -0.00740751481382144, 1.26118891719152e-07, -0.0522617376525024, 1.26118891715984e-07, 1.14340820521561e-07, 0.0522617376525024, 1.80741730079464e-05, 6.68798289578528e-06, -0.00731355340191468, 7.26735072964945e-08, 1.4396782883618e-05, 7.26735072964995e-08, 4.76320905993838e-08, -1.4396782883618e-05, -3.00942816893759e-08, 1.20788327449211e-08, -9.39614119067465e-05, 
14208, 7, 5.46862258435894e-07, -0.0522500739661611, 5.46862258432069e-07, -6.51050030621587e-08, 0.0522500739661611, 1.85798047049339e-05, 5.94637255994023e-06, -0.0074081467516872, 4.77332000094445e-07, -0.0522644687207069, 4.77332000091169e-07, -1.12097669689567e-07, 0.0522644687207069, 1.86044073455534e-05, 5.93282118903241e-06, -0.00731418464703462, 6.95302583680519e-08, 1.43947545457954e-05, 6.95302583680569e-08, 4.69926666008245e-08, -1.43947545457954e-05, -2.46026406437567e-08, 1.35513707351623e-08, -9.39621046525691e-05, 
14209, 0, 5.33156079427208e-07, -0.0522506365396782, 5.33156079423603e-07, -1.7996997145657e-07, 0.0522506365396782, 1.88668137293793e-05, 6.01589239473416e-06, -0.00740804114979218, 4.63866979460129e-07, -0.0522650302431682, 4.63866979456745e-07, -2.27202121788235e-07, 0.0522650302431682, 1.8891641085266e-05, 6.00246868156066e-06, -0.00731408053984775, 6.92890999855347e-08, 1.43937034903364e-05, 6.9289099985533e-08, 4.72321503385785e-08, -1.43937034903364e-05, -2.48273559043991e-08, 1.34237131751805e-08, -9.3960609944426e-05, 
14209, 7, 9.11226588565498e-07, -0.052253990573066, 9.1122658856147e-07, -5.76893979552088e-07, 0.0522539905730661, 1.87434688692154e-05, 5.18102995369044e-06, -0.00740890336945377, 8.40833454616677e-07, -0.0522683769354281, 8.4083345461296e-07, -6.21666005467362e-07, 0.0522683769354281, 1.87635292849005e-05, 5.17111154888993e-06, -0.00731495645444319, 7.0393133907589e-08, 1.43863623617932e-05, 7.0393133907589e-08, 4.47720259500675e-08, -1.43863623617932e-05, -2.00604157168393e-08, 9.91840479957256e-09, -9.3946915010588e-05, 
14210, 0, 8.70642726131525e-07, -0.0522550111960968, 8.70642726128354e-07, -7.82059755759181e-07, 0.0522550111960968, 1.87789030470656e-05, 5.09805929885693e-06, -0.00740898419010736, 8.00472349655238e-07, -0.0522693967694717, 8.00472349651749e-07, -8.26484729203794e-07, 0.0522693967694717, 1.87990566100411e-05, 5.08810348553485e-06, -0.00731503889744926, 7.01703764919082e-08, 1.43855733751076e-05, 7.01703764919082e-08, 4.44249734713788e-08, -1.43855733751076e-05, -2.01535629381208e-08, 9.95581331130517e-09, -9.39452926580927e-05, 
14210, 7, 9.87776699999597e-07, -0.0522583652393005, 9.87776699996104e-07, -1.17353127825591e-06, 0.0522583652393005, 1.79164575227104e-05, 4.4156622453153e-06, -0.00741003354905658, 9.22549002853389e-07, -0.0522727503379342, 9.22549002849794e-07, -1.21348754189527e-06, 0.0522727503379342, 1.79341714942109e-05, 4.40757794566414e-06, -0.00731609271805531, 6.52276971606884e-08, 1.43850986336847e-05, 6.52276971606867e-08, 3.99562636674594e-08, -1.43850986336847e-05, -1.77139715029944e-08, 8.08429971925855e-09, -9.39408310012532e-05, 
14211, 0, 8.2326123878125e-07, -0.0522596777984757, 8.23261238777432e-07, -1.41872365168607e-06, 0.0522596777984757, 1.76071444479621e-05, 4.24148933209178e-06, -0.00741024119699608, 7.59099810529475e-07, -0.0522740624107233, 7.59099810526311e-07, -1.45869805532072e-06, 0.0522740624107233, 1.76250840206531e-05, 4.23371573907566e-06, -0.00731630209127632, 6.4161428248789e-08, 1.4384612247591e-05, 6.4161428248784e-08, 3.99744036197044e-08, -1.4384612247591e-05, -1.79395726425752e-08, 7.7735930330383e-09, -9.39391057197486e-05, 
14211, 7, 5.06902732746612e-07, -0.0522621127079479, 5.06902732742684e-07, -1.59235311085244e-06, 0.0522621127079479, 1.62092694840097e-05, 3.96170985834131e-06, -0.00741122792618339, 4.41227436205593e-07, -0.0522764961632491, 4.41227436202208e-07, -1.63443909628022e-06, 0.0522764961632491, 1.6227217820306e-05, 3.95560969449548e-06, -0.00731728944592022, 6.56752965075641e-08, 1.43834553009056e-05, 6.56752965075607e-08, 4.20859854197583e-08, -1.43834553009056e-05, -1.7948336342501e-08, 6.10016390004261e-09, -9.39384802631931e-05, 
14212, 0, 1.93703146559865e-07, -0.0522632542640384, 1.93703146556701e-07, -1.81785913077809e-06, 0.0522632542640384, 1.56215928146952e-05, 3.81341585421617e-06, -0.00741136197459629, 1.28458437769803e-07, -0.0522776372245136, 1.28458437766093e-07, -1.86015845382835e-06, 0.0522776372245136, 1.56397762668272e-05, 3.8072124189764e-06, -0.00731742528048989, 6.52447088090833e-08, 1.43829604749035e-05, 6.5244708809085e-08, 4.22993230498548e-08, -1.43829604749035e-05, -1.81834521837884e-08, 6.20343524461328e-09, -9.39366941064403e-05, 
14212, 7, -4.61083504043638e-07, -0.0522645048755573, -4.61083504046907e-07, -1.76627866661021e-06, 0.0522645048755573, 1.42302378336727e-05, 4.03257923162952e-06, -0.00741217711211926, -5.28050916589016e-07, -0.0522788896770101, -5.28050916592831e-07, -1.81106003913268e-06, 0.0522788896770101, 1.42520105689011e-05, 4.02858222451096e-06, -0.00731823640869135, 6.69674125479255e-08, 1.43848014525133e-05, 6.69674125479272e-08, 4.47813725520384e-08, -1.43848014525133e-05, -2.17727351985017e-08, 3.99700723063225e-09, -9.39407034279033e-05, 
14213, 0, -8.68567783844953e-07, -0.0522651389731442, -8.6856778384888e-07, -1.93889726398946e-06, 0.0522651389731442, 1.35937356066948e-05, 3.98936542897163e-06, -0.00741205365758123, -9.35749866488634e-07, -0.0522795228207007, -9.35749866492781e-07, -1.9840651963563e-06, 0.0522795228207007, 1.36156419623939e-05, 3.98538102510627e-06, -0.00731811441757015, 6.71820826178795e-08, 1.43838475564315e-05, 6.71820826178778e-08, 4.51679323453084e-08, -1.43838475564315e-05, -2.19063558281653e-08, 3.98440386138713e-09, -9.39392400110946e-05, 
14213, 7, -1.59764549225236e-06, -0.0522656882831092, -1.59764549225618e-06, -1.71318897992032e-06, 0.0522656882831092, 1.27195813219954e-05, 4.64170955538214e-06, -0.00741271120051496, -1.66460541382299e-06, -0.052280074747413, -1.66460541382637e-06, -1.75875848437237e-06, 0.052280074747413, 1.27426544481917e-05, 4.63395733321892e-06, -0.00731877526363717, 6.69599215490729e-08, 1.43864643037131e-05, 6.69599215490712e-08, 4.55695044593804e-08, -1.43864643037131e-05, -2.30731260771905e-08, 7.75222215176941e-09, -9.39359368777988e-05, 
14214, 0, -2.01933455160772e-06, -0.0522657535242045, -2.01933455161175e-06, -1.76873232204058e-06, 0.0522657535242045, 1.22459217587678e-05, 4.73263518631293e-06, -0.00741224981568826, -2.08412691698511e-06, -0.0522801386420531, -2.08412691698882e-06, -1.81420911965707e-06, 0.0522801386420531, 1.22698523729233e-05, 4.72611997106685e-06, -0.00731831506263054, 6.4792365352721e-08, 1.43851178483423e-05, 6.47923653527244e-08, 4.54767976179786e-08, -1.43851178483423e-05, -2.3930614190081e-08, 6.51521512806052e-09, -9.39347530577485e-05, 
14214, 7, -2.50413495691173e-06, -0.052266149797285, -2.504134956915e-06, -1.42757789554324e-06, 0.052266149797285, 1.20228060711168e-05, 5.56175756876647e-06, -0.00741286712674516, -2.56465149450057e-06, -0.0522805330634435, -2.56465149450395e-06, -1.47600909588575e-06, 0.0522805330634435, 1.20449688783354e-05, 5.55306124969388e-06, -0.00731893534859185, 6.05165375878276e-08, 1.43832661587054e-05, 6.05165375878242e-08, 4.84312003329354e-08, -1.43832661587054e-05, -2.21628071974936e-08, 8.69631903568993e-09, -9.39317781533284e-05, 
14215, 0, -2.84524378937756e-06, -0.0522657533598679, -2.84524378938137e-06, -1.32494478455816e-06, 0.0522657533598679, 1.18002532562683e-05, 5.75695829949654e-06, -0.00741214312528613, -2.90620791636585e-06, -0.0522801357487394, -2.90620791636946e-06, -1.37378977056921e-06, 0.0522801357487394, 1.18223247924571e-05, 5.74820533949856e-06, -0.00731821265842582, 6.09641270008917e-08, 1.43823888714692e-05, 6.09641270008968e-08, 4.88449860317381e-08, -1.43823888714692e-05, -2.20715361812345e-08, 8.75296003662337e-09, -9.39304668603076e-05, 
14215, 7, -2.94995955761824e-06, -0.052266314170061, -2.94995955762238e-06, -1.02800405133211e-06, 0.052266314170061, 1.19772884360943e-05, 6.50114403752676e-06, -0.00741276462239463, -3.01071708501754e-06, -0.0522806926223503, -3.01071708502147e-06, -1.07108861210139e-06, 0.0522806926223503, 1.19948499767164e-05, 6.48820250525573e-06, -0.00731883095796195, 6.07575273711188e-08, 1.43784522892641e-05, 6.07575273711207e-08, 4.30845607774946e-08, -1.43784522892641e-05, -1.75615406399428e-08, 1.29415323173567e-08, -9.39336644326997e-05, 
14216, 0, -3.15881209423682e-06, -0.0522656153454544, -3.15881209423999e-06, -8.09389755360528e-07, 0.0522656153454544, 1.19361256016508e-05, 6.71324090376941e-06, -0.00741193696511014, -3.21916439535091e-06, -0.052279992913207, -3.2191643953544e-06, -8.52700167648964e-07, 0.052279992913207, 1.19536238995291e-05, 6.70031286477462e-06, -0.00731800484884789, 6.03523010801669e-08, 1.43775677526586e-05, 6.03523010801685e-08, 4.33104122600395e-08, -1.43775677526586e-05, -1.74982978373755e-08, 1.29280390438808e-08, -9.39321162622556e-05, 
14216, 7, -3.06502752242028e-06, -0.0522662716701589, -3.06502752242377e-06, -6.66808106274783e-07, 0.0522662716701589, 1.20386611722171e-05, 7.1731402126603e-06, -0.00741245584541331, -3.1277147863545e-06, -0.0522806457987285, -3.12771478635755e-06, -7.10142266620192e-07, 0.0522806457987285, 1.20534085397208e-05, 7.16096617074938e-06, -0.00731852205091898, 6.2687263932034e-08, 1.43741285693567e-05, 6.26872639320339e-08, 4.33341603342123e-08, -1.43741285693567e-05, -1.47473675929398e-08, 1.21740419076852e-08, -9.39337944943606e-05, 
14217, 0, -3.17233269805796e-06, -0.0522653865915464, -3.17233269806156e-06, -3.99482824525063e-07, 0.0522653865915464, 1.20206478300616e-05, 7.31715629977649e-06, -0.00741166043570751, -3.2352370351984e-06, -0.0522797601658636, -3.23523703520157e-06, -4.43024123395629e-07, 0.0522797601658636, 1.20350614683826e-05, 7.30455518175505e-06, -0.00731772899897094, 6.29043371825326e-08, 1.43735743172709e-05, 6.29043371825308e-08, 4.35412988628829e-08, -1.43735743172709e-05, -1.44136384193228e-08, 1.26011180119689e-08, -9.39314367365493e-05, 
14217, 7, -3.12682878850145e-06, -0.0522659581230351, -3.12682878850504e-06, -3.91486686157785e-07, 0.0522659581230351, 1.17292207675472e-05, 7.49984146074825e-06, -0.00741191261951651, -3.18735441954817e-06, -0.0522803272256042, -3.18735441955133e-06, -4.38440103609335e-07, 0.0522803272256042, 1.1743227613515e-05, 7.49011354249428e-06, -0.00731798537176855, 6.05256310311871e-08, 1.43691025689095e-05, 6.05256310311837e-08, 4.69534174509562e-08, -1.43691025689095e-05, -1.40068459224618e-08, 9.72791817383087e-09, -9.39272477479636e-05, 
14218, 0, -3.2196280513081e-06, -0.0522650054966496, -3.21962805131137e-06, -1.369324760067e-07, 0.0522650054966496, 1.15922159699012e-05, 7.54123779313343e-06, -0.00741120404147778, -3.2806090612727e-06, -0.052279374323867, -3.28060906127652e-06, -1.83896603323449e-07, 0.052279374323867, 1.16063866411087e-05, 7.53146549156776e-06, -0.0073172789476191, 6.09810099539041e-08, 1.43688272173217e-05, 6.09810099539058e-08, 4.69641273201887e-08, -1.43688272173217e-05, -1.41706711971876e-08, 9.77230153303325e-09, -9.39250938587175e-05, 
14218, 7, -3.28780227604669e-06, -0.0522655268384497, -3.28780227605019e-06, -1.9248097822063e-07, 0.0522655268384497, 1.09821810219939e-05, 7.56941411870359e-06, -0.0074111494090734, -3.34731495385944e-06, -0.0522798973752861, -3.34731495386261e-06, -2.36883256806703e-07, 0.0522798973752861, 1.1000299321531e-05, 7.56528016189163e-06, -0.00731721832441261, 5.95126778675816e-08, 1.43705368365644e-05, 5.951267786758e-08, 4.44022785981134e-08, -1.43705368365644e-05, -1.81182994016132e-08, 4.13395668379656e-09, -9.3931084660789e-05, 
14219, 0, -3.42149579656752e-06, -0.0522646792426252, -3.42149579657101e-06, 1.64934332455921e-10, 0.0522646792426252, 1.07128544696547e-05, 7.5230474061465e-06, -0.00741053277720772, -3.48123058416095e-06, -0.0522790496236911, -3.48123058416422e-06, -4.46395076542243e-08, 0.0522790496236911, 1.07310507593374e-05, 7.51897372361895e-06, -0.00731660356178311, 5.97347875545836e-08, 1.43703810658901e-05, 5.97347875545853e-08, 4.48044419465525e-08, -1.43703810658901e-05, -1.81962896560396e-08, 4.07368255358781e-09, -9.39292154246334e-05, 
14219, 7, -3.56127612497208e-06, -0.052265195697269, -3.56127612497611e-06, 7.1530098510793e-09, 0.052265195697269, 1.01335886374358e-05, 7.59457047939585e-06, -0.00741022757565631, -3.61115014404353e-06, -0.0522795685638919, -3.61115014404734e-06, -4.23348733987443e-08, 0.0522795685638919, 1.01513100037865e-05, 7.5963581993032e-06, -0.00731630215148077, 4.98740190699568e-08, 1.43728666231394e-05, 4.98740190699585e-08, 4.94878832602451e-08, -1.43728666231394e-05, -1.77213663077119e-08, -1.78771984916423e-09, -9.39254241755424e-05, 
14220, 0, -3.7394394049521e-06, -0.0522645216692302, -3.7394394049558e-06, 1.49615893068752e-07, 0.0522645216692302, 9.78817895503648e-06, 7.59024048254161e-06, -0.00740969425160746, -3.78945978681665e-06, -0.0522788942848667, -3.78945978682047e-06, 1.0026117186212e-07, 0.0522788942848667, 9.8059508808291e-06, 7.59185652869788e-06, -0.00731577014742671, 5.00203819231175e-08, 1.43726156366739e-05, 5.00203819231141e-08, 4.93547212165312e-08, -1.43726156366739e-05, -1.77719258863132e-08, -1.61604622898555e-09, -9.39241041807501e-05, 
14220, 7, -3.84431798002592e-06, -0.0522647303933025, -3.84431798002951e-06, 3.63347105178989e-07, 0.0522647303933025, 9.29638859993014e-06, 8.06881781631908e-06, -0.0074093130495197, -3.88933900011429e-06, -0.0522791065601951, -3.88933900011768e-06, 3.11074611768789e-07, 0.0522791065601951, 9.31047685407849e-06, 8.07384767618152e-06, -0.00731538899481024, 4.50210201003083e-08, 1.4376166892762e-05, 4.50210201003168e-08, 5.22724934129527e-08, -1.4376166892762e-05, -1.40882540925817e-08, -5.02985984482022e-09, -9.3924054709453e-05, 
14221, 0, -4.04502703492384e-06, -0.0522641764156884, -4.04502703492712e-06, 5.17488479473485e-07, 0.0522641764156884, 8.90890206431037e-06, 8.24140965800855e-06, -0.0074088116715793, -4.08937189463094e-06, -0.0522785524217328, -4.08937189463433e-06, 4.6495798410158e-07, 0.0522785524217328, 8.92309598558708e-06, 8.24627557616244e-06, -0.00731488973920877, 4.43448596610689e-08, 1.43760060444398e-05, 4.43448596610724e-08, 5.25304953577276e-08, -1.43760060444398e-05, -1.41939212604994e-08, -4.86591815074047e-09, -9.39219323705583e-05, 
14221, 7, -4.10127438929168e-06, -0.0522642879484189, -4.10127438929484e-06, 9.21617747857574e-07, 0.0522642879484189, 8.5224259021024e-06, 8.84625966381939e-06, -0.0074085413363034, -4.13695200590158e-06, -0.0522786710256432, -4.13695200590474e-06, 8.64649348722538e-07, 0.0522786710256432, 8.53213734011793e-06, 8.85350283653911e-06, -0.00731462308612484, 3.56776165651255e-08, 1.43830772243253e-05, 3.56776165651222e-08, 5.69683991031676e-08, -1.43830772243253e-05, -9.7114380714367e-09, -7.24317263857119e-09, -9.39182501785554e-05, 
14222, 0, -4.30539255849295e-06, -0.0522638289330039, -4.30539255849654e-06, 1.10923693097332e-06, 0.0522638289330039, 8.1161132939425e-06, 9.12519449738243e-06, -0.00740800743777672, -4.34092210140147e-06, -0.0522782113853554, -4.34092210140485e-06, 1.05222512884981e-06, 0.0522782113853554, 8.12585780467577e-06, 9.13248599732753e-06, -0.00731409045487053, 3.55295429044332e-08, 1.43824523513793e-05, 3.55295429044332e-08, 5.70118021267715e-08, -1.43824523513793e-05, -9.74451068898097e-09, -7.2915000125705e-09, -9.39169829061312e-05, 
14222, 7, -4.35955115712569e-06, -0.052264386989284, -4.35955115712918e-06, 1.47060563779037e-06, 0.052264386989284, 7.86096554636449e-06, 9.31424332640357e-06, -0.00740807342731362, -4.39097576038514e-06, -0.0522787662310618, -4.39097576038885e-06, 1.40789630297019e-06, 0.0522787662310618, 7.86912597831254e-06, 9.32215519226202e-06, -0.00731416063840121, 3.14246032501866e-08, 1.43792417778098e-05, 3.14246032501865e-08, 6.27093348456602e-08, -1.43792417778098e-05, -8.16043191580709e-09, -7.91186575986682e-09, -9.39127889124203e-05, 
14223, 0, -4.52534693824645e-06, -0.0522640220565127, -4.52534693825006e-06, 1.61881930523148e-06, 0.0522640220565127, 7.49664675441997e-06, 9.53043286101618e-06, -0.00740751556978712, -4.55611141304405e-06, -0.0522784005540625, -4.55611141304776e-06, 1.55506413297136e-06, 0.0522784005540625, 7.50469742979801e-06, 9.53825539692162e-06, -0.00731360524822132, 3.07644747862244e-08, 1.43784975496608e-05, 3.07644747862158e-08, 6.37551722593435e-08, -1.43784975496608e-05, -8.05067555627129e-09, -7.8225358931101e-09, -9.39103215657891e-05, 
14223, 7, -4.59613543358041e-06, -0.0522648110705337, -4.59613543358389e-06, 1.77170888588037e-06, 0.0522648110705337, 7.25546406581142e-06, 9.39540944744216e-06, -0.00740790898022381, -4.62498455956706e-06, -0.0522791801196603, -4.6249845595712e-06, 1.70971447936279e-06, 0.0522791801196603, 7.26126981397882e-06, 9.40187847769068e-06, -0.00731400348645573, 2.88491259653454e-08, 1.43690491268326e-05, 2.88491259653472e-08, 6.199440653321e-08, -1.43690491268326e-05, -5.80574809262835e-09, -6.46903026233768e-09, -9.39054937680762e-05, 
14224, 0, -4.68131884341602e-06, -0.0522643943159985, -4.68131884341908e-06, 1.79831120652351e-06, 0.0522643943159985, 6.92310717320449e-06, 9.4999953478187e-06, -0.00740736902086837, -4.70994252042635e-06, -0.0522787624991927, -4.70994252043028e-06, 1.73645432158528e-06, 0.0522787624991927, 6.92890909131758e-06, 9.50654213275208e-06, -0.00731346453085149, 2.86236770178547e-08, 1.43681831944076e-05, 2.86236770178531e-08, 6.18568849294608e-08, -1.43681831944076e-05, -5.80191799417205e-09, -6.54678498573456e-09, -9.39044900168574e-05, 
14224, 7, -4.69619211364218e-06, -0.0522649625615225, -4.69619211364556e-06, 1.85330286312933e-06, 0.0522649625615225, 6.70348773214994e-06, 9.20620555008493e-06, -0.00740784838932521, -4.72929715728923e-06, -0.0522793215743227, -4.72929715729262e-06, 1.78750824201699e-06, 0.0522793215743227, 6.70874051277426e-06, 9.21665452147245e-06, -0.00731394133728616, 3.31050436411616e-08, 1.43590128000177e-05, 3.31050436411581e-08, 6.57946211327208e-08, -1.43590128000177e-05, -5.2527806892807e-09, -1.04489712470026e-08, -9.39070520390285e-05, 
14225, 0, -4.70270758881331e-06, -0.0522643258696697, -4.70270758881658e-06, 1.73968516332992e-06, 0.0522643258696697, 6.39005912506291e-06, 9.13116709050813e-06, -0.00740731913739159, -4.73586515145194e-06, -0.0522786841006409, -4.73586515145522e-06, 1.67410292483548e-06, 0.0522786841006409, 6.39516391096621e-06, 9.1414037305634e-06, -0.00731341447072048, 3.31575626577057e-08, 1.43582309709285e-05, 3.31575626577076e-08, 6.55822385142616e-08, -1.43582309709285e-05, -5.10478599169228e-09, -1.02366400264697e-08, -9.39046666711146e-05, 
14225, 7, -4.64208085651898e-06, -0.052264272528167, -4.64208085652269e-06, 1.79538395428655e-06, 0.052264272528167, 6.27589430901667e-06, 8.71537521638909e-06, -0.00740748087508826, -4.67376679128589e-06, -0.0522786257529817, -4.6737667912895e-06, 1.72732245884958e-06, 0.0522786257529817, 6.28163220101743e-06, 8.73009046699887e-06, -0.0073135727555441, 3.16859347149063e-08, 1.43532248145087e-05, 3.16859347149062e-08, 6.8061495425534e-08, -1.43532248145087e-05, -5.73789186050981e-09, -1.47152505257081e-08, -9.3908119544146e-05, 
14226, 0, -4.56374491578316e-06, -0.0522632714243441, -4.56374491578632e-06, 1.56238344369048e-06, 0.0522632714243441, 5.99131068816831e-06, 8.41833129083961e-06, -0.00740688543076323, -4.59469468044522e-06, -0.0522776241995858, -4.59469468044859e-06, 1.49391097442941e-06, 0.0522776241995858, 5.99724317923679e-06, 8.43323403208476e-06, -0.00731297919010211, 3.09497646602777e-08, 1.43527752414026e-05, 3.09497646602793e-08, 6.84724692544451e-08, -1.43527752414026e-05, -5.93249092495259e-09, -1.49027413532092e-08, -9.39062406611325e-05, 
14226, 7, -4.38157802986123e-06, -0.0522624138908654, -4.38157802986505e-06, 1.60283799351243e-06, 0.0522624138908654, 6.03638570255144e-06, 8.08922304180929e-06, -0.00740654504637323, -4.40730561986084e-06, -0.0522767659320953, -4.40730561986433e-06, 1.53175986744853e-06, 0.0522767659320953, 6.03959788236639e-06, 8.10555799526977e-06, -0.00731263388441536, 2.57275900102169e-08, 1.4352041229733e-05, 2.57275900102136e-08, 7.10781260668132e-08, -1.43520412297331e-05, -3.21217989366865e-09, -1.6334953474734e-08, -9.3911161957884e-05, 
14227, 0, -4.20525504482083e-06, -0.0522610986472132, -4.20525504482411e-06, 1.29374917489815e-06, 0.0522610986472132, 5.83481815921298e-06, 7.64943083363888e-06, -0.00740587096648089, -4.23014505861552e-06, -0.052275450201248, -4.2301450586189e-06, 1.22217138609187e-06, 0.052275450201248, 5.83813694856452e-06, 7.66606033355678e-06, -0.00731196238868008, 2.48900138428157e-08, 1.43515540348345e-05, 2.48900138428207e-08, 7.15777887976601e-08, -1.43515540348345e-05, -3.31878943855162e-09, -1.66294999053377e-08, -9.39085778008257e-05, 
14227, 7, -3.91112040534426e-06, -0.052259888372877, -3.91112040534753e-06, 1.21902671512469e-06, 0.052259888372877, 6.05504422488227e-06, 7.50778311876172e-06, -0.0074052543001014, -3.9334245336975e-06, -0.0522742447058392, -3.93342453370046e-06, 1.15860680352363e-06, 0.0522742447058392, 6.0561790422947e-06, 7.52270039600352e-06, -0.00731134621788639, 2.23041283792353e-08, 1.43563329620557e-05, 2.23041283792355e-08, 6.04199116049542e-08, -1.43563329620557e-05, -1.13481754645162e-09, -1.49172772100961e-08, -9.39080822149981e-05, 
14228, 0, -3.68450098135377e-06, -0.0522584885629905, -3.68450098135715e-06, 9.11240003141531e-07, 0.0522584885629905, 5.95979412084781e-06, 7.04422568140774e-06, -0.00740454749714555, -3.70680191599457e-06, -0.0522728444359315, -3.70680191599795e-06, 8.50824361721844e-07, 0.0522728444359315, 5.96087138793267e-06, 7.05923160688429e-06, -0.00731064093194094, 2.2300934668943e-08, 1.43558729406614e-05, 2.23009346689463e-08, 6.04156414228625e-08, -1.43558729406614e-05, -1.07726706088295e-09, -1.50059254616364e-08, -9.39065652045692e-05, 
14228, 7, -3.38000290115118e-06, -0.0522575370122296, -3.38000290115445e-06, 8.22639315697125e-07, 0.0522575370122297, 6.20603552837415e-06, 7.14684568929469e-06, -0.00740396901001483, -3.39507586405071e-06, -0.0522718986657324, -3.3950758640541e-06, 7.60387948001621e-07, 0.0522718986657324, 6.20468495249103e-06, 7.16463381459528e-06, -0.00731006713524183, 1.50729628608099e-08, 1.43616535028163e-05, 1.50729628608132e-08, 6.22513676961354e-08, -1.43616535028163e-05, 1.35057599691902e-09, -1.77881252369227e-08, -9.39018747730253e-05, 
14229, 0, -3.19097815169046e-06, -0.0522562534941438, -3.19097815169395e-06, 6.13573445320275e-07, 0.0522562534941438, 6.14311704340547e-06, 6.76357924489091e-06, -0.0074032519370765, -3.20545398104148e-06, -0.0522706146956758, -3.20545398104486e-06, 5.5017782947748e-07, 0.0522706146956758, 6.14161817609174e-06, 6.78125873789539e-06, -0.0073093526502374, 1.44758293814778e-08, 1.43612015320911e-05, 1.44758293814812e-08, 6.33956158475776e-08, -1.43612015320911e-05, 1.49886742992903e-09, -1.76794929085924e-08, -9.38992868390908e-05, 
14229, 7, -2.93187968459279e-06, -0.0522558704788494, -2.93187968459638e-06, 6.0590157904542e-07, 0.0522558704788494, 6.2619132922558e-06, 7.12222636101015e-06, -0.00740290240838689, -2.94141272458257e-06, -0.0522702332151748, -2.94141272458595e-06, 5.44602732680792e-07, 0.0522702332151748, 6.2600219150641e-06, 7.14406882681996e-06, -0.00730900533399132, 9.5330399810971e-09, 1.43627363253488e-05, 9.53303998109374e-09, 6.1298846386959e-08, -1.43627363253488e-05, 1.89137721643845e-09, -2.1842465662698e-08, -9.38970743955491e-05, 
14230, 0, -2.81784772367951e-06, -0.0522547817497736, -2.81784772368268e-06, 5.28865047599916e-07, 0.0522547817497737, 6.13731026090878e-06, 6.89375711972273e-06, -0.00740221302089079, -2.82732809437955e-06, -0.0522691441005064, -2.82732809438293e-06, 4.66460658100367e-07, 0.0522691441005064, 6.13528086903495e-06, 6.91535639621861e-06, -0.00730831904646372, 9.48037067454453e-09, 1.43623507325435e-05, 9.48037067454127e-09, 6.24043895113666e-08, -1.43623507325435e-05, 2.02939183533527e-09, -2.15992763651615e-08, -9.38939744270939e-05, 
14230, 7, -2.61665961312027e-06, -0.0522549935966905, -2.61665961312342e-06, 6.26149520480113e-07, 0.0522549935966905, 6.14917437389747e-06, 7.50388487192383e-06, -0.00740216383193258, -2.61982783781991e-06, -0.0522693483572149, -2.61982783782384e-06, 5.65103577812307e-07, 0.0522693483572148, 6.14747156096898e-06, 7.52828196396507e-06, -0.00730827843439062, 3.1682247280838e-09, 1.43547605243744e-05, 3.16822472808393e-09, 6.10459426692688e-08, -1.43547605243744e-05, 1.70281288214296e-09, -2.43970921193842e-08, -9.3885397541967e-05, 
14231, 0, -2.58039633926884e-06, -0.0522540606537405, -2.58039633927223e-06, 6.84009585958953e-07, 0.0522540606537405, 5.95207940583836e-06, 7.48767852082673e-06, -0.00740156425325946, -2.58339262228643e-06, -0.0522684145348642, -2.58339262229036e-06, 6.22426663449199e-07, 0.0522684145348642, 5.95036659250263e-06, 7.51224515475068e-06, -0.00730768139770785, 2.99628300703741e-09, 1.43538811237743e-05, 2.99628300703415e-09, 6.15829225029978e-08, -1.43538811237743e-05, 1.71281325054616e-09, -2.45666339006368e-08, -9.38828555516047e-05, 
14231, 7, -2.47914317363055e-06, -0.0522545407950368, -2.47914317363448e-06, 8.76051534909062e-07, 0.0522545407950368, 5.93147998818175e-06, 8.18444773170824e-06, -0.00740167537411769, -2.47570549637389e-06, -0.0522688858939416, -2.47570549637716e-06, 8.17233171134996e-07, 0.0522688858939416, 5.93093781188708e-06, 8.20854679429509e-06, -0.00730779227459103, -3.43767731204014e-09, 1.43450989045946e-05, -3.43767731204012e-09, 5.88183637747723e-08, -1.43450989045946e-05, 5.42176316277559e-10, -2.40990625867187e-08, -9.38830995266505e-05, 
14232, 0, -2.51278321027026e-06, -0.0522536478565494, -2.51278321027343e-06, 1.07679073535466e-06, 0.0522536478565494, 5.72525667680893e-06, 8.37308490192236e-06, -0.00740116953887717, -2.50813457134358e-06, -0.052267991891127, -2.50813457134696e-06, 1.01811379264586e-06, 0.052267991891127, 5.72486573413934e-06, 8.39735283495683e-06, -0.00730728809844167, -4.64863891432706e-09, 1.4344034577899e-05, -4.64863891432556e-09, 5.86769426927993e-08, -1.4344034577899e-05, 3.90942631137811e-10, -2.42679331685265e-08, -9.38814404355319e-05, 
14232, 7, -2.46137835043992e-06, -0.0522544330091869, -2.4613783504433e-06, 1.24210327808188e-06, 0.0522544330091869, 5.90165061959755e-06, 8.97028890853202e-06, -0.00740122454772421, -2.4567303181514e-06, -0.0522687709660691, -2.45673031815479e-06, 1.17590291886043e-06, 0.0522687709660691, 5.9014655396141e-06, 8.99235121118512e-06, -0.00730735131874765, -4.64803233340361e-09, 1.43379568825295e-05, -4.64803233339862e-09, 6.62003592426648e-08, -1.43379568825295e-05, 1.85080136842404e-10, -2.20623026725306e-08, -9.38732289765767e-05, 
14233, 0, -2.50916066375811e-06, -0.052253578443078, -2.50916066376149e-06, 1.53277859365038e-06, 0.052253578443078, 5.83088675503509e-06, 9.28193960750996e-06, -0.00740078263173715, -2.50410434559747e-06, -0.0522679152157809, -2.50410434560096e-06, 1.46709805758034e-06, 0.0522679152157809, 5.83051169134266e-06, 9.30383419555964e-06, -0.00730691072250083, -5.05631813820388e-09, 1.43367727028331e-05, -5.05631813820217e-09, 6.56805360473896e-08, -1.43367727028331e-05, 3.75063680726765e-10, -2.18945880453611e-08, -9.38719092363152e-05, 
14233, 7, -2.47950019305526e-06, -0.0522549667524455, -2.47950019305864e-06, 1.46883660627645e-06, 0.0522549667524455, 6.2624713571849e-06, 9.31718912302644e-06, -0.00740081656986583, -2.46892748187338e-06, -0.0522692961169886, -2.46892748187708e-06, 1.40291794011961e-06, 0.0522692961169886, 6.25981798111854e-06, 9.33820406661286e-06, -0.0073069588055078, -1.05727111742212e-08, 1.43293645428182e-05, -1.05727111742195e-08, 6.59186661824742e-08, -1.43293645428182e-05, 2.65337605293024e-09, -2.10149435816019e-08, -9.38577643580237e-05, 
14234, 0, -2.49366210521219e-06, -0.0522542805986057, -2.49366210521524e-06, 1.71877652564958e-06, 0.0522542805986057, 6.38468715487946e-06, 9.52379272707003e-06, -0.00740045534939269, -2.48500447039998e-06, -0.0522686087362473, -2.48500447040348e-06, 1.65244874094176e-06, 0.0522686087362473, 6.38140081914529e-06, 9.5437370234244e-06, -0.0073065994880162, -8.65763483855451e-09, 1.43281376416885e-05, -8.65763483855788e-09, 6.632778467263e-08, -1.43281376416885e-05, 3.28633571525827e-09, -1.99442962728533e-08, -9.3855861376465e-05, 
14234, 7, -2.47937716938867e-06, -0.052256269634757, -2.47937716939216e-06, 1.40651941980841e-06, 0.052256269634757, 6.92723418821794e-06, 8.81334558464773e-06, -0.00740067895626551, -2.46970799295595e-06, -0.0522705959336586, -2.46970799295934e-06, 1.33863749702614e-06, 0.0522705959336586, 6.92062041170768e-06, 8.83592923105382e-06, -0.00730683229946691, -9.66917642502344e-09, 1.43262989018798e-05, -9.66917642502173e-09, 6.78819227749423e-08, -1.43262989018798e-05, 6.61377646347519e-09, -2.2583646456601e-08, -9.3846656798583e-05, 
14235, 0, -2.42616006061889e-06, -0.0522559141685268, -2.42616006062249e-06, 1.47245603095693e-06, 0.0522559141685268, 7.2406154006307e-06, 8.73276043951008e-06, -0.00740048042744956, -2.41646636043246e-06, -0.0522702393241979, -2.41646636043585e-06, 1.40503941490425e-06, 0.0522702393241979, 7.23400112615123e-06, 8.75508264184349e-06, -0.00730663568624713, -9.69370017696878e-09, 1.43251556712466e-05, -9.69370017696358e-09, 6.74166160274744e-08, -1.43251556712466e-05, 6.61427445492323e-09, -2.2322202363951e-08, -9.38447412024235e-05, 
14235, 7, -2.33659491628777e-06, -0.052258559373829, -2.33659491629137e-06, 9.87806245524025e-07, 0.052258559373829, 7.85106474463773e-06, 7.49804892332997e-06, -0.00740110436040951, -2.33495000184628e-06, -0.0522728777653213, -2.33495000185031e-06, 9.23517265821181e-07, 0.0522728777653213, 7.84166271432959e-06, 7.52070202115298e-06, -0.00730726492422001, -1.64491440332615e-09, 1.43183914921443e-05, -1.64491440333291e-09, 6.42889797134883e-08, -1.43183914921443e-05, 9.4020303654424e-09, -2.26530978343954e-08, -9.38394361895116e-05, 
14236, 0, -2.18594140620846e-06, -0.0522586655692815, -2.18594140621195e-06, 7.85730857199909e-07, 0.0522586655692815, 8.32482833229299e-06, 7.14063100053955e-06, -0.00740108203661074, -2.18365158361095e-06, -0.0522729828094431, -2.18365158361422e-06, 7.21820957648579e-07, 0.0522729828094431, 8.31541925532128e-06, 7.16357753015386e-06, -0.00730724428939312, -2.2898225574698e-09, 1.43172401616569e-05, -2.28982255746638e-09, 6.39098995283798e-08, -1.43172401616569e-05, 9.40907692235099e-09, -2.29465296567584e-08, -9.38377472176402e-05, 
14236, 7, -1.98681057528946e-06, -0.05226175074174, -1.98681057529338e-06, 3.6862960199809e-07, 0.05226175074174, 8.74669961951021e-06, 6.01031091516699e-06, -0.00740205709062582, -1.99209195711032e-06, -0.0522760584075522, -1.9920919571136e-06, 2.99160048867083e-07, 0.0522760584075522, 8.73486038758064e-06, 6.03617712738521e-06, -0.00730822652486819, 5.28138177384465e-09, 1.4307665812241e-05, 5.28138177384458e-09, 6.94695531136689e-08, -1.4307665812241e-05, 1.18392318653451e-08, -2.58662122046781e-08, -9.38305657576114e-05, 
14237, 0, -1.77150096819784e-06, -0.0522622920559636, -1.77150096820133e-06, -5.25698943256268e-08, 0.0522622920559636, 9.23909414549922e-06, 5.55956332464056e-06, -0.00740215459849532, -1.77581567537503e-06, -0.0522765985940521, -1.77581567537852e-06, -1.21083575090271e-07, 0.0522765985940521, 9.22722855490335e-06, 5.58561648793845e-06, -0.00730832635792442, 4.31470717200392e-09, 1.43065380885329e-05, 4.31470717200564e-09, 6.85136807722176e-08, -1.43065380885329e-05, 1.18655906661435e-08, -2.60531632383099e-08, -9.38282405709236e-05, 
14237, 7, -1.5868884251789e-06, -0.0522656013391785, -1.58688842518283e-06, -1.69964813135353e-07, 0.0522656013391785, 9.0106684078095e-06, 4.96941803345657e-06, -0.00740333449825447, -1.59200703244496e-06, -0.0522798996785791, -1.59200703244813e-06, -2.36171064099007e-07, 0.0522798996785791, 8.9984253182141e-06, 4.99667091686687e-06, -0.00730951433045899, 5.11860725148691e-09, 1.42983394004019e-05, 5.11860725148852e-09, 6.62062509644434e-08, -1.42983394004019e-05, 1.2243089638879e-08, -2.72528834059325e-08, -9.38201677954926e-05, 
14238, 0, -1.42838266564753e-06, -0.0522664822574828, -1.42838266565157e-06, -6.87488734421306e-07, 0.0522664822574828, 9.2673948834858e-06, 4.58970887528909e-06, -0.00740353443006023, -1.43361309302289e-06, -0.0522807803872107, -1.4336130930266e-06, -7.54221745117934e-07, 0.0522807803872107, 9.25488312613948e-06, 4.61657337346876e-06, -0.00730971736329689, 5.23042734923081e-09, 1.42981297279386e-05, 5.23042734923071e-09, 6.67330106806959e-08, -1.42981297279386e-05, 1.25117573008078e-08, -2.68644982074232e-08, -9.3817066763362e-05, 
14238, 7, -1.4911761979188e-06, -0.052269819621401, -1.49117619792261e-06, -5.10423800131554e-07, 0.052269819621401, 8.02548945555464e-06, 4.55550650559771e-06, -0.0074047951671003, -1.50952578975282e-06, -0.0522841129687836, -1.50952578975642e-06, -5.78592817128761e-07, 0.0522841129687836, 8.0137745288632e-06, 4.57547794828309e-06, -0.00731097426632337, 1.83495918125431e-08, 1.42933473824159e-05, 1.83495918125398e-08, 6.8169016988457e-08, -1.42933473824159e-05, 1.17149267165209e-08, -1.99714426017797e-08, -9.38209007769265e-05, 
14239, 0, -1.56883635286593e-06, -0.0522709116539452, -1.56883635286942e-06, -1.00087032870001e-06, 0.0522709116539452, 7.79294622153559e-06, 4.33884028382243e-06, -0.00740506106085566, -1.58668365586384e-06, -0.0522852038656162, -1.58668365586711e-06, -1.06906194446666e-06, 0.0522852038656162, 7.78121124935258e-06, 4.35893644374791e-06, -0.00731124214581918, 1.78473029398804e-08, 1.42922116708263e-05, 1.78473029398805e-08, 6.8191615791514e-08, -1.42922116708263e-05, 1.1734972080667e-08, -2.00961598787144e-08, -9.38189150364967e-05, 
14239, 7, -2.11809205562654e-06, -0.0522738339593811, -2.11809205562992e-06, -8.47683957962445e-07, 0.0522738339593811, 5.61702140706518e-06, 4.51609674399915e-06, -0.00740615992204444, -2.14870882444076e-06, -0.0522881151229857, -2.14870882444404e-06, -9.22313043460169e-07, 0.0522881151229857, 5.60857004246441e-06, 4.53329481159001e-06, -0.00731234929766618, 3.06167688408051e-08, 1.42811636043958e-05, 3.0616768840805e-08, 7.46290854939617e-08, -1.42811636043958e-05, 8.45136456189342e-09, -1.71980675407587e-08, -9.38106243782488e-05, 
14240, 0, -2.51816666712219e-06, -0.0522748727238677, -2.51816666712579e-06, -1.24903130119479e-06, 0.0522748727238677, 4.85103119841889e-06, 4.4357060959355e-06, -0.00740637901413237, -2.54865824353478e-06, -0.0522891534793314, -2.54865824353805e-06, -1.32386238618309e-06, 0.0522891534793314, 4.84267662735692e-06, 4.45284810719596e-06, -0.00731257039232102, 3.04915763980403e-08, 1.42807554637068e-05, 3.04915763980352e-08, 7.48310849984619e-08, -1.42807554637068e-05, 8.35457109199876e-09, -1.71420112576352e-08, -9.38086218113661e-05, 
14240, 7, -3.44254447126556e-06, -0.0522770831279587, -3.44254447126948e-06, -1.45402591475857e-06, 0.0522770831279587, 2.51272256658202e-06, 4.43253718025146e-06, -0.00740725220532892, -3.47152637613248e-06, -0.0522913562484149, -3.47152637613608e-06, -1.52232392178336e-06, 0.0522913562484149, 2.51045207940222e-06, 4.44815470946709e-06, -0.00731344890614691, 2.8981904861299e-08, 1.42731204562317e-05, 2.89819048613008e-08, 6.82980070200838e-08, -1.42731204562317e-05, 2.27048717387118e-09, -1.56175291820896e-08, -9.38032991820048e-05, 
14241, 0, -4.04991560431794e-06, -0.0522777979229703, -4.04991560432176e-06, -1.76939850787566e-06, 0.0522777979229703, 1.50274967292475e-06, 4.43462333272467e-06, -0.00740731714705044, -4.07810006247846e-06, -0.0522920704288486, -4.07810006248141e-06, -1.83775683561829e-06, 0.0522920704288486, 1.50084156093869e-06, 4.45045392581591e-06, -0.00731351606422934, 2.81844581594978e-08, 1.42725058781321e-05, 2.81844581595012e-08, 6.83583277488359e-08, -1.42725058781321e-05, 1.90811197515571e-09, -1.58305930365348e-08, -9.38010828211051e-05, 
14241, 7, -4.97409328376626e-06, -0.0522790101940927, -4.97409328376997e-06, -2.35251278076814e-06, 0.0522790101940927, 6.80525755380868e-08, 4.20664761118784e-06, -0.00740799160796227, -4.9967561212494e-06, -0.0522932815317693, -4.99675612125311e-06, -2.41503242588338e-06, 0.0522932815317693, 7.36201740755679e-08, 4.22772988427003e-06, -0.00731418395244056, 2.26628374839902e-08, 1.42713376766504e-05, 2.26628374839937e-08, 6.25196451023587e-08, -1.42713376766504e-05, -5.56759850161249e-09, -2.10822730607174e-08, -9.38076555217197e-05, 
14242, 0, -5.54578995314321e-06, -0.0522791257538634, -5.54578995314713e-06, -2.56787452453451e-06, 0.0522791257538634, -6.80932442861382e-07, 4.29529854288586e-06, -0.0074078101060441, -5.56763186102309e-06, -0.05229339689531, -5.56763186102615e-06, -2.63059678302477e-06, 0.05229339689531, -6.75121712482871e-07, 4.31657130247174e-06, -0.00731400455571668, 2.18419078683361e-08, 1.42711414465738e-05, 2.18419078683378e-08, 6.27222584889087e-08, -1.42711414465738e-05, -5.81073037292428e-09, -2.12727595720348e-08, -9.38055503274455e-05, 
14242, 7, -6.13424796666892e-06, -0.0522790661309079, -6.1342479666723e-06, -3.12712333141311e-06, 0.0522790661309079, -5.89217163067799e-07, 4.19516383057275e-06, -0.00740820465743301, -6.1521854428506e-06, -0.0522933374992706, -6.15218544285388e-06, -3.18219818752857e-06, 0.0522933374992706, -5.78199785375647e-07, 4.22347183010188e-06, -0.00731439580798869, 1.79374762261159e-08, 1.42713683626892e-05, 1.79374762261125e-08, 5.50748560901366e-08, -1.42713683626892e-05, -1.1017377713322e-08, -2.83079994944591e-08, -9.3808849444295e-05, 
14243, 0, -6.42917371698427e-06, -0.0522784004075015, -6.42917371698743e-06, -3.16903500886091e-06, 0.0522784004075015, -6.5927566609589e-07, 4.43119598801294e-06, -0.00740769368173543, -6.44537687174157e-06, -0.0522926713724198, -6.44537687174484e-06, -3.22386262422462e-06, 0.0522926713724198, -6.47951538493528e-07, 4.45991563107379e-06, -0.00731388600114685, 1.62031547933183e-08, 1.42709649183449e-05, 1.62031547933192e-08, 5.48276153491562e-08, -1.42709649183449e-05, -1.13241275195177e-08, -2.87196430272279e-08, -9.38076805885684e-05, 
14243, 7, -6.46642494984769e-06, -0.0522775138923004, -6.46642494985129e-06, -3.26545377990357e-06, 0.0522775138923004, 7.90250807966878e-07, 4.6478855994675e-06, -0.00740777077039918, -6.47715857158189e-06, -0.0522917899150811, -6.47715857158495e-06, -3.31755188797347e-06, 0.0522917899150811, 7.96523794991788e-07, 4.67654598602941e-06, -0.00731395702778973, 1.07336217077853e-08, 1.42760227808605e-05, 1.07336217077793e-08, 5.20981080520067e-08, -1.42760227808605e-05, -6.27298699776904e-09, -2.8660386600513e-08, -9.3813742609435e-05, 
14244, 0, -6.33894447112582e-06, -0.0522761541010487, -6.33894447112964e-06, -3.09020030935914e-06, 0.0522761541010487, 1.47579259432495e-06, 5.0160730934198e-06, -0.0074069227118237, -6.35021962485071e-06, -0.0522904298941991, -6.35021962485398e-06, -3.14128575007828e-06, 0.0522904298941991, 1.48203914763164e-06, 5.04459631075555e-06, -0.0073131112705609, 1.12751537344531e-08, 1.42757931500209e-05, 1.12751537344497e-08, 5.10854407496458e-08, -1.42757931500209e-05, -6.24655326896483e-09, -2.85232172162905e-08, -9.38114412627945e-05, 
14244, 7, -5.91560716264373e-06, -0.0522748766727106, -5.9156071626469e-06, -2.72656727503109e-06, 0.0522748766727106, 3.29759490050404e-06, 5.47337989608752e-06, -0.00740681073794367, -5.91592979359207e-06, -0.0522891606303455, -5.91592979359545e-06, -2.77068568648687e-06, 0.0522891606303455, 3.29661599184273e-06, 5.49977659803106e-06, -0.00731300350051877, 3.22630960038848e-10, 1.42839576349601e-05, 3.22630960038768e-10, 4.41184114795958e-08, -1.42839576349601e-05, 9.78908676684386e-10, -2.63967020641134e-08, -9.38072374249476e-05, 
14245, 0, -5.42229293645685e-06, -0.0522729270835151, -5.42229293646055e-06, -2.38567038183124e-06, 0.0522729270835151, 4.43498354409701e-06, 5.92856952500613e-06, -0.0074057225451035, -5.42224895646447e-06, -0.0522872108816085, -5.42224895646742e-06, -2.42901432281096e-06, 0.0522872108816086, 4.43377145968108e-06, 5.9549804260086e-06, -0.00731191748514703, -4.39800114729195e-11, 1.4283798093524e-05, -4.39800114721601e-11, 4.33439410104612e-08, -1.4283798093524e-05, 1.21208447789175e-09, -2.6410900961753e-08, -9.38050599564681e-05, 
14245, 7, -4.89311106577903e-06, -0.0522713262310495, -4.89311106578307e-06, -1.8119826886848e-06, 0.0522713262310495, 5.62681744113988e-06, 6.60255779690779e-06, -0.00740552590434801, -4.89476476369737e-06, -0.0522856118815866, -4.89476476370107e-06, -1.84905027424185e-06, 0.0522856118815866, 5.61710412829946e-06, 6.6200666568451e-06, -0.00731172297492147, 1.65369793246889e-09, 1.42856505372194e-05, 1.65369793246489e-09, 3.70675855349143e-08, -1.42856505372194e-05, 9.71331289582476e-09, -1.75088599915613e-08, -9.38029294265033e-05, 
14246, 0, -4.24942819430617e-06, -0.0522688713499476, -4.24942819430956e-06, -1.40476712216368e-06, 0.0522688713499476, 6.7633898070155e-06, 7.13542383203895e-06, -0.00740431998058204, -4.25046798155655e-06, -0.0522831566763066, -4.25046798156037e-06, -1.44097708273628e-06, 0.0522831566763066, 6.75364322548437e-06, 7.15286917423005e-06, -0.00731051956744249, 1.03978725943012e-09, 1.42853263591088e-05, 1.03978725943194e-09, 3.62099605662799e-08, -1.42853263591088e-05, 9.74658152718192e-09, -1.74453422601948e-08, -9.38004131395135e-05, 
14246, 7, -3.98401428616434e-06, -0.052267233229534, -3.98401428616772e-06, -7.95009782299751e-07, 0.052267233229534, 6.76989531506762e-06, 7.83170577168704e-06, -0.00740403401368349, -3.98047952886459e-06, -0.0522815167676837, -3.98047952886809e-06, -8.19559149177074e-07, 0.0522815167676837, 6.75734855223154e-06, 7.84101456842211e-06, -0.00731023314081296, -3.53475728025645e-09, 1.42835381496822e-05, -3.53475728024807e-09, 2.45493668970115e-08, -1.42835381496822e-05, 1.25467627062225e-08, -9.30879675580931e-09, -9.38008728705458e-05, 
14247, 0, -3.45966844579545e-06, -0.0522645241352786, -3.45966844579873e-06, -4.01550534875015e-07, 0.0522645241352786, 7.48030201958248e-06, 8.35504522293555e-06, -0.00740282036306183, -3.4559603696363e-06, -0.0522788071462063, -3.45596036963968e-06, -4.2634777593226e-07, 0.0522788071462063, 7.46800108411148e-06, 8.36456847000849e-06, -0.00730902120529885, -3.70807614296498e-09, 1.42830109274752e-05, -3.7080761429635e-09, 2.47972410535437e-08, -1.42830109274752e-05, 1.23009355701007e-08, -9.52324693834442e-09, -9.37991577629923e-05, 
14247, 7, -3.59553898662941e-06, -0.0522632285330121, -3.59553898663279e-06, 1.02173219196177e-07, 0.0522632285330121, 6.24066286263551e-06, 8.73207596076155e-06, -0.0074025224436993, -3.59540496115848e-06, -0.0522775093768342, -3.59540496116198e-06, 8.18283532571427e-08, 0.0522775093768342, 6.23155734910432e-06, 8.73662188251158e-06, -0.00730871906889618, -1.34025446193994e-10, 1.42808438220099e-05, -1.34025446193977e-10, 2.03448659129405e-08, -1.42808438220099e-05, 9.10551367585012e-09, -4.54592182787236e-09, -9.38033748031159e-05, 
14248, 0, -3.41852318432163e-06, -0.0522605488585679, -3.41852318432479e-06, 4.23975225060311e-07, 0.0522605488585679, 6.28398232813044e-06, 9.13741466609081e-06, -0.00740142043340338, -3.41782970967239e-06, -0.0522748291373379, -3.41782970967566e-06, 4.02832540289093e-07, 0.0522748291373379, 6.2748224091678e-06, 9.1419383419921e-06, -0.00730761849435267, -6.93474643774823e-10, 1.42802787700856e-05, -6.93474643775656e-10, 2.1142684774076e-08, -1.42802787700856e-05, 9.15991881635724e-09, -4.523675853351e-09, -9.38019390507297e-05, 
14248, 7, -3.8887539159309e-06, -0.0522597038286476, -3.88875391593472e-06, 6.69254726009179e-07, 0.0522597038286476, 4.48935978865852e-06, 9.23396122977071e-06, -0.00740120255444362, -3.8988877104227e-06, -0.0522739856159359, -3.89888771042685e-06, 6.39324184833147e-07, 0.0522739856159359, 4.48468082415982e-06, 9.2351976363725e-06, -0.00730739487668427, 1.01337945006632e-08, 1.42817872882825e-05, 1.01337945006624e-08, 2.9930541174654e-08, -1.42817872882826e-05, 4.67896450400896e-09, -1.23640650261738e-09, -9.38076777593233e-05, 
14249, 0, -4.12761378781955e-06, -0.0522572215442578, -4.12761378782271e-06, 8.56400120725687e-07, 0.0522572215442578, 3.9983886217623e-06, 9.52570359697086e-06, -0.00740028584079114, -4.13674644577866e-06, -0.0522715027790869, -4.13674644578193e-06, 8.26251390526474e-07, 0.0522715027790869, 3.99379423209856e-06, 9.527339836847e-06, -0.00730648037538432, 9.13265792775625e-09, 1.42812348289408e-05, 9.13265792775531e-09, 3.01487301827584e-08, -1.42812348289408e-05, 4.59438955628823e-09, -1.636239882634e-09, -9.38054654068385e-05, 
14249, 7, -4.80378042838249e-06, -0.0522567876376597, -4.8037804283862e-06, 7.17496117523873e-07, 0.0522567876376597, 2.58655964201756e-06, 9.37719695337989e-06, -0.00740004508598399, -4.8170420903187e-06, -0.0522710750513061, -4.81704209032274e-06, 6.92127211271116e-07, 0.0522710750513061, 2.58496781321631e-06, 9.37819775753711e-06, -0.0073062466031272, 1.32616619256011e-08, 1.42874136464917e-05, 1.32616619256027e-08, 2.53689062598545e-08, -1.42874136464917e-05, 1.59182871893405e-09, -1.00080413240659e-09, -9.37984828567722e-05, 
14250, 0, -5.34715017936704e-06, -0.052254568099415, -5.34715017937085e-06, 7.27131936443336e-07, 0.052254568099415, 1.90141372016961e-06, 9.52948790837459e-06, -0.00739929654909631, -5.36125249997057e-06, -0.0522688550659332, -5.36125249997406e-06, 7.01106891860142e-07, 0.0522688550659332, 1.89961465290316e-06, 9.53035409428733e-06, -0.00730549853827818, 1.41023205830494e-08, 1.42869665184373e-05, 1.41023205830427e-08, 2.60250445887085e-08, -1.42869665184373e-05, 1.7990671622399e-09, -8.66185984623267e-10, -9.37980108181411e-05, 
14250, 7, -6.02903610210857e-06, -0.0522546277505392, -6.02903610211227e-06, 2.84696323021912e-07, 0.0522546277505392, 1.35165438900499e-06, 8.94644557856669e-06, -0.00739906002083581, -6.04329163589146e-06, -0.0522689193417203, -6.04329163589495e-06, 2.49950365048168e-07, 0.0522689193417203, 1.34946718953317e-06, 8.94957879128502e-06, -0.0073052565903474, 1.42555337955398e-08, 1.42915911811844e-05, 1.42555337955373e-08, 3.47459579714885e-08, -1.42915911811844e-05, 2.18719932430894e-09, -3.13321272744701e-09, -9.38034304884108e-05, 
14251, 0, -6.63391515762318e-06, -0.0522527426666478, -6.63391515762678e-06, 1.48821461206854e-07, 0.0522527426666478, 7.96621403845018e-07, 8.89155246067901e-06, -0.00739844390027399, -6.64754057689009e-06, -0.0522670327935379, -6.64754057689368e-06, 1.14200859828023e-07, 0.0522670327935379, 7.94334596817258e-07, 8.89515922634076e-06, -0.00730464119991552, 1.36254192529904e-08, 1.42901268899235e-05, 1.36254192529915e-08, 3.46206013828788e-08, -1.42901268899235e-05, 2.28680708770179e-09, -3.60676564055057e-09, -9.38027003584516e-05, 
14251, 7, -7.0278357609833e-06, -0.0522539019411826, -7.02783576098647e-06, -4.36329800480922e-07, 0.0522539019411826, 1.10335279166602e-06, 7.93030137199487e-06, -0.0073983789496658, -7.03577422564238e-06, -0.0522681896923844, -7.03577422564587e-06, -4.72289905756588e-07, 0.0522681896923844, 1.09797634363384e-06, 7.93973069821652e-06, -0.00730457386292667, 7.93846464709192e-09, 1.42877512016803e-05, 7.93846464709099e-09, 3.59601052739518e-08, -1.42877512016803e-05, 5.37644809238531e-09, -9.42932624747599e-09, -9.38050867391392e-05, 
14252, 0, -7.43449233436586e-06, -0.0522525612015459, -7.43449233436936e-06, -6.28754943382121e-07, 0.052252561201546, 8.46926933960124e-07, 7.67544709807666e-06, -0.00739792189757906, -7.44294752188946e-06, -0.0522668485913844, -7.44294752189252e-06, -6.66089767862584e-07, 0.0522668485913844, 8.4115841493774e-07, 7.684806133e-06, -0.00730411870512164, 8.45518752893796e-09, 1.42873898383334e-05, 8.4551875289328e-09, 3.73348244739118e-08, -1.42873898383334e-05, 5.76851904120693e-09, -9.35903482987148e-09, -9.38031924574561e-05, 
14252, 7, -7.37676366159545e-06, -0.0522553275829648, -7.37676366159916e-06, -1.16774259410935e-06, 0.0522553275829648, 1.62950276104936e-06, 6.66183901618987e-06, -0.00739817781870809, -7.38947481051029e-06, -0.0522696115850074, -7.38947481051357e-06, -1.21737965608388e-06, 0.0522696115850074, 1.61966318865615e-06, 6.67176924057572e-06, -0.00730436925921645, 1.27111489275849e-08, 1.4284002042652e-05, 1.27111489275865e-08, 4.96370619734613e-08, -1.4284002042652e-05, 9.83957254254905e-09, -9.93022439632135e-09, -9.38085594916108e-05, 
14253, 0, -7.48878052054486e-06, -0.0522547363492624, -7.48878052054867e-06, -1.31879209953914e-06, 0.0522547363492624, 1.65869446385059e-06, 6.35445699292585e-06, -0.00739791934566447, -7.50059716659902e-06, -0.0522690196665021, -7.50059716660283e-06, -1.36952311401706e-06, 0.0522690196665021, 1.64898551790874e-06, 6.36443352234645e-06, -0.00730411297540872, 1.18166460206612e-08, 1.42833172396605e-05, 1.18166460206613e-08, 5.07310144962494e-08, -1.42833172396605e-05, 9.70894602682202e-09, -9.97652948377854e-09, -9.38063702557178e-05, 
14253, 7, -7.22371990781013e-06, -0.052258502459194, -7.22371990781351e-06, -1.60277384466297e-06, 0.052258502459194, 2.18068327704836e-06, 5.87158659554685e-06, -0.00739846857753976, -7.23241059225528e-06, -0.0522727762789615, -7.23241059225877e-06, -1.6495670364126e-06, 0.0522727762789615, 2.16877278786652e-06, 5.88365227973441e-06, -0.00730467577953466, 8.69068448009817e-09, 1.42738197677125e-05, 8.69068448010073e-09, 4.67931917368155e-08, -1.42738197677125e-05, 1.19104892393476e-08, -1.20656842453152e-08, -9.37927980051086e-05, 
14254, 0, -7.11856568804654e-06, -0.052258538608932, -7.11856568805013e-06, -1.63090732713308e-06, 0.052258538608932, 2.30075190763262e-06, 5.74172156291779e-06, -0.00739841073411407, -7.12750110798889e-06, -0.0522728109948796, -7.12750110799207e-06, -1.67812060225278e-06, 0.0522728109948796, 2.28937387862589e-06, 5.75389211295247e-06, -0.0073046177537663, 8.93541993740116e-09, 1.427238594757e-05, 8.93541993739778e-09, 4.72132751427019e-08, -1.427238594757e-05, 1.13780289579157e-08, -1.2170550071934e-08, -9.37929803477967e-05, 
14254, 7, -6.82009051221665e-06, -0.0522624482896467, -6.82009051222036e-06, -1.47172041666151e-06, 0.0522624482896467, 2.42307617219564e-06, 6.03091826575289e-06, -0.00739923307991241, -6.83475778754117e-06, -0.0522767053857234, -6.83475778754455e-06, -1.51643739873489e-06, 0.0522767053857234, 2.41265599554338e-06, 6.04023067920427e-06, -0.00730544978680484, 1.46672753025017e-08, 1.42570960766313e-05, 1.46672753025042e-08, 4.47169820761424e-08, -1.42570960766314e-05, 1.04201766971851e-08, -9.31241350222677e-09, -9.37832931075315e-05, 
14255, 0, -6.5927992419464e-06, -0.0522628257847307, -6.59279924195e-06, -1.32677676762336e-06, 0.0522628257847307, 2.51333902371082e-06, 6.19279350791757e-06, -0.00739932830330498, -6.60689289623761e-06, -0.0522770821650564, -6.60689289624132e-06, -1.37128946904003e-06, 0.0522770821650564, 2.5033703067799e-06, 6.2020507370175e-06, -0.0073055473474705, 1.40936543576793e-08, 1.42563803255825e-05, 1.40936543576801e-08, 4.45127014209312e-08, -1.42563803255825e-05, 9.96871697773262e-09, -9.25722913027469e-09, -9.37809558344938e-05, 
14255, 7, -6.31565807951946e-06, -0.0522661126540462, -6.31565807952317e-06, -8.6610755901732e-07, 0.0522661126540462, 2.5722887526213e-06, 6.91726922483978e-06, -0.00740019983466976, -6.33075716869413e-06, -0.052280355328555, -6.33075716869696e-06, -9.06575195291281e-07, 0.052280355328555, 2.56515045461827e-06, 6.92228913158345e-06, -0.00730642978119033, 1.50990891737268e-08, 1.42426745092465e-05, 1.50990891737242e-08, 4.04676363002748e-08, -1.42426745092465e-05, 7.13829810722284e-09, -5.01990684834082e-09, -9.37700534794196e-05, 
14256, 0, -6.0796574823492e-06, -0.0522665050935785, -6.07965748235312e-06, -5.60860439591486e-07, 0.0522665050935785, 2.62435407776227e-06, 7.29554264733106e-06, -0.00740037496949654, -6.09530100743168e-06, -0.0522807477267418, -6.09530100743539e-06, -6.02965548847132e-07, 0.0522807477267418, 2.6172986281744e-06, 7.30021752166918e-06, -0.00730660700777542, 1.56435250635076e-08, 1.42426331633185e-05, 1.56435250635126e-08, 4.21051092542117e-08, -1.42426331633185e-05, 7.05544953849998e-09, -4.67487425253639e-09, -9.37679617211332e-05, 
14256, 7, -5.88587025989032e-06, -0.0522684444778042, -5.88587025989392e-06, -2.10718963148013e-09, 0.0522684444778042, 2.7648509012738e-06, 8.10869488657221e-06, -0.00740098055705741, -5.90904702650889e-06, -0.0522826821905978, -5.90904702651283e-06, -4.36745223394872e-08, 0.0522826821905978, 2.75678214907345e-06, 8.10725613677366e-06, -0.00730721504774813, 2.31767666461013e-08, 1.42377127935893e-05, 2.31767666460972e-08, 4.15673327208134e-08, -1.42377127935893e-05, 8.06875229923222e-09, 1.43874983376585e-09, -9.37655093092727e-05, 
14257, 0, -5.7394439733971e-06, -0.0522685720087766, -5.73944397340081e-06, 4.11485891528884e-07, 0.0522685720087766, 2.79456733386898e-06, 8.58446718157822e-06, -0.00740110793645956, -5.76199217778683e-06, -0.0522828092977189, -5.7619921777901e-06, 3.69623895958207e-07, 0.0522828092977189, 2.78669796652203e-06, 8.58348578354491e-06, -0.00730734468447859, 2.25482044032209e-08, 1.42372889424413e-05, 2.25482044032167e-08, 4.18619955745358e-08, -1.42372889424413e-05, 7.86936738651488e-09, 9.81398105403034e-10, -9.37632519809605e-05, 
14257, 7, -5.65799638629837e-06, -0.0522691650985019, -5.65799638630187e-06, 8.24275990889988e-07, 0.0522691650985019, 3.09976815014132e-06, 9.08674119655131e-06, -0.00740131424716159, -5.67888768855245e-06, -0.0522834078729981, -5.67888768855583e-06, 7.92522363209354e-07, 0.0522834078729981, 3.08886754830666e-06, 9.08681173186646e-06, -0.00730755000078261, 2.0891302272349e-08, 1.42427744958546e-05, 2.08913022723489e-08, 3.17536276869291e-08, -1.42427744958546e-05, 1.0900601735808e-08, -7.05352765044286e-11, -9.37642463789898e-05, 
14258, 0, -5.59632370170024e-06, -0.0522689796512332, -5.59632370170341e-06, 1.23181884119163e-06, 0.0522689796512332, 3.16857295156427e-06, 9.48307202091472e-06, -0.00740130542599699, -5.61791469452138e-06, -0.0522832225689567, -5.61791469452466e-06, 1.20036828064218e-06, 0.0522832225689567, 3.15763029289394e-06, 9.48301705407357e-06, -0.00730754347200474, 2.15909928346609e-08, 1.42429177236825e-05, 2.15909928346576e-08, 3.14505605535634e-08, -1.42429177236825e-05, 1.09426587335395e-08, 5.49668688869716e-11, -9.3761953992259e-05, 
14258, 7, -5.62428102620867e-06, -0.0522688946006136, -5.62428102621217e-06, 1.42460673046379e-06, 0.0522688946006136, 3.66038247450321e-06, 9.43515492892817e-06, -0.0074012232828714, -5.64758528396376e-06, -0.0522831437700759, -5.64758528396834e-06, 1.40030303806112e-06, 0.0522831437700759, 3.64689751967596e-06, 9.43724277226786e-06, -0.00730745555682615, 2.33042577915028e-08, 1.42491694621733e-05, 2.33042577914987e-08, 2.43036924059848e-08, -1.42491694621733e-05, 1.34849548958026e-08, -2.08784340024139e-09, -9.37677260452495e-05, 
14259, 0, -5.61149295095687e-06, -0.0522685638117408, -5.61149295096014e-06, 1.73698767670361e-06, 0.0522685638117408, 3.80842597980298e-06, 9.62705248928174e-06, -0.00740109121321854, -5.63479088978041e-06, -0.0522828126681785, -5.63479088978434e-06, 1.71232766266576e-06, 0.0522828126681785, 3.79477999871443e-06, 9.62901289609663e-06, -0.00730732598231685, 2.32979388250202e-08, 1.42488564379482e-05, 2.32979388250237e-08, 2.46600140389654e-08, -1.42488564379482e-05, 1.3645981151827e-08, -1.96040683532969e-09, -9.37652309016597e-05, 
14259, 7, -5.72195026448217e-06, -0.0522685919527318, -5.72195026448567e-06, 1.76460592072307e-06, 0.0522685919527318, 4.41296610121148e-06, 9.0860083104325e-06, -0.00740098044555047, -5.74727913931808e-06, -0.0522828473433776, -5.74727913932125e-06, 1.74054856945309e-06, 0.0522828473433776, 4.39764790507807e-06, 9.09156315407007e-06, -0.00730722001086336, 2.53288748133527e-08, 1.4255390645775e-05, 2.53288748133562e-08, 2.40573512597347e-08, -1.4255390645775e-05, 1.53181960069301e-08, -5.5548434954387e-09, -9.37604346871116e-05, 
14260, 0, -5.71643073693733e-06, -0.0522683515910052, -5.71643073694072e-06, 1.94403511587067e-06, 0.0522683515910052, 4.64814285126733e-06, 9.03135490128911e-06, -0.00740077697416934, -5.74213230848776e-06, -0.0522826074224087, -5.74213230849103e-06, 1.92029343145573e-06, 0.0522826074224087, 4.63279560893044e-06, 9.03701234783748e-06, -0.00730701956184498, 2.57015715772315e-08, 1.42558314036597e-05, 2.5701571577235e-08, 2.37416844622595e-08, -1.42558314036597e-05, 1.53472423371762e-08, -5.65744644726804e-09, -9.3757412324326e-05, 
14260, 7, -5.84168500040563e-06, -0.052268775217708, -5.8416850004088e-06, 1.75023717432938e-06, 0.052268775217708, 5.27968152329469e-06, 8.25717802662264e-06, -0.00740085634069059, -5.86915301793644e-06, -0.05228303508165, -5.86915301793972e-06, 1.72598013007264e-06, 0.05228303508165, 5.26258365688418e-06, 8.26311760497918e-06, -0.00730709356956423, 2.7468017581811e-08, 1.42598639419684e-05, 2.74680175818137e-08, 2.42570442505696e-08, -1.42598639419684e-05, 1.70978664538482e-08, -5.93957826644942e-09, -9.37627711263489e-05, 
14261, 0, -5.78305233303754e-06, -0.0522687040299235, -5.78305233304114e-06, 1.74345663929441e-06, 0.0522687040299235, 5.56579076214123e-06, 7.99338267292603e-06, -0.00740060779241717, -5.81172064737688e-06, -0.0522829638672271, -5.81172064738015e-06, 1.71697026022677e-06, 0.0522829638672271, 5.54842855311915e-06, 7.99888891257477e-06, -0.00730684655871711, 2.86683143273264e-08, 1.42598373036409e-05, 2.86683143273257e-08, 2.64863790562187e-08, -1.42598373036409e-05, 1.73622089412819e-08, -5.50623964712968e-09, -9.37612337000613e-05, 
14261, 7, -5.93602594536551e-06, -0.0522691901603551, -5.93602594536932e-06, 1.36470080972973e-06, 0.0522691901603551, 6.05735548485163e-06, 7.23493842749244e-06, -0.00740086694516077, -5.96856612495372e-06, -0.0522834546714672, -5.968566124957e-06, 1.33494495422583e-06, 0.0522834546714672, 6.04025040243117e-06, 7.2413944183158e-06, -0.00730710504128507, 3.25401795945037e-08, 1.42645111121282e-05, 3.25401795945046e-08, 2.9755855486548e-08, -1.42645111121282e-05, 1.71050824960746e-08, -6.45599087345577e-09, -9.37619038757129e-05, 
14262, 0, -5.81907777003996e-06, -0.0522691384619223, -5.81907777004377e-06, 1.15588614541759e-06, 0.0522691384619223, 6.30423408793032e-06, 6.84304264632055e-06, -0.00740055425640553, -5.85203475245273e-06, -0.0522834023503055, -5.85203475245633e-06, 1.12596415078046e-06, 0.0522834023503055, 6.2869516924007e-06, 6.84919722658063e-06, -0.00730679357760487, 3.29569824267053e-08, 1.42638883833956e-05, 3.2956982426702e-08, 2.99219946432762e-08, -1.42638883833956e-05, 1.72823956976979e-08, -6.15458023808875e-09, -9.37606788006655e-05, 
14262, 7, -6.01096661841046e-06, -0.0522694518513522, -6.01096661841341e-06, 7.87938828458545e-07, 0.0522694518513522, 6.58481640898897e-06, 6.27949827737042e-06, -0.00740095047901044, -6.04220021154576e-06, -0.052283723199754, -6.04220021154915e-06, 7.60170853060432e-07, 0.052283723199754, 6.56925621234695e-06, 6.28676051512812e-06, -0.00730718610128863, 3.12335930856932e-08, 1.42713484020038e-05, 3.12335930856907e-08, 2.77679754348791e-08, -1.42713484020038e-05, 1.55601967066008e-08, -7.26223774693564e-09, -9.37643777218123e-05, 
14263, 0, -5.84404580621653e-06, -0.0522692363633829, -5.84404580622035e-06, 4.39280451806046e-07, 0.0522692363633829, 6.72946531319067e-06, 5.84763242953255e-06, -0.00740056271318853, -5.87559531468776e-06, -0.0522835072378054, -5.87559531469136e-06, 4.11731285358042e-07, 0.0522835072378054, 6.71368755902849e-06, 5.85458897068641e-06, -0.00730679972192336, 3.15495084726425e-08, 1.42708744223345e-05, 3.15495084726477e-08, 2.75491664644504e-08, -1.42708744223345e-05, 1.57777542188529e-08, -6.95654117243625e-09, -9.37629912651716e-05, 
14263, 7, -6.01360480815275e-06, -0.0522695150607665, -6.01360480815624e-06, 2.06576457835809e-07, 0.0522695150607665, 6.99583389806245e-06, 5.59843252763958e-06, -0.00740103736249059, -6.03844778714877e-06, -0.0522837858055785, -6.03844778715225e-06, 1.78397808333003e-07, 0.0522837858055785, 6.983075621124e-06, 5.60754485817569e-06, -0.00730727162986515, 2.48429789939362e-08, 1.42707448120366e-05, 2.48429789939414e-08, 2.8178649502439e-08, -1.42707448120366e-05, 1.27582768482186e-08, -9.11233051641699e-09, -9.37657326254381e-05, 
14264, 0, -5.81622369764226e-06, -0.0522690234097699, -5.81622369764564e-06, -1.96421389834278e-07, 0.0522690234097699, 7.09412447544435e-06, 5.20454551553966e-06, -0.00740056749820636, -5.842025904734e-06, -0.0522832930432364, -5.84202590473738e-06, -2.25445344531004e-07, 0.0522832930432364, 7.08122084609523e-06, 5.21319879445303e-06, -0.00730680246147877, 2.58022071118292e-08, 1.42696334662615e-05, 2.58022071118292e-08, 2.90239546593237e-08, -1.42696334662615e-05, 1.29036292530753e-08, -8.65327891747807e-09, -9.37650367275555e-05, 
14264, 7, -5.90911988504724e-06, -0.0522693783254191, -5.90911988505072e-06, -3.39632547739775e-07, 0.0522693783254191, 7.72324015653832e-06, 5.1725126848307e-06, -0.00740099396021795, -5.93451701403242e-06, -0.0522836480882352, -5.93451701403623e-06, -3.68134387197699e-07, 0.0522836480882352, 7.71104571406633e-06, 5.17746131954899e-06, -0.00730723074991757, 2.53971290158789e-08, 1.42697628163505e-05, 2.53971290158824e-08, 2.85018394659759e-08, -1.42697628163505e-05, 1.21944425795997e-08, -4.94863475086786e-09, -9.37632103003428e-05, 
14265, 0, -5.66855432232055e-06, -0.0522685862237816, -5.66855432232372e-06, -7.08757091365796e-07, 0.0522685862237816, 7.97238987336852e-06, 4.82902066466379e-06, -0.00740041981231976, -5.69434736348529e-06, -0.0522828550607829, -5.69434736348856e-06, -7.37831057089184e-07, 0.0522828550607829, 7.9601764532594e-06, 4.83392062182766e-06, -0.00730665740700029, 2.57930412043157e-08, 1.42688370013135e-05, 2.57930412043138e-08, 2.90739657341095e-08, -1.42688370013135e-05, 1.22134200576625e-08, -4.89995720306405e-09, -9.37624053194776e-05, 
14265, 7, -5.61890713763154e-06, -0.0522692737294773, -5.61890713763579e-06, -9.26372793601195e-07, 0.0522692737294773, 9.16951873568755e-06, 4.71941605899186e-06, -0.00740073693585216, -5.64355931257607e-06, -0.0522835430158347, -5.64355931257956e-06, -9.47790644688185e-07, 0.0522835430158347, 9.1587404866936e-06, 4.72189400859091e-06, -0.00730697368945571, 2.4652174902245e-08, 1.42692863572674e-05, 2.46521749022485e-08, 2.14178510937091e-08, -1.42692863572674e-05, 1.07782488213885e-08, -2.47794961688796e-09, -9.37632463964733e-05, 
14266, 0, -5.27572330278723e-06, -0.0522683355299218, -5.27572330279126e-06, -1.22423356412293e-06, 0.0522683355299218, 9.76757502898724e-06, 4.38163020450872e-06, -0.00740012746314974, -5.29876035124587e-06, -0.0522826049984568, -5.29876035124936e-06, -1.24527765081059e-06, 0.0522826049984568, 9.75683738695951e-06, 4.38471762308235e-06, -0.00730636666597568, 2.30370484968702e-08, 1.42694685347992e-05, 2.30370484968702e-08, 2.10440866937181e-08, -1.42694685347992e-05, 1.07376419853073e-08, -3.08741849989234e-09, -9.37607971740659e-05, 
14266, 7, -4.97739992896584e-06, -0.0522697597094114, -4.97739992896857e-06, -1.60617560786234e-06, 0.0522697597094114, 1.13960524653596e-05, 3.93388486507403e-06, -0.00740047332497827, -5.00143157720272e-06, -0.0522840292265631, -5.00143157720513e-06, -1.62347684883536e-06, 0.0522840292265631, 1.13828584743347e-05, 3.93567314600774e-06, -0.00730672165771391, 2.40316482537526e-08, 1.42695171516135e-05, 2.4031648253757e-08, 1.73012409847304e-08, -1.42695171516135e-05, 1.31939910851838e-08, -1.78828091227814e-09, -9.37516672643779e-05, 
14267, 0, -4.4814800535644e-06, -0.05226894825287, -4.48148005356865e-06, -1.83088598860551e-06, 0.0522689482528701, 1.23833988861285e-05, 3.52275682486161e-06, -0.00739998532842445, -4.50471685171615e-06, -0.0522832177506811, -4.5047168517192e-06, -1.84747595176598e-06, 0.0522832177506811, 1.2370071401268e-05, 3.52474169707402e-06, -0.00730623596030885, 2.32367981115459e-08, 1.42694978111593e-05, 2.32367981115476e-08, 1.65899631527443e-08, -1.42694978111593e-05, 1.33274849596166e-08, -1.98487222443234e-09, -9.37493681155853e-05, 
14267, 7, -3.90751754446399e-06, -0.0522711713183977, -3.90751754446715e-06, -2.35302771400001e-06, 0.0522711713183977, 1.40749457611522e-05, 2.53272619078964e-06, -0.00740051715255917, -3.93084623196932e-06, -0.0522854392430773, -3.93084623197249e-06, -2.36979477908301e-06, 0.0522854392430773, 1.40566639072119e-05, 2.53597078929981e-06, -0.00730677065658466, 2.33286874995595e-08, 1.42679246795105e-05, 2.33286874995604e-08, 1.67670651183128e-08, -1.42679246795105e-05, 1.82818538715179e-08, -3.24459848147146e-09, -9.37464959745089e-05, 
14268, 0, -3.29192005674598e-06, -0.0522706837456707, -3.29192005674958e-06, -2.54268654656958e-06, 0.0522706837456707, 1.52950235316349e-05, 1.94125785698254e-06, -0.00740023876706628, -3.31502980478637e-06, -0.0522849509264755, -3.31502980478997e-06, -2.55897845363901e-06, 0.0522849509264755, 1.527669829012e-05, 1.94463906509691e-06, -0.00730649425930644, 2.31097480437654e-08, 1.4267180804941e-05, 2.31097480437713e-08, 1.62919070807332e-08, -1.4267180804941e-05, 1.83252416333036e-08, -3.38120818503382e-09, -9.37445077598752e-05, 
14268, 7, -2.52623440386218e-06, -0.0522733066724065, -2.526234403866e-06, -3.15512422998925e-06, 0.0522733066724065, 1.65685052019819e-05, 5.08785688779443e-07, -0.00740083629985776, -2.55462990227841e-06, -0.0522875669048845, -2.55462990228223e-06, -3.16367481557854e-06, 0.0522875669048845, 1.65472700555226e-05, 5.15401708881449e-07, -0.00730709775694206, 2.83954984524436e-08, 1.42602324781248e-05, 2.83954984524412e-08, 8.55058559908028e-09, -1.42602324781248e-05, 2.12351466113434e-08, -6.61602014304275e-09, -9.37385429156948e-05, 
14269, 0, -1.89606909912129e-06, -0.052273167389501, -1.89606909912456e-06, -3.35800622090772e-06, 0.052273167389501, 1.77269268464431e-05, -2.48451009864464e-07, -0.00740073379075144, -1.92374424618564e-06, -0.0522874272181998, -1.92374424618903e-06, -3.36540943578179e-06, 0.0522874272181998, 1.77058663941817e-05, -2.41370644309947e-07, -0.00730699775189902, 2.7675147101966e-08, 1.42598286989221e-05, 2.76751471019693e-08, 7.40321487152711e-09, -1.42598286989221e-05, 2.10604523225615e-08, -7.08036556701752e-09, -9.37360388524215e-05, 
14269, 7, -1.13045631748729e-06, -0.0522759177746736, -1.13045631749132e-06, -3.89041580119331e-06, 0.0522759177746736, 1.82796959639317e-05, -1.48208258755857e-06, -0.00740132865153672, -1.16242462364781e-06, -0.0522901751468389, -1.16242462365163e-06, -3.89383499869008e-06, 0.0522901751468389, 1.8257595830694e-05, -1.47227234076685e-06, -0.00730759833967607, 3.19683061718487e-08, 1.42573721652647e-05, 3.19683061718521e-08, 3.41919749865636e-09, -1.42573721652647e-05, 2.21001331206423e-08, -9.81024673707803e-09, -9.37303118606568e-05, 
14270, 0, -6.28005840690905e-07, -0.052276087296319, -6.280058406945e-07, -4.13632354317612e-06, 0.052276087296319, 1.90978221197227e-05, -2.18803837581659e-06, -0.00740135011100037, -6.59742494781808e-07, -0.052290343931238, -6.59742494785196e-07, -4.13948012615249e-06, 0.052290343931238, 1.90756397274541e-05, -2.17813901780582e-06, -0.00730762250905574, 3.17366541219072e-08, 1.42566349188053e-05, 3.17366541219099e-08, 3.15658298650702e-09, -1.42566349188053e-05, 2.21823922100947e-08, -9.89935799058756e-09, -9.37276019446311e-05, 
14270, 7, -1.01433437057856e-07, -0.0522788568509296, -1.01433437061238e-07, -4.36522136169712e-06, 0.0522788568509296, 1.89507893680766e-05, -2.57872163478732e-06, -0.00740195643678126, -1.47323590020205e-07, -0.0522931125843684, -1.47323590023695e-07, -4.36139183469142e-06, 0.0522931125843684, 1.89287923371314e-05, -2.5742935048195e-06, -0.00730822826560749, 4.58901529299159e-08, 1.4255733438823e-05, 4.5890152929911e-08, -3.82952698527871e-09, -1.4255733438823e-05, 2.19970309173379e-08, -4.42812987875946e-09, -9.37281711737439e-05, 
14271, 0, 1.37057142845956e-07, -0.0522792581848901, 1.37057142842574e-07, -4.57174497441763e-06, 0.0522792581848901, 1.92714025242317e-05, -2.98618932687603e-06, -0.00740203101943283, 9.12714853329905e-08, -0.0522935135173293, 9.12714853292839e-08, -4.5672895140121e-06, 0.0522935135173293, 1.92494225537425e-05, -2.98182410523852e-06, -0.00730830512688721, 4.5785657543612e-08, 1.42553324388177e-05, 4.57856575436102e-08, -4.45546040088115e-09, -1.42553324388177e-05, 2.1979970532363e-08, -4.36522168647724e-09, -9.37258925456226e-05, 
14271, 7, 3.13216238129963e-07, -0.0522820002564513, 3.13216238126365e-07, -4.31658087698519e-06, 0.0522820002564513, 1.86748783718205e-05, -2.40723604603074e-06, -0.00740264874951052, 2.51267048042529e-07, -0.0522962593472972, 2.51267048038928e-07, -4.30507859597274e-06, 0.0522962593472972, 1.86540208661442e-05, -2.40911564158058e-06, -0.00730892697247413, 6.19491901518764e-08, 1.42590908456914e-05, 6.19491901518737e-08, -1.15022810136801e-08, -1.42590908456914e-05, 2.08575056974203e-08, 1.87959554615834e-09, -9.37217770363885e-05, 
14272, 0, 2.27068594216232e-07, -0.0522825398129213, 2.27068594213064e-07, -4.31627327060567e-06, 0.0522825398129213, 1.8509310165719e-05, -2.41516793179766e-06, -0.00740269084465734, 1.65439989749568e-07, -0.0522967986744389, 1.65439989746295e-07, -4.30418925780788e-06, 0.0522967986744389, 1.84887505816797e-05, -2.41696525780705e-06, -0.00730897074903437, 6.16286044326729e-08, 1.42588615178239e-05, 6.16286044326694e-08, -1.20840128050758e-08, -1.42588615178239e-05, 2.05595839784611e-08, 1.79732598826582e-09, -9.37200956230285e-05, 
14272, 7, 1.3685675423339e-07, -0.0522852810725171, 1.36856754229792e-07, -3.6496219321611e-06, 0.0522852810725171, 1.77860304433915e-05, -1.27733015180936e-06, -0.00740339958773731, 6.61187740782525e-08, -0.0522995409568893, 6.61187740748711e-08, -3.63189799550016e-06, 0.0522995409568893, 1.77685978374644e-05, -1.28647837168157e-06, -0.00730967963303398, 7.07379801498824e-08, 1.42598843723597e-05, 7.07379801498823e-08, -1.77239366494668e-08, -1.42598843723597e-05, 1.74326060392416e-08, 9.1482199709363e-09, -9.37199547033476e-05, 
14273, 0, -2.10298234683994e-07, -0.0522858509802337, -2.10298234687158e-07, -3.37698901224871e-06, 0.0522858509802337, 1.7288513154005e-05, -1.00087772485876e-06, -0.00740335341489608, -2.8074346456779e-07, -0.052300109894841, -2.80743464571385e-07, -3.35851447573698e-06, 0.052300109894841, 1.72712186104005e-05, -1.0099036691058e-06, -0.00730963569945309, 7.04452298829016e-08, 1.42589146074385e-05, 7.04452298829025e-08, -1.84745365144512e-08, -1.42589146074385e-05, 1.72945434525508e-08, 9.0259443426504e-09, -9.37177154429902e-05, 
14273, 7, -4.01935592136781e-07, -0.0522880365980297, -4.01935592140599e-07, -2.61700687750558e-06, 0.0522880365980297, 1.66916533491252e-05, -6.70863504577977e-08, -0.00740423424073898, -4.87080931555022e-07, -0.0523022923857106, -4.87080931559053e-07, -2.59774525320922e-06, 0.0523022923857106, 1.66778786957708e-05, -8.43014676583877e-08, -0.00731052143586027, 8.51453394360576e-08, 1.42557876808679e-05, 8.51453394360595e-08, -1.92616243065593e-08, -1.42557876808679e-05, 1.377465345754e-08, 1.72151172836399e-08, -9.37128048786918e-05, 
14274, 0, -8.57502202784196e-07, -0.0522883237612476, -8.57502202787905e-07, -2.17328088405021e-06, 0.0522883237612476, 1.60662249451573e-05, 2.131651094634e-07, -0.00740404797765539, -9.43583393010499e-07, -0.052302578954789, -9.43583393013986e-07, -2.15430830927804e-06, 0.052302578954789, 1.60525095041478e-05, 1.95743917061326e-07, -0.00731033649178944, 8.60811902503183e-08, 1.42551935415132e-05, 8.60811902503201e-08, -1.8972574766707e-08, -1.42551935415132e-05, 1.37154410363668e-08, 1.74211924806929e-08, -9.37114858659575e-05, 
14274, 7, -1.04868174226906e-06, -0.0522890832373804, -1.04868174227255e-06, -1.58895509213075e-06, 0.0522890832373804, 1.57826591354714e-05, 3.21283771290323e-07, -0.00740494394600167, -1.14130734098314e-06, -0.05230333339241, -1.14130734098674e-06, -1.57499475287847e-06, 0.05230333339241, 1.57700545294188e-05, 3.02442485142686e-07, -0.00731122230388279, 9.26255987204142e-08, 1.42501550295193e-05, 9.26255987204142e-08, -1.3960339231892e-08, -1.42501550295193e-05, 1.26046062812517e-08, 1.88412861324647e-08, -9.37216421188845e-05, 
14275, 0, -1.46089342425686e-06, -0.0522886618856207, -1.46089342426024e-06, -1.13600926549116e-06, 0.0522886618856207, 1.52220641608196e-05, 3.20051405350683e-07, -0.00740450986606983, -1.55279962984692e-06, -0.0523029112234832, -1.55279962985008e-06, -1.12147931270565e-06, 0.0523029112234832, 1.52097296444109e-05, 3.01670092932493e-07, -0.00731078958706247, 9.19062055903381e-08, 1.42493378623734e-05, 9.19062055903372e-08, -1.45299528027601e-08, -1.42493378623734e-05, 1.23345163593916e-08, 1.83813124913486e-08, -9.37202790073867e-05, 
14275, 7, -1.57877153398388e-06, -0.0522877469094227, -1.57877153398715e-06, -9.34148001942404e-07, 0.0522877469094227, 1.52551305202043e-05, -5.0871621190848e-07, -0.00740496375754172, -1.6794667476683e-06, -0.052301993991018, -1.67946674767147e-06, -9.28155535079622e-07, 0.052301993991018, 1.52438749036902e-05, -5.22342918969881e-07, -0.00731123587112343, 1.0069521368255e-07, 1.42470815951477e-05, 1.0069521368255e-07, -5.9924668721058e-09, -1.42470815951477e-05, 1.12556167237047e-08, 1.36267071098848e-08, -9.37278864182765e-05, 
14276, 0, -1.82840502860235e-06, -0.0522864165574375, -1.82840502860574e-06, -6.36288834657409e-07, 0.0522864165574376, 1.49007160622476e-05, -9.16001619840677e-07, -0.00740418330241544, -1.92995655059607e-06, -0.0523006627019471, -1.92995655059989e-06, -6.30686566422943e-07, 0.0523006627019472, 1.48895253623091e-05, -9.29685902346368e-07, -0.00731045644269358, 1.01551521998498e-07, 1.42461445097356e-05, 1.01551521998497e-07, -5.60226825010686e-09, -1.42461445097356e-05, 1.11906999374542e-08, 1.36842825780732e-08, -9.37268597218376e-05, 
14276, 7, -1.87193362055961e-06, -0.0522845338397956, -1.8719336205631e-06, -8.78524083542373e-07, 0.0522845338397956, 1.51342577069789e-05, -2.17576925194687e-06, -0.00740397383639702, -1.98204191537836e-06, -0.0522987879306704, -1.98204191538206e-06, -8.75755147402536e-07, 0.0522987879306704, 1.51279747489115e-05, -2.18183201614503e-06, -0.00731024449451311, 1.10108294868611e-07, 1.42540908746339e-05, 1.10108294868609e-07, -2.76893613074471e-09, -1.42540908746339e-05, 6.28295814268895e-09, 6.06276426214995e-09, -9.37293418839196e-05, 
14277, 0, -1.87410403483954e-06, -0.0522825370133545, -1.87410403484367e-06, -8.07502471658306e-07, 0.0522825370133545, 1.50683719881219e-05, -2.84508016722865e-06, -0.00740287329884646, -1.98502059107481e-06, -0.0522967905093889, -1.98502059107764e-06, -8.05971995193642e-07, 0.0522967905093889, 1.50620050005857e-05, -2.85132441640618e-06, -0.00730914568205054, 1.10916556223794e-07, 1.42534960343423e-05, 1.1091655622379e-07, -1.53047648057322e-09, -1.42534960343423e-05, 6.366987498076e-09, 6.24424927437072e-09, -9.37276167959295e-05, 
14277, 7, -1.90424250626225e-06, -0.0522807785056285, -1.90424250626661e-06, -1.25116557243605e-06, 0.0522807785056285, 1.54116853235787e-05, -3.79202175805214e-06, -0.00740227263363139, -2.01647950165634e-06, -0.0522950465266681, -2.01647950166016e-06, -1.25267355516506e-06, 0.0522950465266681, 1.54057901035791e-05, -3.79200417195566e-06, -0.00730854852767136, 1.12236995329267e-07, 1.42680210393686e-05, 1.12236995329268e-07, 1.50798272203761e-09, -1.42680210393686e-05, 5.89521984862937e-09, -1.75859961000731e-11, -9.3724105960023e-05, 
14278, 0, -1.66001134536577e-06, -0.0522785948090887, -1.6600113453685e-06, -1.34204182559311e-06, 0.0522785948090887, 1.56508799433026e-05, -4.46178287469413e-06, -0.00740102520809321, -1.77328317668131e-06, -0.0522928622611137, -1.77328317668459e-06, -1.34417035182554e-06, 0.0522928622611137, 1.56449968196069e-05, -4.46187077265577e-06, -0.00730730225443663, 1.13271831334402e-07, 1.42674520248681e-05, 1.13271831334405e-07, 2.12852622752169e-09, -1.42674520248681e-05, 5.88312349212096e-09, 8.78979968051752e-11, -9.37229536565787e-05, 
14278, 7, -1.73719294145934e-06, -0.0522776358674958, -1.73719294146316e-06, -1.73653482979914e-06, 0.0522776358674958, 1.60091983319436e-05, -4.72789528437935e-06, -0.00740043673563538, -1.85757467475457e-06, -0.0522919126670916, -1.8575746747586e-06, -1.73758181899375e-06, 0.0522919126670916, 1.60040468141853e-05, -4.72914943078049e-06, -0.00730671913588672, 1.20381733271107e-07, 1.42767995957405e-05, 1.20381733271107e-07, 1.0469891818602e-09, -1.42767995957405e-05, 5.15151773644789e-09, 1.25414642847257e-09, -9.37175997486479e-05, 
14279, 0, -1.33203455037608e-06, -0.0522756800364554, -1.33203455037913e-06, -1.87667590543334e-06, 0.0522756800364554, 1.64954193694752e-05, -5.20645172668285e-06, -0.00739924814194514, -1.45294981775157e-06, -0.0522899562030809, -1.45294981775496e-06, -1.8775489586118e-06, 0.0522899562030809, 1.64902938750742e-05, -5.20778850750954e-06, -0.00730553238337551, 1.20915267401203e-07, 1.4276166625592e-05, 1.20915267401205e-07, 8.73053202706801e-10, -1.4276166625592e-05, 5.12549457021432e-09, 1.33678075000059e-09, -9.37157585696034e-05, 
14279, 7, -1.49800795052211e-06, -0.052275845230001, -1.49800795052539e-06, -2.0848791538899e-06, 0.052275845230001, 1.68038232099799e-05, -4.82150504467371e-06, -0.00739889123764462, -1.62352706854214e-06, -0.0522901248315555, -1.62352706854563e-06, -2.08109979134724e-06, 0.0522901248315556, 1.67977460981151e-05, -4.82611418779206e-06, -0.00730518374502081, 1.25519118016382e-07, 1.42796015546886e-05, 1.25519118016379e-07, -3.77936253390216e-09, -1.42796015546886e-05, 6.0771120046007e-09, 4.60914324842714e-09, -9.37074926238023e-05, 
14280, 0, -1.05229760080273e-06, -0.0522744237739591, -1.05229760080633e-06, -2.16442016279754e-06, 0.0522744237739591, 1.74093847225688e-05, -5.01342374964706e-06, -0.007397941327438, -1.17751337627838e-06, -0.052288702577842, -1.17751337628252e-06, -2.16033082162619e-06, 0.052288702577842, 1.74033116535085e-05, -5.01793910260571e-06, -0.00730423548830832, 1.25215775473824e-07, 1.42788038828769e-05, 1.25215775473822e-07, -4.08934116254348e-09, -1.42788038828769e-05, 6.07306909153675e-09, 4.51535294098753e-09, -9.37058391297036e-05, 
14280, 7, -1.27463361150946e-06, -0.0522756280454677, -1.27463361151296e-06, -2.07688000009668e-06, 0.0522756280454677, 1.76076085373548e-05, -4.30493996720653e-06, -0.00739794690498847, -1.40403596198557e-06, -0.0522899064500422, -1.40403596198874e-06, -2.06472133998862e-06, 0.0522899064500422, 1.76009117517699e-05, -4.31509613022969e-06, -0.00730425095777057, 1.29402350479668e-07, 1.4278404574363e-05, 1.29402350479668e-07, -1.215866008919e-08, -1.4278404574363e-05, 6.69678547677453e-09, 1.0156162960445e-08, -9.36959472178547e-05, 
14281, 0, -8.97873964623374e-07, -0.0522748315406164, -8.97873964626972e-07, -2.02672446312706e-06, 0.0522748315406164, 1.81885791202298e-05, -4.26953201502471e-06, -0.00739733665147786, -1.02645245848946e-06, -0.0522891088839476, -1.02645245849241e-06, -2.01468387590638e-06, 0.0522891088839476, 1.81821753086357e-05, -4.27935738094843e-06, -0.00730364278212039, 1.2857849389523e-07, 1.42773433310227e-05, 1.28578493895231e-07, -1.20405871948166e-08, -1.42773433310227e-05, 6.40381160132318e-09, 9.82536594823697e-09, -9.36938693574607e-05, 
14281, 7, -1.15742754170643e-06, -0.0522764829286698, -1.15742754171014e-06, -1.71000830680686e-06, 0.0522764829286698, 1.81847452329416e-05, -3.8821298477082e-06, -0.00739762414678389, -1.29581283872074e-06, -0.0522907558788052, -1.29581283872391e-06, -1.69816096818845e-06, 0.0522907558788052, 1.818201560761e-05, -3.89535756044648e-06, -0.00730393801338074, 1.38385296984657e-07, 1.4272950135489e-05, 1.38385296984653e-07, -1.18473385900268e-08, -1.4272950135489e-05, 2.72962517261157e-09, 1.32277126402608e-08, -9.3686133403136e-05, 
14282, 0, -9.36390123068369e-07, -0.0522761665946239, -9.36390123071648e-07, -1.60540164743225e-06, 0.0522761665946239, 1.86128341644982e-05, -3.85029855181474e-06, -0.00739731260286199, -1.07500858963085e-06, -0.0522904385046654, -1.07500858963434e-06, -1.5935339000737e-06, 0.0522904385046654, 1.86101244178794e-05, -3.86350924718292e-06, -0.00730362822983006, 1.38618466551288e-07, 1.42719100415698e-05, 1.38618466551284e-07, -1.18677473978622e-08, -1.42719100415698e-05, 2.70974650508746e-09, 1.32106953580984e-08, -9.36843730319041e-05, 
14282, 7, -1.19617165694179e-06, -0.0522776717570713, -1.19617165694506e-06, -1.34933068282667e-06, 0.0522776717570713, 1.84351806080749e-05, -4.30643134804307e-06, -0.00739765910215695, -1.34034360332481e-06, -0.0522919390703041, -1.34034360332874e-06, -1.33650177967546e-06, 0.0522919390703041, 1.84318498494021e-05, -4.3202224433996e-06, -0.00730398626301778, 1.44171946397794e-07, 1.42673132329071e-05, 1.4417194639779e-07, -1.28289031349394e-08, -1.42673132329071e-05, 3.33075878025159e-09, 1.37910953668932e-08, -9.36728391391659e-05, 
14283, 0, -1.14106828070003e-06, -0.0522776338829724, -1.14106828070341e-06, -1.34064586102503e-06, 0.0522776338829724, 1.86517113875037e-05, -4.54997049487355e-06, -0.00739755480308694, -1.28481636592792e-06, -0.0522918999708167, -1.28481636593184e-06, -1.32820381623311e-06, 0.0522918999708167, 1.86486936748443e-05, -4.56352082494168e-06, -0.00730388311164476, 1.43748085219408e-07, 1.42660878443807e-05, 1.43748085219408e-07, -1.24420447769598e-08, -1.42660878443807e-05, 3.01771272981342e-09, 1.35503300797129e-08, -9.36716914421651e-05, 
14283, 7, -1.3207993352896e-06, -0.052278885311285, -1.32079933529298e-06, -1.38028745771073e-06, 0.052278885311285, 1.83208604197375e-05, -5.81201464377792e-06, -0.00739778517527087, -1.47250362802165e-06, -0.0522931494554515, -1.47250362802546e-06, -1.36528962658308e-06, 0.0522931494554515, 1.83161194260701e-05, -5.82325127076066e-06, -0.00730411968550908, 1.51704292734531e-07, 1.42641441667262e-05, 1.51704292734525e-07, -1.49978311300096e-08, -1.42641441667262e-05, 4.74099366939965e-09, 1.12366269103246e-08, -9.36654897618061e-05, 
14284, 0, -1.3882208826079e-06, -0.052279085631135, -1.38822088261118e-06, -1.58149844414153e-06, 0.052279085631135, 1.83271586955497e-05, -6.41786562407647e-06, -0.00739780449315372, -1.54027376125345e-06, -0.0522933487232036, -1.54027376125629e-06, -1.56694683011853e-06, 0.0522933487232036, 1.83223635242965e-05, -6.42905469732617e-06, -0.00730414081871939, 1.52052878686742e-07, 1.42630920682274e-05, 1.5205287868674e-07, -1.45516140120858e-08, -1.42630920682274e-05, 4.79517124068665e-09, 1.11890732625392e-08, -9.36636744343349e-05, 
14284, 7, -1.47831316999464e-06, -0.0522802713773219, -1.47831316999781e-06, -1.89528542792275e-06, 0.0522802713773219, 1.78441757594535e-05, -7.8507370770446e-06, -0.00739787825042819, -1.63492973981941e-06, -0.0522945315992239, -1.634929739823e-06, -1.88323509816418e-06, 0.0522945315992239, 1.78406306005633e-05, -7.85554060557526e-06, -0.00730422164994567, 1.5661656982986e-07, 1.42602219019602e-05, 1.56616569829866e-07, -1.20503297466217e-08, -1.42602219019602e-05, 3.5451589625017e-09, 4.80352862164848e-09, -9.36566004825157e-05, 
14285, 0, -1.61704865592862e-06, -0.0522807399078313, -1.61704865593179e-06, -2.29191764182884e-06, 0.0522807399078313, 1.76781995344953e-05, -8.64997050387419e-06, -0.00739798320493634, -1.77464523504323e-06, -0.0522949991749293, -1.77464523504683e-06, -2.28019156987204e-06, 0.0522949991749293, 1.76746597794916e-05, -8.65483266204455e-06, -0.00730432854429037, 1.57596579097926e-07, 1.42592670979998e-05, 1.57596579097927e-07, -1.17260719642433e-08, -1.42592670979998e-05, 3.53975510578495e-09, 4.86215810917171e-09, -9.36546606459597e-05, 
14285, 7, -1.69094752735556e-06, -0.052281831490626, -1.69094752735906e-06, -2.58221860220577e-06, 0.052281831490626, 1.71421130667028e-05, -9.51873599674852e-06, -0.00739803158437068, -1.85193406480314e-06, -0.0522960914567783, -1.85193406480706e-06, -2.57776254213104e-06, 0.0522960914567783, 1.7140825181042e-05, -9.51875080793672e-06, -0.00730438242830654, 1.60986537428035e-07, 1.42599661522827e-05, 1.6098653742804e-07, -4.45606006971608e-09, -1.42599661522827e-05, 1.28788559814572e-09, 1.48112152777931e-11, -9.36491560641607e-05, 
14286, 0, -1.86398909696057e-06, -0.0522825631472318, -1.86398909696395e-06, -3.03686419838176e-06, 0.0522825631472318, 1.68970532299174e-05, -1.02591695467462e-05, -0.00739818726161038, -2.02571329634053e-06, -0.0522968223458072, -2.02571329634489e-06, -3.03276388811731e-06, 0.0522968223458072, 1.68959319642654e-05, -1.0259189068174e-05, -0.00730453970138667, 1.61724199394441e-07, 1.42591985751901e-05, 1.61724199394438e-07, -4.10031026478679e-09, -1.42591985751901e-05, 1.12126559980486e-09, 1.95214976534585e-11, -9.36475602237227e-05, 
14286, 7, -2.03450967599199e-06, -0.0522833909233596, -2.03450967599581e-06, -3.03959011421904e-06, 0.0522833909233596, 1.64703921826038e-05, -1.02701742304212e-05, -0.00739826313307731, -2.19960322232936e-06, -0.0522976463974663, -2.19960322233296e-06, -3.03321174453756e-06, 0.0522976463974663, 1.64716782643645e-05, -1.02699126947329e-05, -0.00730462531778519, 1.65093546301721e-07, 1.42554741067083e-05, 1.65093546301717e-07, -6.37836969639716e-09, -1.42554741067083e-05, -1.28608175222969e-09, -2.61535660123928e-10, -9.363781529213e-05, 
14287, 0, -2.2321508510732e-06, -0.0522843051673932, -2.23215085107712e-06, -3.38772943753435e-06, 0.0522843051673932, 1.62856819040303e-05, -1.07669343912973e-05, -0.00739837657808931, -2.39718452180642e-06, -0.0522985597380124, -2.39718452180969e-06, -3.3814725900761e-06, 0.0522985597380124, 1.62872659470613e-05, -1.07668224442711e-05, -0.00730474052529982, 1.6503367076247e-07, 1.42545706190749e-05, 1.65033670762469e-07, -6.25684745365113e-09, -1.4254570619075e-05, -1.5840429995373e-09, -1.11947042837117e-10, -9.3636052789499e-05, 
14287, 7, -2.48072077652847e-06, -0.0522848301033998, -2.48072077653196e-06, -3.13642921097614e-06, 0.0522848301033998, 1.61804209719246e-05, -1.02053792900036e-05, -0.00739852683635621, -2.65426501841826e-06, -0.0522990821329117, -2.65426501842175e-06, -3.13424148726513e-06, 0.0522990821329117, 1.61839341355073e-05, -1.02109362771239e-05, -0.00730489980433294, 1.73544241895755e-07, 1.42520295117336e-05, 1.7354424189575e-07, -2.18772372295673e-09, -1.42520295117336e-05, -3.51316375701161e-09, 5.5569870883148e-09, -9.36270320232641e-05, 
14288, 0, -2.6790246989751e-06, -0.0522857288565946, -2.6790246989787e-06, -3.32902933609424e-06, 0.0522857288565946, 1.61955633995983e-05, -1.04540493274963e-05, -0.00739849883519964, -2.85241665350476e-06, -0.0522999798797417, -2.85241665350835e-06, -3.32734273025237e-06, 0.0522999798797417, 1.61995256255399e-05, -1.04595834537826e-05, -0.00730487374837574, 1.73391954508516e-07, 1.42510231470859e-05, 1.7339195450851e-07, -1.68660586122577e-09, -1.42510231470859e-05, -3.96222585568287e-09, 5.5341263205669e-09, -9.3625086823872e-05, 
14288, 7, -2.9122187540058e-06, -0.0522859091167537, -2.91221875400897e-06, -3.12041234240761e-06, 0.0522859091167537, 1.64587532752606e-05, -9.98580156398811e-06, -0.00739872858421571, -3.09207622254266e-06, -0.0523001593716909, -3.09207622254594e-06, -3.12490827932447e-06, 0.0523001593716909, 1.64624733255952e-05, -9.99766777796372e-06, -0.00730511272986585, 1.79857468517537e-07, 1.42502549372621e-05, 1.79857468517537e-07, 4.49593691631824e-09, -1.42502549372621e-05, -3.72005035787768e-09, 1.1866213972176e-08, -9.3615854349847e-05, 
14289, 0, -3.07728700433204e-06, -0.0522864596064347, -3.07728700433596e-06, -3.20847579265837e-06, 0.0522864596064347, 1.67073383884725e-05, -1.01341265605745e-05, -0.00739847772625588, -3.2573857225762e-06, -0.0523007089483532, -3.25738572257948e-06, -3.21412212139912e-06, 0.0523007089483532, 1.67109313025168e-05, -1.01460076659928e-05, -0.00730486393162876, 1.80098718220052e-07, 1.42493419182307e-05, 1.80098718220052e-07, 5.64632875835288e-09, -1.42493419182307e-05, -3.59291400312573e-09, 1.18811054454493e-08, -9.36137946271316e-05, 
14289, 7, -3.26145562126864e-06, -0.0522861878292381, -3.26145562127246e-06, -3.29877138595373e-06, 0.0522861878292381, 1.67628951562559e-05, -1.00377113637195e-05, -0.00739869191005028, -3.4468543691964e-06, -0.0523004413258063, -3.44685436919978e-06, -3.30426928462321e-06, 0.0523004413258063, 1.67634507052664e-05, -1.00521087323028e-05, -0.00730508626940827, 1.85398747927555e-07, 1.4253496568269e-05, 1.85398747927553e-07, 5.49789871202136e-09, -1.4253496568269e-05, -5.55548861435183e-10, 1.43973685616993e-08, -9.36056406420242e-05, 
14290, 0, -3.42416865783859e-06, -0.052286104137574, -3.42416865784208e-06, -3.36805863775072e-06, 0.052286104137574, 1.70237154601372e-05, -1.01643497281309e-05, -0.00739817294387568, -3.60946835493592e-06, -0.0523003567372972, -3.6094683549392e-06, -3.3740937818754e-06, 0.0523003567372972, 1.70245690149626e-05, -1.01786636306825e-05, -0.00730456887632891, 1.85299697088082e-07, 1.42525997232646e-05, 1.85299697088077e-07, 6.03514415566441e-09, -1.42525997232646e-05, -8.53554813194931e-10, 1.43139026055745e-08, -9.36040675467512e-05, 
14290, 7, -3.68569652212069e-06, -0.0522858188131185, -3.68569652212386e-06, -3.83565926438186e-06, 0.0522858188131185, 1.63783621363927e-05, -1.0310141731628e-05, -0.00739832786036082, -3.8861493815606e-06, -0.0523000761034212, -3.88614938156453e-06, -3.84577904274029e-06, 0.0523000761034212, 1.63815640250428e-05, -1.03204699077952e-05, -0.00730472492083681, 2.00452859445151e-07, 1.4257290302667e-05, 2.0045285944515e-07, 1.01197783456934e-08, -1.4257290302667e-05, -3.20188842071776e-09, 1.03281762308008e-08, -9.36029395240054e-05, 
14291, 0, -3.95212686908649e-06, -0.0522851591708516, -3.95212686908998e-06, -3.9808104673395e-06, 0.0522851591708516, 1.64227772641423e-05, -1.04093779350146e-05, -0.00739754304645397, -4.15242816755646e-06, -0.0522994154067304, -4.15242816755985e-06, -3.99117693951908e-06, 0.0522994154067304, 1.64262468402737e-05, -1.04195551005257e-05, -0.00730394247456778, 2.00301298472823e-07, 1.42562358787697e-05, 2.00301298472826e-07, 1.03664721632783e-08, -1.42562358787697e-05, -3.46957603459074e-09, 1.01771655066616e-08, -9.36005718861689e-05, 
14291, 7, -4.40308636701398e-06, -0.0522858143181934, -4.40308636701769e-06, -4.71199913768187e-06, 0.0522858143181934, 1.5325518288411e-05, -1.06190820177708e-05, -0.00739771979175137, -4.60798622433322e-06, -0.0523000718538717, -4.60798622433693e-06, -4.71578870551524e-06, 0.0523000718538717, 1.53325468248933e-05, -1.06249443805621e-05, -0.00730412571795161, 2.04899857328914e-07, 1.42575356782433e-05, 2.04899857328913e-07, 3.78956782813888e-09, -1.42575356782433e-05, -7.02853644396814e-09, 5.86236281384079e-09, -9.35940737997864e-05, 
14292, 0, -4.8629699956899e-06, -0.0522850172525579, -4.86296999569382e-06, -4.96484874024449e-06, 0.0522850172525579, 1.50928112035106e-05, -1.06598723562183e-05, -0.00739682005855306, -5.06798999205975e-06, -0.0522992741918361, -5.06798999206346e-06, -4.96879313706174e-06, 0.0522992741918361, 1.51000612321751e-05, -1.06658530291139e-05, -0.00730322757688657, 2.05019996354818e-07, 1.42569392780163e-05, 2.05019996354819e-07, 3.94439681313351e-09, -1.42569392780163e-05, -7.25002872065636e-09, 5.98067298881077e-09, -9.3592481666494e-05, 
14292, 7, -5.37756307125687e-06, -0.0522869835922933, -5.37756307126079e-06, -5.4872231380518e-06, 0.0522869835922933, 1.38022512150464e-05, -1.05899799076352e-05, -0.00739719906545687, -5.59043763896588e-06, -0.0523012399924167, -5.59043763896937e-06, -5.48994323266316e-06, 0.0523012399924167, 1.38143838278576e-05, -1.05913204794405e-05, -0.00730361336838918, 2.12874567710396e-07, 1.4256400123412e-05, 2.12874567710387e-07, 2.72009462047326e-09, -1.4256400123412e-05, -1.21326128962974e-08, 1.3405717505542e-09, -9.35856970677018e-05, 
14293, 0, -6.03742960839661e-06, -0.0522864599000903, -6.03742960839989e-06, -5.74857753902901e-06, 0.0522864599000903, 1.32462749390269e-05, -1.04370479143174e-05, -0.00739642808525442, -6.25083856884441e-06, -0.0523007151891309, -6.2508385688478e-06, -5.75164037501939e-06, 0.0523007151891309, 1.32587143655418e-05, -1.04384462682314e-05, -0.00730284412436549, 2.13408960420014e-07, 1.42552890400869e-05, 2.13408960420011e-07, 3.06283598937547e-09, -1.42552890400869e-05, -1.24394265663604e-08, 1.39835388848044e-09, -9.35839608889401e-05, 
14293, 7, -6.4420612249618e-06, -0.0522892306393713, -6.44206122496519e-06, -5.71400354282853e-06, 0.0522892306393713, 1.17684023775843e-05, -9.7841929797694e-06, -0.00739705056703099, -6.65226593202688e-06, -0.0523034812594557, -6.6522659320307e-06, -5.72102324533557e-06, 0.0523034812594557, 1.17837649063402e-05, -9.78074070157987e-06, -0.00730347328340266, 2.10204707005252e-07, 1.42506200845148e-05, 2.10204707005249e-07, 7.01970251717446e-09, -1.42506200845148e-05, -1.53625287166888e-08, -3.45227816203242e-09, -9.35772836283474e-05, 
14294, 0, -7.25298611682951e-06, -0.0522891930409204, -7.25298611683333e-06, -5.87390411579816e-06, 0.0522891930409204, 1.08712249590612e-05, -9.35195826702658e-06, -0.00739658075766504, -7.46354387990195e-06, -0.0523034423131077, -7.46354387990577e-06, -5.88101125943922e-06, 0.0523034423131077, 1.08863768919327e-05, -9.34843644066414e-06, -0.00730300489016181, 2.1055776304724e-07, 1.42492721875483e-05, 2.10557763047235e-07, 7.10714360999627e-09, -1.42492721875483e-05, -1.51519329447473e-08, -3.52182633546065e-09, -9.35758675032189e-05, 
14294, 7, -7.49155487296223e-06, -0.0522923663742011, -7.49155487296583e-06, -5.41501478864373e-06, 0.0522923663742011, 9.63356451424935e-06, -8.44331472669621e-06, -0.00739725509189619, -7.69837328350459e-06, -0.052306609754172, -7.69837328350829e-06, -5.42408907876868e-06, 0.052306609754172, 9.65047819533911e-06, -8.43758001521172e-06, -0.0073036919626027, 2.06818410521275e-07, 1.42433799711026e-05, 2.06818410521281e-07, 9.07429012421913e-09, -1.42433799711026e-05, -1.69136810393479e-08, -5.73471146442072e-09, -9.35631292934729e-05, 
14295, 0, -8.35481181944131e-06, -0.0522928955958584, -8.35481181944448e-06, -5.45139364967017e-06, 0.0522928955958584, 8.56196040482621e-06, -7.83884156088566e-06, -0.00739711393388436, -8.56052511061589e-06, -0.0523071383716964, -8.56052511061938e-06, -5.46145218545701e-06, 0.0523071383716964, 8.57900374360085e-06, -7.83257824251353e-06, -0.00730355268490078, 2.05713291220666e-07, 1.42427758380373e-05, 2.05713291220668e-07, 1.00585358001033e-08, -1.42427758380373e-05, -1.70433386655293e-08, -6.26331843636827e-09, -9.35612489835764e-05, 
14295, 7, -8.47488577888115e-06, -0.0522961146621041, -8.47488577888486e-06, -4.87918833859683e-06, 0.0522961146621041, 7.99239269716487e-06, -6.9469753703043e-06, -0.00739768462204346, -8.68412937314288e-06, -0.0523103577107912, -8.68412937314637e-06, -4.89179711073851e-06, 0.0523103577107912, 8.00763215951941e-06, -6.94498708056667e-06, -0.0073041249790343, 2.09243594302014e-07, 1.42430486870721e-05, 2.09243594302015e-07, 1.26087721773668e-08, -1.42430486870721e-05, -1.52394622384288e-08, -1.98828980798181e-09, -9.35596430091406e-05, 
14296, 0, -9.22894707416023e-06, -0.0522970875712577, -9.22894707416274e-06, -4.79988376848181e-06, 0.0522970875712577, 6.98564170430152e-06, -6.27258768112222e-06, -0.00739780073895124, -9.43844212135565e-06, -0.0523113300155376, -9.43844212135904e-06, -4.81312803099533e-06, 0.0523113300155376, 7.00079444933121e-06, -6.27046077275836e-06, -0.00730424272413517, 2.09495047228771e-07, 1.42424442800633e-05, 2.09495047228775e-07, 1.32442625341628e-08, -1.42424442800633e-05, -1.51527449966813e-08, -2.12690839495264e-09, -9.35580148160715e-05, 
14296, 7, -9.28552532136474e-06, -0.0522998094583931, -9.2855253213692e-06, -4.31693338358595e-06, 0.0522998094583931, 6.95930322183272e-06, -5.33662103624762e-06, -0.00739829438235212, -9.48966428877909e-06, -0.0523140569901551, -9.48966428878269e-06, -4.33126426201327e-06, 0.0523140569901551, 6.97379031365167e-06, -5.33364772569222e-06, -0.00730473895184234, 2.04138967444122e-07, 1.42475317614776e-05, 2.0413896744412e-07, 1.43308784228853e-08, -1.42475317614776e-05, -1.44870916662157e-08, -2.97331063319076e-09, -9.35554305097999e-05, 
14297, 0, -9.78779262081409e-06, -0.0523009009614734, -9.78779262081769e-06, -4.11244445955841e-06, 0.0523009009614734, 6.17013763703102e-06, -4.63949127582728e-06, -0.00739855313408446, -9.99199854056537e-06, -0.052315147877734, -9.99199854056854e-06, -4.12757175096162e-06, 0.052315147877734, 6.18445452523544e-06, -4.63648586485175e-06, -0.00730499900395618, 2.04205919749787e-07, 1.42469162604484e-05, 2.04205919749791e-07, 1.51272914112943e-08, -1.42469162604484e-05, -1.43168882984647e-08, -3.00541096101411e-09, -9.35541301282466e-05, 
14297, 7, -9.91166375005057e-06, -0.0523029297454054, -9.91166375005471e-06, -3.86838498018276e-06, 0.0523029297454054, 6.40229339813697e-06, -3.83009828633771e-06, -0.00739902386249297, -1.0105229221323e-05, -0.0523171797076946, -1.01052292213267e-05, -3.89068438722072e-06, 0.0523171797076946, 6.41050311976422e-06, -3.82838261683489e-06, -0.00730547551684724, 1.9356547124687e-07, 1.42499622893313e-05, 1.93565471246867e-07, 2.22994070278675e-08, -1.42499622893313e-05, -8.20972167186748e-09, -1.71566958721715e-09, -9.35483456457354e-05, 
14298, 0, -1.01382856222748e-05, -0.0523038202231163, -1.01382856222787e-05, -3.59314432994854e-06, 0.0523038202231163, 5.8705498012691e-06, -3.15574362721387e-06, -0.0073992308348109, -1.03324309875504e-05, -0.0523180696339281, -1.03324309875536e-05, -3.6160381466866e-06, 0.0523180696339281, 5.87839832642692e-06, -3.1543742834614e-06, -0.00730568352615154, 1.94145365312171e-07, 1.42494108115987e-05, 1.94145365312175e-07, 2.28938167131791e-08, -1.42494108115987e-05, -7.84852510128434e-09, -1.36934373485927e-09, -9.35473086593503e-05, 
14298, 7, -1.03949086911816e-05, -0.0523054077593062, -1.03949086911847e-05, -3.73617683988467e-06, 0.0523054077593063, 6.15051075633715e-06, -2.63117972451983e-06, -0.00739975588491602, -1.05843366291817e-05, -0.0523196655487628, -1.05843366291851e-05, -3.75559175419079e-06, 0.0523196655487628, 6.15684790954824e-06, -2.6325567221782e-06, -0.00730620575740508, 1.89427938008137e-07, 1.42577894564e-05, 1.89427938008135e-07, 1.94149143067218e-08, -1.42577894564e-05, -6.33715336649516e-09, 1.37699754035724e-09, -9.3550127510923e-05, 
14299, 0, -1.04153171347809e-05, -0.0523059159509024, -1.04153171347848e-05, -3.51567952599033e-06, 0.0523059159509024, 5.88072197794483e-06, -2.01722569224937e-06, -0.0073997351690791, -1.06046471564258e-05, -0.0523201730762271, -1.06046471564299e-05, -3.53557819909317e-06, 0.0523201730762271, 5.88697122231477e-06, -2.01868342177811e-06, -0.00730618662221424, 1.89330021663847e-07, 1.42571253244932e-05, 1.89330021663851e-07, 1.98986730993026e-08, -1.42571253244932e-05, -6.24924448532035e-09, 1.45772952728299e-09, -9.35485468648514e-05, 
14299, 7, -1.07480024856529e-05, -0.0523074050274802, -1.07480024856563e-05, -3.93702262002784e-06, 0.0523074050274802, 6.07760452296623e-06, -1.77391924113968e-06, -0.00740040173736333, -1.09310048972333e-05, -0.0523216669928668, -1.09310048972371e-05, -3.96465668029102e-06, 0.0523216669928668, 6.08305674020919e-06, -1.77380192911218e-06, -0.00730685308313241, 1.83002411538917e-07, 1.42619653867805e-05, 1.83002411538912e-07, 2.76340602618316e-08, -1.42619653867805e-05, -5.45221724689877e-09, -1.17311979061979e-10, -9.3548654230936e-05, 
14300, 0, -1.06603058194398e-05, -0.0523074856765168, -1.06603058194432e-05, -3.8400610343552e-06, 0.0523074856765168, 6.00109326014265e-06, -1.22584929257979e-06, -0.00740011168330114, -1.0843247936093e-05, -0.0523217468669864, -1.08432479360969e-05, -3.8689989837157e-06, 0.0523217468669864, 6.00658897389338e-06, -1.22573344590354e-06, -0.00730656493306515, 1.82942116613776e-07, 1.42611904692586e-05, 1.82942116613773e-07, 2.89379493688654e-08, -1.42611904692586e-05, -5.49571374117108e-09, -1.15846770103593e-10, -9.35467502360102e-05, 
14300, 7, -1.09209532183024e-05, -0.0523089602506421, -1.09209532183056e-05, -4.3136250012498e-06, 0.0523089602506421, 5.99892491641952e-06, -1.30953349157501e-06, -0.00740092015876938, -1.10942124248869e-05, -0.0523232214645844, -1.10942124248904e-05, -4.33979223029579e-06, 0.0523232214645844, 6.00564433388419e-06, -1.30615629874239e-06, -0.00730737136264997, 1.73259206566831e-07, 1.42612139424817e-05, 1.7325920656683e-07, 2.61672290705192e-08, -1.42612139424817e-05, -6.71941748255849e-09, -3.37719295170129e-09, -9.35487961194154e-05, 
14301, 0, -1.07982781688008e-05, -0.0523086459238733, -1.07982781688043e-05, -4.34686034915118e-06, 0.0523086459238733, 5.98943242502185e-06, -8.6900859322622e-07, -0.00740040832075906, -1.09715001779805e-05, -0.0523229064792446, -1.09715001779837e-05, -4.37457118648353e-06, 0.0523229064792446, 5.99594639274762e-06, -8.65994990659446e-07, -0.00730686166072816, 1.73222009214509e-07, 1.42605553712438e-05, 1.73222009214512e-07, 2.77108373590189e-08, -1.42605553712438e-05, -6.51396760317858e-09, -3.01360240113507e-09, -9.35466600309022e-05, 
14301, 7, -1.09419620315578e-05, -0.0523101396307034, -1.09419620315608e-05, -4.72129628943852e-06, 0.0523101396307034, 5.86768457926095e-06, -1.27125249447437e-06, -0.00740121884544554, -1.11151494879737e-05, -0.0523243982450986, -1.1115149487978e-05, -4.74825628540912e-06, 0.0523243982450986, 5.87640926542037e-06, -1.26816151837808e-06, -0.00730766883221939, 1.73187456436609e-07, 1.42586143950319e-05, 1.73187456436611e-07, 2.69599959754806e-08, -1.42586143950319e-05, -8.72468620515499e-09, -3.09097611756108e-09, -9.35500132261345e-05, 
14302, 0, -1.08445298525229e-05, -0.0523095788435547, -1.08445298525266e-05, -4.86885280288105e-06, 0.0523095788435547, 5.84220070823656e-06, -9.8068830786957e-07, -0.00740061542662188, -1.10174162172988e-05, -0.0523238366063141, -1.10174162173023e-05, -4.89623866906507e-06, 0.0523238366063141, 5.8510004477007e-06, -9.7739030424463e-07, -0.00730706667671769, 1.7288636474514e-07, 1.42577627595669e-05, 1.72886364745139e-07, 2.73858661961714e-08, -1.42577627595669e-05, -8.79973955595539e-09, -3.29800361711968e-09, -9.35487499041994e-05, 
14302, 7, -1.09369804429676e-05, -0.0523108847391501, -1.0936980442971e-05, -5.142037208729e-06, 0.0523108847391501, 5.80518294320997e-06, -1.63757638064781e-06, -0.00740127296507167, -1.10989342699325e-05, -0.0523251390041597, -1.10989342699358e-05, -5.16727020108512e-06, 0.0523251390041598, 5.81550305331814e-06, -1.63059589798451e-06, -0.00730772155320731, 1.6195382701992e-07, 1.42542650097988e-05, 1.6195382701992e-07, 2.52329923528558e-08, -1.42542650097988e-05, -1.03201100745096e-08, -6.98048257399593e-09, -9.35514118643219e-05, 
14303, 0, -1.0900119276678e-05, -0.0523102063251753, -1.09001192766816e-05, -5.35184357249758e-06, 0.0523102063251753, 5.76374585298767e-06, -1.49801620673107e-06, -0.00740069348682419, -1.10630205369344e-05, -0.0523244588582865, -1.10630205369378e-05, -5.37766851583368e-06, 0.0523244588582865, 5.77388125880406e-06, -1.49142319960553e-06, -0.00730714274260871, 1.62901260222438e-07, 1.42525331113769e-05, 1.6290126022244e-07, 2.58249433456449e-08, -1.42525331113769e-05, -1.0135405746716e-08, -6.59300706313059e-09, -9.35507442154788e-05, 
14303, 7, -1.09142545935438e-05, -0.0523110599386379, -1.09142545935476e-05, -5.50796793339594e-06, 0.0523110599386379, 5.92301079007916e-06, -2.11942279360305e-06, -0.00740112321812117, -1.10668775730881e-05, -0.0523253087929289, -1.1066877573092e-05, -5.53108726505596e-06, 0.0523253087929289, 5.93329472954748e-06, -2.1101557867249e-06, -0.007307572171411, 1.52622979535061e-07, 1.42488542911401e-05, 1.52622979535065e-07, 2.3119331679226e-08, -1.42488542911401e-05, -1.02839394280918e-08, -9.26700686050081e-09, -9.35510467101866e-05, 
14304, 0, -1.09075370833092e-05, -0.0523103290480755, -1.0907537083312e-05, -5.67949963674705e-06, 0.0523103290480755, 5.90170556188634e-06, -2.0264993628298e-06, -0.00740061099813786, -1.10606289203734e-05, -0.0523245776455036, -1.1060628920377e-05, -5.70308283157901e-06, 0.0523245776455036, 5.91178281386275e-06, -2.01741065888053e-06, -0.0073070620990832, 1.53091837064032e-07, 1.42485974281551e-05, 1.53091837064035e-07, 2.35831948484508e-08, -1.42485974281551e-05, -1.00772520875908e-08, -9.08870396924549e-09, -9.35488990546669e-05, 
14304, 7, -1.08253197471629e-05, -0.0523106158494043, -1.08253197471667e-05, -5.75889384884894e-06, 0.0523106158494043, 6.21707867903918e-06, -2.20474294698293e-06, -0.00740078272068804, -1.09697602968022e-05, -0.0523248666758777, -1.09697602968052e-05, -5.77296656587459e-06, 0.0523248666758777, 6.22467142463795e-06, -2.19518844788559e-06, -0.00730723016012019, 1.44440549613634e-07, 1.42508264733881e-05, 1.44440549613634e-07, 1.40727170075434e-08, -1.42508264733881e-05, -7.59274559982977e-09, -9.5544990824219e-09, -9.35525605678397e-05, 
14305, 0, -1.07846944284311e-05, -0.0523098659996422, -1.07846944284342e-05, -5.81041779741779e-06, 0.0523098659996422, 6.2464839046131e-06, -2.00995608870447e-06, -0.00740033018654163, -1.09295360243012e-05, -0.0523241164804693, -1.09295360243044e-05, -5.82515971195879e-06, 0.0523241164804693, 6.25376492621493e-06, -2.0006751416531e-06, -0.00730677959694227, 1.44841595845532e-07, 1.42504808268232e-05, 1.44841595845532e-07, 1.47419145138763e-08, -1.42504808268232e-05, -7.28102156757679e-09, -9.28094702372669e-09, -9.35505895993571e-05, 
14305, 7, -1.06402564006106e-05, -0.0523097397415659, -1.0640256400614e-05, -5.76812556843505e-06, 0.0523097397415659, 6.60512573368686e-06, -1.57250963332158e-06, -0.00740023651684702, -1.07704068134198e-05, -0.052323996862642, -1.07704068134229e-05, -5.77181401553073e-06, 0.052323996862642, 6.60736688137083e-06, -1.56228356829192e-06, -0.00730668312667503, 1.30150412808926e-07, 1.42571210759038e-05, 1.30150412808927e-07, 3.6884470770193e-09, -1.42571210759038e-05, -2.24114749546249e-09, -1.02260650803093e-08, -9.35533901720209e-05, 
14306, 0, -1.05350045153611e-05, -0.0523090161331382, -1.05350045153642e-05, -5.63960623894927e-06, 0.0523090161331382, 6.67789617159811e-06, -1.19755441575592e-06, -0.00739981990804462, -1.06644971766249e-05, -0.0523232730866139, -1.06644971766281e-05, -5.64392286451811e-06, 0.0523232730866139, 6.68010476796041e-06, -1.18702454788433e-06, -0.00730626829198617, 1.29492661279349e-07, 1.42569534757072e-05, 1.29492661279352e-07, 4.31662557119199e-09, -1.42569534757072e-05, -2.20859633413011e-09, -1.05298679195631e-08, -9.3551616058459e-05, 
14306, 7, -1.03477301116609e-05, -0.0523091682580132, -1.03477301116648e-05, -5.34852574527199e-06, 0.0523091682580132, 6.99790273784478e-06, -2.67150842154928e-07, -0.00739960900079869, -1.0473187551023e-05, -0.0523234342053859, -1.04731875510263e-05, -5.341809229963e-06, 0.0523234342053859, 6.99801089727956e-06, -2.60461820354039e-07, -0.00730605252326872, 1.25457439401362e-07, 1.42659473723992e-05, 1.25457439401367e-07, -6.71651530511841e-09, -1.42659473723992e-05, -1.08159413703287e-10, -6.68902180853568e-09, -9.35564775299487e-05, 
14307, 0, -1.01770877741481e-05, -0.0523086310833265, -1.01770877741517e-05, -4.99452355271603e-06, 0.0523086310833265, 7.10459734329285e-06, 2.72299733258832e-07, -0.00739921443128479, -1.03025100332745e-05, -0.052322896513199, -1.03025100332777e-05, -4.98839707533281e-06, 0.052322896513199, 7.10467706014689e-06, 2.78684880859696e-07, -0.00730565991950694, 1.25422259130062e-07, 1.42654298723615e-05, 1.25422259130059e-07, -6.12647737179298e-09, -1.42654298723615e-05, -7.97169651762973e-11, -6.38514761633539e-09, -9.35545117778371e-05, 
14307, 7, -9.92989129399102e-06, -0.0523096762434385, -9.92989129399419e-06, -4.47244451926489e-06, 0.0523096762434385, 7.50417295094953e-06, 1.22445437161926e-06, -0.00739921007114983, -1.00474939481356e-05, -0.0523239519090717, -1.00474939481392e-05, -4.45914794667938e-06, 0.0523239519090717, 7.50517911721678e-06, 1.22783610265952e-06, -0.00730566247019421, 1.17602654167141e-07, 1.42756656330934e-05, 1.17602654167136e-07, -1.32965726119563e-08, -1.42756656330934e-05, -1.00616628602128e-09, -3.38173107600346e-09, -9.35476009555904e-05, 
14308, 0, -9.67391813188753e-06, -0.0523094422107577, -9.67391813189133e-06, -3.95767418523362e-06, 0.0523094422107577, 7.67723545552413e-06, 1.78036463351534e-06, -0.00739887047869908, -9.79134220722445e-06, -0.0523237173368332, -9.79134220722816e-06, -3.94454167416653e-06, 0.0523237173368332, 7.67850252113176e-06, 1.78383654200673e-06, -0.00730532518729996, 1.17424075330388e-07, 1.427512607539e-05, 1.17424075330392e-07, -1.31325110733437e-08, -1.427512607539e-05, -1.26706566322788e-09, -3.47190841964937e-09, -9.35452913991095e-05, 
14308, 7, -9.30326518363943e-06, -0.0523113972317569, -9.30326518364248e-06, -3.38273510078982e-06, 0.0523113972317569, 8.25917800167332e-06, 2.31050744917738e-06, -0.00739942760924732, -9.41883723825002e-06, -0.0523256724692119, -9.41883723825384e-06, -3.36387945961758e-06, 0.0523256724692119, 8.25962450568477e-06, 2.31035099928774e-06, -0.00730589229237183, 1.15572054623079e-07, 1.42752374545894e-05, 1.15572054623085e-07, -1.88556411863999e-08, -1.42752374545894e-05, -4.46504103894079e-10, 1.56449852148048e-10, -9.35353168754975e-05, 
14309, 0, -8.94874660790611e-06, -0.0523114294761314, -8.94874660790959e-06, -2.86546024162062e-06, 0.0523114294761314, 8.53895640351771e-06, 2.72803590527207e-06, -0.00739922871019709, -9.06408066748675e-06, -0.0523257040127058, -9.06408066749079e-06, -2.84669441248663e-06, 0.0523257040127058, 8.53935307479855e-06, 2.72781787070921e-06, -0.0073056951460011, 1.1533405959821e-07, 1.42745365745809e-05, 1.15334059598212e-07, -1.87658291628611e-08, -1.4274536574581e-05, -3.96671316566537e-10, 2.18034509776267e-10, -9.3533564195998e-05, 
14309, 7, -8.45980665048622e-06, -0.0523137361401849, -8.45980665048992e-06, -2.38606767086186e-06, 0.0523137361401849, 9.25973362207091e-06, 2.78817087207867e-06, -0.0074002525558407, -8.57177140240646e-06, -0.0523280028006665, -8.57177140241006e-06, -2.35959907737705e-06, 0.0523280028006665, 9.25723055981919e-06, 2.78568274833835e-06, -0.00730671696184737, 1.11964751959529e-07, 1.42666604817767e-05, 1.11964751959532e-07, -2.64685934925804e-08, -1.42666604817767e-05, 2.50306229551442e-09, 2.48812361406766e-09, -9.35355939933361e-05, 
14310, 0, -8.01554631603302e-06, -0.0523138489223484, -8.01554631603684e-06, -2.00909088590135e-06, 0.0523138489223484, 9.62942950494537e-06, 2.961734704627e-06, -0.00740015656654125, -8.1276037768348e-06, -0.0523281146428707, -8.12760377683796e-06, -1.98227756474893e-06, 0.0523281146428707, 9.62700703466604e-06, 2.95932426486718e-06, -0.00730662225198021, 1.12057460789817e-07, 1.42657205223547e-05, 1.12057460789816e-07, -2.6813321140224e-08, -1.42657205223547e-05, 2.42247027926182e-09, 2.41043975239165e-09, -9.35343145610775e-05, 
14310, 7, -7.52520862392519e-06, -0.0523154379260532, -7.52520862392912e-06, -1.67922197200598e-06, 0.0523154379260532, 1.01770594417218e-05, 2.46306094186385e-06, -0.0074010025797365, -7.63498796809311e-06, -0.0523296954634646, -7.63498796809617e-06, -1.65055893187689e-06, 0.0523296954634646, 1.01700176726572e-05, 2.46007556324729e-06, -0.00730747146418026, 1.09779344175943e-07, 1.42575374113738e-05, 1.09779344175943e-07, -2.86630401177601e-08, -1.42575374113738e-05, 7.04176905035547e-09, 2.98537851753325e-09, -9.35311155562303e-05, 
14311, 0, -7.06755996829213e-06, -0.0523152968842084, -7.06755996829562e-06, -1.53075799076052e-06, 0.0523152968842084, 1.0514359352821e-05, 2.29342037259021e-06, -0.0074008201672695, -7.17816432810249e-06, -0.052329553875715, -7.17816432810652e-06, -1.50212904484109e-06, 0.052329553875715, 1.05071885890818e-05, 2.2903672552078e-06, -0.00730729056107352, 1.10604359779247e-07, 1.42569915065666e-05, 1.10604359779246e-07, -2.86289459210716e-08, -1.42569915065666e-05, 7.17076372924591e-09, 3.05311725231805e-09, -9.35296061959716e-05, 
14311, 7, -6.72731298701447e-06, -0.0523154390099813, -6.72731298701742e-06, -1.37631724468239e-06, 0.0523154390099813, 1.05694795465826e-05, 1.22681047723561e-06, -0.00740113247717659, -6.83975927250475e-06, -0.0523296922996702, -6.83975927250888e-06, -1.344799396087e-06, 0.0523296922996702, 1.0560983327639e-05, 1.22520211863664e-06, -0.00730759867736701, 1.12446285483785e-07, 1.42532896890864e-05, 1.12446285483788e-07, -3.15178485764393e-08, -1.42532896890864e-05, 8.49621887254382e-09, 1.60835854634319e-09, -9.35337998095767e-05, 
14312, 0, -6.35818584820398e-06, -0.0523147727481074, -6.35818584820747e-06, -1.46869096288812e-06, 0.0523147727481074, 1.07435071458194e-05, 7.16892211538505e-07, -0.00740074593116444, -6.46995563382791e-06, -0.0523290247565293, -6.46995563383086e-06, -1.43683981468086e-06, 0.0523290247565293, 1.07352488886278e-05, 7.15695083531903e-07, -0.00730721378380383, 1.1176978567298e-07, 1.42520084219693e-05, 1.1176978567298e-07, -3.18511482283247e-08, -1.42520084219693e-05, 8.25825726516821e-09, 1.19712804033342e-09, -9.35321473606351e-05, 
14312, 7, -6.19318488025648e-06, -0.0523139087872641, -6.19318488026041e-06, -1.43860359457596e-06, 0.0523139087872641, 1.04128525634843e-05, -4.21515424933778e-07, -0.00740061706428016, -6.29881804752991e-06, -0.0523281658264431, -6.29881804753318e-06, -1.41227951329502e-06, 0.0523281658264431, 1.04044721230997e-05, -4.18661312746158e-07, -0.00730707200175739, 1.05633167254151e-07, 1.42570391788201e-05, 1.05633167254151e-07, -2.63240812971803e-08, -1.42570391788201e-05, 8.38044037156701e-09, -2.85411225183553e-09, -9.35450625227844e-05, 
14313, 0, -5.94546279609235e-06, -0.0523127756386986, -5.94546279609573e-06, -1.68689046744223e-06, 0.0523127756386986, 1.04274558405765e-05, -1.05178222983202e-06, -0.00740008294607995, -6.05243055538092e-06, -0.0523270328552504, -6.05243055538386e-06, -1.661981862761e-06, 0.0523270328552504, 1.04188721532664e-05, -1.04906361979497e-06, -0.00730654060017802, 1.06967759282504e-07, 1.42572165520126e-05, 1.06967759282506e-07, -2.4908604687364e-08, -1.42572165520126e-05, 8.58368717925056e-09, -2.71861006833712e-09, -9.3542345901922e-05, 
14313, 7, -5.77409425708465e-06, -0.0523120583377695, -5.77409425708803e-06, -1.71250426159605e-06, 0.0523120583377695, 9.93850118342597e-06, -1.68018450727246e-06, -0.00739965046286878, -5.87289168871402e-06, -0.0523263236924829, -5.87289168871751e-06, -1.68049601957836e-06, 0.0523263236924829, 9.93028759496637e-06, -1.67589650014584e-06, -0.0073061064604326, 9.87974316192175e-08, 1.42653547136318e-05, 9.87974316192168e-08, -3.20082420298524e-08, -1.42653547136319e-05, 8.21358846968478e-09, -4.28800708447999e-09, -9.35440024361998e-05, 
14314, 0, -5.63621407697608e-06, -0.0523108530012784, -5.63621407697925e-06, -1.99231772453352e-06, 0.0523108530012784, 9.82078408190783e-06, -2.1831089944223e-06, -0.00739906025690529, -5.73450573162655e-06, -0.0523251174233501, -5.73450573163036e-06, -1.95938856899351e-06, 0.0523251174233501, 9.81265403163742e-06, -2.17820685988382e-06, -0.00730551726500944, 9.82916546621536e-08, 1.42644220715987e-05, 9.82916546621468e-08, -3.29291555509483e-08, -1.42644220715987e-05, 8.13005025580401e-09, -4.90213445949721e-09, -9.35429918958658e-05, 
14314, 7, -5.345079611339e-06, -0.0523112745164701, -5.34507961134249e-06, -1.98983707133661e-06, 0.0523112745164701, 9.20575606936496e-06, -2.26894720099048e-06, -0.00739863595480754, -5.4427735872934e-06, -0.0523255427993066, -5.44277358729668e-06, -1.95538760680881e-06, 0.0523255427993066, 9.19899169959287e-06, -2.26359094268481e-06, -0.0073051001419125, 9.769397592302e-08, 1.42682828366344e-05, 9.76939759230209e-08, -3.44494645157503e-08, -1.42682828366344e-05, 6.76436995050652e-09, -5.35625837757373e-09, -9.35358128950122e-05, 
14315, 0, -5.25874986261538e-06, -0.0523104758591027, -5.25874986261897e-06, -2.18537386886234e-06, 0.0523104758591027, 8.97237337069384e-06, -2.55798969336364e-06, -0.00739811649917557, -5.35761723115058e-06, -0.0523247443792059, -5.35761723115418e-06, -2.1520680473392e-06, 0.0523247443792059, 8.96554410431655e-06, -2.55283406043486e-06, -0.00730458337167366, 9.88673685694163e-08, 1.42685201033468e-05, 9.88673685694128e-08, -3.33058215057131e-08, -1.42685201033468e-05, 6.82926646189506e-09, -5.15563297077053e-09, -9.35331275018806e-05, 
14315, 7, -4.92563373190673e-06, -0.0523122087257761, -4.92563373191011e-06, -2.19106793672661e-06, 0.0523122087257761, 8.47149135058649e-06, -2.34842425963283e-06, -0.00739805843078311, -5.01784540204572e-06, -0.0523264760095495, -5.01784540204899e-06, -2.15330996069952e-06, 0.0523264760095495, 8.46542034737762e-06, -2.3426125693141e-06, -0.00730452754678018, 9.22116701283753e-08, 1.4267283773159e-05, 9.22116701283812e-08, -3.77579760126605e-08, -1.4267283773159e-05, 6.07100314988802e-09, -5.81169032275641e-09, -9.35308840029124e-05, 
14316, 0, -4.84621159731764e-06, -0.052311988639211, -4.84621159732048e-06, -2.26077420981436e-06, 0.052311988639211, 8.23130539686777e-06, -2.47745023953503e-06, -0.0073977113182487, -4.93985919002303e-06, -0.0523262561993299, -4.93985919002652e-06, -2.22533369187965e-06, 0.0523262561993299, 8.22490813801311e-06, -2.47270565104412e-06, -0.00730418569854262, 9.36475927148493e-08, 1.42675601191038e-05, 9.36475927148511e-08, -3.54405179643483e-08, -1.42675601191038e-05, 6.39725891132754e-09, -4.74458855330264e-09, -9.35256197060807e-05, 
14316, 7, -4.57375405941651e-06, -0.052314408331843, -4.57375405942032e-06, -2.38766110451279e-06, 0.052314408331843, 8.05313471602967e-06, -2.38089925608815e-06, -0.00739799724226273, -4.66465681571574e-06, -0.0523286742493927, -4.6646568157202e-06, -2.35485186713357e-06, 0.0523286742493927, 8.04964191452596e-06, -2.37704601741044e-06, -0.00730448635464757, 9.09027563026372e-08, 1.42659175496668e-05, 9.09027563026355e-08, -3.28092373934714e-08, -1.42659175496668e-05, 3.49280161342103e-09, -3.85323860257488e-09, -9.35108876151514e-05, 
14317, 0, -4.48451632508534e-06, -0.0523146444013138, -4.48451632508893e-06, -2.36836099412855e-06, 0.0523146444013138, 7.94260493625979e-06, -2.48931784303589e-06, -0.00739783604340428, -4.57628435732181e-06, -0.0523289097378267, -4.57628435732541e-06, -2.33634469541581e-06, 0.0523289097378267, 7.93911385044293e-06, -2.48556779795878e-06, -0.00730432759937943, 9.17680322423281e-08, 1.42653365130295e-05, 9.17680322423264e-08, -3.20162986962835e-08, -1.42653365130295e-05, 3.49108596889883e-09, -3.75004511281744e-09, -9.35084440248184e-05, 
14317, 7, -4.25904607104569e-06, -0.0523174486695108, -4.25904607104906e-06, -2.62577453219893e-06, 0.0523174486695108, 8.2748261367079e-06, -2.69955969347724e-06, -0.00739831190276529, -4.35005580456828e-06, -0.0523317060829344, -4.35005580457209e-06, -2.59127747328599e-06, 0.0523317060829344, 8.27220202184541e-06, -2.69597215570699e-06, -0.0073048164697544, 9.10097335389142e-08, 1.42574134236246e-05, 9.1009733538916e-08, -3.44970589205287e-08, -1.42574134236246e-05, 2.62411510320331e-09, -3.58753773631602e-09, -9.34954330109056e-05, 
14318, 0, -4.09835257589201e-06, -0.0523180782807017, -4.09835257589496e-06, -2.57531168909569e-06, 0.0523180782807017, 8.44641050899085e-06, -2.87119436154876e-06, -0.0073982946796282, -4.18961913033431e-06, -0.052332334970493, -4.18961913033813e-06, -2.5407778357262e-06, 0.0523323349704931, 8.44372425038627e-06, -2.86775885013068e-06, -0.00730480264149446, 9.12665544248779e-08, 1.42566897915753e-05, 9.12665544248786e-08, -3.45338533287549e-08, -1.42566897915753e-05, 2.68625880742023e-09, -3.43551139038218e-09, -9.34920381337084e-05, 
14318, 7, -3.76235450630451e-06, -0.0523213547232284, -3.762354506308e-06, -2.79914118905874e-06, 0.0523213547232284, 9.34467215662162e-06, -3.13972308892422e-06, -0.00739880820983166, -3.83816400713742e-06, -0.0523355948147608, -3.83816400714037e-06, -2.75198932239458e-06, 0.0523355948147608, 9.33711770439596e-06, -3.13225516481587e-06, -0.00730532862661362, 7.58095008441127e-08, 1.42400915324893e-05, 7.58095008441154e-08, -4.71518666593341e-08, -1.42400915324893e-05, 7.55445206995795e-09, -7.4679240949114e-09, -9.34795832180292e-05, 
14319, 0, -3.42741256073383e-06, -0.052322453164668, -3.4274125607372e-06, -2.72152457632097e-06, 0.052322453164668, 9.87042195029353e-06, -3.300467623327e-06, -0.00739888417492944, -3.50410303417627e-06, -0.0523366928846215, -3.50410303417954e-06, -2.67514663185952e-06, 0.0523366928846215, 9.86245914849723e-06, -3.29374929738422e-06, -0.00730540829324589, 7.66904734370589e-08, 1.42397199533266e-05, 7.66904734370581e-08, -4.63779444885825e-08, -1.42397199533266e-05, 7.96280186898197e-09, -6.71832584449569e-09, -9.34758816835566e-05, 
14319, 7, -2.90087316922321e-06, -0.0523261354455395, -2.90087316922691e-06, -2.66302454612302e-06, 0.0523261354455395, 1.09990003299642e-05, -3.1251166183344e-06, -0.00739942544068838, -2.9679377728765e-06, -0.05234036409615, -2.96793777287988e-06, -2.61408924668685e-06, 0.0523403640961501, 1.09845410336374e-05, -3.11885265680986e-06, -0.00730596274032675, 6.70646036743223e-08, 1.42286506108361e-05, 6.70646036743249e-08, -4.89352994323724e-08, -1.42286506108361e-05, 1.44592963595001e-08, -6.26396147392957e-09, -9.34627003616423e-05, 
14320, 0, -2.38254574843919e-06, -0.0523277382841847, -2.38254574844246e-06, -2.51474775681297e-06, 0.0523277382841847, 1.17506972802139e-05, -3.08245575334403e-06, -0.00739956176992618, -2.45014824091268e-06, -0.0523419664669716, -2.4501482409166e-06, -2.46635018124526e-06, 0.0523419664669716, 1.17360167414039e-05, -3.07635757593486e-06, -0.00730610156556079, 6.76024924389133e-08, 1.42281827871225e-05, 6.76024924389091e-08, -4.83975755888146e-08, -1.42281827871225e-05, 1.46805387683579e-08, -6.09817741188784e-09, -9.34602043654005e-05, 
14320, 7, -1.80015034370956e-06, -0.0523313815254405, -1.80015034371251e-06, -1.97495975557438e-06, 0.0523313815254405, 1.25189936099426e-05, -2.1742463082762e-06, -0.00740027529463045, -1.86090858089111e-06, -0.0523456029618759, -1.8609085808946e-06, -1.91593531212007e-06, 0.0523456029618759, 1.25001371146705e-05, -2.16934643971375e-06, -0.007306818158326, 6.07582371358074e-08, 1.42214364355912e-05, 6.07582371358082e-08, -5.90244434660539e-08, -1.42214364355912e-05, 1.88564953840373e-08, -4.89986845674925e-09, -9.34571363044353e-05, 
14321, 0, -1.20108881405143e-06, -0.0523332931745938, -1.20108881405536e-06, -1.6525795050892e-06, 0.0523332931745938, 1.32008306622668e-05, -1.78796732994332e-06, -0.00740044536671782, -1.26324239627962e-06, -0.0523475143513826, -1.26324239628344e-06, -1.59464174970128e-06, 0.0523475143513826, 1.31816624689955e-05, -1.78378299099388e-06, -0.00730699195922825, 6.21535822461375e-08, 1.42211767885933e-05, 6.21535822461393e-08, -5.79377554157959e-08, -1.42211767885933e-05, 1.916819327429e-08, -4.18433898061406e-09, -9.34534074895729e-05, 
14321, 7, -7.03688927674446e-07, -0.0523364570371807, -7.03688927677827e-07, -5.6635156657746e-07, 0.0523364570371807, 1.32976223997917e-05, -1.97051743299165e-07, -0.00740134465475365, -7.67036842141383e-07, -0.0523506726645556, -7.67036842144761e-07, -5.03689644158973e-07, 0.0523506726645556, 1.32759560364785e-05, -2.01236638992942e-07, -0.0073079058583332, 6.3347914444955e-08, 1.42156273749415e-05, 6.33479144449574e-08, -6.26619224162585e-08, -1.42156273749415e-05, 2.16663633553116e-08, 4.18489571741302e-09, -9.34387964204123e-05, 
14322, 0, -1.60486914670531e-07, -0.052338345085665, -1.6048691467359e-07, 9.89513137724182e-09, 0.052338345085665, 1.36797492093306e-05, 5.27626683144129e-07, -0.00740148127648598, -2.24697563597891e-07, -0.0523525601984749, -2.24697563601272e-07, 7.08440849192904e-08, 0.0523525601984749, 1.3657872387222e-05, 5.22839519864834e-07, -0.00730804565938486, 6.4210648922521e-08, 1.42151128099552e-05, 6.42106489225195e-08, -6.09489535397156e-08, -1.42151128099552e-05, 2.18768220827095e-08, 4.78716332104547e-09, -9.34356171011071e-05, 
14322, 7, 1.12318648764933e-07, -0.0523407294971855, 1.12318648762097e-07, 1.33896919914497e-06, 0.0523407294971855, 1.30726570851204e-05, 2.19432540308976e-06, -0.00740231980271264, 5.15363216710814e-08, -0.0523549384401674, 5.15363216680255e-08, 1.41372828725466e-06, 0.0523549384401674, 1.30538343489579e-05, 2.1829001330054e-06, -0.00730887368362667, 6.07823270708487e-08, 1.42089429818944e-05, 6.07823270708495e-08, -7.4759088118677e-08, -1.42089429818944e-05, 1.88227361448707e-08, 1.14252701494659e-08, -9.34461190859656e-05, 
14323, 0, 4.60269202180159e-07, -0.0523422423527537, 4.60269202176346e-07, 2.10657218004391e-06, 0.0523422423527537, 1.30560659268522e-05, 3.07049309403509e-06, -0.00740227399524843, 3.9805469422336e-07, -0.052356450749419, 3.98054694219596e-07, 2.18034001592658e-06, 0.052356450749419, 1.3037203787425e-05, 3.05861961134681e-06, -0.00730882967623332, 6.22145079626503e-08, 1.42083966655069e-05, 6.22145079626529e-08, -7.3767835843022e-08, -1.42083966655069e-05, 1.88621394470552e-08, 1.1873482703129e-08, -9.34443190151051e-05, 
14323, 7, 5.14165483063153e-07, -0.0523438652554977, 5.14165483059445e-07, 3.31458323668666e-06, 0.0523438652554977, 1.20971504940328e-05, 4.20213380042934e-06, -0.00740281974214911, 4.5288222048849e-07, -0.0523580729573474, 4.52882220484624e-07, 3.3899554516845e-06, 0.0523580729573474, 1.20803359309075e-05, 4.18318125395332e-06, -0.00730936915149957, 6.12832626387322e-08, 1.42077018501596e-05, 6.12832626387272e-08, -7.5372214996365e-08, -1.42077018501596e-05, 1.68145632154676e-08, 1.89525464435517e-08, -9.34505906495347e-05, 
14324, 0, 5.79390451722012e-07, -0.0523447395107007, 5.79390451718307e-07, 4.10726810271813e-06, 0.0523447395107007, 1.17611220619182e-05, 5.01105446602967e-06, -0.00740248472886921, 5.18703396159563e-07, -0.0523589465284538, 5.18703396155687e-07, 4.18246881964514e-06, 0.0523589465284538, 1.17445472831441e-05, 4.9924525409498e-06, -0.00730903543576927, 6.06870556200345e-08, 1.42070177529865e-05, 6.06870556200328e-08, -7.52007169417438e-08, -1.42070177529865e-05, 1.65747787458642e-08, 1.86019249815617e-08, -9.34492930999381e-05, 
14324, 7, 6.20077397456578e-07, -0.0523457439597571, 6.20077397453082e-07, 4.97890590387846e-06, 0.0523457439597571, 1.09400734206933e-05, 5.26223580177072e-06, -0.00740278988259031, 5.62566222855987e-07, -0.0523599548139105, 5.62566222852227e-07, 5.04531170238179e-06, 0.0523599548139105, 1.09254323261644e-05, 5.24177142235917e-06, -0.00730933606094129, 5.75111746144948e-08, 1.42108541536769e-05, 5.75111746144965e-08, -6.64057984977917e-08, -1.42108541536769e-05, 1.46410943733676e-08, 2.04643794263143e-08, -9.34538216490309e-05, 
14325, 0, 4.68404337223463e-07, -0.0523458334078382, 4.68404337219811e-07, 5.62888307161801e-06, 0.0523458334078382, 1.04629566286454e-05, 5.79962022332157e-06, -0.00740216280608027, 4.10882542854379e-07, -0.0523600435420184, 4.10882542851224e-07, 5.6951601236836e-06, 0.0523600435420184, 1.04483381629944e-05, 5.77906892510919e-06, -0.00730871062699661, 5.75217943551679e-08, 1.42101341801021e-05, 5.75217943551671e-08, -6.62770520505694e-08, -1.42101341801021e-05, 1.46184656357304e-08, 2.05512983026865e-08, -9.34521790836652e-05, 
14325, 7, 6.96633233673811e-07, -0.0523463773340233, 6.9663323367076e-07, 6.08105948423095e-06, 0.0523463773340233, 1.00308794860472e-05, 5.20424566223739e-06, -0.00740234125257333, 6.39348444948687e-07, -0.0523605908143462, 6.39348444945682e-07, 6.14072040360864e-06, 0.0523605908143462, 1.00148230389544e-05, 5.18620427249702e-06, -0.0073088880091255, 5.72847886788195e-08, 1.42134803229431e-05, 5.72847886788211e-08, -5.96609193841867e-08, -1.42134803229431e-05, 1.60564470758656e-08, 1.80413897391145e-08, -9.34532434478317e-05, 
14326, 0, 4.6199634485298e-07, -0.0523457460460199, 4.61996344849487e-07, 6.49656120531692e-06, 0.0523457460460199, 9.54891185408262e-06, 5.38397562615087e-06, -0.00740149860510592, 4.04226123888251e-07, -0.0523599595438064, 4.04226123884926e-07, 6.55494042048347e-06, 0.0523599595438064, 9.53283401986592e-06, 5.36563437663836e-06, -0.00730804753219732, 5.77702209953546e-08, 1.42134977862007e-05, 5.77702209953554e-08, -5.83792151794619e-08, -1.42134977862007e-05, 1.60778341742331e-08, 1.83412495349193e-08, -9.34510729086107e-05, 
14326, 7, 9.34664730846279e-07, -0.0523461426020749, 9.34664730842845e-07, 6.60365406067442e-06, 0.0523461426020749, 9.45680575037164e-06, 4.56378590370446e-06, -0.00740164855348296, 8.86210817816747e-07, -0.052360360795559, 8.86210817813688e-07, 6.65325057897985e-06, 0.052360360795559, 9.43557773886245e-06, 4.55293979900211e-06, -0.00730819227320812, 4.84539130130033e-08, 1.4218193483775e-05, 4.84539130130025e-08, -4.95965183008443e-08, -1.4218193483775e-05, 2.12280114743605e-08, 1.08461047385596e-08, -9.34562802748192e-05, 
14327, 0, 7.50127589391654e-07, -0.0523450899578663, 7.50127589387729e-07, 6.79473806380902e-06, 0.0523450899578664, 9.03518894375669e-06, 4.57698762397105e-06, -0.00740070406332899, 7.0175845915791e-07, -0.0523593072643787, 7.01758459155019e-07, 6.84337062237089e-06, 0.0523593072643787, 9.01381277920897e-06, 4.5659823110837e-06, -0.00730724878478106, 4.83691302470063e-08, 1.42173065123109e-05, 4.83691302470054e-08, -4.86325585511348e-08, -1.42173065123109e-05, 2.13761645286107e-08, 1.10053129306989e-08, -9.34552785479455e-05, 
14327, 7, 1.2885709689231e-06, -0.0523455944569533, 1.28857096891917e-06, 6.73660054991898e-06, 0.0523455944569533, 8.81836772172294e-06, 4.10192042058743e-06, -0.00740078268633848, 1.2392804166954e-06, -0.0523598145690725, 1.23928041669192e-06, 6.78725749209129e-06, 0.0523598145690725, 8.79260881039534e-06, 4.09372229779595e-06, -0.0073073214220967, 4.92905522370934e-08, 1.42201121190588e-05, 4.92905522370984e-08, -5.06569421723106e-08, -1.42201121190588e-05, 2.57589113125755e-08, 8.19812284471476e-09, -9.34612642418028e-05, 
14328, 0, 1.16518331975872e-06, -0.0523445107818598, 1.16518331975539e-06, 6.75317646023454e-06, 0.0523445107818598, 8.36339455154939e-06, 4.19942007766303e-06, -0.00739981077335695, 1.11550746848826e-06, -0.0523587304222303, 1.11550746848504e-06, 6.80383880987506e-06, 0.0523587304222303, 8.33754289389865e-06, 4.19095721135463e-06, -0.007306351548877, 4.96758512516665e-08, 1.42196403706573e-05, 4.96758512516741e-08, -5.06623496317965e-08, -1.42196403706573e-05, 2.58516575996074e-08, 8.46286622691752e-09, -9.34592244799514e-05, 
14328, 7, 1.43155544650493e-06, -0.0523455743695932, 1.43155544650167e-06, 6.85703801640261e-06, 0.0523455743695932, 7.4908822660771e-06, 4.32606400706725e-06, -0.00739970259363309, 1.37574393787149e-06, -0.0523597910603515, 1.37574393786801e-06, 6.90419462313813e-06, 0.0523597910603515, 7.46332998735911e-06, 4.31411131075339e-06, -0.00730623584006815, 5.58115086259221e-08, 1.42166907582465e-05, 5.58115086259222e-08, -4.71566067467176e-08, -1.42166907582465e-05, 2.75522786364999e-08, 1.19526963575034e-08, -9.34667535649117e-05, 
14329, 0, 1.26742417070019e-06, -0.0523449201482059, 1.26742417069697e-06, 6.78177090950081e-06, 0.0523449201482059, 6.82226878104663e-06, 4.64831937507335e-06, -0.00739879568161467, 1.21046053089837e-06, -0.052359136735937, 1.21046053089461e-06, 6.82896806083926e-06, 0.052359136735937, 6.79480146003454e-06, 4.63604843853592e-06, -0.00730533208288407, 5.69636397880903e-08, 1.42165877311057e-05, 5.69636397880903e-08, -4.71971513384582e-08, -1.42165877311057e-05, 2.74673210659971e-08, 1.22709366125632e-08, -9.34635987306058e-05, 
14329, 7, 1.00586666565257e-06, -0.0523470669924027, 1.00586666564913e-06, 7.20116626553772e-06, 0.0523470669924027, 5.20758089526856e-06, 5.11109289393843e-06, -0.00739860162804105, 9.50908773210506e-07, -0.0523612838679749, 9.50908773207063e-07, 7.24510468409313e-06, 0.0523612838679749, 5.18137926269534e-06, 5.09820581690167e-06, -0.00730514177569744, 5.49578924126618e-08, 1.42168755719883e-05, 5.49578924126669e-08, -4.39384185522943e-08, -1.42168755719883e-05, 2.62016325142166e-08, 1.28870770415918e-08, -9.34598523435896e-05, 
14330, 0, 6.60630323844616e-07, -0.0523471713228848, 6.60630323841347e-07, 7.10519438167078e-06, 0.0523471713228848, 4.26051253855811e-06, 5.54500828562828e-06, -0.00739792524623819, 6.05266057252953e-07, -0.0523613877473277, 6.05266057249733e-07, 7.14865361632806e-06, 0.0523613877473277, 4.23420390624153e-06, 5.53170186150539e-06, -0.00730446728560587, 5.53642665710513e-08, 1.42164244429084e-05, 5.5364266571048e-08, -4.3459234643858e-08, -1.42164244429084e-05, 2.63086323854195e-08, 1.33064241038001e-08, -9.34579606323355e-05, 
14330, 7, -5.27087999103822e-08, -0.0523504877860108, -5.27087999136549e-08, 7.6602288357665e-06, 0.0523504877860108, 2.45078510646546e-06, 5.81536031539739e-06, -0.0073979174446628, -1.21767174180617e-07, -0.0523647078877408, -1.21767174183782e-07, 7.7010597615543e-06, 0.0523647078877408, 2.43077757317858e-06, 5.7988268079963e-06, -0.00730446417911048, 6.90583743073864e-08, 1.4220101730138e-05, 6.90583743073865e-08, -4.08309257960652e-08, -1.4220101730138e-05, 2.00075333284962e-08, 1.65335073680315e-08, -9.34532655523126e-05, 
14331, 0, -5.90708770704064e-07, -0.0523513591760882, -5.90708770708255e-07, 7.56108666795629e-06, 0.0523513591760882, 1.39504229732555e-06, 6.11124911314213e-06, -0.00739756802891532, -6.59558490743696e-07, -0.0523655787541497, -6.5955849074632e-07, 7.60093453071972e-06, 0.0523655787541497, 1.37513510479141e-06, 6.09463551860481e-06, -0.00730411733624409, 6.88497200260963e-08, 1.42195780614255e-05, 6.88497200260965e-08, -3.98478627450444e-08, -1.42195780614255e-05, 1.99071925764327e-08, 1.66135945360916e-08, -9.34506926712179e-05, 
14331, 7, -1.44464521699976e-06, -0.052355592192765, -1.44464521700341e-06, 7.90809407920904e-06, 0.052355592192765, 1.37078331366417e-07, 5.78554900771603e-06, -0.00739785038652266, -1.51747738705777e-06, -0.0523698082725415, -1.51747738706175e-06, 7.9465696326536e-06, 0.0523698082725415, 1.22739625116846e-07, 5.7731041281719e-06, -0.00730439380644261, 7.28321700175732e-08, 1.42160797765012e-05, 7.28321700175716e-08, -3.84755534598348e-08, -1.42160797765012e-05, 1.43387064322727e-08, 1.2444879522758e-08, -9.34565800800374e-05, 
14332, 0, -2.04026167498077e-06, -0.0523570356309375, -2.04026167498448e-06, 7.75253736103375e-06, 0.0523570356309375, -7.50965184917097e-07, 5.73616173494446e-06, -0.00739777153081754, -2.11428740904088e-06, -0.0523712515675527, -2.11428740904405e-06, 7.79013473516429e-06, 0.0523712515675527, -7.65471866787116e-07, 5.72349850824045e-06, -0.00730431813341691, 7.40257341472171e-08, 1.42159366153843e-05, 7.40257341472231e-08, -3.75973741409702e-08, -1.42159366153843e-05, 1.45066820829216e-08, 1.26632266685945e-08, -9.34533974006583e-05, 
14332, 7, -2.70104717005669e-06, -0.0523617102447358, -2.70104717005996e-06, 7.6116216290718e-06, 0.0523617102447358, -1.1447374303158e-06, 4.70475807881599e-06, -0.00739828712541871, -2.77233901564181e-06, -0.0523759188415695, -2.77233901564514e-06, 7.65034014933024e-06, 0.0523759188415695, -1.15682369183345e-06, 4.6988392823791e-06, -0.00730483600238761, 7.12918456247141e-08, 1.42085968339858e-05, 7.12918456247139e-08, -3.87185202442222e-08, -1.42085968339858e-05, 1.20862615487018e-08, 5.91879638689478e-09, -9.34511230310789e-05, 
14333, 0, -3.17890049528886e-06, -0.0523634779065777, -3.17890049529272e-06, 7.30722298978527e-06, 0.0523634779065777, -1.69153031337592e-06, 4.24814733594122e-06, -0.00739835805446255, -3.25187952634681e-06, -0.0523776867461577, -3.25187952635019e-06, 7.34411333606089e-06, 0.0523776867461577, -1.70391403299036e-06, 4.24157703833185e-06, -0.00730491021212718, 7.2979031040858e-08, 1.42088395796827e-05, 7.29790310408588e-08, -3.68903462765659e-08, -1.42088395796827e-05, 1.23837196279202e-08, 6.57029774092734e-09, -9.34478423353961e-05, 
14333, 7, -3.47960136448561e-06, -0.0523682393144702, -3.47960136448926e-06, 6.69433275040679e-06, 0.0523682393144702, -1.37319629498921e-06, 2.89626652518869e-06, -0.0073991363943589, -3.55028710757387e-06, -0.0523824455088627, -3.55028710757736e-06, 6.71841897773709e-06, 0.0523824455088627, -1.3874229451913e-06, 2.89941954450224e-06, -0.00730569305165464, 7.06857430779463e-08, 1.4206194392596e-05, 7.06857430779473e-08, -2.40862273275971e-08, -1.4206194392596e-05, 1.42266501669401e-08, -3.15301931392093e-09, -9.34433427042413e-05, 
14334, 0, -3.72672561024629e-06, -0.0523701895193481, -3.72672561024988e-06, 6.22312819850524e-06, 0.0523701895193481, -1.54924585379536e-06, 2.18469706741153e-06, -0.00739929628759665, -3.79797745244526e-06, -0.052384394826329, -3.79797745244832e-06, 6.2475144029729e-06, 0.052384394826329, -1.56356648882318e-06, 2.18788764425944e-06, -0.00730585495398436, 7.12518422524944e-08, 1.42053069808382e-05, 7.12518422524936e-08, -2.43862044303864e-08, -1.42053069808382e-05, 1.43206350824011e-08, -3.19057684992493e-09, -9.34413336123117e-05, 
14334, 7, -3.74489139180143e-06, -0.052374725865101, -3.74489139180498e-06, 5.40651444729437e-06, 0.052374725865101, -9.30109673926828e-07, 1.10171986134541e-06, -0.00740027258673549, -3.81675280821066e-06, -0.0523889286910255, -3.81675280821426e-06, 5.42165963283186e-06, 0.0523889286910255, -9.46663884720013e-07, 1.11242546078241e-06, -0.0073068343029622, 7.18614164194271e-08, 1.42028259243307e-05, 7.18614164194273e-08, -1.51451855367005e-08, -1.42028259243307e-05, 1.65542107232466e-08, -1.07055995484204e-08, -9.34382837732965e-05, 
14335, 0, -3.76068185103464e-06, -0.0523767579269115, -3.76068185103797e-06, 4.8697702375899e-06, 0.0523767579269115, -8.35422485216876e-07, 3.67818597859393e-07, -0.00740042977713091, -3.83288106486359e-06, -0.0523909599459002, -3.83288106486724e-06, 4.88450248693433e-06, 0.0523909599459002, -8.52037620272453e-07, 3.78393204787922e-07, -0.00730699356725602, 7.21992138464698e-08, 1.42020189885751e-05, 7.21992138464782e-08, -1.47322493690008e-08, -1.42020189885751e-05, 1.66151348872635e-08, -1.05746068253857e-08, -9.3436209874931e-05, 
14335, 7, -3.64840820575374e-06, -0.0523806473640324, -3.6484082057568e-06, 4.20982427545682e-06, 0.0523806473640324, -3.01906908492463e-07, -6.55839762986773e-08, -0.00740140896526384, -3.72555628658461e-06, -0.0523948416633123, -3.725556286588e-06, 4.2187880230422e-06, 0.0523948416633123, -3.18990980996021e-07, -5.33626826126066e-08, -0.00730797228184088, 7.71480808173699e-08, 1.41942992797916e-05, 7.71480808173716e-08, -8.96374760937981e-09, -1.41942992797916e-05, 1.70840725398092e-08, -1.2221293692016e-08, -9.34366834229632e-05, 
14336, 0, -3.50010283748984e-06, -0.0523825582581103, -3.50010283749361e-06, 3.77348952113778e-06, 0.0523825582581103, -1.02438039540204e-07, -6.34479757592742e-07, -0.00740143218269036, -3.5770555837025e-06, -0.0523967517055135, -3.57705558370604e-06, 3.78330543759439e-06, 0.0523967517055135, -1.19398320292765e-07, -6.22236371388883e-07, -0.0073079977279219, 7.69527462373628e-08, 1.41934474032842e-05, 7.69527462373688e-08, -9.81591644553357e-09, -1.41934474032842e-05, 1.69602808321618e-08, -1.22433861731611e-08, -9.34344547684611e-05, 
14336, 7, -3.40099972435222e-06, -0.0523853112316368, -3.40099972435511e-06, 3.43837086454855e-06, 0.0523853112316368, 8.73871371901345e-08, -5.81103462590306e-07, -0.00740227719086229, -3.48649701285773e-06, -0.0523995008629983, -3.48649701286155e-06, 3.44195438606162e-06, 0.0523995008629983, 7.03253015711197e-08, -5.73699413898981e-07, -0.00730883377523473, 8.54972885053898e-08, 1.41896313617513e-05, 8.54972885053907e-08, -3.58352152263732e-09, -1.41896313617513e-05, 1.70618355686895e-08, -7.40404870830964e-09, -9.34434156275405e-05, 
14337, 0, -3.22227292131588e-06, -0.0523868300652712, -3.22227292131894e-06, 3.22626770983802e-06, 0.0523868300652712, 2.37696897290008e-07, -9.30236297830152e-07, -0.00740208359845662, -3.30774225756117e-06, -0.0524010190279889, -3.30774225756498e-06, 3.22904777671271e-06, 0.0524010190279889, 2.20576973078304e-07, -9.2329279699924e-07, -0.00730864219815, 8.54693362770548e-08, 1.41889627175355e-05, 8.54693362770572e-08, -2.78006685864593e-09, -1.41889627175355e-05, 1.71199241951589e-08, -6.9435006897339e-09, -9.34414003066259e-05, 
14337, 7, -3.19000294391823e-06, -0.0523884020144467, -3.19000294392215e-06, 3.08322525959121e-06, 0.0523884020144467, 2.05066517263324e-07, -7.16176074889467e-07, -0.00740266136451897, -3.28103634655166e-06, -0.0524025868608756, -3.28103634655493e-06, 3.07546754785618e-06, 0.0524025868608756, 1.89029948296091e-07, -7.15393283949037e-07, -0.00730921601089269, 9.10334026143123e-08, 1.41848464286699e-05, 9.10334026143088e-08, 7.75771171549037e-09, -1.41848464286699e-05, 1.60365687744958e-08, -7.82790879529212e-10, -9.34453536262942e-05, 
14338, 0, -3.08870166860358e-06, -0.0523893266724293, -3.08870166860675e-06, 3.07951913464965e-06, 0.0523893266724293, 2.73593213549148e-07, -8.66409460399355e-07, -0.00740222640119501, -3.17859636838398e-06, -0.0524035097566113, -3.1785963683872e-06, 3.07259684498786e-06, 0.0524035097566113, 2.57950406331076e-07, -8.65024356400165e-07, -0.0073087826402613, 8.98946998330129e-08, 1.4183084182077e-05, 8.98946998330052e-08, 6.92228965691253e-09, -1.4183084182077e-05, 1.56428072248731e-08, -1.38510404571903e-09, -9.34437609337285e-05, 
14338, 7, -3.0068401181784e-06, -0.0523902218017338, -3.00684011818233e-06, 2.8176944970344e-06, 0.0523902218017338, 4.52351756314863e-07, -6.31233761839858e-07, -0.00740234033484609, -3.09382824486966e-06, -0.0524044065778881, -3.09382824487299e-06, 2.81647697953687e-06, 0.0524044065778881, 4.38570440993532e-07, -6.29616212459028e-07, -0.00730889923758276, 8.69881266859598e-08, 1.41847761543904e-05, 8.69881266859549e-08, 1.21751751311884e-09, -1.41847761543904e-05, 1.37813153954931e-08, -1.61754930045695e-09, -9.34410972633145e-05, 
14339, 0, -2.96003195350147e-06, -0.0523906367835808, -2.96003195350545e-06, 2.92808810286402e-06, 0.0523906367835808, 5.6376063236469e-07, -5.79024459388635e-07, -0.00740166881788716, -3.04729316516047e-06, -0.0524048204872656, -3.04729316516347e-06, 2.92722571361141e-06, 0.0524048204872656, 5.49921184221746e-07, -5.77518139144682e-07, -0.00730822994479097, 8.7261211665337e-08, 1.41837036845417e-05, 8.72612116653351e-08, 8.62389232073687e-10, -1.41837036845417e-05, 1.38394482574649e-08, -1.50632025702721e-09, -9.34388730961642e-05, 
14339, 7, -2.72680087574729e-06, -0.0523916499561039, -2.72680087575133e-06, 2.61650828313365e-06, 0.0523916499561039, 1.24105399883278e-06, -2.13278789836464e-07, -0.00740140055123396, -2.81182960892231e-06, -0.0524058379987901, -2.81182960892564e-06, 2.62107433699003e-06, 0.0524058379987901, 1.22528800103457e-06, -2.07872185948092e-07, -0.00730795795424056, 8.50287331841373e-08, 1.41880426861018e-05, 8.50287331841363e-08, -4.56605383666823e-09, -1.41880426861018e-05, 1.57659979486233e-08, -5.40660387546687e-09, -9.34425969933857e-05, 
14340, 0, -2.66996927983014e-06, -0.0523918915639825, -2.66996927983396e-06, 2.80318628370407e-06, 0.0523918915639825, 1.53085817217222e-06, 7.41702367660884e-08, -0.0074005962612633, -2.75479378857472e-06, -0.0524060787775818, -2.7547937885787e-06, 2.80773603204314e-06, 0.0524060787775818, 1.51511196893428e-06, 7.96541395650527e-08, -0.00730715617545976, 8.48245087255222e-08, 1.41872135994965e-05, 8.48245087255197e-08, -4.54974833665583e-09, -1.41872135994965e-05, 1.57462033232007e-08, -5.48390277239936e-09, -9.34400858035243e-05, 
14340, 7, -2.3698420112528e-06, -0.0523938871903725, -2.36984201125575e-06, 2.67980651557191e-06, 0.0523938871903725, 2.56695279022791e-06, 7.72763002879626e-07, -0.00740031181644285, -2.45686253454225e-06, -0.0524080746923093, -2.45686253454596e-06, 2.7023206727958e-06, 0.0524080746923093, 2.54888561304528e-06, 7.80879782836793e-07, -0.00730687769639733, 8.7020523340455e-08, 1.4187501936515e-05, 8.70205233404492e-08, -2.25141572337599e-08, -1.4187501936515e-05, 1.80671773696245e-08, -8.11677994479991e-09, -9.34341200455052e-05, 
14341, 0, -2.29075384050248e-06, -0.0523943952374147, -2.29075384050575e-06, 2.96484707515139e-06, 0.0523943952374147, 3.04152689716725e-06, 1.32898798035807e-06, -0.00739960108978893, -2.3781067458055e-06, -0.0524085821522829, -2.37810674580899e-06, 2.98751862007993e-06, 0.0524085821522829, 3.02330151558648e-06, 1.33706054357561e-06, -0.00730616958531378, 8.73529053217771e-08, 1.41869148678879e-05, 8.73529053217789e-08, -2.26715449269268e-08, -1.41869148678879e-05, 1.82253814848641e-08, -8.07256320652479e-09, -9.34315044751622e-05, 
14341, 7, -2.04782391235255e-06, -0.0523980403817429, -2.04782391235604e-06, 3.17449954492297e-06, 0.0523980403817429, 4.09660546768967e-06, 2.57352374425436e-06, -0.00739975482621556, -2.13115603110981e-06, -0.0524122233793163, -2.13115603111336e-06, 3.21742499070983e-06, 0.0524122233793163, 4.07414553876848e-06, 2.58066269304529e-06, -0.00730632752481804, 8.33321186970261e-08, 1.41829975730306e-05, 8.33321186970278e-08, -4.29254458003391e-08, -1.41829975730306e-05, 2.24599289058488e-08, -7.13894875690596e-09, -9.34273013975187e-05, 
14342, 0, -1.975079222829e-06, -0.052399162960331, -1.9750792228325e-06, 3.56006042046213e-06, 0.0523991629603311, 4.60902244613761e-06, 3.41116472150883e-06, -0.00739936298538935, -2.05842356726734e-06, -0.0524133457178355, -2.05842356727051e-06, 3.60202340857177e-06, 0.0524133457178355, 4.58639250036553e-06, 3.41810174978477e-06, -0.00730593956297483, 8.33443444065493e-08, 1.4182757504438e-05, 8.33443444065518e-08, -4.19629880843993e-08, -1.4182757504438e-05, 2.26299457205986e-08, -6.9370282826609e-09, -9.34234224145272e-05, 
14342, 7, -1.88395016220518e-06, -0.0524041405920486, -1.88395016220802e-06, 4.15138699476906e-06, 0.0524041405920486, 5.21877203783768e-06, 5.02442792940581e-06, -0.00740009419265787, -1.96138214775943e-06, -0.0524183150354227, -1.96138214776259e-06, 4.19778380511899e-06, 0.0524183150354227, 5.19322034496115e-06, 5.03343605448252e-06, -0.00730668158182834, 7.74319855270913e-08, 1.41744433739495e-05, 7.74319855270896e-08, -4.63968103592404e-08, -1.41744433739495e-05, 2.55516928220381e-08, -9.00812505088379e-09, -9.341261082952e-05, 
14343, 0, -1.86417878062851e-06, -0.0524059217667945, -1.86417878063199e-06, 4.60807470003007e-06, 0.0524059217667945, 5.5443910479269e-06, 6.05422848997133e-06, -0.00740007978889543, -1.94250801954417e-06, -0.0524200954148838, -1.94250801954804e-06, 4.65245069929941e-06, 0.0524200954148838, 5.51873760892608e-06, 6.06281417573301e-06, -0.00730667013486866, 7.83292388778631e-08, 1.41736480890545e-05, 7.83292388778673e-08, -4.43759992779408e-08, -1.41736480890545e-05, 2.56534390068592e-08, -8.58568572327819e-09, -9.34096540267978e-05, 
14343, 7, -2.02048287471164e-06, -0.0524111777393057, -2.0204828747147e-06, 5.4728776337668e-06, 0.0524111777393057, 5.48096050527257e-06, 7.72897116072889e-06, -0.00740117054092205, -2.09983852176559e-06, -0.0524253400833068, -2.09983852176876e-06, 5.52077063799115e-06, 0.0524253400833068, 5.45770731636454e-06, 7.73277910752197e-06, -0.00730776946829071, 7.93556470411107e-08, 1.41623440012087e-05, 7.93556470411089e-08, -4.78930042287413e-08, -1.41623440012087e-05, 2.32531888142503e-08, -3.80794682948423e-09, -9.34010726313636e-05, 
14344, 0, -2.11416243830209e-06, -0.0524133147016288, -2.1141624383052e-06, 5.9314715568036e-06, 0.0524133147016288, 5.48767188339986e-06, 8.76832826251642e-06, -0.0074013789502267, -2.19408181558732e-06, -0.0524274758889885, -2.19408181559135e-06, 5.977551694833e-06, 0.0524274758889886, 5.46442267352565e-06, 8.77157666670264e-06, -0.00730797972422759, 7.99193772702683e-08, 1.41611873600054e-05, 7.9919377270275e-08, -4.6080138067463e-08, -1.41611873600054e-05, 2.32492098477776e-08, -3.24840412341925e-09, -9.33992259991234e-05, 
14344, 7, -2.52169118712914e-06, -0.0524176508517451, -2.52169118713301e-06, 6.7127384059694e-06, 0.0524176508517451, 4.965125913353e-06, 1.0122676577069e-05, -0.00740236152846023, -2.61028520001574e-06, -0.0524317985453114, -2.61028520001929e-06, 6.75112733038019e-06, 0.0524317985453114, 4.94512359952655e-06, 1.01165224599135e-05, -0.00730896356959729, 8.85940128210084e-08, 1.41476935662824e-05, 8.85940128210135e-08, -3.83889244162249e-08, -1.41476935662824e-05, 2.00023137762845e-08, 6.15411711431005e-09, -9.33979588629394e-05, 
14345, 0, -2.76370536610645e-06, -0.0524196414432555, -2.76370536611038e-06, 7.03178070793902e-06, 0.0524196414432555, 4.69914292362028e-06, 1.09623461368399e-05, -0.00740253433913494, -2.85248977976026e-06, -0.0524337893932735, -2.85248977976397e-06, 7.06978494313606e-06, 0.0524337893932735, 4.67932754058203e-06, 1.09563237507934e-05, -0.00730913910774317, 8.87844136465895e-08, 1.41479500177102e-05, 8.87844136465971e-08, -3.80042351916474e-08, -1.41479500177102e-05, 1.98153832486327e-08, 6.02238600493928e-09, -9.33952313917714e-05, 
14345, 7, -3.21841302937044e-06, -0.0524222750793273, -3.21841302937383e-06, 7.50453520399586e-06, 0.0524222750793273, 4.24645155660845e-06, 1.16476517429104e-05, -0.00740318677361237, -3.31325427483487e-06, -0.0524364234250248, -3.3132542748383e-06, 7.52923706489088e-06, 0.0524364234250248, 4.23369216427664e-06, 1.16387330536175e-05, -0.0073097951628926, 9.48412454307284e-08, 1.41483456975891e-05, 9.48412454307251e-08, -2.47018608974984e-08, -1.41483456975891e-05, 1.27593922166488e-08, 8.91868933320269e-09, -9.33916107197687e-05, 
14346, 0, -3.51766543623184e-06, -0.0524236688674692, -3.51766543623506e-06, 7.60536221609959e-06, 0.0524236688674692, 3.9120312257163e-06, 1.21266894801428e-05, -0.00740314680267011, -3.61297685781646e-06, -0.0524378164748046, -3.61297685781962e-06, 7.62926392965764e-06, 0.0524378164748046, 3.89941933593413e-06, 1.2117664382978e-05, -0.0073097571128007, 9.53114215733017e-08, 1.41476073352778e-05, 9.53114215732993e-08, -2.3901713565977e-08, -1.41476073352778e-05, 1.26118897190727e-08, 9.02509724665518e-09, -9.33896898694449e-05, 
14346, 7, -3.71295973933504e-06, -0.0524245257840827, -3.71295973933815e-06, 7.83580069356686e-06, 0.0524245257840827, 3.99056439265465e-06, 1.21007909544655e-05, -0.00740349903192324, -3.81940714271579e-06, -0.0524386771267189, -3.81940714271885e-06, 7.83944564575157e-06, 0.0524386771267189, 3.97944632780701e-06, 1.20910959611152e-05, -0.00731009507471678, 1.06447403360023e-07, 1.41513426363472e-05, 1.06447403360022e-07, -3.64495216552671e-09, -1.41513426363472e-05, 1.11180648277684e-08, 9.69499330939422e-09, -9.34039572064508e-05, 
14347, 0, -3.9030077944855e-06, -0.0524251222977629, -3.90300779448872e-06, 7.74592873878926e-06, 0.0524251222977629, 3.81381063940461e-06, 1.21712559845135e-05, -0.00740317782577767, -4.00871176614735e-06, -0.0524392728253967, -4.00871176615062e-06, 7.74906777084486e-06, 0.0524392728253967, 3.80299813142883e-06, 1.21619993378936e-05, -0.00730977567625996, 1.05703971687948e-07, 1.41505276339396e-05, 1.05703971687948e-07, -3.13903202542002e-09, -1.41505276339396e-05, 1.0812507926938e-08, 9.25664666747534e-09, -9.34021495177316e-05, 
14347, 7, -3.81571367918014e-06, -0.0524248008048688, -3.81571367918326e-06, 7.8246437045887e-06, 0.0524248008048688, 4.48204072925399e-06, 1.17609731396394e-05, -0.00740317424665906, -3.92070786886052e-06, -0.0524389568103748, -3.92070786886418e-06, 7.82110014665891e-06, 0.0524389568103748, 4.46894913362957e-06, 1.17567823003684e-05, -0.00730976316078262, 1.04994189687959e-07, 1.41560055059635e-05, 1.04994189687959e-07, 3.54355790446635e-09, -1.41560055059635e-05, 1.30915956368667e-08, 4.19083930714106e-09, -9.34110858764521e-05, 
14348, 0, -3.80918026299771e-06, -0.0524247191097644, -3.80918026300125e-06, 7.62731432048277e-06, 0.0524247191097644, 4.6061423808354e-06, 1.15617371540954e-05, -0.00740258870442999, -3.91225154503175e-06, -0.0524388746228735, -3.91225154503518e-06, 7.62374807764861e-06, 0.0524388746228735, 4.59322937147012e-06, 1.15582275516967e-05, -0.00730917923646901, 1.03071282061147e-07, 1.4155513109106e-05, 1.03071282061144e-07, 3.56624281202289e-09, -1.4155513109106e-05, 1.29130094752831e-08, 3.50960244728499e-09, -9.34094679609917e-05, 
14348, 7, -3.60686850192206e-06, -0.0524242265077054, -3.60686850192555e-06, 7.67617226491915e-06, 0.0524242265077054, 5.63207423537532e-06, 1.12909855065292e-05, -0.00740224616555242, -3.70542691436514e-06, -0.0524383865954286, -3.70542691436874e-06, 7.66313289597227e-06, 0.0524383865954286, 5.61211036188562e-06, 1.12914695352681e-05, -0.00730882485421926, 9.85584124717123e-08, 1.41600877234194e-05, 9.85584124717156e-08, 1.30393689581199e-08, -1.41600877234194e-05, 1.99638734383818e-08, -4.84028807647933e-10, -9.34213113331391e-05, 
14349, 0, -3.42040212338435e-06, -0.0524237925834743, -3.42040212338752e-06, 7.48973056517437e-06, 0.0524237925834743, 6.07609112503628e-06, 1.10998303084901e-05, -0.00740145381910738, -3.51795892783917e-06, -0.0524379521323965, -3.51795892784239e-06, 7.47697887771088e-06, 0.0524379521323965, 6.05612693494952e-06, 1.11007212568052e-05, -0.00730803444118976, 9.75568044642164e-08, 1.41595489224768e-05, 9.75568044642157e-08, 1.27516874400771e-08, -1.41595489224768e-05, 1.99641901785044e-08, -8.90948349344934e-10, -9.34193779175755e-05, 
14349, 7, -3.20940094252442e-06, -0.0524241338842813, -3.20940094252786e-06, 7.58249311730685e-06, 0.0524241338842813, 7.03740774914755e-06, 1.13411713689332e-05, -0.00740095454648749, -3.30486388809576e-06, -0.0524382987337017, -3.30486388809919e-06, 7.57572803785105e-06, 0.0524382987337017, 7.01331506391534e-06, 1.13438289800979e-05, -0.00730752679733512, 9.54629455719599e-08, 1.41648494203668e-05, 9.54629455719625e-08, 6.7650794454898e-09, -1.41648494203668e-05, 2.40926850511765e-08, -2.65761111269476e-09, -9.34277491523698e-05, 
14350, 0, -2.88788643220159e-06, -0.0524237019534667, -2.88788643220464e-06, 7.49773247201393e-06, 0.0524237019534667, 7.67919268278848e-06, 1.13855263910042e-05, -0.00740004926118809, -2.98256698681599e-06, -0.0524378662025453, -2.98256698681866e-06, 7.49188385998819e-06, 0.0524378662025453, 7.65537135914018e-06, 1.13884551427002e-05, -0.00730662362655941, 9.46805545880436e-08, 1.41642490787029e-05, 9.46805545880404e-08, 5.84861205437606e-09, -1.41642490787029e-05, 2.38213237738133e-08, -2.92875175304234e-09, -9.34256346286801e-05, 
14350, 7, -2.74211283661542e-06, -0.0524254891273286, -2.7421128366188e-06, 7.66586340133319e-06, 0.0524254891273286, 8.15730919172062e-06, 1.20201143252595e-05, -0.00739974156176645, -2.83197043766578e-06, -0.0524396532028367, -2.831970437669e-06, 7.66163782319332e-06, 0.0524396532028367, 8.13436941967256e-06, 1.2025451838985e-05, -0.0073063137479111, 8.98576010537797e-08, 1.41640755082448e-05, 8.98576010537797e-08, 4.22557813535412e-09, -1.41640755082448e-05, 2.29397719283643e-08, -5.33751365881141e-09, -9.34278138553626e-05, 
14351, 0, -2.36171674235375e-06, -0.0524253358526946, -2.36171674235708e-06, 7.70366904947461e-06, 0.0524253358526946, 8.80629830249694e-06, 1.23506085656903e-05, -0.00739889407661401, -2.45207686219417e-06, -0.052439499353757, -2.45207686219749e-06, 7.69928038765214e-06, 0.052439499353757, 8.78349715343286e-06, 1.23556484402659e-05, -0.0073054683213454, 9.03601198244604e-08, 1.41635010628044e-05, 9.03601198244646e-08, 4.38866181832137e-09, -1.41635010628044e-05, 2.28011491551868e-08, -5.03987456285347e-09, -9.34257552685845e-05, 
14351, 7, -2.37243041809616e-06, -0.0524285138301431, -2.37243041809954e-06, 7.80442927962728e-06, 0.0524285138301431, 8.79114944907119e-06, 1.29529864205941e-05, -0.00739909086994132, -2.46160769773556e-06, -0.0524426742792714, -2.46160769773938e-06, 7.80275024562349e-06, 0.0524426742792714, 8.77339760758066e-06, 1.29568016574386e-05, -0.00730566906872944, 8.9177279638347e-08, 1.41604491281946e-05, 8.91772796383512e-08, 1.67903401240533e-09, -1.41604491281947e-05, 1.77518414506893e-08, -3.81523682088043e-09, -9.34218012118666e-05, 
14352, 0, -2.05634682538649e-06, -0.0524287500555212, -2.05634682538987e-06, 7.88446514644124e-06, 0.0524287500555212, 9.35850355523328e-06, 1.34257766359479e-05, -0.00739849742941157, -2.1450003842775e-06, -0.0524429100220785, -2.14500038428153e-06, 7.88322569286959e-06, 0.0524429100220785, 9.34102300655702e-06, 1.34297756361074e-05, -0.00730507917698684, 8.86535588348125e-08, 1.41599665570871e-05, 8.86535588348125e-08, 1.23945357275918e-09, -1.41599665570871e-05, 1.74805485954856e-08, -3.99900024396934e-09, -9.34182524247099e-05, 
14352, 7, -2.2413098379048e-06, -0.0524326362051997, -2.24130983790856e-06, 7.79218748450147e-06, 0.0524326362051997, 9.20981538616703e-06, 1.36441268328725e-05, -0.00739917512467101, -2.32473255850897e-06, -0.0524467895316706, -2.32473255851268e-06, 7.79343884776706e-06, 0.0524467895316706, 9.19961415436363e-06, 1.36475481214304e-05, -0.00730575760374769, 8.34227206425533e-08, 1.41533264708745e-05, 8.34227206425525e-08, -1.25136325354353e-09, -1.41533264708745e-05, 1.02012318062288e-08, -3.42128857569655e-09, -9.34175209233217e-05, 
14353, 0, -2.07635050973973e-06, -0.0524332243547523, -2.07635050974322e-06, 7.81206499772145e-06, 0.0524332243547523, 9.71053113192375e-06, 1.4027552688073e-05, -0.00739891031830491, -2.16048154373146e-06, -0.052447376772182, -2.16048154373458e-06, 7.8132082009513e-06, 0.052447376772182, 9.70037385352665e-06, 1.4030742245774e-05, -0.00730549561247563, 8.41310340159392e-08, 1.41524174293959e-05, 8.41310340159443e-08, -1.14320322392558e-09, -1.41524174293959e-05, 1.0157278396451e-08, -3.18955765156175e-09, -9.34147058293053e-05, 
14353, 7, -2.2110508018932e-06, -0.0524369851500493, -2.21105080189647e-06, 7.59518248133339e-06, 0.0524369851500493, 9.823162702609e-06, 1.37846909138127e-05, -0.00739969821292973, -2.30215488396012e-06, -0.0524511311255541, -2.30215488396318e-06, 7.58531281281414e-06, 0.0524511311255541, 9.81684228102648e-06, 1.3784729430409e-05, -0.00730628515313007, 9.11040820499522e-08, 1.41459755048218e-05, 9.11040820499453e-08, 9.86966851016542e-09, -1.41459755048218e-05, 6.32042166986517e-09, -3.85165907631197e-11, -9.34130597996356e-05, 
14354, 0, -2.16649676944705e-06, -0.0524377955877968, -2.16649676945082e-06, 7.53706983048347e-06, 0.0524377955877968, 1.03189020847256e-05, 1.39350872924794e-05, -0.00739967860075248, -2.25745666306828e-06, -0.052451940907712, -2.25745666307138e-06, 7.52684778416281e-06, 0.052451940907712, 1.03126239344934e-05, 1.39354120745209e-05, -0.00730626774804084, 9.09598935814642e-08, 1.41453199152793e-05, 9.09598935814609e-08, 1.02220463270007e-08, -1.41453199152793e-05, 6.27815016048241e-09, -3.24782032041287e-10, -9.34108527116472e-05, 
14354, 7, -1.97044471461385e-06, -0.052441068275156, -1.97044471461691e-06, 7.28462519854935e-06, 0.052441068275156, 1.09389655034713e-05, 1.35822178077804e-05, -0.00740022886355801, -2.05458634983121e-06, -0.0524552125794628, -2.05458634983449e-06, 7.26045906297293e-06, 0.0524552125794628, 1.09287722184422e-05, 1.35821907279672e-05, -0.00730681134722549, 8.41416352245985e-08, 1.41443043066862e-05, 8.41416352245959e-08, 2.41661355886582e-08, -1.41443043066862e-05, 1.01932849543972e-08, 2.70798587703167e-11, -9.34175163325181e-05, 
14355, 0, -1.95638114933061e-06, -0.0524419979510871, -1.95638114933431e-06, 7.17850378695718e-06, 0.0524419979510871, 1.15108896292333e-05, 1.35522116980083e-05, -0.00740032549572967, -2.04059752280998e-06, -0.0524561418933987, -2.04059752281304e-06, 7.1543721312443e-06, 0.0524561418933987, 1.15004945747759e-05, 1.35522584503188e-05, -0.00730691109313118, 8.4216373440835e-08, 1.41439423116484e-05, 8.42163734408324e-08, 2.41316556938189e-08, -1.41439423116484e-05, 1.03950545862205e-08, -4.67523989976453e-11, -9.34144025984725e-05, 
14355, 7, -1.32617068981631e-06, -0.0524445082648287, -1.32617068981997e-06, 6.93628360655956e-06, 0.0524445082648287, 1.23683065737983e-05, 1.3435084237337e-05, -0.00740054221354589, -1.41693138380273e-06, -0.0524586546537267, -1.41693138380672e-06, 6.90045462851703e-06, 0.0524586546537267, 1.2351755386478e-05, 1.34385534564019e-05, -0.0073071224520904, 9.07606939475524e-08, 1.41463888980621e-05, 9.07606939475531e-08, 3.58289780401e-08, -1.41463888980621e-05, 1.65511873910612e-08, -3.46921903005175e-09, -9.34197614554559e-05, 
14356, 0, -1.32906151082192e-06, -0.0524453517356507, -1.32906151082535e-06, 6.81276996465814e-06, 0.0524453517356507, 1.29483894727359e-05, 1.33582590779704e-05, -0.00740063510746276, -1.41894556709962e-06, -0.0524594979833497, -1.41894556710327e-06, 6.77820105102278e-06, 0.0524594979833497, 1.29320209840207e-05, 1.33624596223828e-05, -0.0073072187917046, 8.98840563322894e-08, 1.4146247699196e-05, 8.98840563322859e-08, 3.45689136497655e-08, -1.4146247699196e-05, 1.63684889225736e-08, -4.20054444809003e-09, -9.34163157581399e-05, 
14356, 7, -5.37722113658885e-07, -0.052446913007698, -5.37722113662265e-07, 6.62158868000895e-06, 0.052446913007698, 1.34579485809723e-05, 1.35495011325843e-05, -0.00740062540313229, -6.31643037203141e-07, -0.0524610640458538, -6.31643037206146e-07, 6.58146286629672e-06, 0.0524610640458539, 1.3434606021262e-05, 1.35567130182379e-05, -0.00730720303316743, 9.39209235303024e-08, 1.41510381558035e-05, 9.39209235302966e-08, 4.01258137168609e-08, -1.41510381558035e-05, 2.33425597666962e-08, -7.21188560293765e-09, -9.3422369964851e-05, 
14357, 0, -5.95081542333672e-07, -0.0524474209549422, -5.95081542336457e-07, 6.51892791477785e-06, 0.0524474209549422, 1.38584057126867e-05, 1.35557671043649e-05, -0.00740056871646449, -6.88797863041815e-07, -0.0524615716088933, -6.88797863045093e-07, 6.47906984624947e-06, 0.0524615716088933, 1.38351120498405e-05, 1.35630751505269e-05, -0.00730714923231478, 9.37163207093596e-08, 1.41506539512064e-05, 9.37163207093561e-08, 3.98580685412541e-08, -1.41506539512064e-05, 2.3293662994525e-08, -7.30804614102447e-09, -9.34194841497277e-05, 
14357, 7, 1.10997060993294e-08, -0.0524482084856472, 1.10997060961684e-08, 6.42890454438653e-06, 0.0524482084856472, 1.36041282151521e-05, 1.39853342954283e-05, -0.00740049695581599, -9.25029490257607e-08, -0.0524623675877313, -9.25029490284929e-08, 6.38253023877841e-06, 0.0524623675877313, 1.3579497339698e-05, 1.39922689096675e-05, -0.00730705460838332, 1.03602655184622e-07, 1.41591020839747e-05, 1.03602655184627e-07, 4.63743056047785e-08, -1.41591020839747e-05, 2.46308754899594e-08, -6.93461418254354e-09, -9.34423474326701e-05, 
14358, 0, -1.52601311802663e-07, -0.0524482197435827, -1.52601311806477e-07, 6.38706504907502e-06, 0.0524482197435827, 1.36113565347834e-05, 1.41466860568376e-05, -0.00740015287566512, -2.5693365202699e-07, -0.0524623784067697, -2.56933652030046e-07, 6.34081259268156e-06, 0.0524623784067697, 1.35867189285121e-05, 1.41533695609728e-05, -0.00730671233969728, 1.04332340259516e-07, 1.41586631868427e-05, 1.04332340259518e-07, 4.62524563789408e-08, -1.41586631868427e-05, 2.46376063504624e-08, -6.68350419943837e-09, -9.34405359678589e-05, 
14358, 7, 3.47938688346235e-08, -0.0524484799405536, 3.47938688309153e-08, 6.41325735530745e-06, 0.0524484799405536, 1.2613416681216e-05, 1.47832442688412e-05, -0.00740013657854399, -7.67422013556084e-08, -0.0524626397730147, -7.67422013593164e-08, 6.36712198476776e-06, 0.0524626397730147, 1.25914698003846e-05, 1.47899501328735e-05, -0.00730668559366778, 1.1153607022736e-07, 1.41598324609707e-05, 1.11536070227361e-07, 4.61353705392991e-08, -1.41598324609707e-05, 2.1946880909992e-08, -6.70586403150789e-09, -9.3450984876204e-05, 
14359, 0, -2.77095133407343e-07, -0.0524479033278502, -2.77095133410505e-07, 6.45378869850425e-06, 0.0524479033278502, 1.21259076060765e-05, 1.51322527480967e-05, -0.00739943147491272, -3.90443162769115e-07, -0.0524620616713935, -3.90443162773253e-07, 6.40586594272264e-06, 0.0524620616713935, 1.21039693668374e-05, 1.51381548534114e-05, -0.00730598076340546, 1.13348029317004e-07, 1.41583435431052e-05, 1.13348029317008e-07, 4.79227557798564e-08, -1.41583435431052e-05, 2.19382391413481e-08, -5.90210538270591e-09, -9.34507115072879e-05, 
14359, 7, -5.37865117789612e-07, -0.0524480425822394, -5.37865117792834e-07, 6.57032982441309e-06, 0.0524480425822394, 1.07183179322396e-05, 1.59469645478031e-05, -0.00739958809752674, -6.69687725880026e-07, -0.0524622006225408, -6.6968772588335e-07, 6.51771916862628e-06, 0.0524622006225408, 1.07036916564027e-05, 1.59501189773597e-05, -0.00730611372855496, 1.31822608067321e-07, 1.41580403014809e-05, 1.31822608067318e-07, 5.26106558070098e-08, -1.41580403014809e-05, 1.46262759131835e-08, -3.15442957280224e-09, -9.3474368971819e-05, 
14360, 0, -1.01938222155965e-06, -0.0524469649222028, -1.01938222156211e-06, 6.68505710482866e-06, 0.0524469649222028, 9.78805711576803e-06, 1.64448665578458e-05, -0.0073986210160413, -1.15230674300271e-06, -0.0524611223866733, -1.15230674300598e-06, 6.63079048361477e-06, 0.0524611223866733, 9.77349347856732e-06, 1.64476381856216e-05, -0.00730514809420159, 1.3292452146905e-07, 1.41574644703255e-05, 1.3292452146905e-07, 5.42666211950387e-08, -1.41574644703255e-05, 1.45636372047493e-08, -2.77162774628751e-09, -9.34729218397658e-05, 
14360, 7, -1.71547251693116e-06, -0.0524474661103968, -1.71547251693525e-06, 6.85108972029572e-06, 0.0524474661103968, 8.3429201043534e-06, 1.72095963529005e-05, -0.00739886028417991, -1.84309125600291e-06, -0.0524616245888617, -1.84309125600543e-06, 6.80046552529889e-06, 0.0524616245888617, 8.33665971693546e-06, 1.72162803085128e-05, -0.0073053774800141, 1.27618739070239e-07, 1.41584784650392e-05, 1.27618739070242e-07, 5.06241949824542e-08, -1.41584784650392e-05, 6.26038732893884e-09, -6.68395559530577e-09, -9.34828041657998e-05, 
14361, 0, -2.34771237967665e-06, -0.0524461546326786, -2.34771237968002e-06, 7.00888042656312e-06, 0.0524461546326786, 7.15510774926665e-06, 1.77531591438061e-05, -0.0073978500548657, -2.47599287712975e-06, -0.0524603122976389, -2.47599287713292e-06, 6.95825624032109e-06, 0.0524603122976389, 7.14897497319197e-06, 1.77597283608525e-05, -0.00730436956141167, 1.28280497502355e-07, 1.41576649600967e-05, 1.28280497502354e-07, 5.06241862461463e-08, -1.41576649600967e-05, 6.13277605314445e-09, -6.56921706477754e-09, -9.34804934540065e-05, 
14361, 7, -3.29927062654202e-06, -0.0524475246813799, -3.29927062654562e-06, 7.1139124174869e-06, 0.0524475246813799, 5.98878350161462e-06, 1.82489171802951e-05, -0.00739804813013675, -3.43161099121934e-06, -0.0524616728545296, -3.43161099122234e-06, 7.07044286952916e-06, 0.0524616728545296, 5.9905910470168e-06, 1.82539367082539e-05, -0.00730456947481766, 1.32340364662291e-07, 1.41481731498257e-05, 1.32340364662293e-07, 4.34695479727176e-08, -1.41481731498257e-05, -1.80754544417103e-09, -5.01952794680873e-09, -9.34786553191067e-05, 
14362, 0, -4.01140986028345e-06, -0.0524464158602119, -4.01140986028667e-06, 7.24434292907549e-06, 0.0524464158602119, 4.7618927128445e-06, 1.87243957827828e-05, -0.00739718371107466, -4.14437340006301e-06, -0.0524605632133871, -4.14437340006617e-06, 7.20007252097254e-06, 0.0524605632133871, 4.76376087112528e-06, 1.87292405781463e-05, -0.00730370657598691, 1.32963539784904e-07, 1.41473531751987e-05, 1.32963539784904e-07, 4.427040808744e-08, -1.41473531751987e-05, -1.86815839959968e-09, -4.84479529222279e-09, -9.34771350877603e-05, 
14362, 7, -4.99374591279024e-06, -0.0524487571696872, -4.99374591279346e-06, 7.1234402129613e-06, 0.0524487571696872, 4.11559256309499e-06, 1.89065027768001e-05, -0.00739725197750548, -5.12935719936615e-06, -0.0524628959482314, -5.12935719936876e-06, 7.0724289923362e-06, 0.0524628959482314, 4.12116603655351e-06, 1.89082432094147e-05, -0.00730376763418663, 1.35611286588609e-07, 1.41387785440627e-05, 1.35611286588612e-07, 5.10112206397478e-08, -1.41387785440627e-05, -5.57347347922046e-09, -1.74043257699716e-09, -9.34843433188563e-05, 
14363, 0, -5.66434004466835e-06, -0.0524482652979104, -5.66434004467244e-06, 7.18139046399283e-06, 0.0524482652979104, 3.06628084788663e-06, 1.92746398118028e-05, -0.00739666118082475, -5.79969668717222e-06, -0.0524624034103878, -5.79969668717539e-06, 7.13016493684036e-06, 0.0524624034103878, 3.07188955480963e-06, 1.92766236446831e-05, -0.0073031784618526, 1.35356642549124e-07, 1.41381124772857e-05, 1.35356642549121e-07, 5.12255271654034e-08, -1.41381124772857e-05, -5.60870681236702e-09, -1.9838329191266e-09, -9.34827189721543e-05, 
14363, 7, -6.41929007352656e-06, -0.0524514554892591, -6.41929007353016e-06, 6.84021546743374e-06, 0.0524514554892591, 3.01998040070991e-06, 1.92795449551375e-05, -0.00739658152842932, -6.56043863295755e-06, -0.0524655949911715, -6.56043863296039e-06, 6.78320433301721e-06, 0.0524655949911715, 3.02633247230924e-06, 1.92811558412649e-05, -0.0073031040002819, 1.41148559427553e-07, 1.41395019123364e-05, 1.41148559427556e-07, 5.70111344048902e-08, -1.41395019123364e-05, -6.35207141702052e-09, -1.6108861970939e-09, -9.34775281474091e-05, 
14364, 0, -6.93537721553572e-06, -0.0524518119043198, -6.93537721553948e-06, 6.85563317290796e-06, 0.0524518119043198, 2.30438885051892e-06, 1.95823949684021e-05, -0.00739632682498243, -7.07592971173268e-06, -0.052465950555748, -7.07592971173638e-06, 6.79812979002028e-06, 0.052465950555748, 2.31077397049504e-06, 1.95842331563317e-05, -0.00730285067558503, 1.40552496237709e-07, 1.4138651428062e-05, 1.4055249623771e-07, 5.75033828801898e-08, -1.4138651428062e-05, -6.38511997848019e-09, -1.83818789430884e-09, -9.34761493973865e-05, 
14364, 7, -7.31845321487952e-06, -0.0524555830665414, -7.31845321488257e-06, 6.4764292630734e-06, 0.0524555830665414, 2.72666228541767e-06, 1.96408583152784e-05, -0.00739637224557038, -7.45487407598612e-06, -0.0524697191159705, -7.45487407598966e-06, 6.43465046425959e-06, 0.0524697191159705, 2.73124469693661e-06, 1.96427154507418e-05, -0.0073028935419503, 1.36420861125669e-07, 1.41360494289015e-05, 1.36420861125669e-07, 4.17787988078997e-08, -1.41360494289015e-05, -4.58241166910879e-09, -1.8571354588373e-09, -9.34787036200798e-05, 
14365, 0, -7.61169347320563e-06, -0.0524567388332176, -7.61169347320917e-06, 6.4816218137708e-06, 0.0524567388332176, 2.36752712923502e-06, 1.99698273460164e-05, -0.00739644489352132, -7.74946562098539e-06, -0.0524708742582383, -7.74946562098876e-06, 6.43856003235885e-06, 0.0524708742582383, 2.37186418885805e-06, 1.99709329467005e-05, -0.00730296795125541, 1.37772147760799e-07, 1.4135425020525e-05, 1.377721477608e-07, 4.30617814397741e-08, -1.4135425020525e-05, -4.33705959165413e-09, -1.10560073252987e-09, -9.34769422659204e-05, 
14365, 7, -7.64370602620737e-06, -0.0524605227481955, -7.64370602621086e-06, 6.30443266210245e-06, 0.0524605227481955, 2.95593709524573e-06, 2.01760497386891e-05, -0.00739680079137335, -7.78842767551981e-06, -0.0524746529890264, -7.78842767552265e-06, 6.25697002676988e-06, 0.0524746529890264, 2.95695106059569e-06, 2.01725315330935e-05, -0.00730332808753264, 1.44721649363574e-07, 1.41302408310212e-05, 1.44721649363579e-07, 4.74626353322712e-08, -1.41302408310212e-05, -1.01396529771272e-09, 3.51820578973254e-09, -9.34727038407306e-05, 
14366, 0, -7.7277682536809e-06, -0.0524621134008176, -7.7277682536839e-06, 6.31173826664691e-06, 0.0524621134008176, 2.83011746512837e-06, 2.05655864857274e-05, -0.00739703018005052, -7.87182193259917e-06, -0.0524762427059198, -7.8718219326026e-06, 6.26464482063541e-06, 0.0524762427059198, 2.83124111902891e-06, 2.05623410531652e-05, -0.00730355927867938, 1.44053678930412e-07, 1.41293051021368e-05, 1.44053678930417e-07, 4.70934460028197e-08, -1.41293051021368e-05, -1.12365381563471e-09, 3.24543251252217e-09, -9.34709013711317e-05, 
14366, 7, -7.60461770661253e-06, -0.052465237598575, -7.6046177066151e-06, 6.31830268629187e-06, 0.052465237598575, 3.27027705209148e-06, 2.06436995240386e-05, -0.00739759189425065, -7.73901445491149e-06, -0.0524793626334123, -7.73901445491514e-06, 6.28667390571405e-06, 0.0524793626334123, 3.27173815070078e-06, 2.06425617728778e-05, -0.0073041221660974, 1.3439674832576e-07, 1.41250348372465e-05, 1.34396748325761e-07, 3.16287805808439e-08, -1.41250348372465e-05, -1.46109855140133e-09, 1.1377511195191e-09, -9.34697281532492e-05, 
14367, 0, -7.53320877096545e-06, -0.0524667133424151, -7.53320877096889e-06, 6.33482171521893e-06, 0.0524667133424151, 3.18784986007318e-06, 2.09654134056608e-05, -0.00739773038895409, -7.66792018026849e-06, -0.0524808377677868, -7.66792018027209e-06, 6.30288853802262e-06, 0.0524808377677868, 3.18921841544396e-06, 2.09639680736035e-05, -0.00730426330230718, 1.34711409236451e-07, 1.41244253717795e-05, 1.3471140923645e-07, 3.19331771843868e-08, -1.41244253717795e-05, -1.36855521418005e-09, 1.44533206407238e-09, -9.34670866469056e-05, 
14367, 7, -7.37762713100233e-06, -0.0524686576617786, -7.37762713100604e-06, 6.36246031596922e-06, 0.0524686576617786, 3.30600039385756e-06, 2.06342368598747e-05, -0.00739831733084882, -7.51291210152399e-06, -0.0524827733341336, -7.51291210152721e-06, 6.33887010041882e-06, 0.0524827733341336, 3.30807589113735e-06, 2.06324562253923e-05, -0.00730484679527236, 1.35284970495386e-07, 1.41156723552986e-05, 1.3528497049539e-07, 2.35902155469103e-08, -1.41156723552986e-05, -2.07549733148269e-09, 1.78063450461432e-09, -9.34705355764455e-05, 
14368, 0, -7.22095342482095e-06, -0.0524695428434848, -7.22095342482406e-06, 6.36256133667608e-06, 0.0524695428434848, 3.12669312295122e-06, 2.07561581881808e-05, -0.00739820082421712, -7.35627706105711e-06, -0.0524836578511733, -7.35627706106049e-06, 6.33775851985758e-06, 0.0524836578511733, 3.12869447285899e-06, 2.07538837000574e-05, -0.00730473190674561, 1.35323636264142e-07, 1.4115007688635e-05, 1.35323636264141e-07, 2.48028168167899e-08, -1.4115007688635e-05, -2.00134985777286e-09, 2.27448815246499e-09, -9.34689174715249e-05, 
14368, 7, -7.14752926058165e-06, -0.0524703366011068, -7.1475292605852e-06, 6.23693873033931e-06, 0.0524703366011068, 3.01388996331297e-06, 2.01009079221261e-05, -0.00739867748245351, -7.27645579072915e-06, -0.0524844512495925, -7.27645579073264e-06, 6.22542980086519e-06, 0.0524844512495925, 3.01794507575481e-06, 2.01000073183835e-05, -0.00730520133107925, 1.28926530138351e-07, 1.41146484857728e-05, 1.28926530138353e-07, 1.15089294722613e-08, -1.41146484857728e-05, -4.05511240649436e-09, 9.00603749041422e-10, -9.34761513742531e-05, 
14369, 0, -6.95655700205475e-06, -0.0524704337145502, -6.95655700205802e-06, 6.17877128155902e-06, 0.0524704337145502, 2.76166283546353e-06, 2.00559402507271e-05, -0.00739822474403215, -7.08742068013476e-06, -0.0524845472269654, -7.08742068013749e-06, 6.16634195922332e-06, 0.0524845472269654, 2.76555532426167e-06, 2.00540833420486e-05, -0.00730475020976009, 1.30863678094184e-07, 1.41135124148823e-05, 1.3086367809419e-07, 1.24293223602052e-08, -1.41135124148822e-05, -3.89248876276379e-09, 1.85690863625602e-09, -9.34745342720599e-05, 
14369, 7, -6.99858096301592e-06, -0.0524706324695877, -6.99858096301936e-06, 5.93892843121623e-06, 0.0524706324695877, 2.82757227809857e-06, 1.95102067666435e-05, -0.00739852476486078, -7.13059928182985e-06, -0.0524847516057549, -7.1305992818336e-06, 5.92574290475097e-06, 0.0524847516057549, 2.83507412602784e-06, 1.95116505965951e-05, -0.00730503797766247, 1.32018318796525e-07, 1.41191361672441e-05, 1.32018318796532e-07, 1.31855264496964e-08, -1.41191361672441e-05, -7.50184797791881e-09, -1.44382999709871e-09, -9.34867871982523e-05, 
14370, 0, -6.79967613013236e-06, -0.0524700498919486, -6.79967613013563e-06, 5.81550981132212e-06, 0.0524700498919486, 2.68684367952421e-06, 1.94777355535682e-05, -0.00739775277134165, -6.9319612880293e-06, -0.0524841688374638, -6.93196128803258e-06, 5.80260554427918e-06, 0.0524841688374638, 2.69442388193287e-06, 1.94794186062056e-05, -0.00730426805242966, 1.3228515789816e-07, 1.41189455150407e-05, 1.32285157898159e-07, 1.29042670422409e-08, -1.41189455150407e-05, -7.5802022897468e-09, -1.68305259825469e-09, -9.34847189119659e-05, 
14370, 7, -6.87236560243289e-06, -0.0524702475504625, -6.87236560243633e-06, 5.62624442389328e-06, 0.0524702475504625, 3.26053653937563e-06, 1.93871337664521e-05, -0.00739791939664913, -7.00260229616706e-06, -0.0524843750081749, -7.00260229617098e-06, 5.617590344309e-06, 0.0524843750081749, 3.26832063503857e-06, 1.93899356519983e-05, -0.00730443679973869, 1.30236693743023e-07, 1.41274577123027e-05, 1.30236693743026e-07, 8.6540795977513e-09, -1.41274577123027e-05, -7.78409561786562e-09, -2.80188556208388e-09, -9.34825969104409e-05, 
14371, 0, -6.63845985619904e-06, -0.0524692898458758, -6.63845985620243e-06, 5.51386619518388e-06, 0.0524692898458758, 3.40108051703386e-06, 1.95620594814183e-05, -0.00739696699543145, -6.76881075095359e-06, -0.0524834170106198, -6.76881075095708e-06, 5.50492278186415e-06, 0.0524834170106198, 3.40873305666261e-06, 1.95647485589728e-05, -0.00730348630475091, 1.30350894761728e-07, 1.41271647441897e-05, 1.30350894761729e-07, 8.94341331084942e-09, -1.41271647441897e-05, -7.65253948280089e-09, -2.68907759678665e-09, -9.34806906805526e-05, 
14371, 7, -6.57760106827374e-06, -0.0524702680706264, -6.57760106827723e-06, 5.60873755038772e-06, 0.0524702680706264, 4.51578659830432e-06, 2.01560733018739e-05, -0.00739717097445057, -6.7000438471457e-06, -0.0524843993640861, -6.70004384714935e-06, 5.60278429994612e-06, 0.0524843993640861, 4.51990750482196e-06, 2.01539166248911e-05, -0.00730369513556643, 1.22442778904823e-07, 1.41312934595892e-05, 1.22442778904814e-07, 5.95325043178611e-09, -1.41312934595892e-05, -4.12090645175105e-09, 2.15667699293992e-09, -9.34758388841253e-05, 
14372, 0, -6.25658808496903e-06, -0.0524693717299947, -6.25658808497226e-06, 5.60118163003012e-06, 0.0524693717299947, 4.97903796036605e-06, 2.06407486244782e-05, -0.00739619791531939, -6.37948109795009e-06, -0.0524835017562641, -6.37948109795303e-06, 5.59436507021594e-06, 0.0524835017562641, 4.98297514577815e-06, 2.06376960155746e-05, -0.0073027222403347, 1.22893013012018e-07, 1.41300262693663e-05, 1.22893013012016e-07, 6.81655980769451e-09, -1.41300262693663e-05, -3.9371854475145e-09, 3.0526088391194e-09, -9.34756749846672e-05, 
14372, 7, -6.08127717503081e-06, -0.05247145974577, -6.08127717503441e-06, 5.96148807822161e-06, 0.05247145974577, 6.24191141877517e-06, 2.16125278193298e-05, -0.00739648094701407, -6.205570618933e-06, -0.0524855904790437, -6.20557061893638e-06, 5.95698623205253e-06, 0.0524855904790437, 6.24091313450802e-06, 2.16000215173932e-05, -0.00730300881467916, 1.24293443879309e-07, 1.41307332738031e-05, 1.242934438793e-07, 4.50184616807264e-09, -1.41307332738031e-05, 9.98284270728639e-10, 1.25063018465633e-08, -9.34721323349104e-05, 
14373, 0, -5.67074329218616e-06, -0.0524709478270369, -5.67074329218944e-06, 6.07243082770191e-06, 0.0524709478270369, 6.91706985999397e-06, 2.22782892827721e-05, -0.00739558745414565, -5.79454444445746e-06, -0.0524850787343425, -5.79454444446046e-06, 6.0687579650696e-06, 0.0524850787343425, 6.91619588083633e-06, 2.22658445001727e-05, -0.0073021180529783, 1.23801152238481e-07, 1.41309073057419e-05, 1.23801152238476e-07, 3.67286264401458e-09, -1.41309073057419e-05, 8.73979054932192e-10, 1.24447826646056e-08, -9.3469401167366e-05, 
14373, 7, -5.55248948715979e-06, -0.0524741325936092, -5.55248948716295e-06, 6.46581948236545e-06, 0.0524741325936092, 7.9467643517274e-06, 2.29886757117568e-05, -0.00739599326042793, -5.68393010074541e-06, -0.0524882561398766, -5.68393010074841e-06, 6.46762264816837e-06, 0.0524882561398766, 7.94615205530685e-06, 2.29700830091476e-05, -0.00730252891386632, 1.31440613543931e-07, 1.41235462675887e-05, 1.31440613543932e-07, -1.80316580456508e-09, -1.41235462675887e-05, 6.12296285472565e-10, 1.85927026590694e-08, -9.34643465615908e-05, 
14374, 0, -5.08033439599579e-06, -0.0524742112230912, -5.08033439599928e-06, 6.59587104609752e-06, 0.0524742112230913, 8.70499842379779e-06, 2.35619070854144e-05, -0.00739528517534839, -5.21108932153562e-06, -0.0524883344858831, -5.21108932153884e-06, 6.59848035104954e-06, 0.0524883344858831, 8.70458483666979e-06, 2.35436836303617e-05, -0.00730182363336835, 1.30754925624335e-07, 1.41232627918742e-05, 1.30754925624334e-07, -2.60930495988241e-09, -1.41232627918742e-05, 4.13587193271167e-10, 1.82234550469482e-08, -9.34615419800664e-05, 
14374, 7, -5.1181164230438e-06, -0.0524783422205633, -5.1181164230474e-06, 6.75338416922678e-06, 0.0524783422205633, 9.5536191454715e-06, 2.3511000152939e-05, -0.00739597460119593, -5.24799489310033e-06, -0.0524924589561972, -5.24799489310377e-06, 6.76452481646872e-06, 0.0524924589561972, 9.55528609457044e-06, 2.34900282689395e-05, -0.00730251991925579, 1.29878470089496e-07, 1.41167356338443e-05, 1.29878470089501e-07, -1.11406472316853e-08, -1.41167356338443e-05, -1.66694905641222e-09, 2.09718839866845e-08, -9.34546819401236e-05, 
14375, 0, -4.62252487090118e-06, -0.0524790577712021, -4.62252487090467e-06, 6.75788486183404e-06, 0.0524790577712021, 1.03669088791715e-05, 2.37219076055208e-05, -0.00739555382518479, -4.75303584122508e-06, -0.0524931728366206, -4.75303584122895e-06, 6.76864328928319e-06, 0.0524931728366206, 1.03683341922559e-05, 2.36999891774593e-05, -0.00730210050437792, 1.30510970358872e-07, 1.41150654184463e-05, 1.30510970358876e-07, -1.07584274672425e-08, -1.41150654184463e-05, -1.42531307803721e-09, 2.19184280834754e-08, -9.34533208068449e-05, 
14375, 7, -4.64859606630115e-06, -0.0524835067590722, -4.64859606630394e-06, 6.61457520777592e-06, 0.0524835067590722, 1.11794644879316e-05, 2.28855279072907e-05, -0.00739652445069937, -4.77835279031309e-06, -0.0524976075160114, -4.77835279031669e-06, 6.62299083249249e-06, 0.0524976075160114, 1.11845923757457e-05, 2.28660342006273e-05, -0.00730307659274917, 1.29756723987584e-07, 1.41007569391022e-05, 1.29756723987587e-07, -8.41562468157736e-09, -1.41007569391022e-05, -5.12788774361762e-09, 1.9493706657319e-08, -9.3447857950216e-05, 
14376, 0, -4.14062650708394e-06, -0.0524846354293669, -4.14062650708759e-06, 6.4225879071955e-06, 0.0524846354293669, 1.20578664175747e-05, 2.26428097146402e-05, -0.00739636827485005, -4.26983609759002e-06, -0.0524987361498778, -4.26983609759367e-06, 6.43091791621902e-06, 0.0524987361498778, 1.20631133000831e-05, 2.26236525439099e-05, -0.00730292323760342, 1.29209590485712e-07, 1.41007205108568e-05, 1.29209590485713e-07, -8.33000904284981e-09, -1.41007205108568e-05, -5.24688260803638e-09, 1.91571706985998e-08, -9.34450372466288e-05, 
14376, 7, -3.92220759387686e-06, -0.0524886439507973, -3.92220759387986e-06, 6.08475076412102e-06, 0.0524886439507974, 1.29014893652859e-05, 2.14414559870912e-05, -0.00739732620225443, -4.05537863757885e-06, -0.0525027316064613, -4.05537863758164e-06, 6.08607476103043e-06, 0.0525027316064613, 1.29103249069674e-05, 2.1427101164425e-05, -0.0073038803770366, 1.331710436918e-07, 1.40876556639432e-05, 1.33171043691795e-07, -1.32399690825765e-09, -1.40876556639432e-05, -8.83554174770512e-09, 1.43548226612207e-08, -9.34458252178259e-05, 
14377, 0, -3.39830897859056e-06, -0.052489827186514, -3.39830897859329e-06, 5.72060626215385e-06, 0.052489827186514, 1.38496913992255e-05, 2.08694953096178e-05, -0.00739726955698063, -3.53137631412895e-06, -0.0525039143012009, -3.53137631413222e-06, 5.72173370891374e-06, 0.0525039143012009, 1.38585267107254e-05, 2.085509688646e-05, -0.00730382631412043, 1.33067335482548e-07, 1.40871146869478e-05, 1.33067335482555e-07, -1.1274467639927e-09, -1.40871146869478e-05, -8.8353115195303e-09, 1.43984231607496e-08, -9.34432428601515e-05, 
14377, 7, -2.87768852071315e-06, -0.0524929089421447, -2.8776885207168e-06, 5.37506659659673e-06, 0.0524929089421447, 1.46653376250286e-05, 1.9914460612503e-05, -0.00739790456202965, -3.01254506737918e-06, -0.0525069859995776, -3.01254506738235e-06, 5.36746952789572e-06, 0.0525069859995776, 1.46742554035202e-05, 1.99002396064164e-05, -0.00730446046843978, 1.34856546718815e-07, 1.40770574329482e-05, 1.34856546718811e-07, 7.59706869824981e-09, -1.40770574329482e-05, -8.91777843077244e-09, 1.42210060551471e-08, -9.34440935898495e-05, 
14378, 0, -2.38157116104579e-06, -0.052493768728621, -2.3815711610495e-06, 4.94929917558997e-06, 0.052493768728621, 1.56111104903621e-05, 1.92524788511851e-05, -0.00739774119032999, -2.51621589569762e-06, -0.0525078454301715, -2.516215895701e-06, 4.9415718207215e-06, 0.0525078454301715, 1.56201010923894e-05, 1.9238649083965e-05, -0.00730429976625627, 1.3464473459759e-07, 1.40767015503966e-05, 1.34644734597591e-07, 7.72735486558226e-09, -1.40767015503966e-05, -8.99060207332249e-09, 1.38297672126533e-08, -9.3441424073704e-05, 
14378, 7, -1.71409309560827e-06, -0.0524958545741287, -1.71409309561176e-06, 4.76981266389262e-06, 0.0524958545741287, 1.6181887874303e-05, 1.88702574743944e-05, -0.00739796578937562, -1.84112653930136e-06, -0.052509933807006, -1.84112653930496e-06, 4.7596931054986e-06, 0.052509933807006, 1.61894151884017e-05, 1.88600459777166e-05, -0.00730452379076726, 1.27033443669381e-07, 1.40792328772229e-05, 1.27033443669386e-07, 1.0119558391238e-08, -1.40792328772229e-05, -7.52731417262459e-09, 1.02114966467523e-08, -9.34419986083533e-05, 
14379, 0, -1.31856320821663e-06, -0.0524962199995634, -1.3185632082199e-06, 4.45042008755259e-06, 0.0524962199995634, 1.69825202665694e-05, 1.83174092378705e-05, -0.00739757661609827, -1.44493245072196e-06, -0.0525102987337615, -1.4449324507254e-06, 4.44057203547698e-06, 0.0525102987337615, 1.69901233110523e-05, 1.83076442715375e-05, -0.00730413683754647, 1.26369242547454e-07, 1.4078734198362e-05, 1.26369242547455e-07, 9.84805205922544e-09, -1.4078734198362e-05, -7.60304459697816e-09, 9.76496629189911e-09, -9.34397785517826e-05, 
14379, 7, -7.19712090561156e-07, -0.0524979726685307, -7.19712090564158e-07, 4.49217216949031e-06, 0.0524979726685307, 1.71659863040351e-05, 1.853106098809e-05, -0.0073975571995514, -8.47397775763692e-07, -0.0525120531801359, -8.47397775767022e-07, 4.47762166680317e-06, 0.0525120531801359, 1.71705998850779e-05, 1.85214837674076e-05, -0.00730411615438941, 1.27685685211783e-07, 1.40805116050869e-05, 1.27685685211788e-07, 1.45505027055794e-08, -1.40805116050869e-05, -4.61358101226366e-09, 9.57722066868052e-09, -9.34410451619833e-05, 
14380, 0, -4.88333582535569e-07, -0.0524980579018137, -4.88333582539004e-07, 4.39240591356355e-06, 0.0524980579018137, 1.77327602345675e-05, 1.82119548909835e-05, -0.00739697654633602, -6.15202805578533e-07, -0.0525121374874503, -6.15202805581535e-07, 4.37798788219995e-06, 0.0525121374874503, 1.77375802722104e-05, 1.82025593669233e-05, -0.00730353742285076, 1.26869223041821e-07, 1.40795856365824e-05, 1.26869223041813e-07, 1.44180313620783e-08, -1.40795856365824e-05, -4.82003777177305e-09, 9.39552405998604e-09, -9.34391234852402e-05, 
14380, 7, -8.01706081700044e-08, -0.0525002783419068, -8.01706081732247e-08, 4.55160104244626e-06, 0.0525002783419068, 1.76214722971975e-05, 1.87411565722743e-05, -0.00739694580830958, -2.05794118144597e-07, -0.052514360076864, -2.05794118147595e-07, 4.53981455582681e-06, 0.052514360076864, 1.76254506689407e-05, 1.8728119426669e-05, -0.00730350931073796, 1.2562350996348e-07, 1.40817349573023e-05, 1.25623509963486e-07, 1.17864866055157e-08, -1.40817349573023e-05, -3.97837169173151e-09, 1.3037145580676e-08, -9.34364975716616e-05, 
14381, 0, 2.72566938721167e-09, -0.0525005099472715, 2.72566938329174e-09, 4.66015978489233e-06, 0.0525005099472715, 1.79919096453541e-05, 1.86568022339591e-05, -0.00739632011690423, -1.22187182228845e-07, -0.0525145911200236, -1.22187182232065e-07, 4.64860886233718e-06, 0.0525145911200236, 1.79961470207039e-05, 1.86443285231817e-05, -0.00730288573609111, 1.24912851616715e-07, 1.40811727522394e-05, 1.24912851616718e-07, 1.1550922533979e-08, -1.40811727522394e-05, -4.23737527187115e-09, 1.24737107957298e-08, -9.34343808130917e-05, 
14381, 7, 2.80442229314857e-07, -0.052503580749968, 2.80442229311422e-07, 4.77194101282889e-06, 0.052503580749968, 1.77618404084608e-05, 1.91051159668072e-05, -0.00739643109652363, 1.43498174581723e-07, -0.0525176670259315, 1.43498174578075e-07, 4.75659921043456e-06, 0.0525176670259315, 1.77672009755668e-05, 1.90856893276346e-05, -0.0073029962351256, 1.3694405469479e-07, 1.40862759635071e-05, 1.36944054694792e-07, 1.53418023861433e-08, -1.40862759635071e-05, -5.36056710737926e-09, 1.94266391050639e-08, -9.34348613980552e-05, 
14382, 0, 2.69936888441594e-07, -0.0525042986259739, 2.69936888438162e-07, 5.00341259862691e-06, 0.0525042986259739, 1.79949045311829e-05, 1.91571458078735e-05, -0.00739591260850496, 1.33564301480244e-07, -0.0525183832716393, 1.33564301477024e-07, 4.9863282032852e-06, 0.0525183832716393, 1.80000609943285e-05, 1.91372300901842e-05, -0.00730247745496966, 1.36372586994712e-07, 1.40846456651053e-05, 1.36372586994714e-07, 1.70843953473829e-08, -1.40846456651053e-05, -5.15646318672106e-09, 1.99157177446492e-08, -9.34351535353032e-05, 
14382, 7, 4.58116034812026e-07, -0.0525080323335003, 4.58116034808588e-07, 4.99905318720229e-06, 0.0525080323335003, 1.75876063831153e-05, 1.91213692049167e-05, -0.00739627260589431, 3.15823004179442e-07, -0.0525221146897642, 3.15823004176281e-07, 4.97422960093143e-06, 0.0525221146897642, 1.75923420338219e-05, 1.90979120066642e-05, -0.00730283544860341, 1.42293030612752e-07, 1.40823562637731e-05, 1.42293030612753e-07, 2.48235862857073e-08, -1.40823562637731e-05, -4.7356507670955e-09, 2.34571982994619e-08, -9.34371572908581e-05, 
14383, 0, 3.7150502882489e-07, -0.0525092711358063, 3.71505028821617e-07, 5.28170066917175e-06, 0.0525092711358063, 1.76467016355148e-05, 1.91236059348306e-05, -0.00739592303812489, 2.29513333658692e-07, -0.052523352988902, 2.29513333655202e-07, 5.25778831344988e-06, 0.052523352988902, 1.76515367829914e-05, 1.91005265012044e-05, -0.00730248833496279, 1.41991695157779e-07, 1.40818530957885e-05, 1.41991695157787e-07, 2.39123557316811e-08, -1.40818530957885e-05, -4.83514747332212e-09, 2.30794335731414e-08, -9.34347031621011e-05, 
14383, 7, 4.7331219929209e-07, -0.0525129837446202, 4.73312199288819e-07, 5.11168628893403e-06, 0.0525129837446202, 1.68573207011756e-05, 1.84209774072266e-05, -0.0073964468177402, 3.27939348137818e-07, -0.0525270647613885, 3.27939348134601e-07, 5.08609729125627e-06, 0.0525270647613885, 1.68620241990866e-05, 1.84003835220134e-05, -0.00730301363876789, 1.45372851151543e-07, 1.40810167679733e-05, 1.45372851151545e-07, 2.55889976730612e-08, -1.40810167679733e-05, -4.70349782517094e-09, 2.05938851251117e-08, -9.34331789723244e-05, 
14384, 0, 2.96422300399765e-07, -0.0525144722976309, 2.9642230039649e-07, 5.35446399882597e-06, 0.0525144722976309, 1.66400697060595e-05, 1.82206458737147e-05, -0.0073961944875554, 1.51599418058343e-07, -0.0525285519631426, 1.51599418055236e-07, 5.32877548308689e-06, 0.0525285519631426, 1.66448284649882e-05, 1.82003216901105e-05, -0.0073027630193431, 1.44822882303438e-07, 1.40796655119107e-05, 1.44822882303437e-07, 2.56885157372072e-08, -1.40796655119107e-05, -4.75875907566867e-09, 2.03241836428332e-08, -9.34314682122751e-05, 
14384, 7, 3.14341143547617e-07, -0.0525175963365218, 3.1434114354418e-07, 4.95498129906077e-06, 0.0525175963365218, 1.54771495399792e-05, 1.72374414103977e-05, -0.00739665245247139, 1.67034833554359e-07, -0.0525316759936489, 1.67034833550976e-07, 4.92239232531687e-06, 0.0525316759936489, 1.54825509353234e-05, 1.72199898015989e-05, -0.00730321349533666, 1.47306310000063e-07, 1.40796571269046e-05, 1.47306310000061e-07, 3.2588973766463e-08, -1.40796571269046e-05, -5.4013954030595e-09, 1.74516088289757e-08, -9.34389571347165e-05, 
14385, 0, 3.61154474356795e-08, -0.0525189930135811, 3.61154474325711e-08, 5.06743673534675e-06, 0.0525189930135811, 1.4934302942187e-05, 1.69352644908011e-05, -0.00739634130582657, -1.09708878482895e-07, -0.0525330723697956, -1.09708878486386e-07, 5.03599849606431e-06, 0.0525330723697956, 1.49399943465126e-05, 1.69185393201804e-05, -0.00730290504799861, 1.45824325951613e-07, 1.40793562142139e-05, 1.45824325951614e-07, 3.1438239263113e-08, -1.40793562142139e-05, -5.6914042897021e-09, 1.67251705705953e-08, -9.34362578279322e-05, 
14385, 7, 1.50286208049757e-08, -0.0525215211625182, 1.50286208012692e-08, 4.57653967836264e-06, 0.0525215211625182, 1.36066962828517e-05, 1.64601873241242e-05, -0.00739664754987873, -1.27491205129398e-07, -0.052535604419795, -1.27491205133107e-07, 4.54922439384758e-06, 0.052535604419795, 1.36138445829727e-05, 1.64495685001952e-05, -0.00730320050780354, 1.42519825962028e-07, 1.40832572767702e-05, 1.42519825962024e-07, 2.7315284516636e-08, -1.40832572767702e-05, -7.1483001690533e-09, 1.06188238672739e-08, -9.3447042075169e-05, 
14386, 0, -3.54342802360928e-07, -0.0525226454214069, -3.54342802364203e-07, 4.60786093512242e-06, 0.0525226454214069, 1.27768198613757e-05, 1.6356639014558e-05, -0.00739617788091645, -4.97005698163877e-07, -0.0525367283020532, -4.97005698167095e-07, 4.58032439709673e-06, 0.0525367283020532, 1.27839393327192e-05, 1.63458542649807e-05, -0.00730273325489003, 1.42662895763297e-07, 1.40828806464348e-05, 1.42662895763291e-07, 2.75365380128717e-08, -1.40828806464348e-05, -7.11947148525341e-09, 1.07847495702714e-08, -9.3444626026429e-05, 
14386, 7, -4.3101316440032e-07, -0.0525249513968558, -4.31013164403537e-07, 4.31520314250749e-06, 0.0525249513968558, 1.14614558183557e-05, 1.6972238100246e-05, -0.00739638811278958, -5.7499104354161e-07, -0.0525390376316499, -5.74991043544992e-07, 4.29526286038018e-06, 0.0525390376316499, 1.14707071012002e-05, 1.69647352779443e-05, -0.00730294338416918, 1.43977879136351e-07, 1.40862347943297e-05, 1.4397787913635e-07, 1.99402821287499e-08, -1.40862347943297e-05, -9.25128275716103e-09, 7.50282234556744e-09, -9.34447286204052e-05, 
14387, 0, -8.75747946045605e-07, -0.0525258357202537, -8.75747946048606e-07, 4.42280729821518e-06, 0.0525258357202537, 1.04540671612797e-05, 1.73418576705027e-05, -0.00739579492342562, -1.01965758134605e-06, -0.0525399210865329, -1.01965758134954e-06, 4.40262718088412e-06, 0.0525399210865329, 1.046342969907e-05, 1.7334149154133e-05, -0.00730235204334033, 1.43909635290048e-07, 1.40853662791533e-05, 1.43909635290053e-07, 2.01801173211057e-08, -1.40853662791533e-05, -9.36253773810684e-09, 7.70851640589706e-09, -9.34428800852632e-05, 
14387, 7, -1.05057448402345e-06, -0.0525285817597008, -1.05057448402666e-06, 4.56139806452433e-06, 0.0525285817597008, 9.24155371346236e-06, 1.89669907955553e-05, -0.00739595105671781, -1.1994912927803e-06, -0.0525426726531123, -1.19949129278433e-06, 4.54687250816325e-06, 0.0525426726531123, 9.25288281329386e-06, 1.89563157262639e-05, -0.0073024948523695, 1.48916808781494e-07, 1.40908934114012e-05, 1.48916808781495e-07, 1.45255563358669e-08, -1.40908934114012e-05, -1.13290999187524e-08, 1.06750692585973e-08, -9.34562043482969e-05, 
14388, 0, -1.50193113210438e-06, -0.0525295355942492, -1.50193113210776e-06, 4.92227918908127e-06, 0.0525295355942492, 8.181617442631e-06, 1.98662054269813e-05, -0.0073953580144177, -1.65056453416674e-06, -0.0525436255872305, -1.65056453416979e-06, 4.90779279853369e-06, 0.0525436255872305, 8.19297321437541e-06, 1.98555995198847e-05, -0.00730190373394404, 1.48633402050669e-07, 1.40899929811837e-05, 1.48633402050665e-07, 1.44863905602605e-08, -1.40899929811837e-05, -1.13557717733754e-08, 1.06059071248471e-08, -9.3454280473676e-05, 
14388, 7, -1.81249865854028e-06, -0.052533487420574, -1.8124986585435e-06, 5.52164246452431e-06, 0.052533487420574, 6.97438149453499e-06, 2.17635637789159e-05, -0.00739546812646717, -1.96429226231075e-06, -0.0525475771503962, -1.9642922623138e-06, 5.50954482956912e-06, 0.0525475771503962, 6.9870020445225e-06, 2.17473052253888e-05, -0.00730202614293898, 1.51793603805866e-07, 1.40897298220003e-05, 1.51793603805865e-07, 1.20976349606643e-08, -1.40897298220003e-05, -1.26205503278518e-08, 1.62585534708844e-08, -9.34419835282113e-05, 
14389, 0, -2.2019628496696e-06, -0.0525349203665632, -2.20196284967195e-06, 6.1523672219548e-06, 0.0525349203665632, 5.93166473833405e-06, 2.29716235231442e-05, -0.0073950070530192, -2.35474772312352e-06, -0.0525490089331941, -2.35474772312695e-06, 6.1396114487175e-06, 0.0525490089331941, 5.94447689633893e-06, 2.29550416773625e-05, -0.00730156654948437, 1.5278487343827e-07, 1.40885666309063e-05, 1.52784873438269e-07, 1.27557732192815e-08, -1.40885666309063e-05, -1.28121581881207e-08, 1.65818456796564e-08, -9.34405035348428e-05, 
14389, 7, -2.71123329828575e-06, -0.0525400084506668, -2.71123329828918e-06, 6.83430983248037e-06, 0.0525400084506668, 4.62806222885167e-06, 2.42504354542198e-05, -0.00739534485536739, -2.87164059744123e-06, -0.0525540978011504, -2.87164059744428e-06, 6.81654433309313e-06, 0.0525540978011504, 4.64498485388228e-06, 2.42295480825146e-05, -0.0073019046617166, 1.60407299159236e-07, 1.40893504836436e-05, 1.60407299159238e-07, 1.7765499386852e-08, -1.40893504836436e-05, -1.69226250822102e-08, 2.08873716379414e-08, -9.34401936507666e-05, 
14390, 0, -3.04531349535617e-06, -0.0525420111603001, -3.04531349535982e-06, 7.52112579429388e-06, 0.0525420111603001, 3.64659891715061e-06, 2.53988744665812e-05, -0.00739509363525269, -3.20621231930735e-06, -0.0525560997815843, -3.20621231931106e-06, 7.50312932643404e-06, 0.0525560997815843, 3.66368500316631e-06, 2.53782444253056e-05, -0.00730165548402485, 1.60898823949405e-07, 1.40886212840893e-05, 1.60898823949401e-07, 1.79964678762394e-08, -1.40886212840893e-05, -1.70860861652019e-08, 2.06300412189209e-08, -9.34381512278657e-05, 
14390, 7, -3.67902409132272e-06, -0.0525470043133814, -3.67902409132643e-06, 7.87499793136087e-06, 0.0525470043133814, 2.51775174026905e-06, 2.56074384082436e-05, -0.00739576435638833, -3.83742189718269e-06, -0.0525610930134853, -3.83742189718597e-06, 7.85686149821016e-06, 0.0525610930134853, 2.53852090935219e-06, 2.55887958649546e-05, -0.00730232474825696, 1.58397805842096e-07, 1.40887001040253e-05, 1.58397805842094e-07, 1.81364331290905e-08, -1.40887001040253e-05, -2.07691689694329e-08, 1.86425433317866e-08, -9.34396081313707e-05, 
14391, 0, -3.94555175810696e-06, -0.0525491361881768, -3.94555175811062e-06, 8.38647404670406e-06, 0.0525491361881768, 1.72804904781768e-06, 2.63858396566368e-05, -0.00739565856135709, -4.10402226557238e-06, -0.0525632248471581, -4.10402226557582e-06, 8.3680321750598e-06, 0.0525632248471581, 1.74902503092943e-06, 2.63675199776728e-05, -0.00730222032734583, 1.58470507449711e-07, 1.4088658981457e-05, 1.58470507449707e-07, 1.84418716437595e-08, -1.4088658981457e-05, -2.09759831455177e-08, 1.83196789899074e-08, -9.34382340112826e-05, 
14391, 7, -4.3419200196184e-06, -0.0525527913999654, -4.34192001962249e-06, 8.5107139417727e-06, 0.0525527913999654, 1.38602962867012e-06, 2.57762281988445e-05, -0.00739646453943259, -4.49693221357244e-06, -0.0525668794758127, -4.49693221357587e-06, 8.4894029883336e-06, 0.0525668794758127, 1.41004778110123e-06, 2.57597250610727e-05, -0.00730301511530375, 1.55012193962813e-07, 1.40880758473377e-05, 1.5501219396281e-07, 2.1310953440308e-08, -1.40880758473377e-05, -2.40181526136399e-08, 1.65031377110859e-08, -9.34494241288478e-05, 
14392, 0, -4.42395229157076e-06, -0.0525545043578546, -4.42395229157441e-06, 8.75881773617702e-06, 0.0525545043578546, 1.01646324064518e-06, 2.60853704600671e-05, -0.00739633191067503, -4.57845210392751e-06, -0.0525685921781589, -4.57845210393138e-06, 8.73639635774741e-06, 0.0525685921781589, 1.04048806320543e-06, 2.60687802843284e-05, -0.00730288388435569, 1.54499812352091e-07, 1.40878203043688e-05, 1.54499812352094e-07, 2.24213784179387e-08, -1.40878203043688e-05, -2.40248225319969e-08, 1.65901757140454e-08, -9.34480263193355e-05, 
14392, 7, -4.28381043591484e-06, -0.0525562917099604, -4.2838104359185e-06, 8.85878691332984e-06, 0.0525562917099604, 1.78371812135537e-06, 2.50827998738079e-05, -0.00739684964549333, -4.43193501572689e-06, -0.0525703833245958, -4.43193501573032e-06, 8.83046190130159e-06, 0.0525703833245958, 1.80694436407063e-06, 2.5074304499481e-05, -0.00730338966090802, 1.48124579839993e-07, 1.40916146351752e-05, 1.48124579839993e-07, 2.83250120165691e-08, -1.40916146351752e-05, -2.32262429198197e-08, 8.49537431743227e-09, -9.34599845853412e-05, 
14393, 0, -4.0594100344273e-06, -0.0525572666823755, -4.05941003443047e-06, 8.83408312124067e-06, 0.0525572666823755, 1.98580787815501e-06, 2.49531840413704e-05, -0.00739651134741263, -4.20705737339342e-06, -0.0525713578448189, -4.20705737339718e-06, 8.80540211001114e-06, 0.0525713578448189, 2.00896291435593e-06, 2.49449693754047e-05, -0.00730305250249837, 1.47647339005775e-07, 1.40911624434459e-05, 1.47647339005778e-07, 2.86810112446478e-08, -1.40911624434459e-05, -2.31550364033321e-08, 8.21466597984211e-09, -9.34588449142968e-05, 
14393, 7, -3.34820653156927e-06, -0.0525580125517407, -3.34820653157308e-06, 8.94286492547659e-06, 0.0525580125517407, 3.5344774589726e-06, 2.40270872734047e-05, -0.00739637522862594, -3.48508115714351e-06, -0.0525721084062552, -3.48508115714651e-06, 8.91766493002844e-06, 0.0525721084062552, 3.54979955391172e-06, 2.40247109951565e-05, -0.00730290493973942, 1.36874625527965e-07, 1.40958545145199e-05, 1.36874625527969e-07, 2.51999954379656e-08, -1.40958545145199e-05, -1.53220948635851e-08, 2.37627828046675e-09, -9.34702888865474e-05, 
14394, 0, -2.79935491630897e-06, -0.0525584610162932, -2.79935491631218e-06, 8.70469649367307e-06, 0.0525584610162933, 4.21878213595224e-06, 2.36002913494447e-05, -0.00739571119927999, -2.93622452526329e-06, -0.0525725561668602, -2.93622452526651e-06, 8.67882314618358e-06, 0.0525725561668602, 4.23385084170282e-06, 2.35980683585281e-05, -0.00730224199477822, 1.36869608990012e-07, 1.40951505671159e-05, 1.36869608990018e-07, 2.58733475257339e-08, -1.40951505671159e-05, -1.50687057638309e-08, 2.22299105710959e-09, -9.34692045017542e-05, 
14394, 7, -1.75147233580476e-06, -0.0525597698595227, -1.75147233580825e-06, 8.98513995003726e-06, 0.0525597698595228, 5.62012454653035e-06, 2.30897335426796e-05, -0.00739505152041275, -1.88681112772421e-06, -0.0525738723270055, -1.88681112772749e-06, 8.9573129042977e-06, 0.0525738723270055, 5.62625129242647e-06, 2.30910717296413e-05, -0.00730158008098185, 1.35338791924791e-07, 1.41024674827712e-05, 1.35338791924791e-07, 2.78270457331849e-08, -1.41024674827712e-05, -6.12674577254241e-09, -1.33818693868059e-09, -9.34714394309085e-05, 
14395, 0, -1.00214851240073e-06, -0.0525602906102367, -1.00214851240356e-06, 8.71390872270288e-06, 0.0525602906102367, 6.41987199888565e-06, 2.25703577603336e-05, -0.00739421665826896, -1.13720526343434e-06, -0.052574392837432, -1.13720526343777e-06, 8.68493248168048e-06, 0.052574392837432, 6.42588418957459e-06, 2.25716687965676e-05, -0.00730074706564794, 1.35056750972584e-07, 1.41022271953085e-05, 1.35056750972591e-07, 2.89762410306677e-08, -1.41022271953085e-05, -6.01219087085251e-09, -1.31103620620285e-09, -9.34695926209794e-05, 
14395, 7, -1.00077670057189e-07, -0.0525635098663688, -1.00077670060189e-07, 9.22825624098457e-06, 0.0525635098663688, 6.78096874056536e-06, 2.26019452092536e-05, -0.00739369039107628, -2.31862476672374e-07, -0.0525776209628327, -2.31862476676292e-07, 9.2031719733686e-06, 0.0525776209628327, 6.77808140365629e-06, 2.25988732031623e-05, -0.00730021911314471, 1.31784806605506e-07, 1.41110964641179e-05, 1.31784806605508e-07, 2.50842676243778e-08, -1.41110964641179e-05, 2.88733687808456e-09, 3.07200607025917e-09, -9.3471277931551e-05, 
14396, 0, 6.01025968415313e-07, -0.052564709235617, 6.01025968411549e-07, 9.09169040457071e-06, 0.052564709235617, 7.27776044544206e-06, 2.22163660503837e-05, -0.00739304862714477, 4.69236372799573e-07, -0.0525788196233017, 4.69236372795872e-07, 9.06613895678234e-06, 0.0525788196233017, 7.2747461632225e-06, 2.2213088063527e-05, -0.00729957963208884, 1.31789595596568e-07, 1.41103876843203e-05, 1.3178959559657e-07, 2.5551447774137e-08, -1.41103876843203e-05, 3.01428220594762e-09, 3.27798689339781e-09, -9.34689950559301e-05, 
14396, 7, 8.63971163829686e-07, -0.0525700926762416, 8.63971163826415e-07, 9.65403409480006e-06, 0.0525700926762416, 6.18040592665673e-06, 2.26433711676087e-05, -0.00739326149167808, 7.33664820340665e-07, -0.0525842022541069, 7.33664820337228e-07, 9.62803158044523e-06, 0.0525842022541069, 6.17537523734947e-06, 2.26352260194392e-05, -0.00729979731833253, 1.30306343516907e-07, 1.41095778651173e-05, 1.30306343516906e-07, 2.60025143509237e-08, -1.41095778651173e-05, 5.03068941689155e-09, 8.14514814251042e-09, -9.34641733455472e-05, 
14397, 0, 1.26170777129248e-06, -0.05257223298379, 1.26170777128861e-06, 9.71864784026909e-06, 0.05257223298379, 6.08180049756796e-06, 2.2509444917183e-05, -0.0073930883066233, 1.1309751076242e-06, -0.0525863417314107, 1.13097510762099e-06, 9.69158103243176e-06, 0.0525863417314107, 6.07672081687607e-06, 2.25012092324463e-05, -0.00729962572281092, 1.30732663727911e-07, 1.41087476205556e-05, 1.30732663727917e-07, 2.7066807841334e-08, -1.41087476205556e-05, 5.07968072529503e-09, 8.23568469429588e-09, -9.34625838123544e-05, 
14397, 7, 7.42822127585607e-07, -0.0525786895095366, 7.4282212758261e-07, 1.01442997636618e-05, 0.0525786895095366, 3.90072240745205e-06, 2.29284723502477e-05, -0.00739407795309948, 6.10019733679086e-07, -0.0525927877103335, 6.10019733675163e-07, 1.01195531252601e-05, 0.0525927877103335, 3.90095357917984e-06, 2.29155701943907e-05, -0.00730062037299779, 1.32802393889091e-07, 1.40982007970836e-05, 1.32802393889097e-07, 2.47466384158288e-08, -1.40982007970836e-05, -2.31171771070797e-10, 1.29021559107054e-08, -9.34575801016885e-05, 
14398, 0, 7.32987091021955e-07, -0.0525814619156021, 7.32987091018249e-07, 1.03735268149059e-05, 0.0525814619156021, 3.23178051902756e-06, 2.29523205208104e-05, -0.00739433556933526, 5.99547047665474e-07, -0.0525955580911428, 5.99547047662258e-07, 1.03480931668233e-05, 0.0525955580911428, 3.23204349026582e-06, 2.29391121845577e-05, -0.00730087914956139, 1.33440043363555e-07, 1.4096175540844e-05, 1.33440043363559e-07, 2.54336480783306e-08, -1.4096175540844e-05, -2.62971271169365e-10, 1.3208336291188e-08, -9.3456419773897e-05, 
14398, 7, -2.4011506980881e-07, -0.0525872837828886, -2.4011506981246e-07, 1.06408195225154e-05, 0.0525872837828886, 1.01828597571478e-06, 2.28827821668057e-05, -0.00739563500047707, -3.74538399339015e-07, -0.0526013725584202, -3.74538399342233e-07, 1.06130035952885e-05, 0.0526013725584202, 1.02593887838157e-06, 2.28688739616758e-05, -0.00730217618369221, 1.34423329559133e-07, 1.40887755316625e-05, 1.34423329559136e-07, 2.78159272141259e-08, -1.40887755316625e-05, -7.6529025584045e-09, 1.39082051998914e-08, -9.3458816784847e-05, 
14399, 0, -5.3867636500449e-07, -0.0525900145520764, -5.38676365007924e-07, 1.09385649749118e-05, 0.0525900145520764, 1.2134507433569e-07, 2.28306460883547e-05, -0.00739601810983399, -6.72707106176072e-07, -0.0526041030835184, -6.72707106179072e-07, 1.09104786287064e-05, 0.0526041030835184, 1.29345723156911e-07, 2.28171609803958e-05, -0.00730256139418081, 1.34030741131715e-07, 1.40885314421442e-05, 1.34030741131717e-07, 2.8086346220739e-08, -1.40885314421442e-05, -8.00064875351522e-09, 1.34851080107015e-08, -9.34567156532004e-05, 
14399, 7, -1.40600495844409e-06, -0.0525939902472609, -1.40600495844758e-06, 1.10395350798181e-05, 0.0525939902472609, -1.11499880347277e-06, 2.18592356738193e-05, -0.00739702636919138, -1.53586491792972e-06, -0.052608075580733, -1.53586491793309e-06, 1.10142392965825e-05, 0.052608075580733, -1.10131369085402e-06, 2.18468419778715e-05, -0.00730356375840296, 1.29859959443931e-07, 1.40853334719585e-05, 1.29859959443931e-07, 2.52957832273195e-08, -1.40853334719585e-05, -1.36851124996616e-08, 1.23936959121388e-08, -9.34626107884165e-05, 
14400, 0, -1.71610623829616e-06, -0.0525960682679644, -1.71610623829949e-06, 1.12628082763491e-05, 0.0525960682679644, -1.77840210250943e-06, 2.14634718705551e-05, -0.00739717523842757, -1.84552875524889e-06, -0.052610153476226, -1.84552875525163e-06, 1.12357626316473e-05, 0.052610153476226, -1.76475008883031e-06, 2.14512241167011e-05, -0.00730371525841979, 1.29422516990692e-07, 1.40852082615427e-05, 1.29422516990693e-07, 2.70456446851207e-08, -1.40852082615427e-05, -1.36520136140743e-08, 1.22477538549593e-08, -9.34599800077735e-05, 
14400, 7, -2.03261053761813e-06, -0.0525983799415621, -2.03261053762162e-06, 1.11647166679865e-05, 0.0525983799415621, -1.53288599641145e-06, 1.97467562931791e-05, -0.00739764203233794, -2.16016012247855e-06, -0.0526124709706862, -2.1601601224822e-06, 1.11242042488982e-05, 0.0526124709706862, -1.52122643830408e-06, 1.97383303367277e-05, -0.00730418276865208, 1.27549584866364e-07, 1.40910291240937e-05, 1.2754958486637e-07, 4.05124190803013e-08, -1.40910291240937e-05, -1.16595581455928e-08, 8.42595644457606e-09, -9.34592636858424e-05, 
14401, 0, -2.09995349570556e-06, -0.0525996391336208, -2.099953495709e-06, 1.11611578315222e-05, 0.0525996391336208, -1.58882944078558e-06, 1.89633506155967e-05, -0.00739739976513419, -2.22719575894653e-06, -0.0526137294242203, -2.22719575894985e-06, 1.11197782708847e-05, 0.0526137294242203, -1.57722197443231e-06, 1.89549737963846e-05, -0.00730394189865669, 1.27242263267885e-07, 1.40902905994404e-05, 1.27242263267892e-07, 4.13795606346183e-08, -1.40902905994404e-05, -1.16074664666731e-08, 8.37681924869583e-09, -9.34578664774927e-05, 
14401, 7, -1.75030400976947e-06, -0.0526016102313936, -1.7503040097729e-06, 1.09386570209905e-05, 0.0526016102313936, -1.25938734607158e-07, 1.70557181663914e-05, -0.00739754449432329, -1.86668279666611e-06, -0.0526157144784241, -1.86668279666933e-06, 1.08882522146638e-05, 0.0526157144784241, -1.23388277951341e-07, 1.7049879730041e-05, -0.00730408694570173, 1.16378786883607e-07, 1.41042470305842e-05, 1.16378786883613e-07, 5.04048063204849e-08, -1.41042470305842e-05, -2.55045651100119e-09, 5.83843634598663e-09, -9.34575486215652e-05, 
14402, 0, -1.44914782302817e-06, -0.0526024068588472, -1.44914782303204e-06, 1.06528740264956e-05, 0.0526024068588472, 4.83451971393709e-07, 1.59939331974734e-05, -0.00739701683635263, -1.56535839787535e-06, -0.0526165100428396, -1.56535839787813e-06, 1.06024105229825e-05, 0.0526165100428396, 4.85757291474373e-07, 1.59883655750407e-05, -0.0073035607079707, 1.16210574902924e-07, 1.41031839926778e-05, 1.16210574902926e-07, 5.04635035101776e-08, -1.41031839926778e-05, -2.30532001866086e-09, 5.56762248296905e-09, -9.34561283819553e-05, 
14402, 7, -6.56366183669974e-07, -0.0526053570113958, -6.56366183673407e-07, 1.04933290448055e-05, 0.0526053570113958, 2.266247420945e-06, 1.42335207422025e-05, -0.00739732634662794, -7.51071193968437e-07, -0.052619463295664, -7.51071193971111e-07, 1.04403565843563e-05, 0.052619463295664, 2.25919331200419e-06, 1.42299123607283e-05, -0.00730386492174393, 9.47050103186709e-08, 1.41062842680159e-05, 9.47050103186776e-08, 5.29724604566542e-08, -1.41062842680159e-05, 7.05410893531778e-09, 3.60838151465365e-09, -9.34614248840258e-05, 
14403, 0, -3.65502572861017e-08, -0.0526062840220337, -3.6550257289753e-08, 1.00169125439217e-05, 0.0526062840220337, 3.24004080933993e-06, 1.29912769192673e-05, -0.00739680389887148, -1.31490727915961e-07, -0.0526203896802576, -1.3149072791945e-07, 9.96406076545255e-06, 0.0526203896802576, 3.23278640568419e-06, 1.29876985943913e-05, -0.00730334442082572, 9.49404706742211e-08, 1.41056582237796e-05, 9.49404706742196e-08, 5.28517784952439e-08, -1.41056582237796e-05, 7.25440368687174e-09, 3.57832483215864e-09, -9.34594780457759e-05, 
14403, 7, 7.72575577686182e-07, -0.0526106587477047, 7.72575577682475e-07, 9.9764643493378e-06, 0.0526106587477047, 4.37753327882795e-06, 1.14546085018196e-05, -0.00739758264102766, 6.82932472385551e-07, -0.0526247578874291, 6.82932472382494e-07, 9.92750212376222e-06, 0.0526247578874291, 4.36513904714148e-06, 1.14508470433066e-05, -0.00730412143737613, 8.96431053177577e-08, 1.40991397243686e-05, 8.96431053177628e-08, 4.89622255986362e-08, -1.40991397243686e-05, 1.23942317390377e-08, 3.76145850597194e-09, -9.34612036515284e-05, 
14404, 0, 1.48802474643221e-06, -0.0526121005276836, 1.48802474642851e-06, 9.43342437412571e-06, 0.0526121005276836, 5.27733739837376e-06, 1.01073758952319e-05, -0.00739728418592502, 1.39855377556228e-06, -0.0526261988905859, 1.39855377555881e-06, 9.38361730111803e-06, 0.0526261988905859, 5.26485520222354e-06, 1.01035840564368e-05, -0.00730382569416902, 8.94709708789813e-08, 1.40983629021036e-05, 8.94709708789851e-08, 4.98070730315637e-08, -1.40983629021036e-05, 1.2482196152446e-08, 3.79183884806358e-09, -9.34584917559818e-05, 
14404, 7, 1.8948399024463e-06, -0.0526171625696858, 1.89483990244281e-06, 9.33826855273653e-06, 0.0526171625696858, 5.2800526498205e-06, 8.62916433448976e-06, -0.00739841395390239, 1.815346355935e-06, -0.0526312474723613, 1.81534635593243e-06, 9.28496027195018e-06, 0.0526312474723613, 5.26854802769694e-06, 8.6234870913875e-06, -0.00730495456407015, 7.94935464984278e-08, 1.40849026754517e-05, 7.94935464984195e-08, 5.33082807751137e-08, -1.40849026754517e-05, 1.15046219490176e-08, 5.67724301726986e-09, -9.34593898322243e-05, 
14405, 0, 2.45788880227839e-06, -0.0526190173778944, 2.45788880227455e-06, 8.76539807055866e-06, 0.0526190173778944, 5.77954545586633e-06, 7.21481093812533e-06, -0.00739834751212595, 2.37816265891156e-06, -0.0526331018454386, 2.37816265890794e-06, 8.71119822372249e-06, 0.0526331018454386, 5.76795761688908e-06, 7.2086298000665e-06, -0.00730488982232544, 7.97261433632358e-08, 1.40844675442341e-05, 7.97261433632391e-08, 5.41998468166349e-08, -1.40844675442341e-05, 1.1587839047897e-08, 6.18113807654599e-09, -9.34576898005299e-05, 
14405, 7, 2.44487743697427e-06, -0.0526235422429444, 2.44487743697151e-06, 8.35257993217739e-06, 0.0526235422429444, 4.96456321551173e-06, 5.78164687265808e-06, -0.00739945841014798, 2.38188719579917e-06, -0.0526376139368527, 2.38188719579554e-06, 8.30240711454674e-06, 0.0526376139368527, 4.95958480544874e-06, 5.78207387577512e-06, -0.00730599977577279, 6.29902411314896e-08, 1.40716939083348e-05, 6.29902411314969e-08, 5.01728176381813e-08, -1.40716939083348e-05, 4.9784100818837e-09, -4.27003145355044e-10, -9.34586343751983e-05, 
14406, 0, 2.72739227819066e-06, -0.0526253806901906, 2.72739227818671e-06, 7.73451999842756e-06, 0.0526253806901906, 5.02696350947365e-06, 4.3641601602014e-06, -0.00739948944792343, 2.66464475679489e-06, -0.0526394517304564, 2.66464475679194e-06, 7.68333595623042e-06, 0.0526394517304564, 5.02194658180171e-06, 4.36441232468767e-06, -0.00730603292519134, 6.27475214228392e-08, 1.40710402656707e-05, 6.27475214228385e-08, 5.11840422152325e-08, -1.40710402656707e-05, 5.0169278352038e-09, -2.52164526507377e-10, -9.34565227320866e-05, 
14406, 7, 2.65273918981553e-06, -0.0526283648005437, 2.65273918981231e-06, 7.04486102532453e-06, 0.0526283648005437, 4.10476459187275e-06, 3.28424108384963e-06, -0.00740027268775704, 2.59004103046002e-06, -0.0526424343765424, 2.59004103045683e-06, 6.99100300482659e-06, 0.0526424343765424, 4.10652912937716e-06, 3.28530714376438e-06, -0.00730682030430061, 6.26981593215257e-08, 1.40695759987409e-05, 6.26981593215244e-08, 5.38580204748191e-08, -1.40695759987409e-05, -1.76453745931998e-09, -1.06605998052254e-09, -9.34523834564497e-05, 
14407, 0, 2.68933198291027e-06, -0.0526296792415637, 2.68933198290659e-06, 6.42596904125082e-06, 0.0526296792415637, 3.90544229602288e-06, 2.02678187566425e-06, -0.00740022862968108, 2.62677154560329e-06, -0.0526437481014373, 2.62677154560007e-06, 6.37194555865441e-06, 0.0526437481014373, 3.90714839155816e-06, 2.02759229136481e-06, -0.00730677751354502, 6.2560437313101e-08, 1.40688598737203e-05, 6.25604373130995e-08, 5.40234826107484e-08, -1.40688598737203e-05, -1.70609550574891e-09, -8.10415762867616e-10, -9.34511161360484e-05, 
14407, 7, 2.8397908477662e-06, -0.0526309942361362, 2.83979084776214e-06, 5.72274853703463e-06, 0.0526309942361362, 3.39534208910588e-06, 1.63224834379559e-06, -0.00740051961650544, 2.77898082904303e-06, -0.0526450676823579, 2.77898082903938e-06, 5.67270342709736e-06, 0.0526450676823579, 3.40002804686512e-06, 1.63602506871467e-06, -0.00730706159950205, 6.08100186881248e-08, 1.40734462216129e-05, 6.08100186881265e-08, 5.00451099436995e-08, -1.40734462216129e-05, -4.68595789773504e-09, -3.77672485292337e-09, -9.34580170034056e-05, 
14408, 0, 2.73101946487351e-06, -0.052631559435701, 2.73101946487026e-06, 5.24102007059214e-06, 0.052631559435701, 3.13934839901254e-06, 6.90723863298862e-07, -0.00740024724263071, 2.67009519338063e-06, -0.0526456317884837, 2.67009519337709e-06, 5.19150385103729e-06, 0.0526456317884837, 3.14381448816378e-06, 6.94436134524192e-07, -0.00730678906065319, 6.0924271494192e-08, 1.40723527827109e-05, 6.09242714941916e-08, 4.95162195743804e-08, -1.40723527827109e-05, -4.46608922869863e-09, -3.71227119110165e-09, -9.34581819774863e-05, 
14408, 7, 3.1251786844113e-06, -0.0526319493156336, 3.12517868440784e-06, 4.80005695004166e-06, 0.0526319493156336, 3.06054385564679e-06, 1.03999173134653e-06, -0.00740000946498248, 3.06776971091372e-06, -0.0526460371023836, 3.06776971091018e-06, 4.74783770667011e-06, 0.0526460371023836, 3.06362349404652e-06, 1.04675892480835e-06, -0.00730653570312117, 5.74089735117676e-08, 1.40877867501345e-05, 5.74089735117689e-08, 5.22192433887352e-08, -1.40877867501345e-05, -3.07963840178954e-09, -6.76719340672155e-09, -9.34737618613292e-05, 
14409, 0, 2.94198215109145e-06, -0.052631930214377, 2.94198215108793e-06, 4.56561579959739e-06, 0.052631930214377, 2.84040833440871e-06, 4.74399855715556e-07, -0.0073994213761278, 2.88541430516115e-06, -0.0526460176003302, 2.88541430515809e-06, 4.51259435386115e-06, 0.0526460176003302, 2.8433956419951e-06, 4.81140688429608e-07, -0.00730594848194884, 5.65678459852776e-08, 1.40873859531874e-05, 5.65678459852788e-08, 5.30214457393938e-08, -1.40873859531874e-05, -2.98730763141439e-09, -6.74083266425447e-09, -9.34728941789479e-05, 
14409, 7, 3.43785063366194e-06, -0.0526324062746209, 3.43785063365934e-06, 4.4549132169904e-06, 0.0526324062746209, 2.87453478309518e-06, 1.29899346268877e-06, -0.00739891641200614, 3.38510875448005e-06, -0.0526465054455211, 3.38510875447632e-06, 4.40651517165919e-06, 0.0526465054455211, 2.87285018118442e-06, 1.30169002434664e-06, -0.00730543463917099, 5.27418791566704e-08, 1.40991709001719e-05, 5.27418791566695e-08, 4.83980453280336e-08, -1.40991709001719e-05, 1.68460191605669e-09, -2.69656166363388e-09, -9.34817728351568e-05, 
14410, 0, 3.22754067680044e-06, -0.0526321492358295, 3.22754067679719e-06, 4.46434948715545e-06, 0.0526321492358295, 2.67772690566957e-06, 1.06963603622343e-06, -0.00739808877265701, 3.17421014652021e-06, -0.0526462482969463, 3.17421014651631e-06, 4.41519833161261e-06, 0.0526462482969463, 2.67595380942546e-06, 1.07192341623249e-06, -0.00730460829173788, 5.33305302947792e-08, 1.4099061116822e-05, 5.33305302947809e-08, 4.91511555477367e-08, -1.4099061116822e-05, 1.77309622424674e-09, -2.28738005793614e-09, -9.34804809191216e-05, 
14410, 7, 3.67081562720524e-06, -0.0526333529510174, 3.67081562720186e-06, 4.58037108800285e-06, 0.0526333529510175, 2.5347044073059e-06, 1.91480285945647e-06, -0.00739772842452562, 3.61601932625817e-06, -0.0526474597264528, 3.61601932625479e-06, 4.53090851050415e-06, 0.0526474597264528, 2.52774063433576e-06, 1.9095154531164e-06, -0.00730424159946905, 5.47963009170029e-08, 1.4106775435453e-05, 5.47963009170066e-08, 4.94625774922495e-08, -1.4106775435453e-05, 6.96377286679208e-09, 5.28740634058462e-09, -9.34868250565949e-05, 
14411, 0, 3.43877718699146e-06, -0.052633122269837, 3.43877718698811e-06, 4.73147030354653e-06, 0.052633122269837, 2.32096904579728e-06, 1.89808896037555e-06, -0.00739681958974243, 3.38492876332276e-06, -0.052647228386152, 3.3849287633193e-06, 4.68118183351876e-06, 0.052647228386152, 2.31391876793965e-06, 1.8927638811723e-06, -0.00730333475552613, 5.38484236415304e-08, 1.41061163150309e-05, 5.3848423641532e-08, 5.02884700255558e-08, -1.41061163150309e-05, 7.05027779982118e-09, 5.32507909700262e-09, -9.34848342162782e-05, 
14411, 7, 3.7271787777092e-06, -0.0526353608373957, 3.72717877770642e-06, 4.94184598236358e-06, 0.0526353608373957, 1.93349365294166e-06, 2.35225380532175e-06, -0.00739688091767844, 3.6735931747899e-06, -0.0526494659515804, 3.67359317478671e-06, 4.89558417355673e-06, 0.0526494659515804, 1.92542201401473e-06, 2.34359198050887e-06, -0.00730339138238858, 5.35856029570099e-08, 1.41051141849047e-05, 5.35856029570134e-08, 4.62618088100932e-08, -1.41051141849047e-05, 8.07163906840935e-09, 8.66182477762307e-09, -9.34895352898666e-05, 
14412, 0, 3.50178625357877e-06, -0.0526353149382613, 3.50178625357552e-06, 5.14905018500167e-06, 0.0526353149382613, 1.69378030503703e-06, 2.39632366710753e-06, -0.00739603513011121, 3.44971369222949e-06, -0.0526494188140904, 3.44971369222628e-06, 5.10282384065176e-06, 0.0526494188140904, 1.68583793081614e-06, 2.38795268623766e-06, -0.00730254650293313, 5.20725613397066e-08, 1.41038758290244e-05, 5.20725613397049e-08, 4.62263443576421e-08, -1.41038758290244e-05, 7.9423743306051e-09, 8.37098083123079e-09, -9.34886271781327e-05, 
14412, 7, 3.69997635639339e-06, -0.0526385683657158, 3.69997635638911e-06, 5.40031550178794e-06, 0.0526385683657158, 1.2046876492519e-06, 2.48387170568928e-06, -0.00739654344943946, 3.64711996195007e-06, -0.0526526666334776, 3.64711996194705e-06, 5.35334120060535e-06, 0.0526526666334776, 1.19941800255401e-06, 2.47829174086319e-06, -0.00730304449831103, 5.28563944660946e-08, 1.40982677618438e-05, 5.2856394466095e-08, 4.69743011711861e-08, -1.40982677618438e-05, 5.26964672773308e-09, 5.57996478885155e-09, -9.34989511283736e-05, 
14413, 0, 3.53997025311582e-06, -0.0526387436497973, 3.53997025311214e-06, 5.60171802720334e-06, 0.0526387436497973, 9.68104924014201e-07, 2.5541291896469e-06, -0.00739582569406297, 3.4868264565176e-06, -0.05265284173578, 3.48682645651409e-06, 5.55438248284712e-06, 0.05265284173578, 9.62735100327346e-07, 2.54812414289278e-06, -0.00730232840429842, 5.31437966137207e-08, 1.40980859827595e-05, 5.31437966137202e-08, 4.73355443632167e-08, -1.40980859827595e-05, 5.36982375767355e-09, 6.00504675716002e-09, -9.34972897645657e-05, 
14413, 7, 3.73100433713744e-06, -0.0526422796985088, 3.73100433713354e-06, 5.82838439941557e-06, 0.0526422796985088, 6.0831490130505e-07, 2.5057167638238e-06, -0.00739659328789771, 3.67478026319223e-06, -0.052656370693032, 3.67478026318896e-06, 5.78533175227773e-06, 0.052656370693032, 6.06733356779491e-07, 2.50273473993298e-06, -0.00730309022209466, 5.62240739529302e-08, 1.4090994523233e-05, 5.622407395293e-08, 4.30526471325714e-08, -1.4090994523233e-05, 1.58154442406519e-09, 2.9820238573605e-09, -9.35030658030483e-05, 
14414, 0, 3.63953956494654e-06, -0.0526424541894517, 3.63953956494381e-06, 5.96155940267902e-06, 0.0526424541894517, 4.06741526579562e-07, 2.61160877267017e-06, -0.00739599792945664, 3.58314556021158e-06, -0.0526565451942924, 3.58314556020785e-06, 5.91677987448261e-06, 0.0526565451942924, 4.05147523294721e-07, 2.60785907416626e-06, -0.00730249723279101, 5.63940047555747e-08, 1.4091004841067e-05, 5.63940047555764e-08, 4.47795282194228e-08, -1.4091004841067e-05, 1.59400325155734e-09, 3.74969855137752e-09, -9.35006966656468e-05, 
14414, 7, 3.84752397461929e-06, -0.0526452291836505, 3.84752397461601e-06, 6.24617779376718e-06, 0.0526452291836505, 2.17838203142491e-07, 2.58311173261758e-06, -0.00739674448624185, 3.79488213134829e-06, -0.052659319893461, 3.7948821313449e-06, 6.20511587134494e-06, 0.052659319893461, 2.16843574732012e-07, 2.57970672508059e-06, -0.00730322948553516, 5.26418432548638e-08, 1.40907098103799e-05, 5.26418432548688e-08, 4.10619224212613e-08, -1.40907098103799e-05, 9.94628421212401e-10, 3.40500748029806e-09, -9.35150007067171e-05, 
14415, 0, 3.78890033026887e-06, -0.0526449980258615, 3.78890033026584e-06, 6.31877206878507e-06, 0.0526449980258615, 9.37706841323805e-09, 2.71166245974249e-06, -0.00739615505534223, 3.73520907156995e-06, -0.0526590884465653, 3.73520907156655e-06, 6.27743675663194e-06, 0.0526590884465654, 8.37625274285296e-09, 2.70784986944187e-06, -0.00730264178762716, 5.36912586943013e-08, 1.40904207037999e-05, 5.36912586942975e-08, 4.13353121363706e-08, -1.40904207037999e-05, 1.00081574663514e-09, 3.81259038625816e-09, -9.35132677150592e-05, 
14415, 7, 3.97887601224757e-06, -0.0526464907723984, 3.97887601224454e-06, 6.71620853551892e-06, 0.0526464907723984, -1.78395065556933e-07, 2.90312769586878e-06, -0.00739649291447436, 3.93099188276822e-06, -0.0526605815334348, 3.93099188276456e-06, 6.67532952122851e-06, 0.0526605815334348, -1.80726758009407e-07, 2.90075898573982e-06, -0.00730296594585365, 4.78841295257956e-08, 1.40907610363576e-05, 4.78841295257936e-08, 4.08790142955983e-08, -1.40907610363576e-05, 2.33169238754517e-09, 2.36871009516548e-09, -9.35269686206917e-05, 
14416, 0, 3.89419900597475e-06, -0.052645585450295, 3.89419900597185e-06, 6.78698917878162e-06, 0.052645585450295, -4.86916820010942e-07, 3.06655607213427e-06, -0.00739573930868346, 3.84619702824187e-06, -0.0526596758082231, 3.8461970282386e-06, 6.74642698469148e-06, 0.0526596758082231, -4.89175069118776e-07, 3.06410760431205e-06, -0.00730221420236194, 4.800197774826e-08, 1.40903579280522e-05, 4.8001977748265e-08, 4.05621940699306e-08, -1.40903579280522e-05, 2.25824909619666e-09, 2.44846782143602e-09, -9.35251063215242e-05, 
14416, 7, 3.86259620093825e-06, -0.0526463055298692, 3.86259620093519e-06, 7.23116277475183e-06, 0.0526463055298692, -9.26032084689232e-07, 3.52462521695868e-06, -0.00739549958836733, 3.8131745321137e-06, -0.0526604005915546, 3.81317453210935e-06, 7.19391552815257e-06, 0.0526604005915546, -9.30712255239491e-07, 3.52027886580894e-06, -0.00730196417743305, 4.94216688098703e-08, 1.40950616854052e-05, 4.94216688098767e-08, 3.7247246587328e-08, -1.40950616854052e-05, 4.68017040679143e-09, 4.34635118404737e-09, -9.35354109342895e-05, 
14417, 0, 3.65865916663061e-06, -0.0526449220609667, 3.65865916662709e-06, 7.35258488859653e-06, 0.0526449220609667, -1.41420433975894e-06, 3.75949227357473e-06, -0.00739453220103185, 3.60899186199602e-06, -0.0526590170709047, 3.60899186199204e-06, 7.3149202279578e-06, 0.0526590170709047, -1.41894177232924e-06, 3.75504578412458e-06, -0.00730099880698669, 4.966730460863e-08, 1.40950099381875e-05, 4.9667304608635e-08, 3.76646606291079e-08, -1.40950099381875e-05, 4.73743263910013e-09, 4.44648948458593e-09, -9.35333940451235e-05, 
14417, 7, 3.21476919480967e-06, -0.0526463857336049, 3.21476919480616e-06, 7.78338762966258e-06, 0.0526463857336049, -2.2734862164421e-06, 4.27096601663373e-06, -0.00739397108712343, 3.14667283831579e-06, -0.0526604922125469, 3.14667283831187e-06, 7.73433072324871e-06, 0.0526604922125469, -2.27778428810331e-06, 4.25991005686004e-06, -0.00730043747321981, 6.80963564615452e-08, 1.41064789420437e-05, 6.80963564615521e-08, 4.90569064140838e-08, -1.41064789420437e-05, 4.29807169162669e-09, 1.10559597568436e-08, -9.35336139036219e-05, 
14418, 0, 2.84855616916051e-06, -0.0526451847138082, 2.84855616915743e-06, 7.97271953336725e-06, 0.0526451847138082, -2.95506993949239e-06, 4.53229258710132e-06, -0.00739296086119344, 2.78090611730851e-06, -0.0526592904378763, 2.78090611730477e-06, 7.92339706532649e-06, 0.0526592904378763, -2.95920803990888e-06, 4.52128474708472e-06, -0.00729942818308016, 6.76500518496081e-08, 1.41057240681895e-05, 6.76500518496064e-08, 4.93224680209902e-08, -1.41057240681895e-05, 4.13810043421817e-09, 1.10078400628134e-08, -9.35326781133168e-05, 
14418, 7, 2.00301641341448e-06, -0.052648918655206, 2.0030164134111e-06, 8.25264950215143e-06, 0.052648918655206, -4.05643731929319e-06, 4.67490961297262e-06, -0.00739260754206827, 1.92727115939367e-06, -0.0526630277743436, 1.92727115939042e-06, 8.18911625641169e-06, 0.0526630277743436, -4.06050346106023e-06, 4.65870002394418e-06, -0.00729907787145826, 7.57452540101929e-08, 1.41091191376562e-05, 7.57452540101932e-08, 6.3533245752085e-08, -1.41091191376562e-05, 4.06614180659764e-09, 1.62095890070446e-08, -9.35296706099726e-05, 
14419, 0, 1.52023602147261e-06, -0.0526486996788433, 1.52023602146933e-06, 8.41135863139284e-06, 0.0526486996788433, -4.81967992895222e-06, 4.81383365959182e-06, -0.00739184012226777, 1.44611046310239e-06, -0.0526628081097658, 1.44611046309863e-06, 8.34763321296521e-06, 0.0526628081097658, -4.82378667592211e-06, 4.79759652845093e-06, -0.00729831268248014, 7.41255583690739e-08, 1.41084309224418e-05, 7.41255583690744e-08, 6.3725418431893e-08, -1.41084309224418e-05, 4.10674696237624e-09, 1.62371311317621e-08, -9.35274397876134e-05, 
14419, 7, 5.62809649225422e-07, -0.0526550766227433, 5.62809649222122e-07, 8.32586421860193e-06, 0.0526550766227433, -5.85582174157965e-06, 4.2221999002684e-06, -0.007392088969745, 4.84760164859573e-07, -0.0526691815109577, 4.84760164856733e-07, 8.24456937556632e-06, 0.0526691815109577, -5.85786415062732e-06, 4.20431555595918e-06, -0.00729856534007335, 7.80494843555426e-08, 1.41048882143943e-05, 7.80494843555442e-08, 8.12948430398425e-08, -1.41048882143943e-05, 2.04240916222879e-09, 1.78843442837535e-08, -9.35236296716461e-05, 
14420, 0, 7.25728936050702e-08, -0.0526562620386354, 7.25728936011191e-08, 8.31764295107837e-06, 0.0526562620386354, -6.55585847546735e-06, 4.10010773590679e-06, -0.00739178383694753, -5.24213763619284e-09, -0.0526703664279584, -5.24213763995594e-09, 8.23596536263803e-06, 0.0526703664279584, -6.55783457955743e-06, 4.08256577276869e-06, -0.00729826219792815, 7.78150312331988e-08, 1.41043893231674e-05, 7.7815031233206e-08, 8.16775884501791e-08, -1.41043893231674e-05, 1.97610421345111e-09, 1.75419631764261e-08, -9.3521639019354e-05, 
14420, 7, -6.59205632730724e-07, -0.0526643982933179, -6.59205632734482e-07, 7.83332420937411e-06, 0.0526643982933179, -7.13637151891367e-06, 2.96580270509874e-06, -0.00739285080908858, -7.37616406996061e-07, -0.0526784919419232, -7.37616406999766e-07, 7.73002757838433e-06, 0.0526784919419232, -7.13758762476729e-06, 2.95065963325907e-06, -0.0072993363155828, 7.8410774259198e-08, 1.40936486053858e-05, 7.84107742591993e-08, 1.03296630999437e-07, -1.40936486053858e-05, 1.21610598289576e-09, 1.51430718583347e-08, -9.35144935057856e-05, 
14421, 0, -1.02995753372455e-06, -0.052666831880634, -1.02995753372847e-06, 7.62787377651479e-06, 0.052666831880634, -7.61180852478049e-06, 2.61972978119019e-06, -0.00739308619366375, -1.10681357903113e-06, -0.0526809244397654, -1.10681357903449e-06, 7.52417694946418e-06, 0.0526809244397655, -7.61303426724399e-06, 2.60518742860993e-06, -0.00729957317873955, 7.6856045274841e-08, 1.40925591313718e-05, 7.6856045274844e-08, 1.03696827046953e-07, -1.40925591313718e-05, 1.2257424208596e-09, 1.45423525463345e-08, -9.35130149242164e-05, 
14421, 7, -1.35700717447254e-06, -0.0526750779734971, -1.35700717447605e-06, 6.94859073001126e-06, 0.0526750779734971, -7.48969133017553e-06, 1.49166418028477e-06, -0.0073947779477915, -1.42668305513165e-06, -0.0526891553168657, -1.42668305513536e-06, 6.82880216244961e-06, 0.0526891553168657, -7.48947307810656e-06, 1.48640938482502e-06, -0.0073012664688804, 6.96758806664292e-08, 1.40773433683564e-05, 6.96758806664361e-08, 1.1978856756744e-07, -1.40773433683564e-05, -2.18251968938083e-10, 5.25479539786617e-09, -9.35114789111079e-05, 
14422, 0, -1.48780558342586e-06, -0.052678133518735, -1.4878055834298e-06, 6.62618284476976e-06, 0.052678133518735, -7.62246437723372e-06, 1.08653358822083e-06, -0.00739540856867282, -1.55713043604707e-06, -0.0526922102653455, -1.55713043605034e-06, 6.50650252585634e-06, 0.0526922102653455, -7.62226674476576e-06, 1.08159633788762e-06, -0.00730189954297881, 6.93248526408393e-08, 1.40767466102651e-05, 6.93248526408415e-08, 1.19680318932089e-07, -1.40767466102651e-05, -1.9763259207758e-10, 4.93725025504634e-09, -9.35090256940305e-05, 
14422, 7, -1.49398825297691e-06, -0.0526851091118537, -1.49398825298018e-06, 5.92068068731339e-06, 0.0526851091118537, -6.8500182742103e-06, 4.50879349723256e-07, -0.00739705273756184, -1.55592448736428e-06, -0.0526991749129972, -1.55592448736756e-06, 5.80136555916598e-06, 0.0526991749129972, -6.84973961887314e-06, 4.56473713517294e-07, -0.00730353677064741, 6.19362343799127e-08, 1.40658011432067e-05, 6.19362343799126e-08, 1.19315128137568e-07, -1.40658011432067e-05, -2.78655267269794e-10, -5.59436375512204e-09, -9.35159669144266e-05, 
14423, 0, -1.36190355457735e-06, -0.052688139291849, -1.36190355458106e-06, 5.54262193659808e-06, 0.052688139291849, -6.59758795584474e-06, 1.60448105123811e-07, -0.00739774557190448, -1.42303234766166e-06, -0.0527022046896035, -1.42303234766493e-06, 5.4228972340249e-06, 0.0527022046896035, -6.5973595887566e-06, 1.66199320546823e-07, -0.00730423184754621, 6.11287930454736e-08, 1.40653977543545e-05, 6.11287930454716e-08, 1.19724702561053e-07, -1.40653977543545e-05, -2.28367022050723e-10, -5.75121546987329e-09, -9.35137243582531e-05, 
14423, 7, -1.27002179633478e-06, -0.0526931598103813, -1.27002179633784e-06, 4.97540604589967e-06, 0.0526931598103813, -5.28772014662207e-06, 1.5444994661758e-07, -0.00739883317557761, -1.32252866060004e-06, -0.0527072255316601, -1.32252866060356e-06, 4.8593173676276e-06, 0.0527072255316601, -5.28956955335614e-06, 1.64713963200083e-07, -0.00730532179607, 5.25068642883028e-08, 1.40657212788528e-05, 5.25068642883061e-08, 1.16088678274199e-07, -1.40657212788528e-05, 1.84940682890618e-09, -1.0264016529048e-08, -9.35113795075881e-05, 
14424, 0, -9.50136512208805e-07, -0.0526956436620778, -9.50136512212325e-07, 4.5919642845035e-06, 0.0526956436620778, -4.64470519318574e-06, 8.54200137708639e-08, -0.00739925809672844, -1.00187536231122e-06, -0.0527097091229992, -1.00187536231479e-06, 4.4756882225671e-06, 0.0527097091229992, -4.64673909366373e-06, 9.58694847282408e-08, -0.00730574791749974, 5.17388500518947e-08, 1.40654609212841e-05, 5.17388500518925e-08, 1.16276061929604e-07, -1.40654609212841e-05, 2.03390051968598e-09, -1.04494709336603e-08, -9.35101792287302e-05, 
14424, 7, -8.27997395464294e-07, -0.0526988174941499, -8.27997395467595e-07, 4.34639032451939e-06, 0.0526988174941499, -2.99873126239709e-06, 5.32652356145637e-07, -0.00739987159873445, -8.67063828783409e-07, -0.0527128884744457, -8.67063828786247e-07, 4.22710673660341e-06, 0.0527128884744457, -3.00447539672966e-06, 5.43839601803452e-07, -0.00730634369896767, 3.90664333074743e-08, 1.40709802960041e-05, 3.90664333074759e-08, 1.19283587908294e-07, -1.40709802960041e-05, 5.74413421097002e-09, -1.11872456804288e-08, -9.35278997667662e-05, 
14425, 0, -4.05328898454019e-07, -0.0527005296209169, -4.05328898457484e-07, 4.06295969057819e-06, 0.0527005296209169, -2.06192959810818e-06, 6.67624137757438e-07, -0.00739987887179961, -4.43302232558921e-07, -0.0527145996449987, -4.4330223256149e-07, 3.94394647511434e-06, 0.0527145996449987, -2.06776759359335e-06, 6.7917471527466e-07, -0.00730635238212387, 3.79733340997002e-08, 1.40700240819073e-05, 3.79733340997023e-08, 1.19013215454242e-07, -1.40700240819073e-05, 5.83799551235165e-09, -1.15505775506303e-08, -9.3526489675741e-05, 
14425, 7, -1.95335684352243e-07, -0.052702590638845, -1.95335684355548e-07, 4.14280699100372e-06, 0.052702590638845, -5.17553123030214e-07, 1.19652548156449e-06, -0.00740014169042153, -2.25289834902235e-07, -0.052716671123371, -2.25289834905508e-07, 4.02880504475317e-06, 0.052716671123371, -5.25920093146391e-07, 1.20444984206106e-06, -0.0073066087285349, 2.99541505578489e-08, 1.40804845259512e-05, 2.99541505578527e-08, 1.14001946266223e-07, -1.40804845259512e-05, 8.36697010160688e-09, -7.92436043353781e-09, -9.35329618866359e-05, 
14426, 0, 2.58454423444807e-07, -0.0527036128820018, 2.58454423440722e-07, 4.02652085203444e-06, 0.0527036128820018, 4.56594716559593e-07, 1.4052938662427e-06, -0.00739974440328333, 2.28974254614175e-07, -0.0527176928509579, 2.28974254609575e-07, 3.91276532363429e-06, 0.0527176928509579, 4.48194986684255e-07, 1.413415583125e-06, -0.00730621282295237, 2.94801688503789e-08, 1.40799689562694e-05, 2.94801688503806e-08, 1.13755528406867e-07, -1.40799689562694e-05, 8.39972974774116e-09, -8.1217169202929e-09, -9.35315803310017e-05, 
14426, 7, 4.6726265281016e-07, -0.0527055848229439, 4.6726265280667e-07, 4.19191458566454e-06, 0.0527055848229439, 1.41570960107344e-06, 1.70121636640844e-06, -0.00739973868351004, 4.47592409243935e-07, -0.0527196732025992, 4.47592409240638e-07, 4.08119048288125e-06, 0.0527196732025992, 1.40416564009608e-06, 1.70524552672518e-06, -0.00730618739318459, 1.9670243555151e-08, 1.40883796548957e-05, 1.96702435551506e-08, 1.10724102769528e-07, -1.40883796548957e-05, 1.15439610782272e-08, -4.02916025338103e-09, -9.35512903254353e-05, 
14427, 0, 8.35874872774682e-07, -0.0527062562259944, 8.35874872771465e-07, 4.19433693903735e-06, 0.0527062562259944, 2.14456013851438e-06, 1.87438229124453e-06, -0.00739904863656018, 8.17971578975563e-07, -0.0527203448055345, 8.17971578972504e-07, 4.08427827767809e-06, 0.0527203448055345, 2.13311568442711e-06, 1.87922848667021e-06, -0.0073054994718591, 1.79032938316348e-08, 1.40885795401286e-05, 1.79032938316362e-08, 1.10058661337378e-07, -1.40885795401286e-05, 1.14444539854581e-08, -4.84619535205717e-09, -9.35491647010508e-05, 
14427, 7, 9.35833735327953e-07, -0.0527090538705456, 9.35833735325059e-07, 4.17446011434024e-06, 0.0527090538705456, 2.44837650832053e-06, 2.0184109055905e-06, -0.00739893931728748, 9.17363886905844e-07, -0.052723145103566, 9.17363886902349e-07, 4.05892524487771e-06, 0.052723145103566, 2.4340861306863e-06, 2.01818140383472e-06, -0.00730537994912376, 1.84698484426153e-08, 1.40912330203115e-05, 1.84698484426196e-08, 1.1553486945119e-07, -1.40912330203115e-05, 1.4290377765709e-08, 2.29501756947342e-10, -9.35593681637117e-05, 
14428, 0, 1.14694796836543e-06, -0.0527098535827322, 1.1469479683621e-06, 4.20376834159819e-06, 0.0527098535827323, 2.8368047376205e-06, 2.20934635365492e-06, -0.00739815896894405, 1.12757793066499e-06, -0.0527239434245351, 1.12757793066129e-06, 4.08780097513876e-06, 0.0527239434245351, 2.82223797031035e-06, 2.20837256619322e-06, -0.00730460038413132, 1.93700377246424e-08, 1.40898418029639e-05, 1.93700377246438e-08, 1.1596736645548e-07, -1.40898418029639e-05, 1.4566767075891e-08, 9.73787356835127e-10, -9.3558584812725e-05, 
14428, 7, 1.13166012596019e-06, -0.0527138791204211, 1.13166012595689e-06, 4.00152828347763e-06, 0.0527138791204211, 2.80719532343661e-06, 2.50908613479431e-06, -0.00739820546726644, 1.11128415342153e-06, -0.0527279658569578, 1.11128415341806e-06, 3.88634382140619e-06, 0.0527279658569578, 2.79292401135026e-06, 2.50721545519209e-06, -0.0073046395606896, 2.03759725650673e-08, 1.40867365365287e-05, 2.03759725650736e-08, 1.1518446205189e-07, -1.40867365365287e-05, 1.42713120837722e-08, 1.87067954054966e-09, -9.35659065768373e-05, 
14429, 0, 1.20481535557019e-06, -0.052715181282179, 1.20481535556667e-06, 4.05677533343784e-06, 0.052715181282179, 2.95008344837411e-06, 2.84741577645357e-06, -0.00739753402664302, 1.18332762754309e-06, -0.0527292675792651, 1.18332762753961e-06, 3.94077298451567e-06, 0.0527292675792651, 2.93559574010572e-06, 2.84483982026895e-06, -0.0073039698309009, 2.1487728010037e-08, 1.40862970860177e-05, 2.14877280100409e-08, 1.16002348920182e-07, -1.40862970860177e-05, 1.44877083264066e-08, 2.57595625065973e-09, -9.35641957421104e-05, 
14429, 7, 1.1537778529559e-06, -0.0527202296504843, 1.15377785295238e-06, 3.88419204611654e-06, 0.0527202296504843, 3.0146142615462e-06, 3.40634232091248e-06, -0.00739794735847981, 1.12904531547684e-06, -0.0527343063565599, 1.12904531547354e-06, 3.75350947453009e-06, 0.0527343063565599, 2.99982419155343e-06, 3.39869842088545e-06, -0.00730437287845795, 2.47325375296591e-08, 1.40767060754161e-05, 2.47325375296593e-08, 1.30682571597122e-07, -1.40767060754161e-05, 1.47900699652572e-08, 7.64390006862784e-09, -9.35744800218692e-05, 
14430, 0, 1.15080518192721e-06, -0.0527221443739984, 1.15080518192462e-06, 3.99003105713176e-06, 0.0527221443739984, 3.08646378573511e-06, 3.93559451972653e-06, -0.00739753448185761, 1.12516494096284e-06, -0.0527362202956421, 1.12516494095935e-06, 3.85984052098105e-06, 0.0527362202956421, 3.0716763678024e-06, 3.92770368905305e-06, -0.0073039619912922, 2.56402409495029e-08, 1.40759216439426e-05, 2.56402409495062e-08, 1.30190536166894e-07, -1.40759216439426e-05, 1.47874179737753e-08, 7.89083066886034e-09, -9.35724905653997e-05, 
14430, 7, 1.17681149109465e-06, -0.0527277467662321, 1.17681149109202e-06, 3.8523640506778e-06, 0.0527277467662321, 3.4639555136567e-06, 4.4640287907843e-06, -0.00739832690753053, 1.15629467937823e-06, -0.0527418129729983, 1.15629467937496e-06, 3.72423630057708e-06, 0.0527418129729983, 3.45033987435245e-06, 4.45969915021752e-06, -0.00730475063590583, 2.05168117464049e-08, 1.40662067661057e-05, 2.05168117464085e-08, 1.28127750103825e-07, -1.40662067661057e-05, 1.36156392850069e-08, 4.32964047926495e-09, -9.35762716247199e-05, 
14431, 0, 1.21316630297067e-06, -0.0527301514349846, 1.21316630296672e-06, 3.97758131687729e-06, 0.0527301514349846, 3.59581811985545e-06, 5.06417447365186e-06, -0.00739821512986213, 1.19208483842341e-06, -0.052744216702271, 1.1920848384201e-06, 3.84934385025181e-06, 0.052744216702271, 3.5820587371606e-06, 5.05914448527506e-06, -0.00730464056054794, 2.10814645075294e-08, 1.40652672864585e-05, 2.10814645075297e-08, 1.28237466613135e-07, -1.40652672864585e-05, 1.37593826082333e-08, 5.02998838840754e-09, -9.3574569314184e-05, 
14431, 7, 1.44792278882703e-06, -0.0527359228615121, 1.44792278882311e-06, 3.86189809692504e-06, 0.0527359228615121, 4.24504563748127e-06, 5.23975885903225e-06, -0.00739921051223693, 1.43191043036359e-06, -0.0527499749949968, 1.43191043036059e-06, 3.72799007902744e-06, 0.0527499749949968, 4.22707518071988e-06, 5.234696326004e-06, -0.00730563428650046, 1.60123585246562e-08, 1.40521334848325e-05, 1.60123585246559e-08, 1.33908017899362e-07, -1.40521334848325e-05, 1.79704568522514e-08, 5.06253304511117e-09, -9.35762257364805e-05, 
14432, 0, 1.61263415754879e-06, -0.0527386245110134, 1.61263415754524e-06, 3.924503090679e-06, 0.0527386245110134, 4.47212296239657e-06, 5.74209627253249e-06, -0.00739932678373131, 1.59585609948203e-06, -0.0527526756505002, 1.59585609947919e-06, 3.78902592899729e-06, 0.0527526756505002, 4.45394672803524e-06, 5.73616278280467e-06, -0.00730575179241386, 1.67780581004653e-08, 1.40511394866188e-05, 1.67780581004652e-08, 1.35477161691015e-07, -1.40511394866188e-05, 1.81762343395711e-08, 5.93348974312041e-09, -9.35749913174591e-05, 
14432, 7, 2.0119967635784e-06, -0.0527441560584361, 2.01199676357488e-06, 3.77461426059891e-06, 0.0527441560584361, 5.09783426789865e-06, 5.3795557781814e-06, -0.00740027517687505, 1.99601908840588e-06, -0.0527582018832874, 1.99601908840283e-06, 3.63548189107573e-06, 0.0527582018832874, 5.07664758614284e-06, 5.37729556088276e-06, -0.00730670777432517, 1.59776751540048e-08, 1.40458248516618e-05, 1.5977675153998e-08, 1.39132369531497e-07, -1.40458248516618e-05, 2.11866815931723e-08, 2.26021732956205e-09, -9.35674025498945e-05, 
14433, 0, 2.27295432665591e-06, -0.0527469271437052, 2.27295432665221e-06, 3.68902603984361e-06, 0.0527469271437052, 5.35775312873595e-06, 5.6343799589254e-06, -0.00740047703872656, 2.25809800573424e-06, -0.0527609717879466, 2.25809800573094e-06, 3.54968899390802e-06, 0.0527609717879467, 5.3366183502438e-06, 5.63221153003264e-06, -0.00730691135226629, 1.48563209128055e-08, 1.40446442413532e-05, 1.4856320912809e-08, 1.39337045935214e-07, -1.40446442413532e-05, 2.11347786617119e-08, 2.16842886213683e-09, -9.35656864602389e-05, 
14433, 7, 2.64882281985408e-06, -0.0527518331231994, 2.6488228198501e-06, 3.44730060686899e-06, 0.0527518331231994, 5.56130202238744e-06, 4.92155675177846e-06, -0.00740121134289736, 2.63431136826822e-06, -0.0527658787818657, 2.63431136826476e-06, 3.30113767102428e-06, 0.0527658787818657, 5.53919039393069e-06, 4.92503498306378e-06, -0.00730764188387575, 1.4511451625607e-08, 1.40456586663841e-05, 1.45114516256115e-08, 1.46162935826812e-07, -1.40456586663841e-05, 2.2111628427759e-08, -3.47823135060437e-09, -9.35694590215877e-05, 
14434, 0, 2.8859709896398e-06, -0.0527544220128484, 2.8859709896363e-06, 3.20350983394507e-06, 0.0527544220128485, 5.70503494460394e-06, 4.91052021439669e-06, -0.00740133509277048, 2.87123412534123e-06, -0.0527684669525711, 2.87123412533749e-06, 3.05687493499271e-06, 0.0527684669525711, 5.68294445622294e-06, 4.91385122827905e-06, -0.00730776737970733, 1.47368642705468e-08, 1.40449397225735e-05, 1.47368642705456e-08, 1.4663489896428e-07, -1.40449397225735e-05, 2.20904884938186e-08, -3.33101387329494e-09, -9.35677130631718e-05, 
14434, 7, 3.09820139705084e-06, -0.0527584643759427, 3.09820139704754e-06, 2.90805586682379e-06, 0.0527584643759427, 5.30890489104032e-06, 4.21405561818819e-06, -0.00740181580265396, 3.07780422217103e-06, -0.0527725088079811, 3.07780422216795e-06, 2.75532856362352e-06, 0.0527725088079811, 5.28893518334305e-06, 4.22343976978033e-06, -0.00730824754174679, 2.03971748970884e-08, 1.40444320383879e-05, 2.03971748970831e-08, 1.5272730320825e-07, -1.40444320383879e-05, 1.99697076952821e-08, -9.38415150486362e-09, -9.35682609071683e-05, 
14435, 0, 3.19856877569268e-06, -0.0527607272240127, 3.19856877568919e-06, 2.5763842076016e-06, 0.0527607272240127, 5.23281077192994e-06, 4.0637613514373e-06, -0.00740178945759796, 3.1782138194428e-06, -0.0527747720168013, 3.17821381943949e-06, 2.42243316332881e-06, 0.0527747720168013, 5.21285353175917e-06, 4.07290107490963e-06, -0.00730822488367599, 2.0354956218313e-08, 1.40447927887144e-05, 2.03549562183114e-08, 1.53951044276271e-07, -1.40447927887144e-05, 1.99572400534765e-08, -9.13972345701495e-09, -9.35645739219895e-05, 
14435, 7, 3.25147661744376e-06, -0.0527640142235345, 3.25147661744024e-06, 2.38945719597043e-06, 0.0527640142235345, 4.53446731074888e-06, 3.74935767118543e-06, -0.00740208820706539, 3.2283715783762e-06, -0.0527780644154371, 3.2283715783729e-06, 2.23657340619624e-06, 0.0527780644154371, 4.51644602330528e-06, 3.75927254211581e-06, -0.00730852720581607, 2.31050390729247e-08, 1.40501919027466e-05, 2.31050390729333e-08, 1.52883789776141e-07, -1.40501919027466e-05, 1.80212872661768e-08, -9.91487098299654e-09, -9.35610012493243e-05, 
14436, 0, 3.17636953404058e-06, -0.0527659298575583, 3.17636953403688e-06, 2.09017072129235e-06, 0.0527659298575583, 4.28805380619825e-06, 3.63435560680036e-06, -0.00740192305358235, 3.15342364467888e-06, -0.0527799790646628, 3.15342364467558e-06, 1.93739106164708e-06, 0.0527799790646628, 4.27005073443578e-06, 3.64424711087679e-06, -0.00730836326918307, 2.29458893895493e-08, 1.40492071045792e-05, 2.29458893895542e-08, 1.52779659652259e-07, -1.40492071045792e-05, 1.80030717136305e-08, -9.89150409064473e-09, -9.35597843992522e-05, 
14436, 7, 3.16874503434693e-06, -0.0527686809402951, 3.1687450343432e-06, 2.15640829144564e-06, 0.0527686809402951, 3.73345713306113e-06, 3.82677275907971e-06, -0.0074021517732048, 3.14607487824043e-06, -0.0527827340373763, 3.14607487823697e-06, 2.00158054213247e-06, 0.0527827340373763, 3.71609861301096e-06, 3.83560222556554e-06, -0.00730858392083451, 2.26701561485838e-08, 1.40530970812535e-05, 2.26701561485852e-08, 1.54827749325854e-07, -1.40530970812535e-05, 1.73585199980829e-08, -8.82946649373487e-09, -9.35678523702904e-05, 
14437, 0, 2.95699625218933e-06, -0.0527702599217495, 2.9569962521856e-06, 1.99151980091678e-06, 0.0527702599217495, 3.45530554675692e-06, 3.84419444208828e-06, -0.00740187270797189, 2.93391722558822e-06, -0.0527843125523443, 2.93391722558473e-06, 1.83611013287741e-06, 0.0527843125523443, 3.43792679335261e-06, 3.85265552819619e-06, -0.00730830672519562, 2.30790266051857e-08, 1.40526305947354e-05, 2.30790266051869e-08, 1.55409668034525e-07, -1.40526305947354e-05, 1.73787534633527e-08, -8.46108610681087e-09, -9.35659827762691e-05, 
14437, 7, 2.97317173723449e-06, -0.0527725961473034, 2.97317173723076e-06, 2.28829382193194e-06, 0.0527725961473034, 3.26452511261073e-06, 4.32287682778892e-06, -0.00740204985270149, 2.95265337293783e-06, -0.0527866512133899, 2.95265337293407e-06, 2.14251954531766e-06, 0.0527866512133899, 3.24571971432195e-06, 4.33223311196824e-06, -0.00730847105724291, 2.05183643367297e-08, 1.40550660862745e-05, 2.05183643367311e-08, 1.45774276623627e-07, -1.40550660862745e-05, 1.88053982750852e-08, -9.3562841187011e-09, -9.35787954586021e-05, 
14438, 0, 2.73013463822879e-06, -0.0527738393342393, 2.73013463822549e-06, 2.29023592431106e-06, 0.0527738393342393, 3.07130675484903e-06, 4.43037413299996e-06, -0.00740165838324382, 2.70930956721457e-06, -0.0527878939140699, 2.70930956721124e-06, 2.14324571719296e-06, 0.0527878939140699, 3.05245514675495e-06, 4.43940839902168e-06, -0.0073080809704856, 2.08250709913224e-08, 1.40545798304357e-05, 2.08250709913221e-08, 1.46990207129319e-07, -1.40545798304357e-05, 1.88516080113269e-08, -9.03426605969533e-09, -9.35774127582052e-05, 
14438, 7, 2.80747232635141e-06, -0.0527761486109562, 2.80747232634787e-06, 2.66606981908507e-06, 0.0527761486109562, 3.19652036942871e-06, 4.95751350889991e-06, -0.00740179382541276, 2.78300353913018e-06, -0.0527902060263926, 2.78300353912647e-06, 2.52135808095984e-06, 0.0527902060263926, 3.17570582073125e-06, 4.96533782584941e-06, -0.00730819650717593, 2.44687872250946e-08, 1.40574154365463e-05, 2.44687872250942e-08, 1.44711738132923e-07, -1.40574154365463e-05, 2.08145486578095e-08, -7.82431693673225e-09, -9.35973182368056e-05, 
14439, 0, 2.65931487001888e-06, -0.0527772032505211, 2.65931487001607e-06, 2.79020646625793e-06, 0.0527772032505211, 3.14891542517393e-06, 5.08787613539716e-06, -0.00740129256367645, 2.63530900311594e-06, -0.0527912600071361, 2.63530900311245e-06, 2.64514126582517e-06, 0.0527912600071361, 3.12797423460461e-06, 5.09552029241958e-06, -0.00730769698308754, 2.40058668891903e-08, 1.40567566147953e-05, 2.40058668891935e-08, 1.45065200430693e-07, -1.40567566147953e-05, 2.09411903374642e-08, -7.64415712653306e-09, -9.35955805889259e-05, 
14439, 7, 2.70188143937954e-06, -0.0527800795372961, 2.70188143937583e-06, 3.11322690539014e-06, 0.0527800795372961, 3.45342158015516e-06, 5.59758194759837e-06, -0.00740146515802469, 2.67783930826968e-06, -0.0527941424797502, 2.67783930826616e-06, 2.97171595760424e-06, 0.0527941424797502, 3.43045913497547e-06, 5.60668926980112e-06, -0.00730786048455587, 2.40421311068394e-08, 1.4062942454444e-05, 2.40421311068451e-08, 1.41510947795643e-07, -1.4062942454444e-05, 2.29624450087281e-08, -9.1073221558547e-09, -9.36046734688061e-05, 
14440, 0, 2.70252864465016e-06, -0.052781125058146, 2.7025286446462e-06, 3.3217844813208e-06, 0.052781125058146, 3.57389206049563e-06, 5.74698466790788e-06, -0.0074009159498867, 2.67878392999575e-06, -0.05279518721245, 2.67878392999226e-06, 3.17963328546473e-06, 0.05279518721245, 3.55084635761072e-06, 5.75598928382691e-06, -0.00730731290771632, 2.37447146753724e-08, 1.40621543038146e-05, 2.37447146753743e-08, 1.42151195837704e-07, -1.40621543038146e-05, 2.30457027727103e-08, -9.00461598089231e-09, -9.36030421703911e-05, 
14440, 7, 2.65297463064132e-06, -0.0527847310925169, 2.65297463063786e-06, 3.57699667551271e-06, 0.0527847310925169, 3.9186113342525e-06, 6.2189539386744e-06, -0.00740125168132003, 2.63405008013454e-06, -0.0527987929737187, 2.63405008013106e-06, 3.43699187628117e-06, 0.0527987929737187, 3.89315065990167e-06, 6.2273739843319e-06, -0.00730764131908165, 1.8924550490047e-08, 1.4061881201735e-05, 1.8924550490047e-08, 1.4000479922787e-07, -1.4061881201735e-05, 2.54606743889836e-08, -8.42004563735694e-09, -9.36103622383696e-05, 
14441, 0, 2.8143319110222e-06, -0.0527858210552178, 2.81433191101868e-06, 3.85234264499931e-06, 0.0527858210552179, 4.20006196056872e-06, 6.43233132383403e-06, -0.00740072944546114, 2.79658079878314e-06, -0.0527998820119574, 2.79658079877938e-06, 3.71235323380738e-06, 0.0527998820119574, 4.17453469426598e-06, 6.44071907999623e-06, -0.007307120962123, 1.77511122257093e-08, 1.40609567396483e-05, 1.77511122257038e-08, 1.39989411197917e-07, -1.40609567396483e-05, 2.55272663324107e-08, -8.3877561618601e-09, -9.36084833381528e-05, 
14441, 7, 2.7937013106961e-06, -0.0527899033518331, 2.7937013106924e-06, 4.00064218482163e-06, 0.0527899033518331, 4.59784908632197e-06, 6.97327190533945e-06, -0.00740124377155428, 2.7773468660879e-06, -0.0528039604994047, 2.77734686608419e-06, 3.86766568891895e-06, 0.0528039604994047, 4.57275942924183e-06, 6.97961108579627e-06, -0.00730762389985808, 1.6354444615406e-08, 1.40571475713366e-05, 1.63544446154077e-08, 1.32976495872126e-07, -1.40571475713366e-05, 2.50896569937792e-08, -6.33918043872847e-09, -9.36198716962081e-05, 
14442, 0, 3.13867028831976e-06, -0.0527910172203427, 3.13867028831668e-06, 4.33017759255034e-06, 0.0527910172203427, 5.06859260056127e-06, 7.3166309478789e-06, -0.00740078729162534, 3.12260817044864e-06, -0.052805073349026, 3.12260817044512e-06, 4.197040604467e-06, 0.0528050733490261, 5.04345354670287e-06, 7.32302328285364e-06, -0.00730716983915365, 1.60621178492234e-08, 1.40561286834605e-05, 1.60621178492253e-08, 1.33136988078405e-07, -1.40561286834605e-05, 2.5139053708311e-08, -6.39233496200103e-09, -9.36174524716673e-05, 
14442, 7, 3.26288481531262e-06, -0.052795361628336, 3.26288481530932e-06, 4.44392417501915e-06, 0.052795361628336, 5.63896085946918e-06, 8.15152047230032e-06, -0.00740134013192476, 3.2552150898288e-06, -0.0528094148108928, 3.25521508982555e-06, 4.30980837936164e-06, 0.0528094148108928, 5.61412459432618e-06, 8.1610727602535e-06, -0.00730771933341172, 7.66972554399485e-09, 1.40531825568815e-05, 7.66972554399464e-09, 1.34115795684306e-07, -1.40531825568815e-05, 2.48362651122868e-08, -9.55228798317317e-09, -9.36207985130549e-05, 
14443, 0, 3.75958635057462e-06, -0.0527965316863416, 3.75958635057113e-06, 4.84954247031498e-06, 0.0527965316863416, 6.3311864009529e-06, 8.6749590485869e-06, -0.00740097669313664, 3.75236110469874e-06, -0.0528105840433971, 3.752361104695e-06, 4.71492228397279e-06, 0.0528105840433971, 6.30617519335476e-06, 8.6840308310452e-06, -0.00730735857327918, 7.22524590517277e-09, 1.40523570555372e-05, 7.22524590517436e-09, 1.34620186350423e-07, -1.40523570555372e-05, 2.50112075544069e-08, -9.07178251175442e-09, -9.36181198574682e-05, 
14443, 7, 4.08421971810183e-06, -0.052800932596467, 4.08421971809853e-06, 5.13465973855875e-06, 0.052800932596467, 6.97984414572341e-06, 9.5628657110752e-06, -0.00740144422571848, 4.08338635486481e-06, -0.0528149828281569, 4.08338635486107e-06, 5.00510557632443e-06, 0.0528149828281569, 6.95192912443897e-06, 9.57226762243946e-06, -0.00730782271646888, 8.33363254246406e-10, 1.40502316898071e-05, 8.33363254250058e-10, 1.29554162236901e-07, -1.40502316898071e-05, 2.79150213318661e-08, -9.4019113876413e-09, -9.36215092496156e-05, 
14444, 0, 4.65284012390924e-06, -0.0528021797712325, 4.65284012390578e-06, 5.62147704771799e-06, 0.0528021797712325, 7.82148151243576e-06, 1.01314049065308e-05, -0.00740117882383295, 4.6519552201798e-06, -0.0528162289700324, 4.65195522017632e-06, 5.4927333448596e-06, 0.0528162289700324, 7.79350833673905e-06, 1.01409572920892e-05, -0.00730755909818896, 8.84903716813581e-10, 1.40491987999452e-05, 8.84903716808126e-10, 1.28743702853262e-07, -1.40491987999452e-05, 2.79731756595396e-08, -9.55238552081753e-09, -9.36197256439879e-05, 
14444, 7, 5.09554103151761e-06, -0.0528062676226839, 5.09554103151371e-06, 6.07244233335942e-06, 0.052806267622684, 8.30332009419882e-06, 1.06585584626191e-05, -0.00740153775221927, 5.09726422230275e-06, -0.0528203156560601, 5.09726422229921e-06, 5.93776497495551e-06, 0.0528203156560601, 8.27110414923511e-06, 1.06710183652198e-05, -0.00730791809833683, -1.72319080627849e-09, 1.40480333759344e-05, -1.72319080627833e-09, 1.3467735840365e-07, -1.40480333759344e-05, 3.22159450387701e-08, -1.24599025892395e-08, -9.3619653882429e-05, 
14445, 0, 5.63107385846099e-06, -0.0528075121262182, 5.63107385845664e-06, 6.56762741305428e-06, 0.0528075121262182, 9.134487646101e-06, 1.1101785603338e-05, -0.00740134233955699, 5.63253936868901e-06, -0.0528215599440725, 5.6325393686851e-06, 6.43092504875885e-06, 0.0528215599440725, 9.10198127251483e-06, 1.11137582699589e-05, -0.00730772588435811, -1.46551023383946e-09, 1.40478178542185e-05, -1.46551023384306e-09, 1.36702364308297e-07, -1.40478178542185e-05, 3.25063735005901e-08, -1.19726665849235e-08, -9.36164551988697e-05, 
14445, 7, 6.00521504343644e-06, -0.0528111217098856, 6.00521504343271e-06, 6.98820440324236e-06, 0.0528111217098856, 9.09678130482776e-06, 1.11587638509217e-05, -0.00740171720609903, 6.00622300826064e-06, -0.0528251729945453, 6.00622300825737e-06, 6.85129079806274e-06, 0.0528251729945453, 9.05950201814154e-06, 1.11749311225411e-05, -0.00730809411678614, -1.00796482934226e-09, 1.40512846596672e-05, -1.00796482933893e-09, 1.36913605193869e-07, -1.40512846596672e-05, 3.72792866713827e-08, -1.61672716635357e-08, -9.36230893129068e-05, 
14446, 0, 6.39849792194626e-06, -0.0528122476166781, 6.39849792194249e-06, 7.37223857873489e-06, 0.0528122476166781, 9.6749116089349e-06, 1.13746108117897e-05, -0.00740156282686567, 6.39959870188336e-06, -0.0528262988550317, 6.39959870187984e-06, 7.23344860426927e-06, 0.0528262988550317, 9.63744934933122e-06, 1.13903335935214e-05, -0.00730794237357086, -1.10077991135704e-09, 1.4051238353651e-05, -1.1007799113536e-09, 1.38789974437446e-07, -1.4051238353651e-05, 3.74622596909603e-08, -1.57227817870228e-08, -9.36204532947528e-05, 
14446, 7, 6.50254724640373e-06, -0.0528155331773402, 6.50254724640064e-06, 7.72311008242235e-06, 0.0528155331773402, 8.7454779038379e-06, 1.10044548194163e-05, -0.00740201389635486, 6.50330833195879e-06, -0.0528295895211823, 6.50330833195528e-06, 7.57623965805141e-06, 0.0528295895211823, 8.70625393883797e-06, 1.10259499744426e-05, -0.00730838145922613, -7.61085566436928e-10, 1.40563438420057e-05, -7.6108556643725e-10, 1.46870424372687e-07, -1.40563438420057e-05, 3.9223965053237e-08, -2.14951550501627e-08, -9.36324371287391e-05, 
14447, 0, 6.67351056258831e-06, -0.0528165537939615, 6.6735105625848e-06, 7.90369229891687e-06, 0.0528165537939615, 8.82805716524007e-06, 1.09593655038399e-05, -0.007401898247019, 6.67358540378523e-06, -0.0528306097996917, 6.67358540378174e-06, 7.75543995828139e-06, 0.0528306097996917, 8.78881789892367e-06, 1.09806578392895e-05, -0.00730826827864142, -7.48411861290183e-11, 1.40560057304382e-05, -7.48411861238832e-11, 1.48252340625555e-07, -1.40560057304382e-05, 3.9239266211551e-08, -2.12923353827402e-08, -9.36299683776029e-05, 
14447, 7, 6.32519438514516e-06, -0.0528199815663575, 6.3251943851419e-06, 8.20655986555605e-06, 0.0528199815663575, 6.9965933466237e-06, 1.02960687026307e-05, -0.00740244846805562, 6.33226448166453e-06, -0.0528340356359654, 6.33226448166084e-06, 8.05695627583676e-06, 0.0528340356359654, 6.95996993348809e-06, 1.03237273265725e-05, -0.00730881064847591, -7.07009650685455e-09, 1.40540696079001e-05, -7.07009650685958e-09, 1.49603589711219e-07, -1.40540696079001e-05, 3.66234131329974e-08, -2.76586239062701e-08, -9.36378195797031e-05, 
14448, 0, 6.20381563623976e-06, -0.0528210913129739, 6.2038156362356e-06, 8.15305042409704e-06, 0.0528210913129739, 6.51505626034791e-06, 9.99124618552087e-06, -0.00740239289944873, 6.21160856867677e-06, -0.0528351440226947, 6.21160856867286e-06, 8.00358380977727e-06, 0.0528351440226947, 6.47860238071105e-06, 1.00194004093395e-05, -0.00730875631001286, -7.79293242014302e-09, 1.40527097208069e-05, -7.79293242014154e-09, 1.49466614332589e-07, -1.40527097208069e-05, 3.64538795794212e-08, -2.81542238076308e-08, -9.36365894358479e-05, 
14448, 7, 5.45005507956741e-06, -0.0528251214387331, 5.45005507956414e-06, 8.30845227345157e-06, 0.0528251214387332, 4.41223297042119e-06, 9.15216680556785e-06, -0.00740307592696537, 5.47267577138291e-06, -0.0528391635394582, 5.4726757713794e-06, 8.16053881964055e-06, 0.0528391635394582, 4.38145260443862e-06, 9.18621219821601e-06, -0.00730942363503954, -2.26206917936299e-08, 1.40421007252856e-05, -2.26206917936335e-08, 1.47913453812431e-07, -1.40421007252856e-05, 3.07803659904782e-08, -3.40453926714493e-08, -9.36522919258121e-05, 
14449, 0, 5.05947612360736e-06, -0.0528265768084091, 5.05947612360405e-06, 8.04941776074776e-06, 0.0528265768084091, 3.58325561661912e-06, 8.61927577972376e-06, -0.00740310725496819, 5.08253226551738e-06, -0.0528406180810967, 5.08253226551345e-06, 7.90071658387944e-06, 0.0528406180810967, 3.55247222240833e-06, 8.65348776022895e-06, -0.00730945655917249, -2.30561419381562e-08, 1.40412726874616e-05, -2.30561419381598e-08, 1.48701176860596e-07, -1.40412726874616e-05, 3.07833942480137e-08, -3.42119805158653e-08, -9.36506957957294e-05, 
14449, 7, 4.34831258935885e-06, -0.0528312451023603, 4.34831258935579e-06, 7.91964600151347e-06, 0.0528312451023604, 2.1974670278829e-06, 7.73822150579302e-06, -0.00740391292164686, 4.37844137280815e-06, -0.0528452771706014, 4.37844137280465e-06, 7.7702616853028e-06, 0.0528452771706014, 2.16980673287206e-06, 7.7719416523479e-06, -0.00731025715569985, -3.01287834399148e-08, 1.40320682410572e-05, -3.01287834399114e-08, 1.49384316196731e-07, -1.40320682410572e-05, 2.76602951314864e-08, -3.37201465569769e-08, -9.36557659470547e-05, 
14450, 0, 3.89966987401526e-06, -0.0528331580297524, 3.89966987401133e-06, 7.51120244378098e-06, 0.0528331580297524, 1.45170077812038e-06, 7.06883852906813e-06, -0.0074040365030284, 3.93081098146982e-06, -0.0528471889631916, 3.93081098146633e-06, 7.36063850984909e-06, 0.0528471889631916, 1.42392780309921e-06, 7.10271395898635e-06, -0.00731038253285837, -3.11411074752145e-08, 1.40309334391822e-05, -3.11411074752179e-08, 1.50563933935317e-07, -1.40309334391822e-05, 2.77729749096374e-08, -3.38754299054667e-08, -9.36539701700358e-05, 
14450, 7, 3.68830468943865e-06, -0.0528381678867055, 3.68830468943559e-06, 7.16090830193206e-06, 0.0528381678867055, 1.4835517895407e-06, 6.38379887002404e-06, -0.00740496669687897, 3.73790408375881e-06, -0.0528521922931031, 3.73790408375532e-06, 7.00613910427831e-06, 0.0528521922931031, 1.45390235686135e-06, 6.42047189698804e-06, -0.00731130659675689, -4.95993943228925e-08, 1.40244063977873e-05, -4.95993943228928e-08, 1.54769197647169e-07, -1.40244063977873e-05, 2.96494327460271e-08, -3.66730269918712e-08, -9.3660100122041e-05, 
14451, 0, 3.47080000883029e-06, -0.0528404573156194, 3.47080000882658e-06, 6.6947949091343e-06, 0.0528404573156194, 1.2212105390908e-06, 5.69938849578594e-06, -0.00740515906295951, 3.52138861815252e-06, -0.052854480452467, 3.52138861814885e-06, 6.54012819444563e-06, 0.052854480452467, 1.19137630980825e-06, 5.73656617215429e-06, -0.00731149960136059, -5.05886093589796e-08, 1.40231368475165e-05, -5.05886093589811e-08, 1.54666714711161e-07, -1.40231368475165e-05, 2.98342292126833e-08, -3.71776763381798e-08, -9.36594615988998e-05, 
14451, 7, 3.93036806973928e-06, -0.0528452636799574, 3.93036806973579e-06, 6.34208749332792e-06, 0.0528452636799574, 2.63690458707433e-06, 5.3241981351281e-06, -0.00740614614244665, 3.99857738484923e-06, -0.0528592767981311, 3.99857738484639e-06, 6.18450314201342e-06, 0.0528592767981311, 2.59920015445191e-06, 5.36382523858429e-06, -0.00731249258992961, -6.82093150781034e-08, 1.40131181736044e-05, -6.82093150781069e-08, 1.57584351319325e-07, -1.40131181736044e-05, 3.77044324289012e-08, -3.96271034222755e-08, -9.36535525170414e-05, 
14452, 0, 4.10799614187607e-06, -0.0528476478866962, 4.10799614187241e-06, 5.93951566336889e-06, 0.0528476478866962, 3.0186524942757e-06, 4.68931305323392e-06, -0.00740634411040308, 4.17689312949319e-06, -0.0528616601160494, 4.17689312949018e-06, 5.78228840250468e-06, 0.0528616601160494, 2.98064884093296e-06, 4.72916199391644e-06, -0.00731269161351363, -6.88969876273276e-08, 1.40122293529033e-05, -6.88969876273306e-08, 1.57227260871125e-07, -1.40122293529033e-05, 3.80036533335316e-08, -3.98489407048542e-08, -9.36524968894548e-05, 
14452, 7, 5.08927010510041e-06, -0.0528516909056408, 5.08927010509691e-06, 5.7716661582369e-06, 0.0528516909056408, 5.06603071196769e-06, 4.60798169900739e-06, -0.00740730001986004, 5.16504931629279e-06, -0.0528657019938113, 5.16504931628974e-06, 5.61616927452268e-06, 0.0528657019938113, 5.01908073145901e-06, 4.64733442412655e-06, -0.0073136414132925, -7.57792112106101e-08, 1.4011088170377e-05, -7.57792112106153e-08, 1.55496883727079e-07, -1.4011088170377e-05, 4.69499806357464e-08, -3.93527252141338e-08, -9.36586065675342e-05, 
14453, 0, 5.64735214830523e-06, -0.0528538312716654, 5.64735214830174e-06, 5.54219672756035e-06, 0.0528538312716654, 5.91346318314961e-06, 4.06993915259456e-06, -0.00740740139561284, 5.72292177824659e-06, -0.05286784118692, 5.72292177824335e-06, 5.38664694885836e-06, 0.05286784118692, 5.86624281163005e-06, 4.10896221801279e-06, -0.00731374390935132, -7.55696299481072e-08, 1.40099152547171e-05, -7.55696299481052e-08, 1.55549778713071e-07, -1.40099152547171e-05, 4.72203715286151e-08, -3.9023065449604e-08, -9.36574862615423e-05, 
14453, 7, 6.78352514631444e-06, -0.0528569227389503, 6.78352514631119e-06, 5.67527131995865e-06, 0.0528569227389503, 7.53040938905798e-06, 4.40439733043217e-06, -0.00740816546024759, 6.86030218657199e-06, -0.0528709353871668, 6.86030218656828e-06, 5.52396991071769e-06, 0.0528709353871668, 7.47590779350034e-06, 4.44158380315572e-06, -0.00731449498595773, -7.67770403141641e-08, 1.40126482163349e-05, -7.67770403141605e-08, 1.51301409243232e-07, -1.40126482163349e-05, 5.45015952990603e-08, -3.71864727458567e-08, -9.36704742898616e-05, 
14454, 0, 7.53347392019701e-06, -0.0528586016083096, 7.53347392019374e-06, 5.698876587437e-06, 0.0528586016083096, 8.40897397269143e-06, 4.06445595104881e-06, -0.00740807541434866, 7.6105533055526e-06, -0.0528726138325609, 7.61055330554979e-06, 5.54680777372784e-06, 0.0528726138325609, 8.35437052320614e-06, 4.10142412069823e-06, -0.00731440712165074, -7.70793853315947e-08, 1.4012224250987e-05, -7.70793853315899e-08, 1.52068813735734e-07, -1.4012224250987e-05, 5.46034495612185e-08, -3.69681696472223e-08, -9.36682926979197e-05, 
14454, 7, 8.33966783238333e-06, -0.052861001079622, 8.3396678323801e-06, 6.15848740188101e-06, 0.052861001079622, 8.77574744259922e-06, 4.93641455688678e-06, -0.00740860504482803, 8.4199037394026e-06, -0.0528750152506176, 8.41990373939934e-06, 6.00640202822552e-06, 0.0528750152506176, 8.71979018575002e-06, 4.97127764228945e-06, -0.00731493565416956, -8.02359070639167e-08, 1.40141709955248e-05, -8.02359070639166e-08, 1.52085373673144e-07, -1.40141709955248e-05, 5.59572568554211e-08, -3.4863085410967e-08, -9.36693906584766e-05, 
14455, 0, 8.96953488519577e-06, -0.0528621836471517, 8.96953488519231e-06, 6.45851206903052e-06, 0.0528621836471517, 9.24002616596291e-06, 4.89646742839551e-06, -0.00740830358557819, 9.04979352334133e-06, -0.0528761974974371, 9.04979352333829e-06, 6.30607241687794e-06, 0.0528761974974371, 9.18387903462592e-06, 4.93093964555134e-06, -0.00731463564839364, -8.02586381422982e-08, 1.40138502850798e-05, -8.02586381422967e-08, 1.52439652142502e-07, -1.40138502850798e-05, 5.61471314192185e-08, -3.44722171046758e-08, -9.36679371845676e-05, 
14455, 7, 9.12900984336338e-06, -0.05286444811955, 9.1290098433599e-06, 7.07808891773013e-06, 0.05286444811955, 8.22945788320625e-06, 6.10778030777745e-06, -0.00740869443319164, 9.20601640873115e-06, -0.0528784653287189, 9.20601640872767e-06, 6.93230115135438e-06, 0.0528784653287189, 8.1771690256142e-06, 6.13568744961897e-06, -0.00731501458018733, -7.70065653227355e-08, 1.4017209168918e-05, -7.70065653227305e-08, 1.45787766360097e-07, -1.4017209168918e-05, 5.22888576460425e-08, -2.79071418438988e-08, -9.367985300432e-05, 
14456, 0, 9.35750067922464e-06, -0.0528652845703687, 9.35750067922138e-06, 7.58483887364997e-06, 0.0528652845703687, 8.05171531616658e-06, 6.34465153118943e-06, -0.00740821718397085, 9.43571954114982e-06, -0.0528793012713736, 9.43571954114612e-06, 7.43832664231764e-06, 0.0528793012713736, 7.99939627683529e-06, 6.37261107325506e-06, -0.00731453878571989, -7.82188619425289e-08, 1.40167010047649e-05, -7.82188619425325e-08, 1.46512231317915e-07, -1.40167010047649e-05, 5.23190392843324e-08, -2.79595420976576e-08, -9.36783982509693e-05, 
14456, 7, 8.92834876519031e-06, -0.0528678322192657, 8.92834876518769e-06, 8.16345289242171e-06, 0.0528678322192657, 6.19455623904455e-06, 7.40937632976911e-06, -0.00740853880547212, 9.00572790396725e-06, -0.0528818501782264, 9.00572790396396e-06, 8.0143110243754e-06, 0.0528818501782264, 6.14981748942168e-06, 7.43001090118907e-06, -0.00731485149015318, -7.73791387698708e-08, 1.40179589605796e-05, -7.73791387698659e-08, 1.49141868032813e-07, -1.40179589605796e-05, 4.47387497345251e-08, -2.06345714019342e-08, -9.36873153189401e-05, 
14457, 0, 8.69798838989727e-06, -0.0528685062652067, 8.69798838989401e-06, 8.75497616851488e-06, 0.0528685062652067, 5.45460270264816e-06, 7.7848873499187e-06, -0.0074079488775101, 8.77526433545555e-06, -0.0528825226385499, 8.77526433545227e-06, 8.60793710523998e-06, 0.0528825226385499, 5.40999219301698e-06, 7.80590008058954e-06, -0.00731426010004786, -7.72759455977045e-08, 1.40163733431544e-05, -7.72759455977079e-08, 1.47039063264771e-07, -1.40163733431544e-05, 4.46105094770028e-08, -2.10127306133037e-08, -9.36887774622444e-05, 
14457, 7, 8.04123926143954e-06, -0.0528715616014669, 8.04123926143627e-06, 9.13500983373778e-06, 0.0528715616014669, 3.52344531443268e-06, 8.25775143387952e-06, -0.00740826330411468, 8.11922130971725e-06, -0.0528855757943982, 8.119221309714e-06, 8.98824185697454e-06, 0.0528855757943982, 3.48589064468398e-06, 8.27225112578734e-06, -0.00731456717635395, -7.79820482808046e-08, 1.40141929312669e-05, -7.79820482808049e-08, 1.46767976776831e-07, -1.40141929312669e-05, 3.75546696838913e-08, -1.44996919379433e-08, -9.36961277607023e-05, 
14458, 0, 7.50180661257565e-06, -0.0528722616964862, 7.50180661257262e-06, 9.70878308368079e-06, 0.0528722616964862, 2.50443411780372e-06, 8.59267312328633e-06, -0.00740762599448792, 7.58014166949418e-06, -0.0528862751187481, 7.58014166949026e-06, 9.5617062037651e-06, 0.0528862751187481, 2.46685318111909e-06, 8.60711839619216e-06, -0.00731393124204165, -7.83350568834636e-08, 1.40134222617517e-05, -7.83350568834602e-08, 1.47076879914176e-07, -1.40134222617517e-05, 3.75809368145493e-08, -1.44452729083195e-08, -9.36947524462601e-05, 
14458, 7, 6.98681863816563e-06, -0.0528759965847791, 6.98681863816194e-06, 9.79217658660438e-06, 0.0528759965847791, 1.06716595363687e-06, 8.45421380114153e-06, -0.00740801013004734, 7.06494773954468e-06, -0.0528900019244718, 7.06494773954143e-06, 9.64714503186736e-06, 0.0528900019244718, 1.03386711246268e-06, 8.46881763207887e-06, -0.00731430964905763, -7.81291013842676e-08, 1.40053396925075e-05, -7.81291013842659e-08, 1.45031554763412e-07, -1.40053396925075e-05, 3.32988409549886e-08, -1.46038310237852e-08, -9.37004809897256e-05, 
14459, 0, 6.35184771230647e-06, -0.0528768592442364, 6.3518477123032e-06, 1.02712982192937e-05, 0.0528768592442364, 8.32765026335038e-08, 8.6771304198408e-06, -0.00740741095880627, 6.43030017823708e-06, -0.0528908640119122, 6.4303001782336e-06, 1.01249078429878e-05, 0.0528908640119122, 4.9824642745309e-08, 8.69142247377044e-06, -0.00731371198673698, -7.84524659649707e-08, 1.40047676755399e-05, -7.84524659649622e-08, 1.46390376290131e-07, -1.40047676755399e-05, 3.34518600345422e-08, -1.42920539672667e-08, -9.36989720692976e-05, 
14459, 7, 6.17499692271353e-06, -0.0528810023109806, 6.17499692271027e-06, 1.00527199698167e-05, 0.0528810023109806, -5.81309470033294e-07, 8.30598900493323e-06, -0.00740794007173261, 6.25566000665398e-06, -0.0528950024618077, 6.25566000665074e-06, 9.90350928395546e-06, 0.0528950024618077, -6.14643717846297e-07, 8.3217028597749e-06, -0.00731423498524853, -8.06630839362994e-08, 1.40001508272174e-05, -8.0663083936298e-08, 1.49210685854202e-07, -1.40001508272174e-05, 3.33342478472229e-08, -1.57138548414952e-08, -9.37050864840484e-05, 
14460, 0, 5.62781649798367e-06, -0.0528820132774371, 5.62781649797975e-06, 1.03966333507077e-05, 0.0528820132774371, -1.29673738763812e-06, 8.51153907334532e-06, -0.00740745303059517, 5.70862904890712e-06, -0.0528960126096176, 5.70862904890364e-06, 1.02471845574012e-05, 0.0528960126096176, -1.3300975061407e-06, 8.52712920948951e-06, -0.00731374996177065, -8.08125509412338e-08, 1.39993321806018e-05, -8.08125509412306e-08, 1.49448793326878e-07, -1.39993321806018e-05, 3.33601183168259e-08, -1.55901361549931e-08, -9.37030688245296e-05, 
14460, 7, 5.7874191578644e-06, -0.0528858424818462, 5.78741915786114e-06, 1.00663844727445e-05, 0.0528858424818462, -1.20780235600062e-06, 8.37510911157519e-06, -0.00740803559534316, 5.87592332703682e-06, -0.0528998353272473, 5.87592332703335e-06, 9.91805170194447e-06, 0.0528998353272473, -1.24640418528763e-06, 8.39443360405384e-06, -0.00731433339246684, -8.85041691224332e-08, 1.39928454010355e-05, -8.85041691224363e-08, 1.48332770788449e-07, -1.39928454010355e-05, 3.86018292294434e-08, -1.93244924354822e-08, -9.37022028762961e-05, 
14461, 0, 5.45367623897553e-06, -0.0528868110961517, 5.45367623897251e-06, 1.03080214030612e-05, 0.0528868110961517, -1.55990060229322e-06, 8.72466989441184e-06, -0.00740765695803314, 5.54235739777717e-06, -0.052900802458488, 5.5423573977739e-06, 1.01600823456196e-05, 0.052900802458488, -1.59842986856782e-06, 8.74409123234779e-06, -0.00731395587131034, -8.86811588299549e-08, 1.39913623364152e-05, -8.86811588299479e-08, 1.47939057449428e-07, -1.39913623364152e-05, 3.8529266248187e-08, -1.94213379342804e-08, -9.37010867228002e-05, 
14461, 7, 5.86910002592264e-06, -0.0528897911714187, 5.86910002591938e-06, 1.01838555292181e-05, 0.0528897911714187, -1.18626371345439e-06, 8.97291729257734e-06, -0.007408055245736, 5.95866341507586e-06, -0.0529037833749565, 5.95866341507305e-06, 1.00325975877997e-05, 0.0529037833749565, -1.22830405497938e-06, 8.9943627165608e-06, -0.00731434058081277, -8.95633891889856e-08, 1.39922035378086e-05, -8.95633891889889e-08, 1.51257941402014e-07, -1.39922035378086e-05, 4.20403416994858e-08, -2.14454239719786e-08, -9.37146649232114e-05, 
14462, 0, 5.79657571074143e-06, -0.0528905743665536, 5.79657571073753e-06, 1.03966373354586e-05, 0.0528905743665536, -1.30346929161026e-06, 9.49738808036937e-06, -0.00740771568436122, 5.88597226008896e-06, -0.0529045657312756, 5.8859722600855e-06, 1.02452441650386e-05, 0.0529045657312756, -1.34553904999434e-06, 9.51856069186591e-06, -0.00731400229229713, -8.93965493164519e-08, 1.39913647219948e-05, -8.93965493164537e-08, 1.51393170433722e-07, -1.39913647219948e-05, 4.20697585737582e-08, -2.11726114604018e-08, -9.3713392064119e-05, 
14462, 7, 6.23035103531658e-06, -0.05289274304108, 6.23035103531311e-06, 1.06080265400766e-05, 0.05289274304108, -1.33404858544199e-06, 9.90613177452608e-06, -0.00740776117061112, 6.3117788202475e-06, -0.0529067410623728, 6.31177882024425e-06, 1.04484894788896e-05, 0.0529067410623728, -1.37760269671639e-06, 9.92552471858461e-06, -0.00731403154944244, -8.14277849091822e-08, 1.39980212927296e-05, -8.14277849091807e-08, 1.59537061198207e-07, -1.39980212927296e-05, 4.35541111070036e-08, -1.93929440243454e-08, -9.37296211686806e-05, 
14463, 0, 6.33840010886196e-06, -0.052893327992757, 6.33840010885866e-06, 1.08216629449456e-05, 0.052893327992757, -1.48785651197581e-06, 1.04981435967973e-05, -0.00740739687345857, 6.42015159047691e-06, -0.0529073254162377, 6.42015159047386e-06, 1.06614317692229e-05, 0.0529073254162377, -1.53151675049084e-06, 1.05171214182513e-05, -0.00731366892275703, -8.17514815837194e-08, 1.39974234809359e-05, -8.17514815837247e-08, 1.60231175742797e-07, -1.39974234809359e-05, 4.36602385569124e-08, -1.89778215114069e-08, -9.3727950701504e-05, 
14463, 7, 6.40465513717572e-06, -0.052895264620628, 6.40465513717288e-06, 1.1138090205291e-05, 0.052895264620628, -2.16960767213659e-06, 1.07847167771327e-05, -0.00740722183874899, 6.48464765784022e-06, -0.0529092667623708, 6.48464765783674e-06, 1.09701263835192e-05, 0.0529092667623708, -2.21248014686475e-06, 1.08024587371737e-05, -0.00731348652859943, -7.99925206153002e-08, 1.40021417429364e-05, -7.99925206152985e-08, 1.67963821769259e-07, -1.40021417429364e-05, 4.28724746182258e-08, -1.7741960118433e-08, -9.37353101495726e-05, 
14464, 0, 6.53592022969931e-06, -0.0528957407295186, 6.53592022969585e-06, 1.12831090894731e-05, 0.0528957407295186, -2.51213564069917e-06, 1.12891728832124e-05, -0.00740678491362001, 6.61608431005082e-06, -0.0529097421803905, 6.616084310048e-06, 1.11148328857034e-05, 0.0529097421803905, -2.55507793494899e-06, 1.13065710020742e-05, -0.00731305142613142, -8.01640803562735e-08, 1.4001450871782e-05, -8.01640803562786e-08, 1.68276203767684e-07, -1.4001450871782e-05, 4.29422942163943e-08, -1.73981188249163e-08, -9.373348748861e-05, 
14464, 7, 6.10045025400357e-06, -0.0528980059500178, 6.1004502540003e-06, 1.13972865126655e-05, 0.0528980059500178, -3.4030705037216e-06, 1.12124350238593e-05, -0.00740660583862194, 6.17597658749763e-06, -0.0529120136322044, 6.17597658749415e-06, 1.12205428369561e-05, 0.0529120136322044, -3.44265395756926e-06, 1.12275145917285e-05, -0.00731287080565204, -7.55263334743563e-08, 1.40076821866736e-05, -7.55263334743561e-08, 1.76743675695144e-07, -1.40076821866736e-05, 3.95834538162211e-08, -1.5079567919322e-08, -9.37350329698996e-05, 
14465, 0, 6.15247701717589e-06, -0.0528984626803599, 6.15247701717286e-06, 1.13863841887535e-05, 0.0528984626803599, -3.84324495067788e-06, 1.15011212686764e-05, -0.00740608237896082, 6.22896349415456e-06, -0.0529124697090302, 6.22896349415173e-06, 1.12092821112545e-05, 0.0529124697090302, -3.88289512252048e-06, 1.15162180999662e-05, -0.00731234889730726, -7.64864769516059e-08, 1.40070286702801e-05, -7.64864769516023e-08, 1.77102077476021e-07, -1.40070286702801e-05, 3.96501719209956e-08, -1.50968313475642e-08, -9.37334816535268e-05, 
14465, 7, 5.4736617425897e-06, -0.0529012485613016, 5.4736617425858e-06, 1.12022626265578e-05, 0.0529012485613016, -4.17374047014411e-06, 1.09590197249303e-05, -0.00740604991636491, 5.55485659862784e-06, -0.0529152538437403, 5.55485659862415e-06, 1.10139797779108e-05, 0.0529152538437403, -4.20858236612794e-06, 1.09752702636765e-05, -0.00731231608414411, -8.11948559532772e-08, 1.40052824385122e-05, -8.11948559532749e-08, 1.88282848632425e-07, -1.40052824385122e-05, 3.48418959344557e-08, -1.62505387323779e-08, -9.37338322207783e-05, 
14466, 0, 5.47373135145528e-06, -0.0529017809786662, 5.47373135145267e-06, 1.10029583059055e-05, 0.0529017809786662, -4.46642324361546e-06, 1.09669663121813e-05, -0.00740549717634602, 5.55524210117547e-06, -0.0529157853586267, 5.55524210117199e-06, 1.08147111105507e-05, 0.0529157853586267, -4.50131336648345e-06, 1.09833667869074e-05, -0.00731176456573407, -8.15107497353493e-08, 1.40043799603979e-05, -8.15107497353493e-08, 1.88247195342744e-07, -1.40043799603979e-05, 3.48901227888151e-08, -1.64004747855195e-08, -9.37326106119247e-05, 
14466, 7, 5.01454508345417e-06, -0.052904931628818, 5.01454508345048e-06, 1.05990861493784e-05, 0.052904931628818, -3.8481695175799e-06, 9.99816055519046e-06, -0.00740556104837253, 5.09741730421053e-06, -0.052918931571181, 5.09741730420728e-06, 1.04048900299282e-05, 0.052918931571181, -3.88142757622497e-06, 1.00180321925731e-05, -0.00731182420657549, -8.28722207387274e-08, 1.39999423629326e-05, -8.28722207387207e-08, 1.94196119453004e-07, -1.39999423629326e-05, 3.32580586108122e-08, -1.98716374248595e-08, -9.37368417970521e-05, 
14467, 0, 5.05359074493743e-06, -0.052905608898305, 5.05359074493396e-06, 1.02378173709599e-05, 0.052905608898305, -3.84777154549255e-06, 9.68862166162399e-06, -0.00740500140516031, 5.13602636593082e-06, -0.05291960777394, 5.13602636592734e-06, 1.00441758052684e-05, 0.05291960777394, -3.88122123023518e-06, 9.70875111368983e-06, -0.00731126600680582, -8.24356209808116e-08, 1.39988756347594e-05, -8.24356209808116e-08, 1.93641565695003e-07, -1.39988756347594e-05, 3.3449684743585e-08, -2.01294521154664e-08, -9.37353983544878e-05, 
14467, 7, 5.02332514235656e-06, -0.0529090835723681, 5.02332514235288e-06, 9.74459927480651e-06, 0.0529090835723681, -2.68763255935468e-06, 8.52162870988412e-06, -0.00740508128555137, 5.11012715949521e-06, -0.0529230813888529, 5.11012715949261e-06, 9.53683282819227e-06, 0.0529230813888529, -2.72382606114661e-06, 8.5436729170431e-06, -0.00731134690438083, -8.6802017131334e-08, 1.3997816484789e-05, -8.6802017131329e-08, 2.07766446642031e-07, -1.3997816484789e-05, 3.61935016384004e-08, -2.20442071108388e-08, -9.37343811705496e-05, 
14468, 0, 5.14466619896602e-06, -0.0529099533822263, 5.14466619896254e-06, 9.28221498081165e-06, 0.0529099533822263, -2.46879841473665e-06, 7.94261797087651e-06, -0.0074045359280539, 5.23084986399431e-06, -0.0529239512889242, 5.23084986399105e-06, 9.07380024537945e-06, 0.0529239512889242, -2.50538392858735e-06, 7.96409950298215e-06, -0.00731080354737589, -8.61836649888122e-08, 1.39979066981038e-05, -8.61836649888141e-08, 2.08414735459746e-07, -1.39979066981038e-05, 3.65855139449262e-08, -2.1481532157763e-08, -9.37323806779922e-05, 
14468, 7, 5.332617234416e-06, -0.0529135537966669, 5.33261723441273e-06, 8.76449116438701e-06, 0.0529135537966669, -1.43858680103666e-06, 6.80797602342826e-06, -0.00740481956341485, 5.41974153246816e-06, -0.0529275508163546, 5.41974153246467e-06, 8.54145632214211e-06, 0.0529275508163546, -1.47993508822896e-06, 6.8301337538938e-06, -0.00731107911959956, -8.71242980520791e-08, 1.39970196878351e-05, -8.71242980520775e-08, 2.23034842220588e-07, -1.39970196878351e-05, 4.13482871598436e-08, -2.21577304302445e-08, -9.37404438152934e-05, 
14469, 0, 5.4940163682627e-06, -0.0529145465317106, 5.49401636825987e-06, 8.28010181572828e-06, 0.0529145465317106, -1.20505147963829e-06, 6.03610833752914e-06, -0.00740435303871611, 5.5812976731992e-06, -0.0529285429001844, 5.58129767319549e-06, 8.05637003642622e-06, 0.0529285429001844, -1.24677651145193e-06, 6.05797356889595e-06, -0.00731061462500594, -8.72813049221402e-08, 1.39963684738806e-05, -8.72813049221352e-08, 2.23731779320943e-07, -1.39963684738806e-05, 4.17250317233267e-08, -2.18652313742669e-08, -9.37384137101621e-05, 
14469, 7, 5.61631177556617e-06, -0.0529180090675553, 5.61631177556313e-06, 7.72953492498169e-06, 0.0529180090675553, -8.11626360291465e-07, 5.21309482538925e-06, -0.00740482998255443, 5.70430366058794e-06, -0.0529319992524871, 5.70430366058402e-06, 7.50373003050731e-06, 0.0529319992524871, -8.55859854849407e-07, 5.23349688916193e-06, -0.00731109018841942, -8.79918850469453e-08, 1.39901849313359e-05, -8.79918850469436e-08, 2.25804894477694e-07, -1.39901849313359e-05, 4.42334945688202e-08, -2.04020638092642e-08, -9.37397941350089e-05, 
14470, 0, 5.74618660215224e-06, -0.0529189886200843, 5.74618660214897e-06, 7.28350205066158e-06, 0.0529189886200843, -7.79235879760026e-07, 4.3943991717494e-06, -0.00740444613040457, 5.83478436481699e-06, -0.05293297695679, 5.83478436481372e-06, 7.05823060805494e-06, 0.05293297695679, -8.23292375741586e-07, 4.41495320769458e-06, -0.00731070683823314, -8.85977626858586e-08, 1.39883367057184e-05, -8.85977626858514e-08, 2.252714426227e-07, -1.39883367057184e-05, 4.40564960087218e-08, -2.05540359891232e-08, -9.37392921714172e-05, 
14470, 7, 5.70576273336049e-06, -0.052922068013812, 5.70576273335745e-06, 6.76230573495027e-06, 0.052922068013812, -9.60614819445889e-07, 4.102557523911e-06, -0.00740487060498924, 5.79199552112457e-06, -0.0529360528874089, 5.79199552112151e-06, 6.52929212829545e-06, 0.0529360528874089, -1.00032628609428e-06, 4.12283885105773e-06, -0.00731112212695609, -8.62327877570477e-08, 1.39848735966464e-05, -8.62327877570477e-08, 2.33013606663366e-07, -1.39848735966464e-05, 3.97114667508131e-08, -2.02813271048886e-08, -9.37484780331424e-05, 
14471, 0, 5.77324739169694e-06, -0.0529228510972621, 5.77324739169411e-06, 6.39311596566123e-06, 0.0529228510972621, -1.16953885006138e-06, 3.41628451391808e-06, -0.00740449732348017, 5.85926838794231e-06, -0.0529368346242406, 5.8592683879388e-06, 6.16113110854029e-06, 0.0529368346242406, -1.20906464081348e-06, 3.43652827982743e-06, -0.00731075009758797, -8.60209962340659e-08, 1.39835269784354e-05, -8.60209962340676e-08, 2.31984857126106e-07, -1.39835269784354e-05, 3.95257906816753e-08, -2.0243765798498e-08, -9.37472258922039e-05, 
14471, 7, 5.62494321626664e-06, -0.0529254774476992, 5.62494321626316e-06, 6.01636453650896e-06, 0.0529254774476992, -1.41485338669251e-06, 3.60550421686884e-06, -0.00740468846572947, 5.71110066198606e-06, -0.0529394597190482, 5.71110066198279e-06, 5.79593109081811e-06, 0.0529394597190482, -1.44784324273033e-06, 3.62961746537165e-06, -0.00731093786945795, -8.61574457506147e-08, 1.39822713489539e-05, -8.61574457506078e-08, 2.20433445686593e-07, -1.39822713489539e-05, 3.29898559656693e-08, -2.41132485409258e-08, -9.3750596271507e-05, 
14472, 0, 5.66091105322636e-06, -0.052925942334283, 5.66091105322309e-06, 5.77573151280006e-06, 0.052925942334283, -1.70007446501217e-06, 3.12860017647798e-06, -0.00740425624684529, 5.74723745688018e-06, -0.0529399246758366, 5.74723745687646e-06, 5.5538637003983e-06, 0.0529399246758366, -1.73305702730885e-06, 3.15187026997141e-06, -0.0073105083682075, -8.6326403646803e-08, 1.39823415534037e-05, -8.6326403646801e-08, 2.21867812381407e-07, -1.39823415534037e-05, 3.2982562408414e-08, -2.3270093479962e-08, -9.37478786378138e-05, 
14472, 7, 5.53131122179051e-06, -0.0529283552737322, 5.53131122178725e-06, 5.59295445230109e-06, 0.0529283552737322, -1.41896424616759e-06, 3.43363819571645e-06, -0.0074041722495401, 5.62077540339568e-06, -0.0529423376196687, 5.62077540339198e-06, 5.38120172278962e-06, 0.0529423376196687, -1.44570785246982e-06, 3.46226957122708e-06, -0.00731041212848567, -8.94641815842788e-08, 1.3982345936665e-05, -8.94641815842786e-08, 2.11752729514353e-07, -1.3982345936665e-05, 2.67436063328149e-08, -2.86313755396637e-08, -9.37601210544214e-05, 
14473, 0, 5.60478169457795e-06, -0.0529285561233816, 5.60478169457492e-06, 5.48317616076746e-06, 0.0529285561233816, -1.48848806311742e-06, 3.08228191547862e-06, -0.00740363372853957, 5.69382746331321e-06, -0.0529425383352944, 5.69382746331038e-06, 5.27029631151139e-06, 0.0529425383352944, -1.51536287542884e-06, 3.11039113566469e-06, -0.00730987611960554, -8.90457687948034e-08, 1.39822119129802e-05, -8.90457687948001e-08, 2.12879849272812e-07, -1.39822119129802e-05, 2.68748122747901e-08, -2.81092202210528e-08, -9.375760893402e-05, 
14473, 7, 5.55519664913661e-06, -0.0529311990537838, 5.55519664913356e-06, 5.32948606944131e-06, 0.0529311990537838, -3.68961724536514e-07, 3.21743684935e-06, -0.00740337726183634, 5.6463583066795e-06, -0.0529451816179742, 5.64635830667645e-06, 5.12419487463137e-06, 0.0529451816179742, -3.93573759037853e-07, 3.24857605932503e-06, -0.00730961720967137, -9.1161657540239e-08, 1.39825641904568e-05, -9.1161657540239e-08, 2.05291194807402e-07, -1.39825641904568e-05, 2.46120344158507e-08, -3.11392099562536e-08, -9.37600521649584e-05, 
14474, 0, 5.68213727075657e-06, -0.0529313838574717, 5.68213727075266e-06, 5.27529756042751e-06, 0.0529313838574717, -3.47330195782343e-08, 2.91630749786368e-06, -0.00740276284379619, 5.7728062450407e-06, -0.0529453651985943, 5.77280624503765e-06, 5.06927268580977e-06, 0.0529453651985943, -5.96084761802683e-08, 2.94692555791587e-06, -0.00730900499899504, -9.06689742803987e-08, 1.39813411224693e-05, -9.06689742803919e-08, 2.06024874613678e-07, -1.39813411224693e-05, 2.48754567718809e-08, -3.06180599931991e-08, -9.37578448011597e-05, 
14474, 7, 5.77087914800415e-06, -0.0529348184485556, 5.77087914800067e-06, 5.03527860463298e-06, 0.0529348184485556, 1.55271810742151e-06, 2.93835037133384e-06, -0.00740258940354387, 5.85692101656914e-06, -0.0529487948468298, 5.8569210165663e-06, 4.84410586882558e-06, 0.0529487948468298, 1.52756519552183e-06, 2.96814980880225e-06, -0.00730883229838698, -8.60418685631079e-08, 1.39763982739704e-05, -8.60418685631062e-08, 1.91172735806025e-07, -1.39763982739704e-05, 2.51529119833977e-08, -2.97994375052805e-08, -9.37571051568902e-05, 
14475, 0, 5.91691483396511e-06, -0.0529352960507118, 5.91691483396184e-06, 4.97478639790637e-06, 0.0529352960507118, 2.21663630122337e-06, 2.71238052267207e-06, -0.00740199478308407, 6.00311944595703e-06, -0.0529492713798635, 6.00311944595421e-06, 4.78365842367888e-06, 0.0529492713798635, 2.19159723865962e-06, 2.74201325326832e-06, -0.0073082397098455, -8.62046119332207e-08, 1.39753291518063e-05, -8.62046119332208e-08, 1.91127974272906e-07, -1.39753291518063e-05, 2.50390625477656e-08, -2.96327305774008e-08, -9.3755073238604e-05, 
14475, 7, 6.15847567126373e-06, -0.0529396833639281, 6.15847567125981e-06, 4.68498275685948e-06, 0.0529396833639281, 3.72462269184704e-06, 2.76365835818244e-06, -0.00740210823039675, 6.24628331675192e-06, -0.0529536536338703, 6.24628331674867e-06, 4.50506091163723e-06, 0.0529536536338703, 3.69529114091632e-06, 2.7940869280211e-06, -0.00730836172050843, -8.78076454542493e-08, 1.3970269942259e-05, -8.78076454542555e-08, 1.79921845217717e-07, -1.3970269942259e-05, 2.93315508316047e-08, -3.04285698477839e-08, -9.37465098883405e-05, 
14476, 0, 6.25503484353518e-06, -0.0529406094023124, 6.25503484353169e-06, 4.60593823794817e-06, 0.0529406094023125, 4.46893970021453e-06, 2.68484053147179e-06, -0.00740162693060068, 6.3429805120957e-06, -0.0529545786334558, 6.34298051209286e-06, 4.42674731365735e-06, 0.0529545786334558, 4.43960519437268e-06, 2.71506407518912e-06, -0.00730788184404436, -8.79456685910243e-08, 1.39692311434877e-05, -8.79456685910275e-08, 1.79190924292917e-07, -1.39692311434877e-05, 2.93345060083942e-08, -3.02235436850941e-08, -9.37450865563137e-05, 
14476, 7, 6.68412187158674e-06, -0.0529455427140169, 6.6841218715839e-06, 4.31445791276547e-06, 0.0529455427140169, 5.61125811288502e-06, 3.01975402298375e-06, -0.00740203387255405, 6.768582651722e-06, -0.0529595060844593, 6.76858265171873e-06, 4.13995587907254e-06, 0.0529595060844593, 5.58027067562802e-06, 3.04880416647445e-06, -0.0073082975192253, -8.44607801596725e-08, 1.39633704424017e-05, -8.44607801596723e-08, 1.74502033698734e-07, -1.39633704424017e-05, 3.09874372970566e-08, -2.90501435082113e-08, -9.37363533287569e-05, 
14477, 0, 6.69511947528845e-06, -0.0529468578286295, 6.69511947528496e-06, 4.23785866957811e-06, 0.0529468578286295, 6.19216404305996e-06, 3.16735098186619e-06, -0.00740170070663196, 6.7791229904775e-06, -0.0529608198782157, 6.77912299047422e-06, 4.06408803581576e-06, 0.0529608198782157, 6.16117311426896e-06, 3.1960389575562e-06, -0.00730796632601065, -8.40035152039237e-08, 1.39620495863167e-05, -8.40035152039288e-08, 1.73770633784063e-07, -1.39620495863167e-05, 3.09909288352877e-08, -2.86879757209766e-08, -9.37343806212873e-05, 
14477, 7, 7.29174450500793e-06, -0.0529518514831569, 7.29174450500467e-06, 4.04362718956998e-06, 0.0529518514831569, 6.92091474915348e-06, 3.91179989799092e-06, -0.00740224340730191, 7.3653590837538e-06, -0.0529658037236662, 7.36535908375054e-06, 3.8791154189861e-06, 0.0529658037236662, 6.89120634042708e-06, 3.94002492643186e-06, -0.00730851032649463, -7.36145788329116e-08, 1.39522405093263e-05, -7.36145788329115e-08, 1.64511770589495e-07, -1.39522405093263e-05, 2.97084085488771e-08, -2.82250285070776e-08, -9.37330808073024e-05, 
14478, 0, 7.24982670582175e-06, -0.0529534111873927, 7.24982670581849e-06, 4.03209537379577e-06, 0.0529534111873927, 7.20481355245905e-06, 4.28897232083282e-06, -0.00740204682383772, 7.32398367024352e-06, -0.0529673622357138, 7.32398367024047e-06, 3.86718818803249e-06, 0.0529673622357138, 7.17503239477959e-06, 4.31693773634556e-06, -0.00730831531274268, -7.41569644235942e-08, 1.39510483212825e-05, -7.41569644235944e-08, 1.6490718575157e-07, -1.39510483212825e-05, 2.97811576321239e-08, -2.79654154636069e-08, -9.3731511095052e-05, 
14478, 7, 7.91115060240466e-06, -0.052958275897387, 7.91115060240161e-06, 4.05982639142835e-06, 0.052958275897387, 7.55811524740284e-06, 5.26722781402385e-06, -0.00740260629012045, 7.97717028282032e-06, -0.0529722150771487, 7.97717028281683e-06, 3.90576441930771e-06, 0.0529722150771488, 7.52846742221422e-06, 5.29481065566957e-06, -0.00730888061542058, -6.60196804041015e-08, 1.39391797616663e-05, -6.60196804041032e-08, 1.54061972130383e-07, -1.39391797616663e-05, 2.96478251324942e-08, -2.75828417113516e-08, -9.37256746998753e-05, 
14479, 0, 7.87585093582468e-06, -0.0529600269192544, 7.87585093582075e-06, 4.15113139517758e-06, 0.0529600269192544, 7.55000664094739e-06, 5.79473672273905e-06, -0.00740254283066758, 7.94106924063866e-06, -0.0529739656545242, 7.94106924063561e-06, 3.99660832436644e-06, 0.0529739656545242, 7.52021384754446e-06, 5.82191849884694e-06, -0.00730882007181558, -6.52183048836013e-08, 1.39387352698744e-05, -6.52183048835998e-08, 1.54523070817205e-07, -1.39387352698744e-05, 2.979279349902e-08, -2.71817760791235e-08, -9.37227588520287e-05, 
14479, 7, 8.30542938677066e-06, -0.0529647732921104, 8.30542938676738e-06, 4.35045621848426e-06, 0.0529647732921104, 7.62850814608126e-06, 6.84791290254559e-06, -0.00740311961976621, 8.35734911316573e-06, -0.0529787000288334, 8.35734911316224e-06, 4.21691325277852e-06, 0.0529787000288334, 7.60068893795117e-06, 6.87279493336474e-06, -0.00730939628188725, -5.19197264403176e-08, 1.3926736722818e-05, -5.19197264403174e-08, 1.33542965701657e-07, -1.3926736722818e-05, 2.78192081822388e-08, -2.48820307780778e-08, -9.37233378789617e-05, 
14480, 0, 8.26853461140021e-06, -0.0529667118586858, 8.26853461139715e-06, 4.51901224602644e-06, 0.0529667118586858, 7.42399526798519e-06, 7.46769004414448e-06, -0.00740315826178466, 8.32016056086739e-06, -0.0529806376241094, 8.32016056086412e-06, 4.38495976392897e-06, 0.0529806376241094, 7.39610426631869e-06, 7.49204759308376e-06, -0.00730943744967597, -5.16259494936818e-08, 1.39257654237081e-05, -5.16259494936821e-08, 1.34052482103544e-07, -1.39257654237081e-05, 2.78910016700397e-08, -2.43575489413609e-08, -9.37208121086963e-05, 
14480, 7, 8.19307619989138e-06, -0.0529714250641069, 8.1930761998881e-06, 4.79692011241653e-06, 0.0529714250641069, 7.30722526389891e-06, 8.54893752786769e-06, -0.00740374913597968, 8.24056294378401e-06, -0.05298534189204, 8.24056294378095e-06, 4.66571974163113e-06, 0.05298534189204, 7.27963217460974e-06, 8.57117913193345e-06, -0.00731003358402021, -4.74867439552095e-08, 1.39168279332779e-05, -4.74867439552112e-08, 1.31200370775785e-07, -1.39168279332779e-05, 2.75930892806242e-08, -2.22416040709105e-08, -9.37155519594819e-05, 
14481, 0, 8.121321742707e-06, -0.0529735450438772, 8.12132174270416e-06, 5.0255227621097e-06, 0.0529735450438772, 7.04198739216672e-06, 9.23593272819674e-06, -0.00740385396815994, 8.16808184704153e-06, -0.0529874599313317, 8.16808184703869e-06, 4.89609305803939e-06, 0.0529874599313317, 7.01462848392445e-06, 9.25848558611597e-06, -0.00731013851899914, -4.67601043486479e-08, 1.39148874545026e-05, -4.67601043486444e-08, 1.29429704064562e-07, -1.39148874545027e-05, 2.7358908083574e-08, -2.25528579215043e-08, -9.37154491608226e-05, 
14481, 7, 7.66053668820625e-06, -0.0529782374350649, 7.66053668820342e-06, 5.33769578614102e-06, 0.0529782374350649, 6.95821126811066e-06, 1.03356625245763e-05, -0.00740452498615581, 7.70876213535956e-06, -0.0529921488239219, 7.70876213535608e-06, 5.20922896671504e-06, 0.0529921488239219, 6.93173806498202e-06, 1.03570456339754e-05, -0.00731081425913248, -4.8225447170431e-08, 1.39113888569338e-05, -4.82254471704312e-08, 1.28466819422084e-07, -1.39113888569338e-05, 2.64732030414167e-08, -2.13831094177419e-08, -9.37107270233319e-05, 
14482, 0, 7.63798880500173e-06, -0.0529800295390951, 7.63798880499847e-06, 5.48645300435264e-06, 0.0529800295390951, 6.94977393230327e-06, 1.07404518639284e-05, -0.00740475238756852, 7.68532606261621e-06, -0.0529939384665648, 7.68532606261317e-06, 5.35728444128518e-06, 0.0529939384665648, 6.92320747992143e-06, 1.07609363443284e-05, -0.00731104370038244, -4.73372575973329e-08, 1.39089274694597e-05, -4.73372575973294e-08, 1.29168563069437e-07, -1.39089274694597e-05, 2.65664524211162e-08, -2.04844804017999e-08, -9.37086871861266e-05, 
14482, 7, 6.99173603770223e-06, -0.0529849687629353, 6.99173603769939e-06, 5.95142442814672e-06, 0.0529849687629353, 6.8189020471847e-06, 1.21645137866494e-05, -0.00740541915993518, 7.03433802737353e-06, -0.0529988658598668, 7.03433802737004e-06, 5.83607975400004e-06, 0.0529988658598668, 6.79452101703924e-06, 1.21836075472182e-05, -0.00731171258807852, -4.26019896627706e-08, 1.38970969317799e-05, -4.26019896627669e-08, 1.15344674148289e-07, -1.38970969317799e-05, 2.43810302093434e-08, -1.90937606003161e-08, -9.37065718566512e-05, 
14483, 0, 6.96223671099429e-06, -0.0529867992175175, 6.96223671099081e-06, 6.16631150697385e-06, 0.0529867992175175, 6.85873470029788e-06, 1.26051873807685e-05, -0.00740562808083602, 7.00504796407978e-06, -0.0530006954067807, 7.00504796407673e-06, 6.05058388036186e-06, 0.0530006954067807, 6.83432918236144e-06, 1.26241057472952e-05, -0.00731192303465995, -4.28112530487893e-08, 1.38961892631379e-05, -4.28112530487945e-08, 1.1572762660796e-07, -1.38961892631379e-05, 2.44055179240174e-08, -1.89183665475077e-08, -9.37050461760652e-05, 
14483, 7, 6.34328448658373e-06, -0.0529910345091847, 6.34328448658024e-06, 6.56362597568818e-06, 0.0529910345091847, 6.85602236218788e-06, 1.38356862986805e-05, -0.00740623361460516, 6.38584407299805e-06, -0.053004919320461, 6.38584407299478e-06, 6.45160470594374e-06, 0.0530049193204611, 6.83469411384491e-06, 1.38536825391722e-05, -0.007312526905742, -4.2559586421767e-08, 1.38848112763175e-05, -4.25595864217621e-08, 1.1202126970346e-07, -1.38848112763175e-05, 2.13282483615854e-08, -1.79962404588068e-08, -9.37067088631708e-05, 
14484, 0, 6.31607340617324e-06, -0.0529927753893242, 6.31607340616954e-06, 6.83058220350704e-06, 0.0529927753893242, 6.93393324592908e-06, 1.42856730710197e-05, -0.00740637464401952, 6.35933907894993e-06, -0.053006659576116, 6.35933907894644e-06, 6.7181323149411e-06, 0.053006659576116, 6.91260655310675e-06, 1.43040430186344e-05, -0.00731267000114284, -4.32656727989639e-08, 1.38841867920819e-05, -4.32656727989693e-08, 1.12449888586703e-07, -1.38841867920819e-05, 2.13266927399798e-08, -1.83699476170213e-08, -9.37046428766907e-05, 
14484, 7, 5.76655617924261e-06, -0.0529959695963663, 5.76655617923977e-06, 7.13375140270978e-06, 0.0529959695963663, 7.08435046422778e-06, 1.51468015335736e-05, -0.00740673746572172, 5.80594438640261e-06, -0.0530098506982132, 5.80594438639892e-06, 7.02262748194595e-06, 0.0530098506982132, 7.06586557451391e-06, 1.51642903449687e-05, -0.00731303251382495, -3.93882071449995e-08, 1.3881101846902e-05, -3.93882071449995e-08, 1.11123920747633e-07, -1.3881101846902e-05, 1.8484889822333e-08, -1.7488811425215e-08, -9.37049518967515e-05, 
14485, 0, 5.72836725549981e-06, -0.0529965324614325, 5.72836725549654e-06, 7.23040502257896e-06, 0.0529965324614325, 7.1157165876048e-06, 1.52889466433534e-05, -0.00740680083902508, 5.76764418592491e-06, -0.0530104120047572, 5.76764418592164e-06, 7.1196923571804e-06, 0.0530104120047572, 7.09727019292588e-06, 1.53064780359041e-05, -0.00731309884397732, -3.92769304255918e-08, 1.38795433245209e-05, -3.92769304255917e-08, 1.10712665394827e-07, -1.38795433245209e-05, 1.84463946441594e-08, -1.75313925745124e-08, -9.37019950477654e-05, 
14485, 7, 5.36498421827299e-06, -0.0529995723403047, 5.36498421826971e-06, 7.72211738144287e-06, 0.0529995723403047, 7.73604923434487e-06, 1.6056820676344e-05, -0.00740688000720447, 5.40038600756653e-06, -0.0530134486598388, 5.40038600756283e-06, 7.6157282356438e-06, 0.0530134486598388, 7.72354354081511e-06, 1.60739700708266e-05, -0.00731317137305989, -3.5401789278119e-08, 1.3876319533952e-05, -3.54017892781155e-08, 1.06389145808329e-07, -1.3876319533952e-05, 1.25056936395326e-08, -1.71493945151712e-08, -9.37086341445473e-05, 
14486, 0, 5.32999907113348e-06, -0.0530000048746134, 5.32999907113021e-06, 7.80733584340488e-06, 0.0530000048746134, 7.78629165826385e-06, 1.61648450026249e-05, -0.00740690934510569, 5.36482725545128e-06, -0.0530138798980847, 5.36482725544758e-06, 7.70107705994765e-06, 0.0530138798980847, 7.77393229526831e-06, 1.61819486989205e-05, -0.00731320186541706, -3.48281842926832e-08, 1.3875023471275e-05, -3.48281842926867e-08, 1.06258783454136e-07, -1.3875023471275e-05, 1.23593630141069e-08, -1.71036963312359e-08, -9.37074796886179e-05, 
14486, 7, 5.35780835199307e-06, -0.053002086751019, 5.35780835198915e-06, 8.35603992198088e-06, 0.053002086751019, 8.7834789486229e-06, 1.67240269617711e-05, -0.0074067562512682, 5.38773442252295e-06, -0.0530159630128556, 5.38773442251925e-06, 8.25856312866867e-06, 0.0530159630128556, 8.77233847725461e-06, 1.67390988448117e-05, -0.00731305778559276, -2.99260705716661e-08, 1.38762618365857e-05, -2.9926070571666e-08, 9.74767932790986e-08, -1.38762618365857e-05, 1.11404712360504e-08, -1.50718830572901e-08, -9.36984656754244e-05, 
14487, 0, 5.33524778602904e-06, -0.0530023988049707, 5.33524778602621e-06, 8.42668823624716e-06, 0.0530023988049707, 8.84379038054935e-06, 1.68071668267414e-05, -0.00740675898403189, 5.36622019033479e-06, -0.0530162739737082, 5.36622019033153e-06, 8.32905187940395e-06, 0.0530162739737082, 8.83281280865064e-06, 1.6822125035717e-05, -0.00731306237326929, -3.09724042888689e-08, 1.38751687372272e-05, -3.09724042888703e-08, 9.76363568568622e-08, -1.38751687372272e-05, 1.09775717603891e-08, -1.49582089248637e-08, -9.36966107625791e-05, 
14487, 7, 5.84277069341922e-06, -0.0530039528384159, 5.84277069341574e-06, 8.99340310641193e-06, 0.0530039528384159, 1.00078217315907e-05, 1.7182226816212e-05, -0.00740631152625131, 5.87581043251332e-06, -0.0530178311029737, 5.87581043251026e-06, 8.89926753272572e-06, 0.0530178311029737, 9.99515215468306e-06, 1.71966986045983e-05, -0.00731261381320666, -3.30397391466959e-08, 1.38782645574433e-05, -3.30397391466923e-08, 9.41355736557759e-08, -1.38782645574434e-05, 1.26695768520714e-08, -1.44717882991695e-08, -9.36977130446325e-05, 
14488, 0, 5.83982731283806e-06, -0.0530039649909945, 5.83982731283523e-06, 9.01489239893211e-06, 0.0530039649909945, 1.00093736586886e-05, 1.72072810720754e-05, -0.0074062988425632, 5.87280392211301e-06, -0.0530178425388254, 5.87280392210996e-06, 8.92083384524349e-06, 0.0530178425388254, 9.99669403093828e-06, 1.72218325647123e-05, -0.00731260423603364, -3.29766092603513e-08, 1.38775478306261e-05, -3.29766092603512e-08, 9.40585536841041e-08, -1.38775478306261e-05, 1.26796277178952e-08, -1.45514926327257e-08, -9.36946065295517e-05, 
14488, 7, 6.58513229075278e-06, -0.0530057976218534, 6.58513229075016e-06, 9.46593005426227e-06, 0.0530057976218534, 1.11202958491468e-05, 1.73946921653692e-05, -0.00740546141412869, 6.61470076677835e-06, -0.0530196779890776, 6.61470076677422e-06, 9.37452335601185e-06, 0.0530196779890776, 1.11039114561811e-05, 1.7407596849866e-05, -0.0073117647078759, -2.95684760211509e-08, 1.38803672241313e-05, -2.9568476021151e-08, 9.14066982493414e-08, -1.38803672241313e-05, 1.63843929783675e-08, -1.29046845369769e-08, -9.36967062527828e-05, 
14489, 0, 6.58231724136897e-06, -0.053005810288152, 6.58231724136549e-06, 9.48315556933223e-06, 0.053005810288152, 1.11126065524985e-05, 1.74173499118665e-05, -0.00740544420487984, 6.61225615346296e-06, -0.0530196890733439, 6.61225615345948e-06, 9.39250810593323e-06, 0.0530196890733439, 1.10962944183329e-05, 1.74299481178194e-05, -0.00731174936923429, -2.99389121104617e-08, 1.38787851919459e-05, -2.99389121104583e-08, 9.06474634001613e-08, -1.38787851919459e-05, 1.63121339143905e-08, -1.25982059644876e-08, -9.36948356455541e-05, 
14489, 7, 7.13851907174538e-06, -0.0530082715691697, 7.13851907174189e-06, 9.66975476046765e-06, 0.0530082715691697, 1.19793675020927e-05, 1.74366229106148e-05, -0.00740458238090811, 7.16358426793654e-06, -0.0530221491525772, 7.16358426793304e-06, 9.58010475974766e-06, 0.0530221491525773, 1.19594279406462e-05, 1.74475036213854e-05, -0.00731089495076086, -2.50651962181502e-08, 1.38775834076749e-05, -2.50651962181501e-08, 8.96500007324234e-08, -1.38775834076749e-05, 1.9939561509349e-08, -1.08807107808103e-08, -9.36874301472269e-05, 
14490, 0, 7.1300816777594e-06, -0.0530082908570395, 7.13008167775678e-06, 9.6836134616783e-06, 0.0530082908570395, 1.19662886541146e-05, 1.74582378312473e-05, -0.00740456712166244, 7.15550479277313e-06, -0.0530221671820506, 7.15550479277007e-06, 9.594519269933e-06, 0.0530221671820506, 1.1946392607856e-05, 1.74692734712281e-05, -0.00731088192340179, -2.54231150119751e-08, 1.38763250110331e-05, -2.54231150119751e-08, 8.90941917676024e-08, -1.38763250110331e-05, 1.98960461216709e-08, -1.10356400269281e-08, -9.36851982606495e-05, 
14490, 7, 7.27338044498803e-06, -0.0530111626898718, 7.27338044498411e-06, 9.68884031648845e-06, 0.0530111626898718, 1.2731996803467e-05, 1.72364972352321e-05, -0.00740417663815721, 7.29798692618961e-06, -0.0530250295283848, 7.2979869261859e-06, 9.60079792380678e-06, 0.0530250295283848, 1.27099021077506e-05, 1.72486568829925e-05, -0.00731049025058747, -2.46064811961586e-08, 1.38668385128855e-05, -2.46064811961601e-08, 8.80423926942387e-08, -1.38668385128855e-05, 2.20946957605615e-08, -1.2159647705573e-08, -9.36863875697549e-05, 
14491, 0, 7.25757614685249e-06, -0.0530111813222845, 7.25757614684921e-06, 9.69987160709263e-06, 0.0530111813222845, 1.27183128650524e-05, 1.72559331567376e-05, -0.00740416678745018, 7.28324188893104e-06, -0.0530250467709837, 7.28324188892777e-06, 9.61235771653105e-06, 0.0530250467709837, 1.26963740222164e-05, 1.72682396297296e-05, -0.00731048372182582, -2.56657420896229e-08, 1.38654486991406e-05, -2.56657420896246e-08, 8.7513890569503e-08, -1.38654486991406e-05, 2.19388429195024e-08, -1.2306473004927e-08, -9.36830656243711e-05, 
14491, 7, 7.14628400064042e-06, -0.0530137477855491, 7.14628400063671e-06, 9.67840172366241e-06, 0.0530137477855491, 1.35321695735769e-05, 1.66676952980521e-05, -0.00740415802383081, 7.17221040776893e-06, -0.0530276058205863, 7.17221040776544e-06, 9.58691478602618e-06, 0.0530276058205863, 1.35115255467983e-05, 1.66822329450379e-05, -0.00731047528930132, -2.592640707205e-08, 1.38580350371427e-05, -2.59264070720501e-08, 9.14869376410814e-08, -1.38580350371427e-05, 2.06440270886917e-08, -1.45376470371938e-08, -9.36827345294838e-05, 
14492, 0, 7.12946565118204e-06, -0.0530137519116666, 7.12946565117855e-06, 9.68718088181821e-06, 0.0530137519116666, 1.35207411972843e-05, 1.66819081901241e-05, -0.00740415078954041, 7.15534438383998e-06, -0.0530276091736306, 7.15534438383606e-06, 9.59759614328172e-06, 0.0530276091736306, 1.35000735518563e-05, 1.66971181800074e-05, -0.00731047253932499, -2.58787326706089e-08, 1.38572619641926e-05, -2.58787326706174e-08, 8.95847385172994e-08, -1.38572619641926e-05, 2.06676455574123e-08, -1.52099898877255e-08, -9.36782502154044e-05, 
14492, 7, 7.05280717509766e-06, -0.0530155431731572, 7.05280717509417e-06, 9.64199654313616e-06, 0.0530155431731572, 1.44567687285807e-05, 1.57455849602153e-05, -0.00740400182215032, 7.07499441375534e-06, -0.053029397691932, 7.0749944137523e-06, 9.55171990423046e-06, 0.053029397691932, 1.44366082566218e-05, 1.57621867387268e-05, -0.00731031858779307, -2.21872386141065e-08, 1.3854518774898e-05, -2.21872386141066e-08, 9.02766389178833e-08, -1.38545187748981e-05, 2.01604720295237e-08, -1.66017785508948e-08, -9.36832343572524e-05, 
14493, 0, 7.03586641591096e-06, -0.0530155347175213, 7.03586641590725e-06, 9.65068545826998e-06, 0.0530155347175213, 1.44449526322771e-05, 1.57558301168679e-05, -0.00740399391395825, 7.05900263577192e-06, -0.0530293886175611, 7.05900263576844e-06, 9.56131908877323e-06, 0.0530293886175611, 1.44249683290742e-05, 1.57731005269703e-05, -0.00731031334792362, -2.31362198917235e-08, 1.38539000400979e-05, -2.31362198917235e-08, 8.93663695058235e-08, -1.38539000400979e-05, 1.99843030768286e-08, -1.72704100557308e-08, -9.36805660346295e-05, 
14493, 7, 7.04228942857558e-06, -0.0530170028164185, 7.04228942857231e-06, 9.58400514493413e-06, 0.0530170028164185, 1.50472298746678e-05, 1.46017856809133e-05, -0.00740338564782395, 7.06610864374125e-06, -0.0530308543241719, 7.06610864373819e-06, 9.49727383449842e-06, 0.0530308543241719, 1.50257379937959e-05, 1.46206765388563e-05, -0.00730970195256703, -2.3819215198141e-08, 1.3851507753572e-05, -2.38192151981444e-08, 8.67313104523256e-08, -1.3851507753572e-05, 2.14918809968512e-08, -1.88908579154705e-08, -9.36836952569232e-05, 
14494, 0, 7.02605788232256e-06, -0.0530169942061059, 7.02605788231885e-06, 9.59176101371707e-06, 0.0530169942061059, 1.50290431089611e-05, 1.46101549436677e-05, -0.00740337414002384, 7.05025098457115e-06, -0.0530308450872084, 7.05025098456744e-06, 9.50665745516312e-06, 0.0530308450872084, 1.50073590956968e-05, 1.46292437365721e-05, -0.00730969344767418, -2.41931022573222e-08, 1.38508811025977e-05, -2.41931022573205e-08, 8.51035585584063e-08, -1.38508811025977e-05, 2.16840130389604e-08, -1.90887928720336e-08, -9.36806923496682e-05, 
14494, 7, 7.05365687023097e-06, -0.0530189542241463, 7.05365687022792e-06, 9.52805926203899e-06, 0.0530189542241463, 1.4877511998485e-05, 1.34238615640975e-05, -0.0074023716216435, 7.07011782000111e-06, -0.0530328054390389, 7.07011781999871e-06, 9.44051606073211e-06, 0.0530328054390389, 1.48559903613053e-05, 1.3440066758695e-05, -0.0073086903773492, -1.64609497988233e-08, 1.38512148927826e-05, -1.64609497988232e-08, 8.75432012804342e-08, -1.38512148927826e-05, 2.15216371758086e-08, -1.6205194589627e-08, -9.36812442942555e-05, 
14495, 0, 7.03810454917717e-06, -0.0530189571612684, 7.03810454917324e-06, 9.53585404108397e-06, 0.0530189571612684, 1.48514597929597e-05, 1.34348517371287e-05, -0.0074023583651708, 7.05408237139426e-06, -0.0530328067000162, 7.05408237139077e-06, 9.44957428679132e-06, 0.0530328067000162, 1.48302475798903e-05, 1.3450680134506e-05, -0.00730867970192777, -1.59778221822356e-08, 1.3849538747983e-05, -1.59778221822391e-08, 8.62797543129036e-08, -1.3849538747983e-05, 2.12122130625854e-08, -1.58283973816237e-08, -9.36786632430238e-05, 
14495, 7, 6.8889733120045e-06, -0.0530220794241334, 6.88897331200101e-06, 9.39375639647198e-06, 0.0530220794241334, 1.39713885030662e-05, 1.2648592632674e-05, -0.00740142820652866, 6.90683216101523e-06, -0.0530359292946147, 6.90683216101131e-06, 9.31443580226752e-06, 0.0530359292946147, 1.39497762624771e-05, 1.26610203811855e-05, -0.00730775871899612, -1.78588490193589e-08, 1.38498704811501e-05, -1.7858849019364e-08, 7.93205941769066e-08, -1.38498704811501e-05, 2.16122405816642e-08, -1.24277485237043e-08, -9.36694875325349e-05, 
14496, 0, 6.86946961923876e-06, -0.0530220929129616, 6.86946961923569e-06, 9.40295241730426e-06, 0.0530220929129616, 1.39402039298239e-05, 1.26646345570344e-05, -0.00740141914806881, 6.88880219569795e-06, -0.0530359416136519, 6.88880219569403e-06, 9.32361911296407e-06, 0.053035941613652, 1.39187125845266e-05, 1.26771409499465e-05, -0.00730775196573747, -1.93325764865637e-08, 1.384870069041e-05, -1.93325764865588e-08, 7.93333043596474e-08, -1.384870069041e-05, 2.14913452478377e-08, -1.25063928985103e-08, -9.36671823313729e-05, 
14496, 7, 6.39372974430195e-06, -0.0530263146262313, 6.39372974429868e-06, 9.21063661806399e-06, 0.0530263146262313, 1.27678561217928e-05, 1.25364771704137e-05, -0.00740103842234403, 6.41571548546484e-06, -0.0530401549019084, 6.415715485462e-06, 9.13038004435017e-06, 0.0530401549019084, 1.27506908357342e-05, 1.25448447385552e-05, -0.0073073726331306, -2.19857411660875e-08, 1.38402756772e-05, -2.1985741166084e-08, 8.02565737270832e-08, -1.38402756772e-05, 1.71652861770321e-08, -8.36756819236383e-09, -9.36657892134347e-05, 
14497, 0, 6.37223213520226e-06, -0.0530263325224792, 6.37223213519835e-06, 9.21802544072362e-06, 0.0530263325224792, 1.27366128971242e-05, 1.2557821843523e-05, -0.00740103371313945, 6.39503416518239e-06, -0.053040172560336, 6.39503416517826e-06, 9.13975834022101e-06, 0.053040172560336, 1.27195106098209e-05, 1.25667627593286e-05, -0.00730737189512828, -2.2802030027492e-08, 1.38400378565583e-05, -2.2802030027492e-08, 7.82671005092447e-08, -1.38400378565583e-05, 1.71022872366256e-08, -8.94091576669999e-09, -9.36618180111716e-05, 
14497, 7, 5.67050511129876e-06, -0.0530308228457231, 5.67050511129573e-06, 9.13769378979988e-06, 0.0530308228457231, 1.19098195119351e-05, 1.28491083695493e-05, -0.00740115015267948, 5.70295519404017e-06, -0.0530446558578708, 5.70295519403689e-06, 9.05645673825428e-06, 0.0530446558578708, 1.18921759651351e-05, 1.28570171178034e-05, -0.0073074828324768, -3.2450082740878e-08, 1.38330121474e-05, -3.24500827408798e-08, 8.12370515431424e-08, -1.38330121474e-05, 1.76435467393168e-08, -7.90874830182176e-09, -9.3667320202671e-05, 
14498, 0, 5.64898544000401e-06, -0.0530308393146559, 5.64898544000052e-06, 9.14691925891205e-06, 0.0530308393146559, 1.18828888882507e-05, 1.28735341474456e-05, -0.00740114920112115, 5.68183611885452e-06, -0.0530446712356638, 5.68183611885102e-06, 9.06645651434698e-06, 0.0530446712356638, 1.18653064292652e-05, 1.28814671105646e-05, -0.00730748449427596, -3.28506788544903e-08, 1.38319210080061e-05, -3.28506788544954e-08, 8.0462744557999e-08, -1.38319210080061e-05, 1.75824589107912e-08, -7.93296309996069e-09, -9.36647068452108e-05, 
14498, 7, 5.11739556115828e-06, -0.0530348062332576, 5.1173955611548e-06, 9.31747407776793e-06, 0.0530348062332576, 1.16546593906659e-05, 1.31752098158548e-05, -0.00740138182520216, 5.15593416606464e-06, -0.0530486338506754, 5.15593416606139e-06, 9.23904343460103e-06, 0.0530486338506754, 1.16366224956536e-05, 1.31854203928475e-05, -0.00730771717528666, -3.85386049262414e-08, 1.38276174179644e-05, -3.85386049262429e-08, 7.84306431925273e-08, -1.38276174179643e-05, 1.80368949532516e-08, -1.02105769867999e-08, -9.36646499155081e-05, 
14499, 0, 5.09733376553826e-06, -0.0530348165868033, 5.09733376553499e-06, 9.32749624095537e-06, 0.0530348165868033, 1.16307387012432e-05, 1.31984779745911e-05, -0.00740138061398826, 5.13681807063488e-06, -0.0530486434157829, 5.13681807063119e-06, 9.2502861447602e-06, 0.0530486434157829, 1.16126266113419e-05, 1.32089957467146e-05, -0.00730771869065139, -3.94843051088572e-08, 1.38268289795885e-05, -3.9484305108859e-08, 7.72100961781665e-08, -1.38268289795885e-05, 1.81120898126346e-08, -1.05177721692369e-08, -9.366192333688e-05, 
14499, 7, 4.88388944679807e-06, -0.0530382254377789, 4.88388944679479e-06, 9.64975687143729e-06, 0.0530382254377789, 1.1700913284807e-05, 1.33132607586953e-05, -0.00740142917395306, 4.93340052879866e-06, -0.0530520546014024, 4.93340052879518e-06, 9.56745390575831e-06, 0.0530520546014024, 1.16794232375894e-05, 1.33273636088207e-05, -0.00730776279974229, -4.95110820484256e-08, 1.38291636236658e-05, -4.9511082048429e-08, 8.23029656835251e-08, -1.38291636236658e-05, 2.14900471362785e-08, -1.41028501186792e-08, -9.36663742107493e-05, 
14500, 0, 4.8662326665567e-06, -0.0530382329085068, 4.86623266655343e-06, 9.66056429742385e-06, 0.0530382329085068, 1.16775681415285e-05, 1.33355294309169e-05, -0.00740142861052076, 4.91591028747286e-06, -0.0530520603657079, 4.91591028746959e-06, 9.57861124472684e-06, 0.0530520603657079, 1.1655895947259e-05, 1.33496137038883e-05, -0.00730776260244253, -4.96776209097017e-08, 1.3827457201305e-05, -4.96776209096984e-08, 8.19530526909879e-08, -1.3827457201305e-05, 2.16721942721359e-08, -1.4084273006538e-08, -9.36660080782064e-05, 
14500, 7, 4.91737033458616e-06, -0.0530414446028791, 4.91737033458333e-06, 9.97182790408765e-06, 0.0530414446028791, 1.19224990875706e-05, 1.33564429221511e-05, -0.00740121303337069, 4.97334824650213e-06, -0.0530552788533701, 4.97334824649886e-06, 9.89390099073841e-06, 0.0530552788533701, 1.18991229300087e-05, 1.33736802830529e-05, -0.00730754385951576, -5.59779119238696e-08, 1.38342504910691e-05, -5.59779119238712e-08, 7.79269133527867e-08, -1.38342504910691e-05, 2.33761575083869e-08, -1.72373608895101e-08, -9.36691738549718e-05, 
14501, 0, 4.90168879348671e-06, -0.0530414484789082, 4.90168879348322e-06, 9.98167714344888e-06, 0.0530414484789082, 1.19009753099557e-05, 1.33772198122612e-05, -0.00740120947090624, 4.95729420440754e-06, -0.0530552814019352, 4.95729420440428e-06, 9.90475698152718e-06, 0.0530552814019352, 1.18776877162007e-05, 1.3394943841756e-05, -0.00730754179419264, -5.56054109145643e-08, 1.38329230270709e-05, -5.5605410914566e-08, 7.69201619313643e-08, -1.38329230270709e-05, 2.32875936859696e-08, -1.77240294192787e-08, -9.36676767135897e-05, 
14501, 7, 5.17570918101008e-06, -0.0530449129381782, 5.1757091810068e-06, 1.03008452563111e-05, 0.0530449129381782, 1.2443596449185e-05, 1.34951660467565e-05, -0.00740092939940634, 5.23666352678881e-06, -0.0530587507400098, 5.23666352678553e-06, 1.02307122642968e-05, 0.0530587507400098, 1.24204398873517e-05, 1.35127144045204e-05, -0.00730726451303773, -6.09543457911524e-08, 1.38378018316493e-05, -6.09543457911576e-08, 7.01329920305505e-08, -1.38378018316493e-05, 2.3156561720088e-08, -1.75483577670513e-08, -9.36648863686223e-05, 
14502, 0, 5.16110229319186e-06, -0.0530449178628063, 5.16110229318858e-06, 1.03122361088014e-05, 0.0530449178628063, 1.24235383383469e-05, 1.35181749336314e-05, -0.00740092593331497, 5.22125425354168e-06, -0.0530587537274852, 5.22125425353819e-06, 1.02415814397238e-05, 0.0530587537274852, 1.24003802316616e-05, 1.3534698236799e-05, -0.00730726288061949, -6.0151960302658e-08, 1.38358646788648e-05, -6.01519603026581e-08, 7.06546690666193e-08, -1.38358646788648e-05, 2.31581067945748e-08, -1.65233031712699e-08, -9.3663052695467e-05, 
14502, 7, 5.68026207951769e-06, -0.0530493613008627, 5.68026207951399e-06, 1.07380622658394e-05, 0.0530493613008627, 1.32582734106167e-05, 1.37509290043568e-05, -0.00740087310821218, 5.73631421841259e-06, -0.0530631945739517, 5.73631421840845e-06, 1.0654700338637e-05, 0.0530631945739517, 1.32339038326092e-05, 1.37608704885863e-05, -0.00730720306021985, -5.60521388513799e-08, 1.38332730889418e-05, -5.60521388513815e-08, 8.33619272072706e-08, -1.38332730889418e-05, 2.43695780029578e-08, -9.94148428438511e-09, -9.36700479923349e-05, 
14503, 0, 5.66570099357199e-06, -0.0530493699530533, 5.66570099356828e-06, 1.07475040261441e-05, 0.0530493699530533, 1.32396093688713e-05, 1.377388992027e-05, -0.0074008716602989, 5.72148349621406e-06, -0.0530632015292638, 5.7214834962108e-06, 1.06664128324865e-05, 0.0530632015292638, 1.3215286468436e-05, 1.37841300300594e-05, -0.00730720248865452, -5.57825026362669e-08, 1.38315762101854e-05, -5.57825026362601e-08, 8.10911936743446e-08, -1.38315762101854e-05, 2.43229004234582e-08, -1.0240109742296e-08, -9.36691716443875e-05, 
14503, 7, 6.33896115174341e-06, -0.0530549979979959, 6.33896115174017e-06, 1.11384749450693e-05, 0.0530549979979959, 1.4409360939063e-05, 1.37991846972678e-05, -0.0074011971080948, 6.40045221231939e-06, -0.0530688237860585, 6.40045221231612e-06, 1.10513632239165e-05, 0.0530688237860585, 1.43813698537856e-05, 1.38058643014883e-05, -0.00730752280841794, -6.14910605868884e-08, 1.38257880625317e-05, -6.1491060586892e-08, 8.71117211842258e-08, -1.38257880625318e-05, 2.79910852718225e-08, -6.67960421644615e-09, -9.36742996768766e-05, 
14504, 0, 6.32427304131292e-06, -0.0530550094559233, 6.32427304130923e-06, 1.11503559960464e-05, 0.0530550094559233, 1.43915392479281e-05, 1.38234303468526e-05, -0.00740119547953531, 6.38506465539129e-06, -0.0530688340123475, 6.3850646553874e-06, 1.10632794481748e-05, 0.0530688340123475, 1.43635567547839e-05, 1.38295851209657e-05, -0.0073075238165118, -6.07916140782219e-08, 1.38245564240146e-05, -6.07916140782133e-08, 8.70765478357859e-08, -1.38245564240146e-05, 2.79824930976314e-08, -6.15477409607424e-09, -9.36716630234814e-05, 
14504, 7, 7.10993259765487e-06, -0.0530613608853504, 7.10993259765116e-06, 1.1328885936653e-05, 0.0530613608853504, 1.57009801556852e-05, 1.33519618109223e-05, -0.0074018424574504, 7.1678750021885e-06, -0.0530751752673944, 7.16787500218569e-06, 1.12448644104199e-05, 0.0530751752673944, 1.56698308631363e-05, 1.3357674205018e-05, -0.00730817450130777, -5.79424045579099e-08, 1.38143820440326e-05, -5.79424045579084e-08, 8.40215262311749e-08, -1.38143820440326e-05, 3.11492926053908e-08, -5.71239416873508e-09, -9.3667956142631e-05, 
14505, 0, 7.09423151663817e-06, -0.0530613727309121, 7.09423151663491e-06, 1.13414023154538e-05, 0.0530613727309121, 1.56841797227921e-05, 1.33753537563933e-05, -0.00740184146743963, 7.15278040707054e-06, -0.053075185803803, 7.15278040706686e-06, 1.12569760951356e-05, 0.053075185803803, 1.56528481008483e-05, 1.33811241349007e-05, -0.00730817581662845, -5.85488903864015e-08, 1.3813072890746e-05, -5.85488903864016e-08, 8.44262203130851e-08, -1.3813072890746e-05, 3.13316219583215e-08, -5.77037851561984e-09, -9.3665650811181e-05, 
14505, 7, 7.91738709903394e-06, -0.0530675436732854, 7.91738709903046e-06, 1.12138596260834e-05, 0.0530675436732854, 1.68335306581542e-05, 1.23945697045135e-05, -0.00740260949815888, 7.97328473652948e-06, -0.0530813514482646, 7.97328473652644e-06, 1.11197086787805e-05, 0.0530813514482646, 1.67976529719566e-05, 1.24038888382883e-05, -0.00730893595709199, -5.58976374979303e-08, 1.38077749790616e-05, -5.58976374979288e-08, 9.4150947316562e-08, -1.38077749790616e-05, 3.58776861966032e-08, -9.31913380636379e-09, -9.36735410668534e-05, 
14506, 0, 7.90214215432601e-06, -0.0530675532796169, 7.9021421543234e-06, 1.1225749938863e-05, 0.0530675532796169, 1.68168158758502e-05, 1.24189773852377e-05, -0.00740260858008893, 7.9581622604276e-06, -0.0530813598636897, 7.95816226042455e-06, 1.11318957716397e-05, 0.0530813598636897, 1.67807435761751e-05, 1.24283121954395e-05, -0.00730893663724082, -5.60201061545822e-08, 1.38065840727527e-05, -5.60201061545772e-08, 9.38541672213307e-08, -1.38065840727527e-05, 3.60722997397935e-08, -9.33481024068892e-09, -9.36719428481018e-05, 
14506, 7, 8.42744204075509e-06, -0.0530728545090357, 8.42744204075204e-06, 1.08138575856937e-05, 0.0530728545090357, 1.73652442090922e-05, 1.12888309318912e-05, -0.00740334665593914, 8.48448170833495e-06, -0.0530866643474523, 8.48448170833193e-06, 1.07122375359489e-05, 0.0530866643474523, 1.73262210506291e-05, 1.13068216524375e-05, -0.00730967354366342, -5.70396675610255e-08, 1.38098384166651e-05, -5.70396675610323e-08, 1.01620049739453e-07, -1.38098384166651e-05, 3.90231584262705e-08, -1.79907205611625e-08, -9.36731122757343e-05, 
14507, 0, 8.41180703848811e-06, -0.0530728593247361, 8.41180703848506e-06, 1.08253216595463e-05, 0.0530728593247361, 1.73476330681166e-05, 1.131432024507e-05, -0.00740334528247133, 8.46839166944443e-06, -0.0530866683750408, 8.46839166944053e-06, 1.07247332493447e-05, 0.0530866683750408, 1.73085256941068e-05, 1.13324187302497e-05, -0.00730967408755188, -5.65846309279815e-08, 1.38090503047907e-05, -5.65846309279817e-08, 1.00588410200991e-07, -1.38090503047907e-05, 3.91073739261752e-08, -1.80984851550484e-08, -9.36711949194628e-05, 
14507, 7, 8.34022718818943e-06, -0.053076886638757, 8.34022718818594e-06, 1.03477339949514e-05, 0.053076886638757, 1.70645220292255e-05, 1.06016229148705e-05, -0.00740395511389762, 8.40234230260265e-06, -0.0530907017955342, 8.40234230259937e-06, 1.02558251455687e-05, 0.0530907017955342, 1.70258930082908e-05, 1.06262576574208e-05, -0.00731028668638188, -6.21151144419268e-08, 1.38151567773156e-05, -6.21151144419318e-08, 9.19088493752885e-08, -1.38151567773156e-05, 3.86290208955454e-08, -2.46347426442904e-08, -9.36684275157465e-05, 
14508, 0, 8.32214900396843e-06, -0.0530768862718994, 8.3221490039654e-06, 1.03601618880963e-05, 0.0530768862718994, 1.70457222387334e-05, 1.06284043403594e-05, -0.00740395361089981, 8.38509292511048e-06, -0.0530907002689079, 8.38509292510746e-06, 1.02688319519147e-05, 0.0530907002689079, 1.70070802276259e-05, 1.06531011049438e-05, -0.00731028646950556, -6.29439211913124e-08, 1.38139970084972e-05, -6.29439211913072e-08, 9.13299361801784e-08, -1.38139970084972e-05, 3.86420111675534e-08, -2.46967645953507e-08, -9.36671413942609e-05, 
14508, 7, 7.80972058429623e-06, -0.0530794638851145, 7.80972058429254e-06, 1.01315347983076e-05, 0.0530794638851145, 1.61718205275908e-05, 1.06267135449196e-05, -0.00740409891709274, 7.86746776085742e-06, -0.0530932771678393, 7.86746776085416e-06, 1.00356487406488e-05, 0.0530932771678393, 1.61374853441127e-05, 1.06508145506143e-05, -0.00731042286030242, -5.77471765790135e-08, 1.38132827248938e-05, -5.77471765790136e-08, 9.5886057662982e-08, -1.38132827248938e-05, 3.43351835848567e-08, -2.41010056825256e-08, -9.36760567903184e-05, 
14509, 0, 7.79186527729207e-06, -0.0530794598275333, 7.79186527728903e-06, 1.01447515220489e-05, 0.0530794598275333, 1.61517928006356e-05, 1.06545509944786e-05, -0.00740409493240103, 7.84957375153479e-06, -0.0530932720485955, 7.84957375153133e-06, 1.00486815123526e-05, 0.0530932720485955, 1.61174605981215e-05, 1.06782333215359e-05, -0.00731042086389082, -5.77084742825895e-08, 1.38122210621623e-05, -5.77084742825861e-08, 9.60700097023734e-08, -1.38122210621623e-05, 3.43322024750997e-08, -2.36823270143169e-08, -9.36740685101842e-05, 
14509, 7, 7.06394489328392e-06, -0.0530812228542545, 7.0639448932811e-06, 1.02718390842861e-05, 0.0530812228542545, 1.51026833357992e-05, 1.11968977343624e-05, -0.00740365794430685, 7.12123476972479e-06, -0.0530950388365589, 7.12123476972133e-06, 1.01741988754955e-05, 0.0530950388365589, 1.50717499451783e-05, 1.12145599002023e-05, -0.00730997884884788, -5.72898764385955e-08, 1.38159823043869e-05, -5.72898764385919e-08, 9.76402087792651e-08, -1.38159823043869e-05, 3.09333904933588e-08, -1.76621658700277e-08, -9.36790954589794e-05, 
14510, 0, 7.04549001011211e-06, -0.0530812182005005, 7.04549001010907e-06, 1.02843514202756e-05, 0.0530812182005005, 1.50815230067831e-05, 1.12237150850569e-05, -0.00740365256112448, 7.1026829866713e-06, -0.0530950331618296, 7.10268298666805e-06, 1.01865464303165e-05, 0.0530950331618296, 1.50505888229822e-05, 1.12410750090247e-05, -0.00730997558181653, -5.71929765490516e-08, 1.38149613291201e-05, -5.71929765490481e-08, 9.78049899504839e-08, -1.38149613291201e-05, 3.09341837358701e-08, -1.73599240465556e-08, -9.36769793079167e-05, 
14510, 7, 6.23850846905374e-06, -0.0530832526695897, 6.23850846904964e-06, 1.06617558549511e-05, 0.0530832526695897, 1.4193080768085e-05, 1.17361609193953e-05, -0.00740297162568411, 6.29740497384109e-06, -0.0530970682942386, 6.29740497383804e-06, 1.05651384783535e-05, 0.0530970682942386, 1.41641957858656e-05, 1.17471769367079e-05, -0.00730929253534994, -5.88965047549879e-08, 1.38156246490453e-05, -5.88965047549878e-08, 9.66173765689516e-08, -1.38156246490453e-05, 2.88849822246668e-08, -1.10160173605913e-08, -9.36790903341736e-05, 
14511, 0, 6.21938599514035e-06, -0.0530832494789484, 6.2193859951371e-06, 1.06731255485466e-05, 0.0530832494789484, 1.4171728154193e-05, 1.17604373820076e-05, -0.0074029661890951, 6.2783097595981e-06, -0.0530970641352272, 6.27830975959509e-06, 1.05762017820151e-05, 0.0530970641352272, 1.41430037571643e-05, 1.17712994518265e-05, -0.00730928918009114, -5.89237644561534e-08, 1.38146562787057e-05, -5.89237644561467e-08, 9.69237665476066e-08, -1.38146562787057e-05, 2.8724397040372e-08, -1.08620698389158e-08, -9.36770090039773e-05, 
14511, 7, 5.57016239886938e-06, -0.0530860097205917, 5.57016239886568e-06, 1.10377367862779e-05, 0.0530860097205917, 1.38518276853079e-05, 1.14964342593586e-05, -0.00740233220108221, 5.63281444359354e-06, -0.0530998244116834, 5.63281444359048e-06, 1.09329628531379e-05, 0.0530998244116834, 1.38231806119713e-05, 1.15048641433888e-05, -0.00730866010840748, -6.26520446927815e-08, 1.38146910918033e-05, -6.2652044692785e-08, 1.04773933141113e-07, -1.38146910918033e-05, 2.86470732926258e-08, -8.42988400171029e-09, -9.3672092674727e-05, 
14512, 0, 5.55099547400399e-06, -0.0530860079829185, 5.55099547400074e-06, 1.10477883044498e-05, 0.0530860079829185, 1.3832836912918e-05, 1.15180258700208e-05, -0.00740232680469587, 5.61389624491935e-06, -0.0530998217315657, 5.61389624491565e-06, 1.09423832569915e-05, 0.0530998217315657, 1.38041562278398e-05, 1.15262997316223e-05, -0.00730865710846702, -6.29007708959013e-08, 1.38137486472895e-05, -6.29007708958964e-08, 1.05405047465786e-07, -1.38137486472895e-05, 2.86806850248905e-08, -8.27386161201938e-09, -9.36696962288602e-05, 
14512, 7, 5.35080812668274e-06, -0.0530891848291059, 5.3508081266797e-06, 1.10568291686014e-05, 0.0530891848291059, 1.43890616250044e-05, 1.02143794572421e-05, -0.00740190482448532, 5.42059897286663e-06, -0.0531030009116672, 5.42059897286317e-06, 1.09541311318063e-05, 0.0531030009116672, 1.43578516074177e-05, 1.02278927780457e-05, -0.00730823782488226, -6.97908461766033e-08, 1.3816082561245e-05, -6.97908461765998e-08, 1.02698036781678e-07, -1.3816082561245e-05, 3.12100174528707e-08, -1.35133208659016e-08, -9.36669996030701e-05, 
14513, 0, 5.33297688823327e-06, -0.0530891833684196, 5.33297688822999e-06, 1.10648366392554e-05, 0.0530891833684196, 1.43741115379703e-05, 1.02349104247301e-05, -0.00740190067469075, 5.40276725813015e-06, -0.053102998556097, 5.40276725812624e-06, 1.09623330093701e-05, 0.053102998556097, 1.43427908922081e-05, 1.02484593935614e-05, -0.00730823549660544, -6.97903699260694e-08, 1.38151876773569e-05, -6.97903699260659e-08, 1.02503629898279e-07, -1.38151876773569e-05, 3.13206457693745e-08, -1.35489688414122e-08, -9.36651780853061e-05, 
14513, 7, 5.71265852360015e-06, -0.0530923256002537, 5.71265852359622e-06, 1.066985452246e-05, 0.0530923256002537, 1.5675126472842e-05, 8.41498875699336e-06, -0.00740172538710381, 5.78121141598232e-06, -0.0531061435805128, 5.78121141597864e-06, 1.05617087465607e-05, 0.0531061435805128, 1.56407063915451e-05, 8.43456840239494e-06, -0.00730805701100782, -6.85528923934695e-08, 1.38179802591707e-05, -6.85528923934645e-08, 1.08145775930232e-07, -1.38179802591707e-05, 3.44200812210127e-08, -1.957964538036e-08, -9.36683760959691e-05, 
14514, 0, 5.69591336842737e-06, -0.053092324089209, 5.69591336842324e-06, 1.06784456998849e-05, 0.053092324089209, 1.56641646536843e-05, 8.43756802211793e-06, -0.00740172111335748, 5.76503731041125e-06, -0.0531061410935731, 5.76503731040799e-06, 1.05701048266279e-05, 0.0531061410935731, 1.56295159809727e-05, 8.4571306939477e-06, -0.00730805529300745, -6.91239420151149e-08, 1.38170043642414e-05, -6.91239420151099e-08, 1.08340873265418e-07, -1.38170043642414e-05, 3.46486726573931e-08, -1.95626717636276e-08, -9.36658203500638e-05, 
14514, 7, 6.46441844565099e-06, -0.0530954084209821, 6.46441844564728e-06, 1.01294513589747e-05, 0.0530954084209821, 1.71342321411445e-05, 6.9919607097947e-06, -0.00740158112505039, 6.54602905130717e-06, -0.0531092257418698, 6.54602905130389e-06, 1.00210825109147e-05, 0.0531092257418698, 1.70924728158183e-05, 7.01801937349608e-06, -0.0073079087910156, -8.16106056440431e-08, 1.38173208880946e-05, -8.16106056440449e-08, 1.08368848049595e-07, -1.38173208880946e-05, 4.17593253806552e-08, -2.60586637209298e-08, -9.36723340347726e-05, 
14515, 0, 6.44950688866707e-06, -0.0530954076109302, 6.44950688866406e-06, 1.01397427335524e-05, 0.0530954076109302, 1.71247412920752e-05, 7.01840176285431e-06, -0.00740157718836041, 6.53103292508388e-06, -0.0531092237972465, 6.53103292508041e-06, 1.00309849972967e-05, 0.0531092237972465, 1.70828965299582e-05, 7.04432345651318e-06, -0.00730790707108114, -8.15260364110804e-08, 1.38161863164331e-05, -8.15260364110804e-08, 1.08757736251825e-07, -1.38161863164331e-05, 4.1844762045171e-08, -2.59216936640107e-08, -9.36701172792409e-05, 
14515, 7, 7.20523299584662e-06, -0.0530987794118745, 7.20523299584358e-06, 9.81742917825036e-06, 0.0530987794118745, 1.79803931596713e-05, 6.50985503549282e-06, -0.00740126028841521, 7.29353402226879e-06, -0.0531125956941951, 7.29353402226554e-06, 9.71483748988744e-06, 0.0531125956941951, 1.79346594519106e-05, 6.53503468708939e-06, -0.00730759024209368, -8.83010264128295e-08, 1.38162823205897e-05, -8.83010264128279e-08, 1.02591688332015e-07, -1.38162823205897e-05, 4.57337078418473e-08, -2.51796515728444e-08, -9.3670046321528e-05, 
14516, 0, 7.18968380363092e-06, -0.0530987794513162, 7.18968380362832e-06, 9.82895418450875e-06, 0.0530987794513162, 1.79700993442615e-05, 6.53944887727027e-06, -0.0074012559037865, 7.27854111627795e-06, -0.0531125946295206, 7.27854111627512e-06, 9.72647815072604e-06, 0.0531125946295206, 1.79243123107135e-05, 6.56428502062677e-06, -0.00730758836283889, -8.88573126720741e-08, 1.38151782043524e-05, -8.88573126720722e-08, 1.02476033786496e-07, -1.38151782043524e-05, 4.57870335976655e-08, -2.48361433678765e-08, -9.36675409475973e-05, 
14516, 7, 7.44450325043084e-06, -0.0531027791067595, 7.44450325042737e-06, 9.76243452130898e-06, 0.0531027791067595, 1.7778370685848e-05, 6.7229258641096e-06, -0.0074008685071011, 7.53159113641021e-06, -0.0531165935391808, 7.53159113640738e-06, 9.66029781929011e-06, 0.0531165935391808, 1.77329651711573e-05, 6.7414201279785e-06, -0.00730720701714995, -8.708788599831e-08, 1.38144324213453e-05, -8.70878859983086e-08, 1.02136702021779e-07, -1.38144324213453e-05, 4.54055145657655e-08, -1.84942638254535e-08, -9.3661489951129e-05, 
14517, 0, 7.42868555150506e-06, -0.0531027798248587, 7.4286855515018e-06, 9.77441988093581e-06, 0.0531027798248587, 1.7766075073627e-05, 6.75279081001556e-06, -0.0074008647086491, 7.51569383921461e-06, -0.0531165936136055, 7.51569383921179e-06, 9.67244441606771e-06, 0.0531165936136055, 1.7720786901917e-05, 6.77100956084545e-06, -0.00730720538920388, -8.70082877124059e-08, 1.38137887466581e-05, -8.70082877124025e-08, 1.01975464886947e-07, -1.38137887466581e-05, 4.52881716777081e-08, -1.82187507868773e-08, -9.36593194452024e-05, 
14517, 7, 6.96912538481195e-06, -0.0531076922295214, 6.96912538480868e-06, 9.66591210139327e-06, 0.0531076922295214, 1.68056895562855e-05, 6.95932188259447e-06, -0.00740076545955173, 7.05574461809438e-06, -0.0531215081165066, 7.05574461809088e-06, 9.56948058302805e-06, 0.0531215081165066, 1.67653077794459e-05, 6.97220307131178e-06, -0.00730710677618979, -8.6619233245928e-08, 1.38158869850892e-05, -8.66192332459312e-08, 9.64315183492649e-08, -1.38158869850892e-05, 4.03817768783355e-08, -1.2881188803487e-08, -9.36586833619177e-05, 
14518, 0, 6.95207818874107e-06, -0.05310769418589, 6.95207818873801e-06, 9.67805065005693e-06, 0.05310769418589, 1.6792636940795e-05, 6.98747412382265e-06, -0.00740076107727423, 7.03917497054335e-06, -0.0531215094518952, 7.03917497053988e-06, 9.58066946746728e-06, 0.0531215094518952, 1.6752360956088e-05, 6.99990525429389e-06, -0.00730710584036992, -8.70967818106483e-08, 1.3815266004905e-05, -8.70967818106481e-08, 9.73811825986385e-08, -1.3815266004905e-05, 4.02759845761809e-08, -1.24311304532513e-08, -9.36552369043299e-05, 
14518, 7, 6.08185072836331e-06, -0.0531135303646654, 6.08185072836005e-06, 9.39510676504614e-06, 0.0531135303646654, 1.59133400805842e-05, 6.85242395740433e-06, -0.00740113856478338, 6.16909363384e-06, -0.0531273415605676, 6.16909363383587e-06, 9.30103880850165e-06, 0.0531273415605676, 1.58799433090226e-05, 6.86451264836855e-06, -0.0073074902432866, -8.72429055032805e-08, 1.38111959024461e-05, -8.72429055032807e-08, 9.40679565350927e-08, -1.38111959024461e-05, 3.33967718489539e-08, -1.20886909695925e-08, -9.36483214967467e-05, 
14519, 0, 6.06584377330151e-06, -0.0531135332086413, 6.06584377329847e-06, 9.40546190010635e-06, 0.0531135332086413, 1.5901108064236e-05, 6.87846644338203e-06, -0.00740113592008571, 6.15283494987108e-06, -0.0531273435572273, 6.15283494986783e-06, 9.31064183685719e-06, 0.0531273435572273, 1.58678755118671e-05, 6.89034435433792e-06, -0.00730748983517869, -8.69911765445495e-08, 1.3810348586015e-05, -8.69911765445442e-08, 9.48200632755158e-08, -1.3810348586015e-05, 3.32325523740978e-08, -1.18779110000046e-08, -9.36460849070108e-05, 
14519, 7, 5.34837823704269e-06, -0.053119755298041, 5.3483782370392e-06, 8.96082083719676e-06, 0.053119755298041, 1.57903910542234e-05, 6.43693496065022e-06, -0.00740181584847944, 5.43963157565644e-06, -0.0531335656485403, 5.43963157565276e-06, 8.85871847538258e-06, 0.0531335656485403, 1.57618420414713e-05, 6.45145908669714e-06, -0.00730817766838691, -9.1253338664804e-08, 1.38103504993624e-05, -9.12533386648024e-08, 1.02102361799478e-07, -1.38103504993624e-05, 2.85490128030039e-08, -1.45241260930796e-08, -9.36381800925166e-05, 
14520, 0, 5.33348005688509e-06, -0.0531197587117403, 5.33348005688113e-06, 8.96786903050336e-06, 0.0531197587117403, 1.57798405157047e-05, 6.46174286585403e-06, -0.00740181497730851, 5.42454154919411e-06, -0.0531335673695394, 5.42454154919084e-06, 8.86699414081115e-06, 0.0531335673695394, 1.57513799862428e-05, 6.47683170006286e-06, -0.007308177397052, -9.10614923361044e-08, 1.3808657799058e-05, -9.10614923360976e-08, 1.00874889705258e-07, -1.3808657799058e-05, 2.84605295920506e-08, -1.50888342654019e-08, -9.36375802565127e-05, 
14520, 7, 5.09562709487622e-06, -0.0531256743451882, 5.09562709487295e-06, 8.46977847461371e-06, 0.0531256743451882, 1.6438609479426e-05, 5.94635016297595e-06, -0.007402531752409, 5.19089905429554e-06, -0.0531394821493494, 5.19089905429184e-06, 8.37867201708795e-06, 0.0531394821493494, 1.6410404514994e-05, 5.96563210917777e-06, -0.00730889112856845, -9.52719594177371e-08, 1.38078041615492e-05, -9.52719594177388e-08, 9.11064575205489e-08, -1.38078041615492e-05, 2.8204964335019e-08, -1.92819461828152e-08, -9.36406238405655e-05, 
14521, 0, 5.08102067278819e-06, -0.0531256768500173, 5.08102067278403e-06, 8.477277796512e-06, 0.0531256768500173, 1.6429694644125e-05, 5.97257195479404e-06, -0.00740252983618005, 5.1771529842624e-06, -0.0531394832633161, 5.17715298425913e-06, 8.38660649161932e-06, 0.0531394832633161, 1.64012806545915e-05, 5.99208305203309e-06, -0.00730889080235158, -9.61323114920702e-08, 1.38064132988366e-05, -9.61323114920668e-08, 9.06713048973184e-08, -1.38064132988366e-05, 2.84139892734062e-08, -1.95110972166893e-08, -9.36390338284605e-05, 
14521, 7, 5.24343560016261e-06, -0.0531310089579485, 5.2434356001589e-06, 8.18397329096293e-06, 0.0531310089579485, 1.75156127639504e-05, 5.88497997701831e-06, -0.00740318451450946, 5.34153399628498e-06, -0.0531448198279547, 5.34153399628148e-06, 8.09016488847891e-06, 0.0531448198279548, 1.7484887185269e-05, 5.90563165893914e-06, -0.00730954222780434, -9.80983961272409e-08, 1.38108700062625e-05, -9.8098396127234e-08, 9.38084024656384e-08, -1.38108700062625e-05, 3.07255787454027e-08, -2.06516819773787e-08, -9.36422867051514e-05, 
