physical_step, pseudo_step, CL, CD, CFx, CFy, CFz, CMx, CMy, CMz, CLPressure, CDPressure, CFxPressure, CFyPressure, CFzPressure, CMxPressure, CMyPressure, CMzPressure, CLSkinFriction, CDSkinFriction, CFxSkinFriction, CFySkinFriction, CFzSkinFriction, CMxSkinFriction, CMySkinFriction, CMzSkinFriction, 
0, 0, 2.43810591170669e-07, -0.00508371417394363, 2.43810591172404e-07, 2.88811453016312e-07, 0.00508371417394363, -3.66454486493751e-08, 2.05150010344283e-08, -0.0231677233837018, 2.88659785606921e-07, -0.0117738159660774, 2.88659785605945e-07, 3.74763069383837e-07, 0.0117738159660774, -3.73110576408068e-09, -5.33640977830551e-09, -0.00362239108668295, -4.48491944315629e-08, 0.0066901017921337, -4.48491944311428e-08, -8.59516164356449e-08, -0.0066901017921337, -3.29143428913878e-08, 2.58514108222349e-08, -0.0195453322970187, 
0, 10, -2.27931128370118e-06, -0.203900868590196, -2.27931128371527e-06, 3.53733476614344e-07, 0.203900868590196, 1.74673894281081e-06, 6.56440935547633e-06, -0.0537571823689213, -1.18557474896314e-06, -0.205249806907794, -1.18557474897355e-06, 1.39936273712756e-06, 0.205249806907794, 1.35666425275099e-06, 6.24191119673592e-06, -0.0502001157385087, -1.09373653466104e-06, 0.00134893831759738, -1.09373653466093e-06, -1.04562926054731e-06, -0.00134893831759738, 3.90074689946781e-07, 3.22498158443714e-07, -0.00355706663041271, 
0, 20, -7.11384465696465e-07, -0.155613164841327, -7.11384465707143e-07, 4.23184400585954e-06, 0.155613164841327, -9.7134187956731e-06, 2.45453551567972e-06, -0.0314707484353411, -7.29463271279619e-07, -0.155773058351604, -7.29463271292031e-07, 4.18685109789002e-06, 0.155773058351604, -9.70060214427582e-06, 2.46474774492818e-06, -0.031054306011709, 1.8078805619389e-08, 0.000159893510277294, 1.80788056194026e-08, 4.49929078441716e-08, -0.000159893510277294, -1.28166514556433e-08, -1.02122292390039e-08, -0.000416442423632202, 
0, 26, -1.01635579476604e-06, -0.156086046155005, -1.01635579477921e-06, 4.23484545666593e-07, 0.156086046155005, 9.56762298150662e-07, 1.75168264867493e-07, -0.0314838637012775, -9.92137986925066e-07, -0.15619746251445, -9.92137986934067e-07, 4.30420329364543e-07, 0.15619746251445, 9.47882764894978e-07, 1.71180086780527e-07, -0.0311878997440834, -2.42178079023084e-08, 0.000111416359445825, -2.42178079023008e-08, -6.93578353578259e-09, -0.000111416359445825, 8.87953323563106e-09, 3.9881783102239e-09, -0.000295963957194127, 
1, 0, -1.02477834075066e-06, -0.156096540635086, -1.02477834075873e-06, 3.54000995285076e-07, 0.156096540635086, 9.52412346224691e-07, 2.14968436728965e-07, -0.031476490716438, -1.00287818383487e-06, -0.156204727026478, -1.00287818384382e-06, 3.65346157242328e-07, 0.156204727026478, 9.44133193490322e-07, 2.10154958829173e-07, -0.0311880146611779, -2.19001568995606e-08, 0.000108186391391772, -2.19001568995547e-08, -1.13451620677336e-08, -0.000108186391391772, 8.27915267302421e-09, 4.81347800100362e-09, -0.000288476055259974, 
1, 10, -9.44531267941203e-06, -0.137609197785996, -9.44531267942002e-06, -1.92401442881699e-06, 0.137609197785996, -1.08911890626049e-05, 4.41412302401171e-06, -0.0242658285299572, -9.42861742657337e-06, -0.137713965579851, -9.42861742658045e-06, -1.91600509583762e-06, 0.137713965579851, -1.090219498506e-05, 4.41053265601024e-06, -0.0239875341818738, -1.66952528127778e-08, 0.000104767793854595, -1.66952528127774e-08, -8.00933292271433e-09, -0.000104767793854595, 1.10059224541118e-08, 3.59036798840853e-09, -0.000278294348083371, 
1, 20, 6.33362952196833e-07, -0.107038184333826, 6.33362952191034e-07, -6.42113610666501e-07, 0.107038184333826, -3.59961137804319e-07, -5.00736761600609e-07, -0.0155272173741032, 6.5090083184161e-07, -0.107102446852224, 6.50900831834941e-07, -6.3391839441784e-07, 0.107102446852224, -3.67510863649372e-07, -5.03907300885664e-07, -0.0153316196570707, -1.7537879650535e-08, 6.42625183977013e-05, -1.7537879650535e-08, -8.19521629794596e-09, -6.42625183977013e-05, 7.54972574429112e-09, 3.1705394314639e-09, -0.000195597717032417, 
1, 27, -4.1038370615104e-07, -0.107373285931485, -4.10383706157709e-07, -1.17284033716378e-06, 0.107373285931485, -7.48081749317042e-07, -9.57747271216197e-07, -0.0155465450107125, -3.99002393507186e-07, -0.107421418738063, -3.99002393513414e-07, -1.16858701980041e-06, 0.107421418738063, -7.51647317471199e-07, -9.59783028598845e-07, -0.0153806053390923, -1.13813127119771e-08, 4.81328065780874e-05, -1.13813127119742e-08, -4.25331731817195e-09, -4.81328065780874e-05, 3.56556822938481e-09, 2.03575725893432e-09, -0.000165939671620219, 
2, 0, -3.49445232617093e-07, -0.107359309413354, -3.49445232623782e-07, -1.19258219426563e-06, 0.107359309413354, -7.01716039536307e-07, -9.97392956851386e-07, -0.0155409385692598, -3.3861767526121e-07, -0.107406491822696, -3.3861767526788e-07, -1.18837746854287e-06, 0.107406491822696, -7.0502479766003e-07, -9.99433193774598e-07, -0.0153767440182536, -1.08275573213289e-08, 4.71824093421524e-05, -1.08275573213255e-08, -4.20472574606392e-09, -4.71824093421523e-05, 3.30875815533412e-09, 2.04023693296802e-09, -0.000164194551006158, 
2, 10, -7.30598056902267e-06, -0.0949348004843836, -7.30598056902779e-06, 2.8633547163032e-06, 0.0949348004843836, -1.34250642052154e-05, 8.54944671551019e-06, -0.0118077736889096, -7.2963233725019e-06, -0.0949822489507266, -7.29632337250788e-06, 2.866698830533e-06, 0.0949822489507266, -1.34287035309201e-05, 8.5476783597354e-06, -0.011643535417629, -9.65719652840303e-09, 4.74484663430068e-05, -9.65719652839922e-09, -3.34411429408596e-09, -4.74484663430068e-05, 3.63932578094621e-09, 1.76835582844631e-09, -0.000164238271280565, 
2, 20, -4.90980917849449e-07, -0.0807319834933934, -4.90980917854761e-07, -1.03928127400252e-06, 0.0807319834933934, -1.60750961200812e-06, -1.1103930324143e-06, -0.00859807667096408, -4.773629821031e-07, -0.0807665624496405, -4.77362982107759e-07, -1.03226392071401e-06, 0.0807665624496405, -1.60962163735653e-06, -1.11232686072185e-06, -0.00845183519942842, -1.3617935725727e-08, 3.457895624735e-05, -1.36179357257299e-08, -7.01735331203936e-09, -3.457895624735e-05, 2.11202526032403e-09, 1.93382839088832e-09, -0.000146241471535647, 
2, 26, -8.14868790476834e-07, -0.0810163511495957, -8.14868790481927e-07, -1.12736267283504e-06, 0.0810163511495957, -2.21860817479733e-06, -1.49651489251734e-06, -0.00863859358889286, -8.01925244994222e-07, -0.0810446138790489, -8.01925244998884e-07, -1.12345222982526e-06, 0.0810446138790489, -2.21955281135645e-06, -1.49799631477617e-06, -0.00850295742126896, -1.29435455008849e-08, 2.82627294530048e-05, -1.29435455008815e-08, -3.91044297084858e-09, -2.82627294530048e-05, 9.44636643766173e-10, 1.48142227755176e-09, -0.000135636167623902, 
3, 0, -7.55985125418249e-07, -0.0810117853274448, -7.55985125423129e-07, -1.16804871895462e-06, 0.0810117853274448, -2.14003287690791e-06, -1.61104711355846e-06, -0.00863666460651465, -7.43391395007342e-07, -0.0810394923390256, -7.43391395012438e-07, -1.16397370437883e-06, 0.0810394923390256, -2.1408318167344e-06, -1.61246898222327e-06, -0.00850199368330296, -1.25937304278917e-08, 2.77070115807276e-05, -1.25937304278883e-08, -4.07501453487406e-09, -2.77070115807276e-05, 7.9893978625384e-10, 1.42186865972162e-09, -0.000134670923211704, 
3, 10, -2.90669581362205e-06, -0.0762058803206309, -2.9066958136267e-06, 4.14810040151787e-06, 0.0762058803206309, -8.91174808863037e-06, 5.66128357929357e-06, -0.00747569138441207, -2.89432867213435e-06, -0.0762334687537791, -2.89432867213867e-06, 4.15139865830089e-06, 0.0762334687537791, -8.91234194832127e-06, 5.66000701139679e-06, -0.00734159775343687, -1.23671415171281e-08, 2.75884331481438e-05, -1.23671415171279e-08, -3.2982567833303e-09, -2.75884331481438e-05, 5.93859682462829e-10, 1.27656797378551e-09, -0.00013409363097521, 
3, 20, -9.69901602285177e-07, -0.0737941862987976, -9.69901602289268e-07, -1.0361053581396e-06, 0.0737941862987976, -2.2614022075283e-06, -1.48499607874583e-06, -0.00724960805739686, -9.56796314410683e-07, -0.0738149491486363, -9.56796314415316e-07, -1.03244787928108e-06, 0.0738149491486363, -2.26122405071306e-06, -1.4858844686281e-06, -0.0071261477643828, -1.31052878866925e-08, 2.07628498387337e-05, -1.31052878866923e-08, -3.65747883404554e-09, -2.07628498387337e-05, -1.78156801092583e-10, 8.88390013584909e-10, -0.000123460293014049, 
3, 26, -1.03607138440904e-06, -0.0739316129121978, -1.0360713844128e-06, -1.11709938431149e-06, 0.0739316129121978, -2.51317696253709e-06, -1.70857502704885e-06, -0.00726802877746807, -1.02227111420941e-06, -0.073948929376132, -1.0222711142135e-06, -1.1157195132774e-06, 0.073948929376132, -2.51271107364209e-06, -1.7090690814844e-06, -0.00715079259346227, -1.38002701843347e-08, 1.7316463933982e-05, -1.38002701843273e-08, -1.37987102429382e-09, -1.7316463933982e-05, -4.65888823776338e-10, 4.94054374683825e-10, -0.00011723618400582, 
4, 0, -9.76590548857386e-07, -0.0739318836004082, -9.76590548861259e-07, -1.16964303375623e-06, 0.0739318836004082, -2.42089135093193e-06, -1.83753879438057e-06, -0.00726761934101274, -9.62893390603085e-07, -0.0739488396479839, -9.62893390607388e-07, -1.16778094670368e-06, 0.0739488396479839, -2.42036319747218e-06, -1.83796308228863e-06, -0.00715103656001184, -1.36971582584768e-08, 1.69560475757091e-05, -1.369715825848e-08, -1.8620871132466e-09, -1.69560475757091e-05, -5.28153414998931e-10, 4.24287778887935e-10, -0.000116582781000889, 
4, 10, 9.91195859747677e-08, -0.0761906839650257, 9.91195859705746e-08, 6.52308429578633e-07, 0.0761906839650257, -1.22495958614262e-06, 3.84655781896009e-07, -0.00786656278283324, 1.12938296945109e-07, -0.0762073704649506, 1.12938296940156e-07, 6.53753814828147e-07, 0.0762073704649506, -1.22428711783418e-06, 3.84299287251439e-07, -0.00775063435938077, -1.38187109823168e-08, 1.66864999251968e-05, -1.38187109823168e-08, -1.44538522638175e-09, -1.66864999251968e-05, -6.72468258005614e-10, 3.56494653414902e-10, -0.000115928423452464, 
4, 20, -1.10289517022213e-06, -0.0781290321153296, -1.10289517022654e-06, -1.01983223208752e-06, 0.0781290321153296, -2.45758879646346e-06, -1.44363409091661e-06, -0.00838154339450852, -1.08873495660667e-06, -0.078141999660834, -1.0887349566113e-06, -1.0200627232244e-06, 0.078141999660834, -2.45726171807631e-06, -1.44353081062216e-06, -0.00827258882674274, -1.41602136143234e-08, 1.29675455041818e-05, -1.41602136143304e-08, 2.30491225248797e-10, -1.29675455041818e-05, -3.27078387790064e-10, -1.03280164677529e-10, -0.000108954567765763, 
4, 26, -1.08064457485764e-06, -0.0781576188797395, -1.08064457486205e-06, -1.18884737863045e-06, 0.0781576188797395, -2.408859025066e-06, -1.5403186941694e-06, -0.00838229991677982, -1.06606263501217e-06, -0.0781683878187568, -1.06606263501658e-06, -1.19006912279832e-06, 0.0781683878187568, -2.40870030045616e-06, -1.54004381201814e-06, -0.00827748726066495, -1.45819398429722e-08, 1.07689390175268e-05, -1.45819398429722e-08, 1.22174418122089e-09, -1.07689390175268e-05, -1.58724527326983e-10, -2.74882046508198e-10, -0.000104812656114888, 
5, 0, -1.01689812929058e-06, -0.0781615969139487, -1.01689812929565e-06, -1.24389550033501e-06, 0.0781615969139487, -2.3247604163546e-06, -1.66409028492968e-06, -0.00838273412648976, -1.00224620917816e-06, -0.0781721208045163, -1.002246209183e-06, -1.2444615457602e-06, 0.0781721208045163, -2.32462034853854e-06, -1.66378689628215e-06, -0.00827837757200663, -1.46519201244849e-08, 1.05238905676846e-05, -1.46519201244832e-08, 5.66045427350173e-10, -1.05238905676846e-05, -1.40067899603651e-10, -3.03388682541579e-10, -0.000104356554483129, 
5, 10, 7.98858676465321e-07, -0.0838971612869544, 7.98858676460254e-07, -2.62069771900546e-06, 0.0838971612869544, 3.07137941718123e-06, -3.31216903835605e-06, -0.00958461398405755, 8.13429553397124e-07, -0.0839074266498498, 8.13429553392497e-07, -2.62088003354386e-06, 0.0839074266498498, 3.0715566166993e-06, -3.31189884408404e-06, -0.00948073090016699, -1.45708769252704e-08, 1.02653628954566e-05, -1.45708769252704e-08, 1.82314544137077e-10, -1.02653628954566e-05, -1.77199501380394e-10, -2.70194042220029e-10, -0.00010388308389056, 
5, 20, -1.09187097870996e-06, -0.0851602513820423, -1.0918709787159e-06, -1.21814481265299e-06, 0.0851602513820423, -2.53365215191045e-06, -1.49103089203517e-06, -0.00974867184902055, -1.0772361184701e-06, -0.085167679834792, -1.0772361184756e-06, -1.22029464712519e-06, 0.085167679834792, -2.53366846887288e-06, -1.49020074882949e-06, -0.00965009793842376, -1.46348602534363e-08, 7.42845274974522e-06, -1.4634860253438e-08, 2.14983446191078e-09, -7.42845274974522e-06, 1.63169397627049e-11, -8.30143098608902e-10, -9.85739105967781e-05, 
5, 26, -1.06442904780229e-06, -0.0851394679446839, -1.06442904780715e-06, -1.35335777147379e-06, 0.0851394679446839, -2.44258975584991e-06, -1.51725477167181e-06, -0.00974087251090121, -1.04909809215851e-06, -0.0851453006178385, -1.04909809216403e-06, -1.35596496015094e-06, 0.0851453006178385, -2.44256027272377e-06, -1.51635562177231e-06, -0.00964514054085797, -1.53309556209925e-08, 5.83267315505498e-06, -1.53309556209906e-08, 2.60718873138061e-09, -5.83267315505498e-06, -2.94832248384968e-11, -8.9914992993812e-10, -9.57319700432959e-05, 
6, 0, -9.92197800882831e-07, -0.0851442887272401, -9.92197800888129e-07, -1.40764215167461e-06, 0.0851442887272401, -2.3598462966211e-06, -1.64324986650352e-06, -0.00974139872608817, -9.76670222647848e-07, -0.0851499444372845, -9.76670222653579e-07, -1.40947480928594e-06, 0.0851499444372845, -2.35985187660532e-06, -1.64235808068242e-06, -0.00964598732160009, -1.55275782498702e-08, 5.65571004498296e-06, -1.55275782498649e-08, 1.83265763254547e-09, -5.65571004498296e-06, 5.58002704024658e-12, -8.91785927523554e-10, -9.54114044880516e-05, 
6, 10, 6.22631714960963e-07, -0.0904279131115884, 6.22631714955442e-07, -3.78862990237612e-06, 0.0904279131115884, 2.49301439727587e-06, -4.53112626075661e-06, -0.0106491470017442, 6.38281416656891e-07, -0.0904333511556247, 6.38281416650942e-07, -3.79016934128918e-06, 0.0904333511556247, 2.49301546829715e-06, -4.53035688812855e-06, -0.010554164919065, -1.56497016958888e-08, 5.43804403652338e-06, -1.56497016958871e-08, 1.53943891322189e-09, -5.43804403652337e-06, -1.07108134612221e-12, -7.69372654493826e-10, -9.49820826791565e-05, 
6, 20, -1.02035779619696e-06, -0.0898935467409558, -1.02035779620247e-06, -1.53597440357146e-06, 0.0898935467409558, -2.68269186239639e-06, -1.70736807054966e-06, -0.0103906458057469, -1.00355255375248e-06, -0.0898962705622244, -1.00355255375734e-06, -1.54000170238555e-06, 0.0898962705622244, -2.68255667502203e-06, -1.7058586318688e-06, -0.0102999877324938, -1.68052424646624e-08, 2.72382126871027e-06, -1.6805242464659e-08, 4.0272987982484e-09, -2.72382126871028e-06, -1.35187428405428e-10, -1.50943864110522e-09, -9.06580732531797e-05, 
6, 27, -1.01428391148268e-06, -0.0898646936772678, -1.01428391148775e-06, -1.6292971491601e-06, 0.0898646936772678, -2.63760547712559e-06, -1.74816103746146e-06, -0.0103821134181263, -9.96891391064089e-07, -0.0898659688905177, -9.96891391069394e-07, -1.63350535531565e-06, 0.0898659688905177, -2.63723960440402e-06, -1.74656773979871e-06, -0.0102938921787611, -1.73925204337225e-08, 1.27521325011873e-06, -1.73925204337226e-08, 4.20820617214929e-09, -1.27521325011873e-06, -3.6587280197247e-10, -1.59329776403057e-09, -8.82212393652411e-05, 
7, 0, -9.27871892126987e-07, -0.089867787273551, -9.27871892132935e-07, -1.68075824153892e-06, 0.089867787273551, -2.54318692401784e-06, -1.8846752284606e-06, -0.0103822308735395, -9.10241114644388e-07, -0.0898689326704085, -9.10241114649245e-07, -1.68409915303345e-06, 0.0898689326704085, -2.54289162508115e-06, -1.88304572979118e-06, -0.0102942391133992, -1.76307774265269e-08, 1.14539685766853e-06, -1.76307774265302e-08, 3.34091147729788e-09, -1.14539685766853e-06, -2.9529901032049e-10, -1.62949865374575e-09, -8.79917601403674e-05, 
7, 10, 4.39365344310899e-07, -0.0929947717503188, 4.39365344305805e-07, -3.39163122474765e-06, 0.0929947717503188, 3.33349386343363e-07, -4.1673825856219e-06, -0.0107323080123179, 4.5698044489142e-07, -0.0929957347964269, 4.56980444885675e-07, -3.39498192719702e-06, 0.0929957347964269, 3.33726159978027e-07, -4.16572856431408e-06, -0.0106447957277161, -1.76151005978046e-08, 9.63046107781224e-07, -1.76151005978063e-08, 3.35070246066468e-09, -9.63046107781224e-07, -3.76773620655542e-10, -1.65402123281724e-09, -8.75122846018325e-05, 
7, 20, -9.40112499769827e-07, -0.0916143750840215, -9.4011249977557e-07, -1.80705311836374e-06, 0.0916143750840214, -2.87095639925934e-06, -1.94008994130035e-06, -0.0103406700644527, -9.21836476839079e-07, -0.0916127062992118, -9.21836476845468e-07, -1.81052386151402e-06, 0.0916127062992118, -2.87065217474683e-06, -1.93809704523019e-06, -0.0102569866164082, -1.82760228892098e-08, -1.66878480959322e-06, -1.82760228892115e-08, 3.47074315246953e-09, 1.66878480959322e-06, -3.04224394821869e-10, -1.99289613793791e-09, -8.36834480444945e-05, 
7, 26, -9.61219153420805e-07, -0.0915969671616939, -9.61219153426128e-07, -1.86254577263742e-06, 0.0915969671616939, -2.85465428498109e-06, -1.98948814714413e-06, -0.010335940683484, -9.42462698844793e-07, -0.0915941873415065, -9.42462698850097e-07, -1.86609214732255e-06, 0.0915941873415065, -2.85439444665631e-06, -1.98745269441364e-06, -0.0102541473305456, -1.87564545152941e-08, -2.77982018697816e-06, -1.87564545152924e-08, 3.54637472056781e-09, 2.77982018697816e-06, -2.59838245473504e-10, -2.0354526483807e-09, -8.17933529384774e-05, 
8, 0, -8.62722796756037e-07, -0.0915976877886861, -8.62722796761341e-07, -1.91098861976306e-06, 0.0915976877886861, -2.7473266438165e-06, -2.13702904944672e-06, -0.0103355170029569, -8.43759645234831e-07, -0.0915947892950194, -8.43759645239722e-07, -1.91358155994961e-06, 0.0915947892950194, -2.74718641958472e-06, -2.13497123322706e-06, -0.0102539380292825, -1.89631515474661e-08, -2.89849366649813e-06, -1.89631515474688e-08, 2.59294016967966e-09, 2.89849366649813e-06, -1.40224250673352e-10, -2.05781611921384e-09, -8.15789736744054e-05, 
8, 10, 3.59928477129496e-07, -0.0931576526304662, 3.59928477123752e-07, -2.78734390361061e-06, 0.0931576526304662, -8.30883524073747e-07, -3.52153719875957e-06, -0.0103411492947959, 3.78879734757e-07, -0.0931545728008566, 3.78879734752122e-07, -2.79000219399259e-06, 0.0931545728008566, -8.30806837583066e-07, -3.51947842922465e-06, -0.0102601249038385, -1.89512576782224e-08, -3.07982960927037e-06, -1.89512576782198e-08, 2.65829038596006e-09, 3.07982960927037e-06, -7.66864037916244e-11, -2.05876923624547e-09, -8.10243909573857e-05, 
8, 20, -8.76179038558403e-07, -0.0918068083725127, -8.76179038563932e-07, -1.93824405716181e-06, 0.0918068083725127, -3.00244530674061e-06, -2.0932890098121e-06, -0.0100075338303886, -8.56850057369437e-07, -0.0918013379538386, -8.56850057375161e-07, -1.94074705527618e-06, 0.0918013379538386, -3.00266078798498e-06, -2.09107431989442e-06, -0.00993009913947444, -1.93289812039815e-08, -5.47041867415003e-06, -1.93289812039815e-08, 2.50299807306639e-09, 5.47041867415003e-06, 2.15481089065157e-10, -2.21468998901118e-09, -7.74346909141185e-05, 
8, 26, -9.11446884652673e-07, -0.0917972417148344, -9.11446884657761e-07, -1.97608564334196e-06, 0.0917972417148344, -3.0011077354436e-06, -2.14416609550138e-06, -0.0100056382329815, -8.91749794135741e-07, -0.0917908362161811, -8.91749794141037e-07, -1.97881442274724e-06, 0.0917908362161811, -3.00140042911019e-06, -2.14191179599939e-06, -0.00992993620582547, -1.9697090506104e-08, -6.40549865291224e-06, -1.96970905061023e-08, 2.72877938635633e-09, 6.40549865291224e-06, 2.92693594197337e-10, -2.25429955798887e-09, -7.57020271560113e-05, 
9, 0, -8.07275660632579e-07, -0.091796853671017, -8.07275660639178e-07, -2.02168797387365e-06, 0.091796853671017, -2.88557387678871e-06, -2.29894545134392e-06, -0.0100049608549165, -7.87362615049224e-07, -0.0917903471564994, -7.87362615055178e-07, -2.02344140298102e-06, 0.0917903471564994, -2.88599012882748e-06, -2.29669593669182e-06, -0.00992945638542642, -1.99130455880821e-08, -6.50651451768792e-06, -1.99130455880829e-08, 1.75342913507114e-09, 6.50651451768792e-06, 4.16251857330118e-10, -2.24951471484549e-09, -7.55044694901077e-05, 
9, 10, 1.66595708354075e-07, -0.0929552231566229, 1.66595708348554e-07, -2.43967813155988e-06, 0.0929552231566229, -1.36844311448051e-06, -3.01269759160443e-06, -0.00994758295138061, 1.86872919484512e-07, -0.0929485230178813, 1.86872919479424e-07, -2.44177078145142e-06, 0.0929485230178813, -1.36896071967717e-06, -3.01040225408751e-06, -0.009872664258218, -2.02772111318307e-08, -6.70013874167405e-06, -2.02772111318307e-08, 2.09264993079314e-09, 6.70013874167405e-06, 5.17605276212357e-10, -2.29533741745098e-09, -7.49186931625863e-05, 
9, 20, -8.26526651090354e-07, -0.0919286890175523, -8.26526651095879e-07, -1.97774616082822e-06, 0.0919286890175523, -3.09212429753339e-06, -2.18720427916214e-06, -0.00971872168336639, -8.05329091546426e-07, -0.0919199316224759, -8.05329091551296e-07, -1.98002838618291e-06, 0.0919199316224759, -3.09269179033547e-06, -2.18474590968223e-06, -0.00964719200807522, -2.1197559515177e-08, -8.75739507635279e-06, -2.11975595151739e-08, 2.28222535691567e-09, 8.75739507635279e-06, 5.6749287780631e-10, -2.45836949344975e-09, -7.15296752911791e-05, 
9, 26, -8.62590108037683e-07, -0.0919222249500284, -8.62590108042997e-07, -2.00902221026373e-06, 0.0919222249500284, -3.09654596204976e-06, -2.23591761546934e-06, -0.00971864976827357, -8.41335345270938e-07, -0.0919126843245214, -8.41335345276672e-07, -2.01083657167327e-06, 0.0919126843245213, -3.09720211365065e-06, -2.23346533736652e-06, -0.00964871992560661, -2.1254762745198e-08, -9.54062550697846e-06, -2.12547627451959e-08, 1.81436139197472e-09, 9.54062550697846e-06, 6.56151636144772e-10, -2.4522780834704e-09, -6.99298426669635e-05, 
10, 0, -7.56731670966513e-07, -0.0919226129527207, -7.56731670972578e-07, -2.05189087151582e-06, 0.0919226129527207, -2.9761820240637e-06, -2.39518933081192e-06, -0.00971808244312934, -7.35376357962188e-07, -0.0919129844620303, -7.35376357967821e-07, -2.05265029752756e-06, 0.0919129844620303, -2.97696564959511e-06, -2.39276516928907e-06, -0.00964834010430649, -2.13553130669312e-08, -9.62849069026035e-06, -2.13553130669333e-08, 7.59426039639566e-10, 9.62849069026035e-06, 7.83625546552072e-10, -2.42416162297826e-09, -6.97423388228168e-05, 
10, 10, -1.52505887100898e-07, -0.0933096585507382, -1.52505887107292e-07, -2.31375014617898e-06, 0.0933096585507382, -2.02522531183364e-06, -2.73112394946548e-06, -0.00974112478827932, -1.30816923434516e-07, -0.093299816298817, -1.30816923439505e-07, -2.31443440498169e-06, 0.093299816298817, -2.02605060648133e-06, -2.72861360025089e-06, -0.0096719817326301, -2.16889636887703e-08, -9.84225192070757e-06, -2.16889636887695e-08, 6.84258783995606e-10, 9.84225192070757e-06, 8.25294535757721e-10, -2.5103492311687e-09, -6.91430556492414e-05, 
10, 20, -7.70875287070564e-07, -0.0925442091972371, -7.70875287075652e-07, -2.01901366596216e-06, 0.0925442091972371, -3.18320046660472e-06, -2.25837160931513e-06, -0.00958851905668059, -7.48773249218599e-07, -0.092532612717645, -7.48773249224119e-07, -2.01970941487666e-06, 0.092532612717645, -3.18423763861039e-06, -2.25584808112829e-06, -0.00952253994263664, -2.21020378873075e-08, -1.15964795923634e-05, -2.21020378873061e-08, 6.95748932635184e-10, 1.15964795923634e-05, 1.03717197637951e-09, -2.52352811536842e-09, -6.59791140439439e-05, 
10, 25, -7.99323158695279e-07, -0.0925392556493087, -7.99323158700693e-07, -2.0394841379582e-06, 0.0925392556493087, -3.18012437036224e-06, -2.2940270737193e-06, -0.00958976652362643, -7.75995478664375e-07, -0.0925270780463644, -7.75995478670116e-07, -2.04060960853162e-06, 0.0925270780463644, -3.18118446410645e-06, -2.2913924749145e-06, -0.00952506696120065, -2.33276800176489e-08, -1.21776029444654e-05, -2.33276800176526e-08, 1.12547056686652e-09, 1.21776029444654e-05, 1.06009377403153e-09, -2.63459892373839e-09, -6.46995624257724e-05, 
11, 0, -6.91911025845622e-07, -0.0925416783950783, -6.91911025850379e-07, -2.07893101453768e-06, 0.0925416783950783, -3.05651974856661e-06, -2.45718439729547e-06, -0.00958954200890354, -6.68460206043178e-07, -0.0925294185068876, -6.68460206047521e-07, -2.07887634656432e-06, 0.0925294185068876, -3.0577267764328e-06, -2.45459144564748e-06, -0.00952503125057867, -2.34508197905427e-08, -1.22598881905958e-05, -2.34508197905433e-08, -5.46679703083739e-11, 1.22598881905958e-05, 1.2070279366245e-09, -2.59295190822798e-09, -6.45107583248404e-05, 
11, 10, -4.12757398920432e-07, -0.0941630908960517, -4.12757398925851e-07, -2.37279510785141e-06, 0.0941630908960517, -2.70658001116219e-06, -2.77362862972473e-06, -0.00969530626413152, -3.88922313866474e-07, -0.0941506049027354, -3.88922313871686e-07, -2.37270150371669e-06, 0.0941506049027354, -2.70774076064005e-06, -2.7709645683638e-06, -0.00963142049026757, -2.3835085058001e-08, -1.24859933160307e-05, -2.3835085058005e-08, -9.36041519135892e-11, 1.24859933160307e-05, 1.16074941451425e-09, -2.66406129082362e-09, -6.38857738639271e-05, 
11, 20, -7.09591229638189e-07, -0.0935253971370569, -7.0959122964351e-07, -2.07539251806354e-06, 0.0935253971370569, -3.25043396852717e-06, -2.34320752152503e-06, -0.00958252617094073, -6.85028272219104e-07, -0.0935113866979902, -6.85028272224965e-07, -2.0749613289334e-06, 0.0935113866979902, -3.25161811101106e-06, -2.3403799736279e-06, -0.00952159197700069, -2.45629574414217e-08, -1.40104390662348e-05, -2.4562957441424e-08, -4.31189097367516e-10, 1.40104390662348e-05, 1.18414247944437e-09, -2.8275480630211e-09, -6.0934193940064e-05, 
11, 25, -7.29164388445421e-07, -0.0935208831244825, -7.29164388451063e-07, -2.09192241971023e-06, 0.0935208831244825, -3.23641399537693e-06, -2.36993625377964e-06, -0.00958520087476633, -7.0427088888059e-07, -0.0935063819244971, -7.04270888886226e-07, -2.09118198665034e-06, 0.0935063819244971, -3.23764174034263e-06, -2.36710259927285e-06, -0.00952543055445628, -2.48934995612789e-08, -1.45011999851819e-05, -2.48934995612793e-08, -7.40433049055321e-10, 1.45011999851819e-05, 1.22774498226926e-09, -2.83365433489916e-09, -5.9770320310017e-05, 
12, 0, -6.19108363777656e-07, -0.093525455701063, -6.19108363783721e-07, -2.12773948808481e-06, 0.093525455701063, -3.1085114844966e-06, -2.53536864831514e-06, -0.00958537072189417, -5.94033884825353e-07, -0.0935108838497977, -5.94033884831203e-07, -2.12558551518249e-06, 0.0935108838497977, -3.10991376736619e-06, -2.53257087150716e-06, -0.0095257748356186, -2.50744789415547e-08, -1.45718512649787e-05, -2.50744789415543e-08, -2.15397289821873e-09, 1.45718512649787e-05, 1.40228278796562e-09, -2.79777709538257e-09, -5.95958862755621e-05, 
12, 10, -6.18310130193444e-07, -0.0951050174759382, -6.18310130199838e-07, -2.5480446334247e-06, 0.0951050174759382, -3.36452916093528e-06, -2.9476658624579e-06, -0.00971101465877501, -5.92764722590851e-07, -0.0950902199153123, -5.9276472259692e-07, -2.54573212452631e-06, 0.0950902199153123, -3.3660023167223e-06, -2.94483063282499e-06, -0.00965207212149681, -2.55454076322572e-08, -1.47975606257027e-05, -2.55454076322577e-08, -2.31250894920438e-09, 1.47975606257027e-05, 1.47315584266128e-09, -2.83522960873587e-09, -5.89425372781983e-05, 
12, 20, -6.17818064446025e-07, -0.0945503032367759, -6.17818064452754e-07, -2.18579009318743e-06, 0.0945503032367759, -3.25519510719209e-06, -2.45357267365778e-06, -0.00962738732469283, -5.91363310245421e-07, -0.0945341798327883, -5.91363310251823e-07, -2.18380410406478e-06, 0.0945341798327883, -3.2567825696774e-06, -2.45066675695783e-06, -0.0095711805399235, -2.64547541921505e-08, -1.61234039872826e-05, -2.64547541921526e-08, -1.9859891522013e-09, 1.61234039872826e-05, 1.58746241901462e-09, -2.90591664776308e-09, -5.62067847693188e-05, 
12, 25, -6.28968685623657e-07, -0.0945478376372802, -6.28968685629405e-07, -2.19681823128643e-06, 0.0945478376372802, -3.22576203623835e-06, -2.47137247786141e-06, -0.00963180259071536, -6.01129016048666e-07, -0.0945313079919391, -6.01129016054959e-07, -2.19481337766089e-06, 0.0945313079919391, -3.22736210647411e-06, -2.46836449880289e-06, -0.00957663501303752, -2.78396695469174e-08, -1.65296453413593e-05, -2.78396695469199e-08, -2.00485361305652e-09, 1.65296453413593e-05, 1.60007033186024e-09, -3.00797900162623e-09, -5.51675776778603e-05, 
13, 0, -5.13025805603153e-07, -0.0945539256309, -5.13025805608573e-07, -2.22746680184541e-06, 0.0945539256309, -3.09206249480904e-06, -2.63554930733019e-06, -0.00963223652015025, -4.8546322260634e-07, -0.0945373366241639, -4.85463222611872e-07, -2.22396015452124e-06, 0.0945373366241639, -3.09387485141728e-06, -2.63266850819919e-06, -0.00957722748612862, -2.75625829373979e-08, -1.65890067358317e-05, -2.75625829373945e-08, -3.50664730332153e-09, 1.65890067358317e-05, 1.81235651966029e-09, -2.88079916467961e-09, -5.50090340216011e-05, 
13, 10, -7.64965837108741e-07, -0.0958673103391153, -7.64965837115031e-07, -2.70938075560536e-06, 0.0958673103391153, -3.9210819917112e-06, -3.07872271954163e-06, -0.00972291806306087, -7.37007931700183e-07, -0.0958505002422798, -7.3700793170626e-07, -2.705927459839e-06, 0.0958505002422798, -3.92291593416389e-06, -3.07585274934354e-06, -0.00966858919999409, -2.79579054111649e-08, -1.68100968358369e-05, -2.79579054111658e-08, -3.45329576356072e-09, 1.68100968358369e-05, 1.8339423193906e-09, -2.86997021050029e-09, -5.43288630667696e-05, 
13, 20, -5.18110954123366e-07, -0.0954120419620395, -5.18110954129338e-07, -2.31818593919791e-06, 0.0954120419620395, -3.22858874820102e-06, -2.55315004152413e-06, -0.00967251099044866, -4.88517816659292e-07, -0.095394083349619, -4.88517816666452e-07, -2.31531354892873e-06, 0.0953940833496191, -3.23043354757958e-06, -2.55011400878833e-06, -0.0096206703753822, -2.95931374593826e-08, -1.79586124201347e-05, -2.95931374593818e-08, -2.8723902898003e-09, 1.79586124201347e-05, 1.84479957968615e-09, -3.03603273899569e-09, -5.18406150664232e-05, 
13, 25, -5.32665511757989e-07, -0.0954125946292917, -5.3266551176449e-07, -2.33389835587134e-06, 0.0954125946292917, -3.20466951309072e-06, -2.57948283527266e-06, -0.00967839382163161, -5.02750241424669e-07, -0.0953943140619255, -5.02750241431616e-07, -2.33068764418672e-06, 0.0953943140619255, -3.20661498179797e-06, -2.5764603907107e-06, -0.00962745955410621, -2.9915270346052e-08, -1.8280567366204e-05, -2.99152703460519e-08, -3.21071167259202e-09, 1.8280567366204e-05, 1.9454688040488e-09, -3.0224445718406e-09, -5.09342675253977e-05, 
14, 0, -4.09817180356192e-07, -0.0954194743934593, -4.09817180361288e-07, -2.35997945887182e-06, 0.0954194743934593, -3.0663256588851e-06, -2.74312988320573e-06, -0.00967890446047218, -3.80082253969752e-07, -0.0954011454968368, -3.80082253975396e-07, -2.35519338471298e-06, 0.0954011454968368, -3.06842836115496e-06, -2.74021493683734e-06, -0.00962811170522095, -2.9734926390094e-08, -1.83288966224041e-05, -2.97349263900991e-08, -4.78607416790725e-09, 1.83288966224041e-05, 2.10270231310057e-09, -2.91494635766677e-09, -5.07927552512122e-05, 
14, 10, -8.016133063173e-07, -0.0964102616013987, -8.01613306322834e-07, -2.82339473412101e-06, 0.0964102616013987, -4.23594875638676e-06, -3.18682057527409e-06, -0.00971717801389682, -7.71442728116434e-07, -0.0963917221709699, -7.71442728122408e-07, -2.8184925823937e-06, 0.0963917221709699, -4.23811658475797e-06, -3.18383527765171e-06, -0.00966707841846942, -3.01705782193033e-08, -1.85394304286875e-05, -3.01705782192999e-08, -4.90215171905034e-09, 1.85394304286875e-05, 2.16782810168215e-09, -2.98529766262757e-09, -5.00995954273714e-05, 
14, 20, -4.65042749310961e-07, -0.0960754621065057, -4.65042749316824e-07, -2.48697127557434e-06, 0.0960754621065057, -3.2454500275922e-06, -2.71461384202586e-06, -0.00970316742500061, -4.34582076391777e-07, -0.0960559578085262, -4.34582076397201e-07, -2.48339830365317e-06, 0.0960559578085262, -3.24744375101624e-06, -2.71171524573448e-06, -0.00965527356758038, -3.04606729428927e-08, -1.9504297979172e-05, -3.04606729428902e-08, -3.57297192280088e-09, 1.9504297979172e-05, 1.9937234430256e-09, -2.89859616477167e-09, -4.78938574202042e-05, 
14, 25, -4.86064095246123e-07, -0.0960790256350988, -4.86064095251769e-07, -2.51244138477944e-06, 0.0960790256350988, -3.23728657345619e-06, -2.7619534962736e-06, -0.0097099354537562, -4.56010849486127e-07, -0.0960592666975313, -4.56010849491989e-07, -2.50766226872921e-06, 0.0960592666975313, -3.23959667903697e-06, -2.75913421542554e-06, -0.00966282091006032, -3.00532457913e-08, -1.97589375677571e-05, -3.00532457912993e-08, -4.77911606760344e-09, 1.97589375677571e-05, 2.31010541799052e-09, -2.81928097085461e-09, -4.71145436958566e-05, 
15, 0, -3.54328873782302e-07, -0.0960864649724499, -3.54328873788109e-07, -2.53677001892525e-06, 0.0960864649724499, -3.09104562685186e-06, -2.92903332020753e-06, -0.00971042034950086, -3.24591926491457e-07, -0.0960666674096639, -3.24591926497321e-07, -2.53030811982847e-06, 0.0960666674096639, -3.09351969341079e-06, -2.92635236742875e-06, -0.0096634282154006, -2.9736947270566e-08, -1.97975627857368e-05, -2.97369472705644e-08, -6.46189907499483e-09, 1.97975627857368e-05, 2.47406662137223e-09, -2.68095282401524e-09, -4.69921341002844e-05, 
15, 10, -7.62546766975778e-07, -0.096831798747469, -7.6254676698159e-07, -2.96561286697945e-06, 0.096831798747469, -4.31172926259861e-06, -3.38310253940524e-06, -0.00971302007703007, -7.33263922847617e-07, -0.096811803135823, -7.33263922853364e-07, -2.95947222277287e-06, 0.096811803135823, -4.31416335462267e-06, -3.38057002969247e-06, -0.00966670139313133, -2.92828440810932e-08, -1.99956116458475e-05, -2.92828440810932e-08, -6.14064420470263e-09, 1.99956116458475e-05, 2.43409208643006e-09, -2.53250975947559e-09, -4.63186838987427e-05, 
15, 20, -4.54632306621427e-07, -0.0966085481963879, -4.54632306627884e-07, -2.70037573506597e-06, 0.0966085481963879, -3.33750271592084e-06, -2.99901225147812e-06, -0.00973011412519717, -4.25546973339973e-07, -0.0965877470960337, -4.25546973346649e-07, -2.69449497865613e-06, 0.0965877470960337, -3.34014896349649e-06, -2.99682888535245e-06, -0.00968571741129984, -2.90853332693226e-08, -2.08011003539219e-05, -2.90853332693225e-08, -5.88075644240433e-09, 2.08011003539219e-05, 2.64624762236148e-09, -2.18336614323474e-09, -4.43967138973038e-05, 
15, 24, -4.72292294224338e-07, -0.0966138277372756, -4.72292294230795e-07, -2.71558755291263e-06, 0.0966138277372756, -3.33526826006582e-06, -3.051100697511e-06, -0.00973601731640414, -4.41944061480242e-07, -0.0965928595673387, -4.41944061485614e-07, -2.70789431003988e-06, 0.0965928595673387, -3.33818462912387e-06, -3.04870218259185e-06, -0.00969216937578561, -3.03482327045565e-08, -2.09681699371818e-05, -3.03482327045564e-08, -7.69324290607879e-09, 2.09681699371818e-05, 2.91636895802393e-09, -2.39851496366301e-09, -4.38479406185236e-05, 
16, 0, -3.30092738024492e-07, -0.0966222253384702, -3.30092738029909e-07, -2.73960210250892e-06, 0.0966222253384702, -3.17443543520164e-06, -3.22425875775506e-06, -0.00973656718599177, -3.00320078772761e-07, -0.0966012236699651, -3.00320078778351e-07, -2.73038639534763e-06, 0.0966012236699651, -3.17745191053532e-06, -3.22205272113077e-06, -0.00969283153398682, -2.97726593284737e-08, -2.10016685048245e-05, -2.9772659328472e-08, -9.21570718096964e-09, 2.10016685048245e-05, 3.01647560226541e-09, -2.20603664757962e-09, -4.37356520049242e-05, 
16, 10, -6.91593273139193e-07, -0.0972239934328511, -6.91593273145438e-07, -3.12445245567876e-06, 0.0972239934328511, -4.24957327588904e-06, -3.67427809545844e-06, -0.00973059291860563, -6.60416008502656e-07, -0.0972028052369716, -6.60416008507972e-07, -3.11523065591267e-06, 0.0972028052369716, -4.2523997329564e-06, -3.67205875252329e-06, -0.00968751342343711, -3.11772646355393e-08, -2.11881958792723e-05, -3.11772646355394e-08, -9.22179974242261e-09, 2.11881958792723e-05, 2.82645699266386e-09, -2.21934293764393e-09, -4.30794951685381e-05, 
16, 20, -4.33514532884844e-07, -0.0970892420546058, -4.33514532890272e-07, -2.85827537961591e-06, 0.0970892420546058, -3.44349598466953e-06, -3.27732913187385e-06, -0.00976817478242238, -4.0298668179266e-07, -0.0970673843379986, -4.02986681798355e-07, -2.84689243684982e-06, 0.0970673843379986, -3.44695394306013e-06, -3.27510322656161e-06, -0.00972676357453382, -3.05278510797172e-08, -2.18577166069829e-05, -3.05278510797189e-08, -1.13829427425512e-08, 2.18577166069829e-05, 3.45795840052868e-09, -2.22590545540012e-09, -4.14112078885571e-05, 
16, 23, -4.44146356917455e-07, -0.0970943529937573, -4.44146356922933e-07, -2.85477426604122e-06, 0.0970943529937573, -3.43424071857038e-06, -3.29826833848078e-06, -0.00977248220058702, -4.1319342141838e-07, -0.0970723887909443, -4.1319342142451e-07, -2.84313555668548e-06, 0.0970723887909443, -3.43772889289418e-06, -3.29603522363637e-06, -0.00973142954697543, -3.09529354913186e-08, -2.19642028129821e-05, -3.09529354913152e-08, -1.16387093489992e-08, 2.19642028129821e-05, 3.48817441200223e-09, -2.23311494169876e-09, -4.10526536116223e-05, 
17, 0, -2.94535499150417e-07, -0.0971038254338183, -2.94535499157411e-07, -2.87608293560761e-06, 0.0971038254338183, -3.25826157729983e-06, -3.47211073285064e-06, -0.00977329685822427, -2.64265063254819e-07, -0.0970818312794332, -2.64265063260736e-07, -2.86299131347571e-06, 0.0970818312794332, -3.26182429962806e-06, -3.47007738523537e-06, -0.00973234633199261, -3.02704358775519e-08, -2.19941543849126e-05, -3.02704358775585e-08, -1.30916221009821e-08, 2.19941543849126e-05, 3.56272247453501e-09, -2.03334763193711e-09, -4.09505262316595e-05, 
17, 10, -5.9232381521623e-07, -0.0976178405449913, -5.923238152222e-07, -3.16433624242886e-06, 0.0976178405449913, -4.09349944079059e-06, -3.76277716150724e-06, -0.00977822099444422, -5.61422866171163e-07, -0.0975956679913265, -5.61422866176373e-07, -3.15064368559269e-06, 0.0975956679913265, -4.09710833285654e-06, -3.76067273853069e-06, -0.00973790935731385, -3.09009489992658e-08, -2.21725536650682e-05, -3.09009489992657e-08, -1.36925568101495e-08, 2.21725536650682e-05, 3.60889192929529e-09, -2.10442308118065e-09, -4.03116371304003e-05, 
17, 20, -3.81584760345534e-07, -0.0975341174044071, -3.81584760352373e-07, -2.84704761404265e-06, 0.0975341174044071, -3.52307260422161e-06, -3.2063207504927e-06, -0.00982249302139399, -3.50069338030705e-07, -0.097511385109921, -3.50069338036732e-07, -2.83236774814155e-06, 0.097511385109921, -3.52703150829246e-06, -3.2045197209579e-06, -0.00978361977578157, -3.15154223373958e-08, -2.2732294486282e-05, -3.15154223373958e-08, -1.46798659312122e-08, 2.27322944862819e-05, 3.95890376891581e-09, -1.8010296268149e-09, -3.88732456123999e-05, 
17, 22, -3.84614470053479e-07, -0.0975371061630059, -3.84614470059831e-07, -2.83803237557806e-06, 0.0975371061630059, -3.50949672441247e-06, -3.19993016456055e-06, -0.00982494094881937, -3.53261622690964e-07, -0.0975143142410404, -3.53261622696879e-07, -2.82252517282271e-06, 0.0975143142410404, -3.51347153678292e-06, -3.19820515160039e-06, -0.00978627908029183, -3.13528473776865e-08, -2.27919219659145e-05, -3.13528473776867e-08, -1.55072027797232e-08, 2.27919219659145e-05, 3.97481256654307e-09, -1.72501278076817e-09, -3.86618685275598e-05, 
18, 0, -2.34517913761735e-07, -0.0975460401490701, -2.34517913767948e-07, -2.85358935708302e-06, 0.0975460401490701, -3.33190978745145e-06, -3.36371537474007e-06, -0.00982602743550251, -2.04269651073835e-07, -0.0975232220377037, -2.04269651080402e-07, -2.83624652645601e-06, 0.0975232220377037, -3.33590778012889e-06, -3.36223077658887e-06, -0.00978745840130028, -3.02482628046737e-08, -2.28181113667775e-05, -3.02482628046755e-08, -1.73428306197013e-08, 2.28181113667775e-05, 3.99799280480191e-09, -1.4845982034573e-09, -3.85690342022391e-05, 
18, 10, -5.01914961304115e-07, -0.0979418336425099, -5.01914961309741e-07, -3.03431468498749e-06, 0.0979418336425099, -3.99252016003682e-06, -3.44289167084717e-06, -0.00984122510992341, -4.72351920991488e-07, -0.0979188642208356, -4.72351920997563e-07, -3.01444293004041e-06, 0.0979188642208356, -3.99650910852595e-06, -3.44143705951147e-06, -0.00980324484231593, -2.95630403621241e-08, -2.29694216742757e-05, -2.95630403621242e-08, -1.98717549536594e-08, 2.29694216742757e-05, 3.98894860769416e-09, -1.45461136141424e-09, -3.7980267607444e-05, 
18, 20, -2.77316899044857e-07, -0.0978765742814213, -2.77316899050206e-07, -2.74823958494703e-06, 0.0978765742814213, -3.56909072941203e-06, -2.80268498418362e-06, -0.00988276956380067, -2.47373727865219e-07, -0.0978531745489084, -2.47373727872192e-07, -2.726745461867e-06, 0.0978531745489084, -3.57325771156798e-06, -2.80131415662605e-06, -0.00984601972465648, -2.99431711662064e-08, -2.33997325129826e-05, -2.99431711662063e-08, -2.14941231030044e-08, 2.33997325129826e-05, 4.16698190932241e-09, -1.37082759329508e-09, -3.67498391441778e-05, 
18, 21, -2.75669300112095e-07, -0.0978776484853491, -2.75669300117854e-07, -2.74357285640806e-06, 0.0978776484853491, -3.55188022472186e-06, -2.79686748754044e-06, -0.00988377410699487, -2.4570184009843e-07, -0.0978542250540781, -2.45701840104371e-07, -2.72169052250788e-06, 0.0978542250540781, -3.55607410909864e-06, -2.79546314603945e-06, -0.00984711429028275, -2.99674600171719e-08, -2.34234312709969e-05, -2.99674600171736e-08, -2.18823338984812e-08, 2.34234312709969e-05, 4.19388439530714e-09, -1.40434152975679e-09, -3.66598167121062e-05, 
19, 0, -1.28958153881435e-07, -0.0978823178483302, -1.28958153887461e-07, -2.75342536537321e-06, 0.0978823178483302, -3.39256001674771e-06, -2.95537274029712e-06, -0.00988484520200175, -1.00347137023051e-07, -0.0978588725196668, -1.00347137029485e-07, -2.72989372386055e-06, 0.0978588725196668, -3.39679622974798e-06, -2.95420128553377e-06, -0.00984826805148823, -2.86110168546197e-08, -2.34453286639021e-05, -2.86110168546213e-08, -2.35316414677594e-08, 2.34453286639021e-05, 4.23621305457444e-09, -1.17145479087653e-09, -3.6577150513517e-05, 
19, 10, -3.18770865460725e-07, -0.0980710095873916, -3.18770865467819e-07, -2.93153430142895e-06, 0.0980710095873916, -3.81020205936169e-06, -3.04077034181448e-06, -0.00989660583953708, -2.89733523107644e-07, -0.0980474565305769, -2.89733523114051e-07, -2.9061714532298e-06, 0.0980474565305769, -3.81453278235442e-06, -3.03957720232136e-06, -0.00986056532037065, -2.90373423820273e-08, -2.3553056814743e-05, -2.90373423820273e-08, -2.5362848215028e-08, 2.3553056814743e-05, 4.33072315636662e-09, -1.19313955243917e-09, -3.60405191663628e-05, 
19, 20, -1.11031283310541e-07, -0.0980175857379861, -1.11031283316372e-07, -2.70657796604039e-06, 0.0980175857379861, -3.48153091731935e-06, -2.35487627666838e-06, -0.00993512061226691, -8.26941783697767e-08, -0.0979937380414391, -8.26941783761809e-08, -2.67898744597487e-06, 0.0979937380414391, -3.48605435925921e-06, -2.35358027538139e-06, -0.0099000205005677, -2.83371049466359e-08, -2.3847696546965e-05, -2.83371049466343e-08, -2.75905200470757e-08, 2.3847696546965e-05, 4.52344180293149e-09, -1.29600137114787e-09, -3.51001116992366e-05, 
19, 21, -1.10814347457884e-07, -0.0980182917105761, -1.10814347464377e-07, -2.7004911008998e-06, 0.0980182917105761, -3.46645800700013e-06, -2.34286897401137e-06, -0.00993591570453802, -8.25537234268802e-08, -0.097994427792307, -8.25537234324441e-08, -2.67283016954596e-06, 0.097994427792307, -3.47098209720005e-06, -2.34155354766859e-06, -0.00990088373278209, -2.82606240088808e-08, -2.3863918269049e-05, -2.8260624008884e-08, -2.76609313270776e-08, 2.3863918269049e-05, 4.52409009581624e-09, -1.31542633422544e-09, -3.50319717559084e-05, 
20, 0, 3.72990249134279e-08, -0.098014956776285, 3.72990249065444e-08, -2.70781097090713e-06, 0.098014956776285, -3.32925893827718e-06, -2.51131877550617e-06, -0.00993663528947542, 6.41304846291384e-08, -0.0979910777793236, 6.41304846231079e-08, -2.6787736749299e-06, 0.0979910777793236, -3.33381819428144e-06, -2.51020479989471e-06, -0.00990166539963487, -2.68314596894162e-08, -2.38789969611621e-05, -2.68314596894179e-08, -2.9037295949767e-08, 2.38789969611621e-05, 4.55925608405913e-09, -1.11397546346713e-09, -3.49698898404953e-05, 
20, 10, -9.67252471541182e-08, -0.097929952141323, -9.67252471609678e-08, -2.91038230612346e-06, 0.097929952141323, -3.56285981883113e-06, -2.65863463158585e-06, -0.00994337030135992, -6.98597792167259e-08, -0.0979060233198766, -6.98597792229335e-08, -2.88026920524427e-06, 0.0979060233198766, -3.56759610846494e-06, -2.65734630839097e-06, -0.00990879621117714, -2.68654678952018e-08, -2.39288214464539e-05, -2.68654678951999e-08, -3.01131008646469e-08, 2.39288214464539e-05, 4.73628971808994e-09, -1.28832323949717e-09, -3.4574090182777e-05, 
20, 20, 4.46145775463815e-08, -0.0978875034219767, 4.46145775399117e-08, -2.70222404864981e-06, 0.0978875034219767, -3.39109724267318e-06, -1.91262756278776e-06, -0.00998065984894281, 6.99706543401332e-08, -0.0978634208555308, 6.99706543334267e-08, -2.67038574918828e-06, 0.0978634208555308, -3.3961093358617e-06, -1.91136138716725e-06, -0.00994675589126405, -2.53560767792651e-08, -2.40825664459088e-05, -2.53560767792686e-08, -3.18382994600884e-08, 2.40825664459088e-05, 5.01209322681972e-09, -1.2661757118131e-09, -3.39039576787846e-05, 
21, 0, 1.94567989140443e-07, -0.0978753119016032, 1.9456798913486e-07, -2.70796837802616e-06, 0.0978753119016032, -3.2720840852697e-06, -2.09998121405141e-06, -0.00998110615285956, 2.18217667000792e-07, -0.0978512198340813, 2.18217666994115e-07, -2.67469447001598e-06, 0.0978512198340813, -3.27716743539025e-06, -2.09893485766427e-06, -0.00994725232313522, -2.36496778597068e-08, -2.40920675218448e-05, -2.36496778597068e-08, -3.3273908010802e-08, 2.40920675218448e-05, 5.08335018398651e-09, -1.04635641670343e-09, -3.38538297243486e-05, 
21, 10, 7.39722523385909e-08, -0.0974615551744503, 7.39722523314875e-08, -2.87521866835396e-06, 0.0974615551744502, -3.51719751322037e-06, -2.21891783745001e-06, -0.00998052685988302, 9.90529023799783e-08, -0.0974374798139145, 9.90529023735259e-08, -2.84006330860524e-06, 0.0974374798139145, -3.52241413969547e-06, -2.21749367736149e-06, -0.0099469402294036, -2.50806500300658e-08, -2.40753605358091e-05, -2.5080650030059e-08, -3.51553597296544e-08, 2.40753605358091e-05, 5.21662653245538e-09, -1.42416011191881e-09, -3.3586630479408e-05, 
21, 20, 1.37217955276324e-07, -0.0974285756246469, 1.37217955270302e-07, -2.6674159978948e-06, 0.0974285756246469, -3.54294675188838e-06, -1.4279676426742e-06, -0.0100172658011887, 1.60708306394465e-07, -0.0974044886480988, 1.60708306387566e-07, -2.62988212262036e-06, 0.0974044886480988, -3.54829201130027e-06, -1.42646928823086e-06, -0.00998412637038525, -2.34903511336311e-08, -2.40869765479952e-05, -2.34903511336328e-08, -3.75338752972671e-08, 2.40869765479952e-05, 5.34525926558926e-09, -1.49835442533258e-09, -3.31394308034284e-05, 
22, 0, 2.84114159226362e-07, -0.0974071265143055, 2.84114159219684e-07, -2.67406305507599e-06, 0.0974071265143055, -3.45855580609424e-06, -1.64056785440933e-06, -0.0100175028497535, 3.05524897791913e-07, -0.0973830350139103, 3.05524897786129e-07, -2.63524024692562e-06, 0.0973830350139103, -3.46398789088025e-06, -1.6393353338058e-06, -0.00998439761765696, -2.14107385882406e-08, -2.40915003951787e-05, -2.14107385882454e-08, -3.8822808138674e-08, 2.40915003951787e-05, 5.43208459818927e-09, -1.23252067176495e-09, -3.31052320965213e-05, 
22, 10, 1.5954757540466e-07, -0.0966048536307415, 1.5954757539828e-07, -2.77291172101834e-06, 0.0966048536307415, -3.87196270015837e-06, -1.7147260948176e-06, -0.0100057239164618, 1.81737934730747e-07, -0.096580840797668, 1.81737934725183e-07, -2.73220300931983e-06, 0.096580840797668, -3.87741451643121e-06, -1.71325727987401e-06, -0.00997274252639681, -2.21903593389143e-08, -2.40128330734049e-05, -2.21903593389143e-08, -4.07087117312273e-08, 2.40128330734049e-05, 5.45181659680765e-09, -1.46881496526667e-09, -3.29813900650361e-05, 
22, 20, 1.44514821466958e-07, -0.096574264661607, 1.44514821461627e-07, -2.57477181827719e-06, 0.096574264661607, -4.06331618357026e-06, -9.11662342235504e-07, -0.0100411084362188, 1.65751844951079e-07, -0.0965503688113123, 1.65751844944433e-07, -2.53181882577548e-06, 0.0965503688113123, -4.06880270529925e-06, -9.10121261719244e-07, -0.01000833587067, -2.12370234807804e-08, -2.38958502945542e-05, -2.12370234807854e-08, -4.29529925089683e-08, 2.38958502945542e-05, 5.4865217493219e-09, -1.54108055467677e-09, -3.27725655487225e-05, 
23, 0, 2.84177082816301e-07, -0.0965428618952525, 2.84177082810145e-07, -2.5852622843915e-06, 0.0965428618952525, -4.01787623917654e-06, -1.16242139295467e-06, -0.0100410668105902, 3.03089786669844e-07, -0.0965189652388203, 3.03089786663825e-07, -2.54122159406104e-06, 0.0965189652388203, -4.02343121436611e-06, -1.16112383682924e-06, -0.0100083129203485, -1.89127038204089e-08, -2.38966564321893e-05, -1.89127038204089e-08, -4.40406903437628e-08, 2.38966564321893e-05, 5.55497524996308e-09, -1.29755620119066e-09, -3.275389024172e-05, 
23, 10, 1.86979287468952e-07, -0.0952763187579971, 1.86979287463386e-07, -2.57535312213325e-06, 0.0952763187579971, -4.54435975960825e-06, -1.24148542436755e-06, -0.0100105035585924, 2.04787232036187e-07, -0.0952525572700451, 2.04787232030629e-07, -2.52973803459389e-06, 0.0952525572700451, -4.5498849427727e-06, -1.24010042904302e-06, -0.0099777030797207, -1.78079445402792e-08, -2.37614879519517e-05, -1.78079445402823e-08, -4.56150875179277e-08, 2.37614879519517e-05, 5.52518320463742e-09, -1.38499522117654e-09, -3.28004788716792e-05, 
23, 20, 9.24794516087936e-08, -0.0952426904944148, 9.2479451603035e-08, -2.39801549042622e-06, 0.0952426904944148, -4.84231022494708e-06, -4.59448918034901e-07, -0.0100440550877678, 1.1025556278298e-07, -0.0952191888826905, 1.10255562777307e-07, -2.35052617108348e-06, 0.0952191888826905, -4.84785991741063e-06, -4.57521804642554e-07, -0.0100112080813024, -1.77761111670664e-08, -2.3501611724241e-05, -1.77761111670681e-08, -4.74893193242224e-08, 2.3501611724241e-05, 5.54969240736191e-09, -1.92711336975239e-09, -3.28470064653952e-05, 
24, 0, 2.23754636456983e-07, -0.095199660269036, 2.23754636451392e-07, -2.41256569016014e-06, 0.095199660269036, -4.81994400558704e-06, -7.57075078094437e-07, -0.0100434289314409, 2.38965971178416e-07, -0.0951761615908748, 2.38965971173806e-07, -2.36409317640303e-06, 0.0951761615908748, -4.82558674738377e-06, -7.55397493019821e-07, -0.0100105846382012, -1.5211334756787e-08, -2.3498678160812e-05, -1.52113347567836e-08, -4.84725137432631e-08, 2.3498678160812e-05, 5.64274177237542e-09, -1.67758514111913e-09, -3.28442932396179e-05, 
24, 10, 1.90995794872862e-07, -0.093385917788535, 1.90995794868195e-07, -2.22642421104196e-06, 0.093385917788535, -5.25918142598754e-06, -8.64758509234906e-07, -0.00998491602160341, 2.05763701862893e-07, -0.0933626218701126, 2.05763701857791e-07, -2.17686151668733e-06, 0.0933626218701126, -5.26474164467984e-06, -8.62735114677455e-07, -0.00995184421484943, -1.4767907034578e-08, -2.32959184224029e-05, -1.47679070345797e-08, -4.95626943293714e-08, 2.32959184224029e-05, 5.56021870617991e-09, -2.02339457033641e-09, -3.30718067540006e-05, 
24, 20, 2.55669102173405e-08, -0.0933498643068291, 2.55669102118588e-08, -2.11912545621701e-06, 0.0933498643068291, -5.58174295577123e-06, -2.06532364594474e-07, -0.0100173580055327, 3.99307385380592e-08, -0.0933269874602765, 3.99307385327445e-08, -2.07006598227673e-06, 0.0933269874602765, -5.5873061857194e-06, -2.03707458355921e-07, -0.00998394880606495, -1.43638283694209e-08, -2.2876846552652e-05, -1.43638283694228e-08, -4.90594739472379e-08, 2.2876846552652e-05, 5.56322993144906e-09, -2.82490614302005e-09, -3.34091994677208e-05, 
25, 0, 1.46803429004502e-07, -0.0932929040873262, 1.46803428998805e-07, -2.13653311307003e-06, 0.0932929040873262, -5.5590149101182e-06, -5.54273447431848e-07, -0.0100157286957146, 1.58393307006661e-07, -0.0932700334591011, 1.58393307000912e-07, -2.0869064731278e-06, 0.0932700334591011, -5.56471816234257e-06, -5.5171482890853e-07, -0.00998230451260227, -1.15898779740563e-08, -2.28706282250228e-05, -1.15898779740563e-08, -4.96266399470827e-08, 2.28706282250228e-05, 5.70325213916652e-09, -2.55861843784481e-09, -3.34241831122772e-05, 
25, 10, 1.77078844146129e-07, -0.0908666639829169, 1.77078844141029e-07, -1.74351270127064e-06, 0.0908666639829169, -5.7193202527218e-06, -7.05702170546992e-07, -0.00992201104137598, 1.8851973370486e-07, -0.0908440596176309, 1.88519733700031e-07, -1.69337836655729e-06, 0.0908440596176309, -5.72523765949432e-06, -7.02486857635346e-07, -0.00988814026027467, -1.1440889577529e-08, -2.26043652859703e-05, -1.14408895775257e-08, -5.01343347196777e-08, 2.26043652859703e-05, 5.91740679058877e-09, -3.21531294578384e-09, -3.38707811013348e-05, 
25, 20, -3.46715217110404e-08, -0.0908341659656041, -3.46715217156506e-08, -1.75425614396713e-06, 0.0908341659656041, -5.98965854643012e-06, -2.9849258232778e-07, -0.00995435430338948, -2.46015470973327e-08, -0.090812142707864, -2.46015471024361e-08, -1.70677728740557e-06, 0.090812142707864, -5.99547166173461e-06, -2.94608847263853e-07, -0.00991980311521573, -1.00699745985529e-08, -2.2023257740186e-05, -1.00699745985563e-08, -4.7478856556927e-08, 2.2023257740186e-05, 5.81311537560241e-09, -3.88373503983133e-09, -3.45511881737438e-05, 
25, 21, -3.05845351089955e-08, -0.0908317110813303, -3.0584535114256e-08, -1.76183188648609e-06, 0.0908317110813304, -5.97247317650398e-06, -3.18569530254672e-07, -0.00995362024587737, -2.05428448853119e-08, -0.090809697717202, -2.05428448905133e-08, -1.71443991140978e-06, 0.090809697717202, -5.97828120283603e-06, -3.14601299033412e-07, -0.00991903562648336, -1.00416901941257e-08, -2.20133641279981e-05, -1.00416901941223e-08, -4.73919751081e-08, 2.20133641279981e-05, 5.80802637758248e-09, -3.96823114866073e-09, -3.45846193939961e-05, 
26, 0, 7.63377542342752e-08, -0.0907590898159315, 7.63377542293363e-08, -1.77995891379321e-06, 0.0907590898159315, -5.92857604340152e-06, -6.9865800473629e-07, -0.0099506290344044, 8.37168843579305e-08, -0.0907370833516832, 8.37168843522886e-08, -1.73242929777281e-06, 0.0907370833516832, -5.93457379515795e-06, -6.94985325254676e-07, -0.00991601553763525, -7.37913017370088e-09, -2.20064642482686e-05, -7.37913017370067e-09, -4.7529616031831e-08, 2.20064642482686e-05, 5.99775182270594e-09, -3.6726793927701e-09, -3.4613496769162e-05, 
26, 10, 1.10625170574239e-07, -0.0877021952290321, 1.10625170568652e-07, -1.20017016540135e-06, 0.0877021952290321, -5.73237030992765e-06, -9.05858394586579e-07, -0.00981648288627894, 1.17787644941773e-07, -0.0876805211186129, 1.17787644937113e-07, -1.15435310134281e-06, 0.0876805211186129, -5.73862123585936e-06, -9.01808282486236e-07, -0.00978120556046953, -7.16247436864046e-09, -2.16741104190063e-05, -7.16247436864215e-09, -4.58170640628853e-08, 2.16741104190063e-05, 6.25092607292588e-09, -4.05011209337398e-09, -3.52773258094085e-05, 
26, 20, -1.29980862683653e-07, -0.087681221326326, -1.29980862688645e-07, -1.34129843635893e-06, 0.0876812213263259, -5.90178271956365e-06, -8.02598381909692e-07, -0.0098493892147805, -1.23551277722245e-07, -0.0876603044855882, -1.23551277726583e-07, -1.29839499917389e-06, 0.0876603044855882, -5.90820244849342e-06, -7.9756373363397e-07, -0.00981309398587741, -6.42958498254393e-09, -2.09168407379418e-05, -6.42958498254562e-09, -4.29034371936305e-08, 2.09168407379418e-05, 6.41972898396788e-09, -5.03464833460034e-09, -3.62952289031212e-05, 
26, 21, -1.24965062473892e-07, -0.087678326104529, -1.24965062479256e-07, -1.3501996634534e-06, 0.087678326104529, -5.88108748835366e-06, -8.27915297586412e-07, -0.00984837040905859, -1.18534304825264e-07, -0.0876574222883571, -1.18534304830418e-07, -1.30764320359338e-06, 0.0876574222883571, -5.88752752061724e-06, -8.22833565876054e-07, -0.00981202168388235, -6.43075761284833e-09, -2.09038161719605e-05, -6.43075761285002e-09, -4.25564598767007e-08, 2.09038161719605e-05, 6.44003249190512e-09, -5.08173173647088e-09, -3.63487251762113e-05, 
27, 0, -3.94778406950465e-08, -0.0875899482750481, -3.9477840700256e-08, -1.36953623246171e-06, 0.0875899482750481, -5.79648295521556e-06, -1.2100437232491e-06, -0.00984378430674831, -3.52182553313679e-08, -0.087569053921895, -3.52182553370047e-08, -1.32691781481148e-06, 0.087569053921895, -5.80320580260739e-06, -1.205252636321e-06, -0.00980738887344523, -4.25958533318226e-09, -2.089435315301e-05, -4.25958533318396e-09, -4.26184176637085e-08, 2.089435315301e-05, 6.72284722824655e-09, -4.79108688219037e-09, -3.63954333030849e-05, 
27, 10, -2.11091956641872e-08, -0.083958407161362, -2.11091956688423e-08, -7.13899082356407e-07, 0.083958407161362, -5.19380188190916e-06, -1.51989038414109e-06, -0.00966695922721594, -1.74061092471941e-08, -0.083937900120287, -1.74061092522855e-08, -6.729614058755e-07, 0.083937900120287, -5.20078491769839e-06, -1.51486112833768e-06, -0.00962966121541365, -3.70308636043099e-09, -2.05070410748543e-05, -3.70308636043099e-09, -4.09376764621753e-08, 2.05070410748543e-05, 6.98303566734765e-09, -5.02925574749567e-09, -3.72980118023346e-05, 
27, 20, -2.57651223428999e-07, -0.0839574860898514, -2.57651223433932e-07, -9.78924730096756e-07, 0.0839574860898514, -5.18907036746638e-06, -1.75788949106912e-06, -0.00970051228214346, -2.55032037054675e-07, -0.0839379191619347, -2.55032037060152e-07, -9.42551816349038e-07, 0.0839379191619347, -5.19617250564512e-06, -1.75235077228384e-06, -0.00966187207599336, -2.61918631079877e-09, -1.95669279167521e-05, -2.61918631080046e-09, -3.63729137356592e-08, 1.95669279167521e-05, 7.10213831046642e-09, -5.53871884519298e-09, -3.86402061500678e-05, 
27, 22, -2.45788309520912e-07, -0.0839508999280977, -2.4578830952617e-07, -9.9821198206873e-07, 0.0839508999280977, -5.14346907292335e-06, -1.8199799864548e-06, -0.00969809505768408, -2.43024381707026e-07, -0.0839313626539492, -2.43024381711738e-07, -9.61963121854882e-07, 0.0839313626539492, -5.15063576304452e-06, -1.81439033234831e-06, -0.00965931753922435, -2.76392776484978e-09, -1.95372741485693e-05, -2.76392776485168e-09, -3.62488602302256e-08, 1.95372741485693e-05, 7.16669012687437e-09, -5.58965408588736e-09, -3.87775184597456e-05, 
28, 0, -1.79246488569749e-07, -0.0838488964982757, -1.79246488574956e-07, -1.02569786713115e-06, 0.0838488964982757, -4.99426763396233e-06, -2.17662948911588e-06, -0.00969182848126351, -1.78421112791995e-07, -0.0838293687646683, -1.78421112798059e-07, -9.89434894758305e-07, 0.0838293687646683, -5.00173035558736e-06, -2.17140609215792e-06, -0.00965299442583062, -8.25375805547674e-10, -1.95277336076056e-05, -8.25375805547459e-10, -3.62629723579141e-08, 1.95277336076056e-05, 7.46272171101512e-09, -5.22339698909374e-09, -3.88340554328945e-05, 
28, 10, -1.07995285522944e-07, -0.0797758047081006, -1.07995285527707e-07, -4.25656386786243e-07, 0.0797758047081006, -3.85245725076849e-06, -2.65151975263189e-06, -0.00947208710151781, -1.06800006684219e-07, -0.0797567183186528, -1.06800006688765e-07, -3.90975907174348e-07, 0.0797567183186528, -3.86012270716936e-06, -2.64621856150339e-06, -0.00943214626858749, -1.19527885547117e-09, -1.90863894480386e-05, -1.19527885547286e-09, -3.46804795928219e-08, 1.90863894480386e-05, 7.6654563195171e-09, -5.30119114396368e-09, -3.99408329303184e-05, 
28, 20, -3.0704877878694e-07, -0.0798052956218944, -3.07048778791594e-07, -8.12629639972908e-07, 0.0798052956218944, -3.61290918955209e-06, -3.29344185520429e-06, -0.00950640104079272, -3.07766664811622e-07, -0.0797873117275632, -3.07766664817033e-07, -7.82324982078012e-07, 0.0797873117275632, -3.62055076355647e-06, -3.28783603101893e-06, -0.00946485063034316, 7.17886047064294e-10, -1.79838943310649e-05, 7.17886047062391e-10, -3.03046578819989e-08, 1.79838943310649e-05, 7.64157409394654e-09, -5.60582419019552e-09, -4.15504104495769e-05, 
28, 23, -2.88353745098824e-07, -0.0797948369802106, -2.88353745103912e-07, -8.38138805119223e-07, 0.0797948369802106, -3.53678370628636e-06, -3.40120623044677e-06, -0.00950256481716518, -2.89044544471587e-07, -0.0797769031719531, -2.8904454447657e-07, -8.08512065636038e-07, 0.0797769031719531, -3.54442507700141e-06, -3.39552246047702e-06, -0.00946077593265275, 6.90799351599726e-10, -1.79338082576904e-05, 6.9079935159613e-10, -2.96267394312655e-08, 1.79338082576904e-05, 7.64137083169023e-09, -5.68376996272966e-09, -4.17888845123957e-05, 
29, 0, -2.27581845891975e-07, -0.0796836939848917, -2.27581845896744e-07, -8.73797444135908e-07, 0.0796836939848917, -3.28674928439277e-06, -3.68511487162414e-06, -0.00949479894951236, -2.29990709557752e-07, -0.0796657700204615, -2.29990709562623e-07, -8.44386913180027e-07, 0.0796657700204616, -3.29466166159566e-06, -3.6798346971484e-06, -0.00945294856485686, 2.40886364209202e-09, -1.79239644303066e-05, 2.40886364209055e-09, -2.94105309846583e-08, 1.79239644303066e-05, 7.91237725972425e-09, -5.2801745293498e-09, -4.18503846555054e-05, 
29, 10, 4.87474995878679e-08, -0.0753798842001297, 4.87474995837522e-08, -4.44559598357584e-07, 0.0753798842001297, -1.41775312271378e-06, -4.42888350139983e-06, -0.00923522504314232, 4.43454019346674e-08, -0.0753624484873892, 4.4345401929143e-08, -4.17089970483921e-07, 0.0753624484873892, -1.42556515553802e-06, -4.42339187340761e-06, -0.00919213220517496, 4.40209764386645e-09, -1.74357127404515e-05, 4.40209764386814e-09, -2.74696278706364e-08, 1.74357127404515e-05, 7.81203269240021e-09, -5.4916280537034e-09, -4.30928379673541e-05, 
29, 20, -1.06709295810763e-07, -0.0754553805682423, -1.06709295815411e-07, -9.55317723384591e-07, 0.0754553805682423, -9.5365907271699e-07, -5.51263715310401e-06, -0.00927127540638711, -1.1295323813719e-07, -0.0754391584418294, -1.12953238141518e-07, -9.30033109266044e-07, 0.0754391584418294, -9.61441894967245e-07, -5.50695261639423e-06, -0.00922643592656297, 6.24394233125783e-09, -1.62221264132106e-05, 6.24394233125614e-09, -2.52846141149966e-08, 1.62221264132106e-05, 7.78282228647669e-09, -5.68453669169718e-09, -4.48394798241202e-05, 
29, 24, -8.55047816752925e-08, -0.0754423940739098, -8.55047816799512e-08, -9.79526283933388e-07, 0.0754423940739098, -8.53502407442197e-07, -5.648890917215e-06, -0.00926633550141353, -9.2252549356155e-08, -0.0754262501704303, -9.22525493614532e-08, -9.55310412310483e-07, 0.0754262501704303, -8.61241942800301e-07, -5.64318165736691e-06, -0.00922116401346009, 6.74776767840564e-09, -1.61439034797474e-05, 6.74776767841411e-09, -2.42158716230872e-08, 1.61439034797474e-05, 7.73953548803257e-09, -5.70925980984766e-09, -4.51714879534658e-05, 
30, 0, -1.23315731585054e-08, -0.0753286300243082, -1.23315731633598e-08, -1.01031082060628e-06, 0.0753286300243082, -4.67699136197368e-07, -5.79276029574898e-06, -0.00925751711223415, -2.0371813918653e-08, -0.0753124971193785, -2.03718139241638e-08, -9.86686571963048e-07, 0.0753124971193785, -4.75714340398014e-07, -5.78746513149969e-06, -0.00921228447327353, 8.04024073242858e-09, -1.61329049296998e-05, 8.04024073243197e-09, -2.36242486559897e-08, 1.61329049296998e-05, 8.01520433689656e-09, -5.29516419453509e-09, -4.52326389606128e-05, 
30, 10, 5.16611168909907e-07, -0.0710770852083383, 5.16611168905689e-07, -8.49702753074885e-07, 0.0710770852083383, 1.99420725278892e-06, -6.85862340667137e-06, -0.00897129774324052, 5.05931940236963e-07, -0.0710614551634328, 5.05931940232101e-07, -8.26882180384836e-07, 0.0710614551634328, 1.98635005289059e-06, -6.85337703806839e-06, -0.00892478680146644, 1.06792286869212e-08, -1.56300449053747e-05, 1.06792286869159e-08, -2.28205726697262e-08, 1.56300449053747e-05, 7.85720011547164e-09, -5.24636859684428e-09, -4.65109417740398e-05, 
30, 20, 3.79583089701435e-07, -0.0712183342251551, 3.795830896969e-07, -1.47836206609947e-06, 0.0712183342251551, 2.51984913796624e-06, -8.30830574524574e-06, -0.00901084071463106, 3.65943883396136e-07, -0.0712039403564458, 3.65943883391596e-07, -1.45667471296683e-06, 0.0712039403564458, 2.5120569179226e-06, -8.30324004674709e-06, -0.0089626126999856, 1.36392062847347e-08, -1.43938687094531e-05, 1.36392062847331e-08, -2.16873531559112e-08, 1.43938687094531e-05, 7.79222022434498e-09, -5.06569852429257e-09, -4.82280146454628e-05, 
30, 25, 4.03708719369613e-07, -0.0712064870961013, 4.03708719365837e-07, -1.50721718781725e-06, 0.0712064870961013, 2.63038096006971e-06, -8.4793804315516e-06, -0.00900547430352102, 3.88348885002554e-07, -0.0711922022514902, 3.88348884998881e-07, -1.48580836885967e-06, 0.0711922022514902, 2.62269386110529e-06, -8.47438267075329e-06, -0.00895683254342151, 1.53598343763095e-08, -1.42848446112145e-05, 1.53598343763112e-08, -2.14088189557502e-08, 1.42848446112145e-05, 7.68709891488123e-09, -4.99776082395275e-09, -4.86417600994884e-05, 
31, 0, 5.0761967034207e-07, -0.0710984207211239, 5.07619670337518e-07, -1.51517638000009e-06, 0.0710984207211239, 3.17042352345315e-06, -8.43551024787837e-06, -0.00899645316363852, 4.90914043539688e-07, -0.0710841479082231, 4.90914043535368e-07, -1.49466093227523e-06, 0.0710841479082231, 3.16250876003281e-06, -8.43092517173184e-06, -0.00894775215653126, 1.67056268252302e-08, -1.42728129012079e-05, 1.67056268252268e-08, -2.05154477229417e-08, 1.42728129012079e-05, 7.91476347198491e-09, -4.58507620241688e-09, -4.8701007107251e-05, 
31, 10, 1.11600855631025e-06, -0.0672268439156252, 1.11600855630637e-06, -1.61497156798564e-06, 0.0672268439156252, 5.5086889785052e-06, -9.42372723638936e-06, -0.00871267459996951, 1.09625002311668e-06, -0.0672130412004029, 1.09625002311214e-06, -1.59406360674348e-06, 0.0672130412004029, 5.50099706751262e-06, -9.41943537985875e-06, -0.00866276570079942, 1.97585332021302e-08, -1.38027152224391e-05, 1.97585332021322e-08, -2.09079612288633e-08, 1.38027152224391e-05, 7.69191108198379e-09, -4.29185655733602e-09, -4.99088991701015e-05, 
31, 20, 1.00428128589069e-06, -0.0674483514243002, 1.00428128588712e-06, -2.34129321447517e-06, 0.0674483514243002, 5.93155097467387e-06, -1.11306182856202e-05, -0.0087579359946505, 9.81064182053035e-07, -0.0674357101320677, 9.81064182049466e-07, -2.3192027797385e-06, 0.0674357101320677, 5.92433547685623e-06, -1.11264833972809e-05, -0.0087064388027278, 2.32171038357809e-08, -1.26412922326594e-05, 2.3217103835779e-08, -2.20904347554267e-08, 1.26412922326594e-05, 7.21549785402131e-09, -4.13488833175859e-09, -5.14971919227217e-05, 
31, 25, 1.02231091598957e-06, -0.067441564141212, 1.02231091598525e-06, -2.35971976881834e-06, 0.067441564141212, 5.99875994857894e-06, -1.12762200859598e-05, -0.00875352227399058, 9.97799164193926e-07, -0.0674290460124606, 9.9779916418982e-07, -2.33679293977462e-06, 0.0674290460124606, 5.99178710226784e-06, -1.12723922697918e-05, -0.00870161449472274, 2.45117518144991e-08, -1.25181287512361e-05, 2.45117518144991e-08, -2.29268290387204e-08, 1.25181287512361e-05, 6.97284617611136e-09, -3.82781620143449e-09, -5.1907779267843e-05, 
32, 0, 1.16225774610258e-06, -0.0673479417101649, 1.16225774609891e-06, -2.32658629361867e-06, 0.0673479417101649, 6.65524872914663e-06, -1.10234639766096e-05, -0.0087454422652577, 1.13635106334221e-06, -0.0673354382202959, 1.13635106333821e-06, -2.30484040617357e-06, 0.0673354382202959, 6.64813566535543e-06, -1.10200506244929e-05, -0.00869347409251228, 2.59066827498432e-08, -1.25034898689642e-05, 2.590668274984e-08, -2.1745887455976e-08, 1.25034898689642e-05, 7.11306374139993e-09, -3.41335215488258e-09, -5.19681727454009e-05, 
32, 10, 1.5127388165272e-06, -0.064150190717366, 1.51273881652353e-06, -2.43456952879834e-06, 0.064150190717366, 7.75503613380611e-06, -1.09666120247822e-05, -0.00850583309184466, 1.4840196579845e-06, -0.0641381020325385, 1.48401965798114e-06, -2.41078601456245e-06, 0.0641381020325385, 7.74843293950671e-06, -1.09631623543473e-05, -0.00845279019369643, 2.87191585788833e-08, -1.20886848274543e-05, 2.87191585788831e-08, -2.37835142363552e-08, 1.20886848274543e-05, 6.60319410499693e-09, -3.44967044653327e-09, -5.30428981482333e-05, 
32, 20, 1.37270751935743e-06, -0.0644279979822862, 1.37270751935323e-06, -3.08828990943093e-06, 0.0644279979822862, 7.8065206628421e-06, -1.2527546003544e-05, -0.00855281476884275, 1.34081864877013e-06, -0.0644169446271356, 1.34081864876625e-06, -3.05926082733626e-06, 0.0644169446271356, 7.80117472066279e-06, -1.25249167560339e-05, -0.0084983284499088, 3.18888706279833e-08, -1.1053355150372e-05, 3.18888706279781e-08, -2.90290820992099e-08, 1.1053355150372e-05, 5.34594215125749e-09, -2.62924746024975e-09, -5.44863189339352e-05, 
32, 25, 1.35934972735094e-06, -0.0644230672613227, 1.35934972734694e-06, -3.07999105736395e-06, 0.0644230672613227, 7.76943198387794e-06, -1.2589054058045e-05, -0.00854872602265713, 1.32652796109971e-06, -0.0644121431882204, 1.32652796109703e-06, -3.04890477244676e-06, 0.0644121431882204, 7.76454028576722e-06, -1.25868120857167e-05, -0.00849384110715467, 3.28217662478906e-08, -1.09240731022185e-05, 3.28217662478873e-08, -3.10862849244119e-08, 1.09240731022185e-05, 4.89169808161153e-09, -2.2419722812688e-09, -5.48849155024656e-05, 
33, 0, 1.50821093412741e-06, -0.0643502150219761, 1.50821093412386e-06, -3.00560999204616e-06, 0.0643502150219761, 8.40650338469925e-06, -1.21619741299625e-05, -0.00854260481818608, 1.47383170322159e-06, -0.0643393072977381, 1.4738317032177e-06, -2.97584864205051e-06, 0.0643393072977381, 8.40156055560822e-06, -1.21600545290516e-05, -0.00848765992945847, 3.43792308946667e-08, -1.09077242377688e-05, 3.43792308946684e-08, -2.97613500071349e-08, 1.09077242377688e-05, 4.94282911283782e-09, -1.91960093278493e-09, -5.49448887276029e-05, 
33, 10, 1.2517623290152e-06, -0.0619734928113804, 1.25176232901152e-06, -2.65490288191235e-06, 0.0619734928113804, 7.41454997035239e-06, -1.01663991941274e-05, -0.00837416358775721, 1.21550084200838e-06, -0.0619629313719981, 1.21550084200406e-06, -2.62179109090385e-06, 0.0619629313719981, 7.41037752605471e-06, -1.01648674850647e-05, -0.00831828777789329, 3.62614870324583e-08, -1.05614393821174e-05, 3.62614870324548e-08, -3.31117910103511e-08, 1.05614393821174e-05, 4.17244425399758e-09, -1.53170905074833e-09, -5.58758098639521e-05, 
33, 20, 1.10844389008962e-06, -0.0622654513362804, 1.10844389008605e-06, -3.15776308553391e-06, 0.0622654513362804, 7.29760601030717e-06, -1.12798234861471e-05, -0.00841551340974775, 1.0711684046437e-06, -0.0622557967903942, 1.07116840464046e-06, -3.11804476735132e-06, 0.0622557967903941, 7.29475794821481e-06, -1.12798433200783e-05, -0.00835829785891943, 3.72754854403884e-08, -9.6545458861371e-06, 3.72754854403901e-08, -3.97183182076004e-08, 9.6545458861371e-06, 2.84806198357528e-09, 1.98339459996499e-11, -5.72155508283243e-05, 
33, 25, 1.10285355557957e-06, -0.0622613004006849, 1.10285355557602e-06, -3.13344460088221e-06, 0.0622613004006849, 7.30105105667072e-06, -1.12607524694873e-05, -0.00841151748641976, 1.06528852928143e-06, -0.0622517797116864, 1.065288529277e-06, -3.09218605532663e-06, 0.0622517797116864, 7.29850885083792e-06, -1.12613809360837e-05, -0.00835391047814038, 3.75650262900513e-08, -9.52068899860957e-06, 3.75650262900513e-08, -4.12585455492642e-08, 9.52068899860957e-06, 2.54220581095564e-09, 6.28466567358552e-10, -5.76070082794228e-05, 
34, 0, 1.22472507090682e-06, -0.062211011748307, 1.22472507090282e-06, -3.04324217940584e-06, 0.062211011748307, 7.78031101875447e-06, -1.07601555378285e-05, -0.00840775444946582, 1.18511016988635e-06, -0.0622015084883319, 1.18511016988257e-06, -3.00389339158348e-06, 0.0622015084883319, 7.77783175268652e-06, -1.07609642992719e-05, -0.00835008823815736, 3.96149009988577e-08, -9.50325997485247e-06, 3.96149009988562e-08, -3.93487877676179e-08, 9.50325997485247e-06, 2.47926604774497e-09, 8.08761481820286e-10, -5.76662113084497e-05, 
34, 10, 5.57403149658113e-07, -0.0606540167876966, 5.57403149655104e-07, -2.02548232007442e-06, 0.0606540167876966, 5.76791127685416e-06, -6.8873725160899e-06, -0.00831648249286837, 5.17728300089598e-07, -0.0606447981375079, 5.1772830008647e-07, -1.9844462872265e-06, 0.0606447981375079, 5.76583364611391e-06, -6.88892053134156e-06, -0.00825801920587066, 3.96748495512099e-08, -9.21865018862633e-06, 3.96748495512063e-08, -4.10360328431362e-08, 9.21865018862633e-06, 2.07763062334819e-09, 1.54801519081584e-09, -5.84632869977192e-05, 
34, 20, 6.10044405005913e-07, -0.0609331190047063, 6.1004440500159e-07, -2.46647887170632e-06, 0.0609331190047063, 6.23623784609662e-06, -7.72857253460918e-06, -0.00835062290956646, 5.71547312173474e-07, -0.0609246501902496, 5.7154731217002e-07, -2.42307963766151e-06, 0.0609246501902496, 6.23422535815386e-06, -7.73129048440151e-06, -0.00829091792408755, 3.84970928441794e-08, -8.46881445648674e-06, 3.84970928441758e-08, -4.33992340636816e-08, 8.46881445648673e-06, 2.01248803348746e-09, 2.71794983435305e-09, -5.97049854789214e-05, 
34, 25, 6.43474125830499e-07, -0.0609318812438276, 6.43474125826506e-07, -2.43980563135535e-06, 0.0609318812438275, 6.37773252827404e-06, -7.69652192910913e-06, -0.00834743999422345, 6.05387872976207e-07, -0.0609235416360785, 6.05387872973091e-07, -2.39704821952347e-06, 0.0609235416360785, 6.37564735808923e-06, -7.69953232507788e-06, -0.00828735806513963, 3.80862528328949e-08, -8.33960774935963e-06, 3.80862528328951e-08, -4.27574118189969e-08, 8.33960774935962e-06, 2.08517017907239e-09, 3.01039597257502e-09, -6.00819290838432e-05, 
35, 0, 7.26102504281476e-07, -0.0609025967998671, 7.26102504277262e-07, -2.35405788912363e-06, 0.0609025967998671, 6.66922261851059e-06, -7.19133650240044e-06, -0.00834595193620797, 6.85829986015813e-07, -0.0608942748029841, 6.85829986011271e-07, -2.31364658535514e-06, 0.0608942748029841, 6.6673055981989e-06, -7.19447529728799e-06, -0.00828581217301464, 4.02725182689577e-08, -8.32199688288553e-06, 4.02725182689611e-08, -4.04113037629271e-08, 8.32199688288553e-06, 1.91702030075068e-09, 3.13879486550428e-09, -6.01397631933571e-05, 
35, 10, 4.25052926960478e-07, -0.0600676460858765, 4.25052926956507e-07, -1.2398251463131e-06, 0.0600676460858765, 6.06647219966517e-06, -3.52037845368743e-06, -0.00832399519293831, 3.85279373981918e-07, -0.0600595565058395, 3.85279373978267e-07, -1.20054917745348e-06, 0.0600595565058395, 6.06411022212336e-06, -3.5236350134098e-06, -0.00826316262589447, 3.97735530057673e-08, -8.08958003736319e-06, 3.97735530057692e-08, -3.92759688727048e-08, 8.08958003736319e-06, 2.36197749178841e-09, 3.25655968487298e-09, -6.0832567043868e-05, 
35, 20, 6.4750713523347e-07, -0.0603098845822681, 6.47507135229704e-07, -1.61554119847137e-06, 0.0603098845822681, 6.95397840333189e-06, -4.38833166514531e-06, -0.00835060063674833, 6.10848014975503e-07, -0.0603023882105783, 6.1084801497131e-07, -1.57836950829287e-06, 0.0603023882105783, 6.95079970621433e-06, -4.39137057837928e-06, -0.00828861174228759, 3.66591202214636e-08, -7.49637168967082e-06, 3.66591202214547e-08, -3.71716901693543e-08, 7.49637168967082e-06, 3.17869718598823e-09, 3.03891324805452e-09, -6.19888944607412e-05, 
35, 25, 6.5892833274467e-07, -0.0603112925657435, 6.58928332741118e-07, -1.60451267791695e-06, 0.0603112925657435, 6.98994290613304e-06, -4.37696481163576e-06, -0.00834846023634207, 6.22654033208934e-07, -0.0603039209084469, 6.22654033204951e-07, -1.56782588421583e-06, 0.0603039209084469, 6.98681924366666e-06, -4.38009461618e-06, -0.00828610375508474, 3.62742995055847e-08, -7.37165729655943e-06, 3.6274299505583e-08, -3.66867937110109e-08, 7.37165729655943e-06, 3.12366242345311e-09, 3.12980454456184e-09, -6.23564812573285e-05, 
36, 0, 7.20542834192166e-07, -0.060298879752445, 7.20542834188615e-07, -1.52487891368594e-06, 0.060298879752445, 7.17487704998509e-06, -3.88026203550568e-06, -0.00834869265462987, 6.82465199031838e-07, -0.0602915260570768, 6.82465199027867e-07, -1.49020663844049e-06, 0.0602915260570768, 7.17194400366491e-06, -3.88357012535209e-06, -0.00828627899600619, 3.80776351651066e-08, -7.35369536788126e-06, 3.80776351651066e-08, -3.46722752154048e-08, 7.35369536788126e-06, 2.93304632210034e-09, 3.30808991996548e-09, -6.2413658623708e-05, 
36, 10, 1.1597443083403e-06, -0.0600174829407603, 1.15974430833653e-06, -8.89993671462684e-07, 0.0600174829407603, 8.64060755154004e-06, -2.19777867523374e-06, -0.00837417137709699, 1.12364354029824e-06, -0.060010324273923, 1.12364354029492e-06, -8.56887931371926e-07, 0.060010324273923, 8.63716487380341e-06, -2.20074994271465e-06, -0.0083111404847834, 3.61007680098177e-08, -7.15866683751091e-06, 3.61007680098196e-08, -3.31057400898487e-08, 7.15866683751091e-06, 3.44267787859952e-09, 2.97126733173542e-09, -6.30308923136097e-05, 
36, 20, 1.1666722532048e-06, -0.0602093974448389, 1.16667225320081e-06, -1.09555600132184e-06, 0.0602093974448389, 8.75036217465166e-06, -2.60429690287527e-06, -0.00839375989247001, 1.13533052623953e-06, -0.0602027059683553, 1.13533052623533e-06, -1.06325347373574e-06, 0.0602027059683553, 8.74677160657035e-06, -2.60735248233707e-06, -0.00832962549149065, 3.13417269520885e-08, -6.69147648382416e-06, 3.134172695209e-08, -3.23025275693238e-08, 6.69147648382416e-06, 3.59056793921339e-09, 3.05557945806687e-09, -6.41344009793349e-05, 
36, 24, 1.12626370416405e-06, -0.0602118377740876, 1.12626370416029e-06, -1.08120470008748e-06, 0.0602118377740876, 8.62608578838357e-06, -2.54865015487348e-06, -0.0083927479432949, 1.09649378896805e-06, -0.060205246725282, 1.09649378896473e-06, -1.04866615442985e-06, 0.060205246725282, 8.62254768223357e-06, -2.55190390440814e-06, -0.00832831384430469, 2.97699152060044e-08, -6.59104880551827e-06, 2.97699152060027e-08, -3.25385456547042e-08, 6.59104880551828e-06, 3.5381060334747e-09, 3.25374951145696e-09, -6.44340989901812e-05, 
37, 0, 1.17690814222012e-06, -0.0602110903823796, 1.17690814221616e-06, -9.95368589140975e-07, 0.0602110903823796, 8.75523574846207e-06, -2.03783560082827e-06, -0.00839390881652807, 1.14575762490117e-06, -0.0602045189482205, 1.14575762489763e-06, -9.64393446507961e-07, 0.0602045189482206, 8.75187420017987e-06, -2.04129233949438e-06, -0.00832941358214541, 3.11505173413862e-08, -6.57143415923319e-06, 3.11505173413794e-08, -3.09751425850983e-08, 6.57143415923319e-06, 3.36154818044581e-09, 3.45673863445177e-09, -6.44952343826817e-05, 
37, 10, 1.73972753061796e-06, -0.0603051097236088, 1.7397275306144e-06, -6.37131267620557e-07, 0.0603051097236088, 1.03215242929789e-05, -1.53296534930695e-06, -0.00844521009956533, 1.71046387805641e-06, -0.060298708526331, 1.71046387805265e-06, -6.06719101355638e-07, 0.060298708526331, 1.03180000550582e-05, -1.53611166702083e-06, -0.00838015202712496, 2.92636525573887e-08, -6.40119727769245e-06, 2.9263652557387e-08, -3.04121662484955e-08, 6.40119727769245e-06, 3.52423789940361e-09, 3.1463175862473e-09, -6.50580724403728e-05, 
37, 20, 1.51795692872008e-06, -0.0604538520661723, 1.51795692871675e-06, -7.26535025665488e-07, 0.0604538520661723, 9.63534277774544e-06, -1.52964418082856e-06, -0.00846117606241505, 1.49337812987663e-06, -0.0604478038854022, 1.49337812987352e-06, -6.95890420779176e-07, 0.0604478038854022, 9.63162267492157e-06, -1.53247653169799e-06, -0.00839509886979667, 2.45787988743542e-08, -6.04818076994992e-06, 2.45787988743544e-08, -3.06446048487129e-08, 6.04818076994992e-06, 3.72010294683989e-09, 2.83235081901836e-09, -6.60771926183663e-05, 
37, 24, 1.46796189261593e-06, -0.06045756899255, 1.46796189261261e-06, -7.12567325524594e-07, 0.06045756899255, 9.49415285471685e-06, -1.46994947172476e-06, -0.00846089038220757, 1.44479167269995e-06, -0.0604516122784942, 1.44479167269599e-06, -6.81429731560702e-07, 0.0604516122784942, 9.4903965895871e-06, -1.47273954980535e-06, -0.00839453202850307, 2.31702198859352e-08, -5.95671405565141e-06, 2.31702198859331e-08, -3.11375939900426e-08, 5.95671405565141e-06, 3.75626513475615e-09, 2.79007801566657e-09, -6.63583537044692e-05, 
38, 0, 1.49399699188854e-06, -0.0604645226803758, 1.4939969918852e-06, -6.15677029580825e-07, 0.0604645226803758, 9.54399729502484e-06, -9.48508864714809e-07, -0.00846257420935471, 1.4695199843284e-06, -0.0604585841404824, 1.46951998432507e-06, -5.85641646669952e-07, 0.0604585841404824, 9.54037128682028e-06, -9.51487511429619e-07, -0.00839615895036427, 2.44770075781611e-08, -5.93853989326228e-06, 2.44770075781594e-08, -3.00353829291095e-08, 5.93853989326228e-06, 3.6260081816915e-09, 2.97864660046878e-09, -6.64152589904202e-05, 
38, 10, 1.68628225818204e-06, -0.0607949130414492, 1.68628225817806e-06, -4.0469831890704e-07, 0.0607949130414492, 9.88868501816751e-06, -8.85545015462166e-07, -0.00853045537239859, 1.6635806021453e-06, -0.0607891206698221, 1.66358060214219e-06, -3.73869814984448e-07, 0.0607891206698221, 9.88496940751319e-06, -8.88261638607323e-07, -0.00846353387451276, 2.27016560375751e-08, -5.79237162719844e-06, 2.27016560375717e-08, -3.08285039612386e-08, 5.79237162719844e-06, 3.71561076247458e-09, 2.71662311792698e-09, -6.6921497885837e-05, 
38, 20, 1.44338976329291e-06, -0.0609134043675767, 1.4433897632898e-06, -5.30028641199395e-07, 0.0609134043675767, 9.07171337997433e-06, -9.67576275736849e-07, -0.008545421572448, 1.42428601672616e-06, -0.0609078799618475, 1.42428601672242e-06, -4.98636798592726e-07, 0.0609078799618475, 9.06775635015696e-06, -9.69724819260944e-07, -0.00847757091274628, 1.9103746598506e-08, -5.52440572905952e-06, 1.9103746598506e-08, -3.13918426074318e-08, 5.52440572905952e-06, 3.95702979379001e-09, 2.14854361502281e-09, -6.78506597017476e-05, 
38, 24, 1.38858920906871e-06, -0.0609172054536748, 1.38858920906539e-06, -5.12167380691259e-07, 0.0609172054536748, 8.93869739157026e-06, -9.0999512988118e-07, -0.00854554177081686, 1.37006772265803e-06, -0.0609117619262069, 1.37006772265405e-06, -4.8060306504129e-07, 0.0609117619262069, 8.93465137776852e-06, -9.12006812781346e-07, -0.00847743660284056, 1.85214864146086e-08, -5.44352746770258e-06, 1.85214864146086e-08, -3.15643156127108e-08, 5.44352746770258e-06, 4.04601372403638e-09, 2.01168283809133e-09, -6.81051679763021e-05, 
39, 0, 1.38840499558733e-06, -0.0609291494835689, 1.38840499558463e-06, -4.22668744631248e-07, 0.0609291494835689, 8.91601098701448e-06, -4.33151732831181e-07, -0.00854772465072649, 1.36835364038882e-06, -0.0609237223171724, 1.3683536403855e-06, -3.92072759910333e-07, 0.0609237223171724, 8.91204531889358e-06, -4.35334416032702e-07, -0.00847956795549812, 2.00513552366507e-08, -5.4271663961732e-06, 2.0051355236649e-08, -3.05959846920441e-08, 5.4271663961732e-06, 3.96566803435413e-09, 2.18268320151195e-09, -6.81566952283688e-05, 
39, 10, 1.22311775404363e-06, -0.0613814156818924, 1.22311775404031e-06, -5.93124340924009e-07, 0.0613814156818924, 8.1210868140159e-06, -1.15325002349013e-06, -0.00862663084751281, 1.20432818040505e-06, -0.0613761115490696, 1.20432818040106e-06, -5.62558756155716e-07, 0.0613761115490696, 8.11696953235279e-06, -1.15490030800515e-06, -0.00855803169585712, 1.87895736577109e-08, -5.30413282257451e-06, 1.87895736577061e-08, -3.05655847841553e-08, 5.30413282257451e-06, 4.11728156849678e-09, 1.65028460444928e-09, -6.85991516556745e-05, 
39, 20, 1.0084876380649e-06, -0.0614783308486269, 1.00848763806112e-06, -7.57681035369402e-07, 0.0614783308486269, 7.38556661274814e-06, -1.39977575616106e-06, -0.00864175419802771, 9.90703009095122e-07, -0.061473235606356, 9.90703009091129e-07, -7.27914203004177e-07, 0.061473235606356, 7.38112092859834e-06, -1.40048112998216e-06, -0.00857233736680955, 1.77846289530411e-08, -5.09524227085878e-06, 1.77846289530379e-08, -2.97668323857706e-08, 5.09524227085878e-06, 4.44568417053363e-09, 7.05373784419944e-10, -6.94168312181478e-05, 
39, 24, 9.55165831122583e-07, -0.061481537065889, 9.5516583111882e-07, -7.2969490329314e-07, 0.061481537065889, 7.2691962887168e-06, -1.3213577274253e-06, -0.00864202163993435, 9.37443300957283e-07, -0.0614765130443884, 9.37443300953754e-07, -7.00228136671447e-07, 0.0614765130443884, 7.26468717565819e-06, -1.32193465447534e-06, -0.00857237941077489, 1.77225301672133e-08, -5.02402150059299e-06, 1.77225301672133e-08, -2.94667666386731e-08, 5.02402150059298e-06, 4.50911309826172e-09, 5.76927048642586e-10, -6.96422291594735e-05, 
40, 0, 9.56631750424356e-07, -0.0614960680090797, 9.56631750420589e-07, -6.74551319178017e-07, 0.0614960680090797, 7.24130702179617e-06, -9.5534675580265e-07, -0.00864464395869026, 9.37391869076803e-07, -0.0614910585807131, 9.3739186907346e-07, -6.4612131509258e-07, 0.0614910585807131, 7.23682392808035e-06, -9.56147238698084e-07, -0.00857495600272192, 1.92398813782647e-08, -5.00942836659715e-06, 1.92398813782632e-08, -2.84300040886298e-08, 5.00942836659715e-06, 4.48309380944913e-09, 8.00482857609994e-10, -6.9687955968321e-05, 
40, 10, 5.7194489613866e-07, -0.0619727091175638, 5.71944896135337e-07, -1.27420153579784e-06, 0.0619727091175638, 5.75563484660167e-06, -2.54512897926698e-06, -0.00873081609497122, 5.53137689847593e-07, -0.0619678095160653, 5.53137689844247e-07, -1.24683035412291e-06, 0.0619678095160653, 5.75121116751121e-06, -2.54551706698857e-06, -0.00866074364887389, 1.88072062996691e-08, -4.89960149829291e-06, 1.88072062996678e-08, -2.737118165207e-08, 4.89960149829291e-06, 4.42367909744332e-09, 3.88087691227205e-10, -7.00724460973319e-05, 
40, 20, 4.16807220402403e-07, -0.0620588789184991, 4.16807220398663e-07, -1.33084730274114e-06, 0.0620588789184991, 5.20134906785488e-06, -2.56778759002871e-06, -0.00874774507418107, 3.97987686925047e-07, -0.0620541582205071, 3.97987686920836e-07, -1.30575853033094e-06, 0.0620541582205071, 5.19700283426257e-06, -2.56779906395186e-06, -0.00867696340922802, 1.88195334743632e-08, -4.72069799181106e-06, 1.88195334743632e-08, -2.50887724168097e-08, 4.72069799181106e-06, 4.34623366325417e-09, 1.14738760495857e-11, -7.07816649530582e-05, 
40, 25, 3.67676552344945e-07, -0.0620622693715048, 3.67676552340752e-07, -1.29124868015393e-06, 0.0620622693715048, 5.09708645801768e-06, -2.44786223107468e-06, -0.00874818044967806, 3.49053079911816e-07, -0.0620576243990048, 3.49053079908076e-07, -1.26696399604323e-06, 0.0620576243990048, 5.09286679214901e-06, -2.4480004053458e-06, -0.00867716365483507, 1.86234724206533e-08, -4.64497250006229e-06, 1.86234724206499e-08, -2.42846841061688e-08, 4.64497250006229e-06, 4.21966579319475e-09, 1.38174140013919e-10, -7.10167948430099e-05, 
41, 0, 3.97752436200245e-07, -0.0620773926175733, 3.97752436196275e-07, -1.27831369581695e-06, 0.0620773926175733, 5.12534149485848e-06, -2.21167287416923e-06, -0.00875119842812502, 3.77934215042553e-07, -0.0620727593552775, 3.77934215039217e-07, -1.25516131333472e-06, 0.0620727593552775, 5.12115073021616e-06, -2.21204571235538e-06, -0.008680145856665, 1.98182211289035e-08, -4.63326229581777e-06, 1.98182211289069e-08, -2.31523824941283e-08, 4.63326229581777e-06, 4.19076451301967e-09, 3.72838169802944e-10, -7.1052571459979e-05, 
41, 10, -4.40101439037707e-10, -0.0625007861936896, -4.40101443448031e-10, -1.98091021768128e-06, 0.0625007861936896, 3.52768948376023e-06, -4.00983343094307e-06, -0.00883542634200927, -1.94960881659134e-08, -0.062496255490737, -1.94960881692463e-08, -1.95916712342541e-06, 0.062496255490737, 3.52386979055442e-06, -4.01021600034304e-06, -0.00876404583393867, 1.90559867377091e-08, -4.53070295268949e-06, 1.90559867377076e-08, -2.1743094276637e-08, 4.53070295268949e-06, 3.81969304896575e-09, 3.82569475744356e-10, -7.13805080705717e-05, 
41, 20, -6.90153131872105e-08, -0.06258686904893, -6.90153131912109e-08, -1.91040621141907e-06, 0.06258686904893, 3.1808943873932e-06, -3.75133315444509e-06, -0.00885578374173985, -8.73733502507078e-08, -0.0625825060021382, -8.73733502535867e-08, -1.89190559705928e-06, 0.0625825060021382, 3.17784701288648e-06, -3.7517967625488e-06, -0.00878379655147275, 1.83580370402486e-08, -4.36304679181133e-06, 1.83580370402486e-08, -1.85006143376632e-08, 4.36304679181133e-06, 3.04737437196132e-09, 4.63608169104171e-10, -7.19871902670908e-05, 
41, 25, -1.01499178668207e-07, -0.0625907254950835, -1.014991786724e-07, -1.87963390808751e-06, 0.0625907254950835, 3.09851185365356e-06, -3.66039014863748e-06, -0.00885642423841961, -1.19213301836667e-07, -0.0625864308494811, -1.19213301841098e-07, -1.86254243544819e-06, 0.0625864308494811, 3.09570072995425e-06, -3.66083164615421e-06, -0.00878423573501677, 1.77141231700927e-08, -4.2946456022783e-06, 1.77141231700893e-08, -1.70914725992839e-08, 4.2946456022783e-06, 2.81112380614081e-09, 4.41497297786711e-10, -7.21885034028362e-05, 
42, 0, -3.16459750515567e-08, -0.062604542256765, -3.16459750557434e-08, -1.89376060961451e-06, 0.062604542256765, 3.2067389725987e-06, -3.5270834463648e-06, -0.00885955956284437, -5.00830106180553e-08, -0.0626002582129509, -5.00830106220319e-08, -1.8778446743083e-06, 0.0626002582129509, 3.20399174916172e-06, -3.52766177738381e-06, -0.00878734020175015, 1.84370355712845e-08, -4.28404381393066e-06, 1.84370355712866e-08, -1.59159353448418e-08, 4.28404381393066e-06, 2.74722346065386e-09, 5.78331126171573e-10, -7.22193610942032e-05, 
42, 10, -2.84074081758511e-07, -0.0629251501167026, -2.8407408176204e-07, -2.40998159262196e-06, 0.0629251501167026, 1.92515722506813e-06, -4.91771059729667e-06, -0.00893367427848476, -3.01793555211008e-07, -0.0629209636964535, -3.01793555215208e-07, -2.39600508099745e-06, 0.0629209636964535, 1.92301281263474e-06, -4.91827224748354e-06, -0.00886117262317951, 1.77194734845036e-08, -4.18642024915007e-06, 1.7719473484507e-08, -1.39765115945611e-08, 4.18642024915007e-06, 2.14441239451467e-09, 5.61650202774951e-10, -7.25016553052625e-05, 
42, 20, -2.33528817884566e-07, -0.063014616548496, -2.33528817888777e-07, -2.25811200276713e-06, 0.063014616548496, 1.76696375133629e-06, -4.51990982449101e-06, -0.00895712599176301, -2.48938310222963e-07, -0.0630105989743817, -2.48938310226512e-07, -2.24927212712714e-06, 0.0630105989743817, 1.76613258367125e-06, -4.52009130957254e-06, -0.00888409982428168, 1.54094923369278e-08, -4.01757411422302e-06, 1.54094923369278e-08, -8.83987563499893e-09, 4.01757411422302e-06, 8.31167779165529e-10, 1.81485076903216e-10, -7.30261674813148e-05, 
42, 26, -2.35189262738862e-07, -0.063019068740415, -2.35189262742409e-07, -2.22155105567967e-06, 0.063019068740415, 1.73682875950526e-06, -4.40532679936152e-06, -0.00895780715642134, -2.48714898809323e-07, -0.0630151263307096, -2.48714898813089e-07, -2.21429681707185e-06, 0.0630151263307096, 1.73634595221202e-06, -4.40541626929782e-06, -0.00888457760758219, 1.35256360621297e-08, -3.94240970533184e-06, 1.35256360621282e-08, -7.25423857994835e-09, 3.94240970533184e-06, 4.82807410157615e-10, 8.94699407473537e-11, -7.32295488391819e-05, 
43, 0, -1.30030091347248e-07, -0.0630299984437144, -1.30030091351208e-07, -2.23260928458531e-06, 0.0630299984437144, 1.91899104127179e-06, -4.31572180288158e-06, -0.00896069406452032, -1.43691740183871e-07, -0.0630260652594924, -1.43691740188054e-07, -2.22624830595114e-06, 0.0630260652594924, 1.91854956352168e-06, -4.31582524933021e-06, -0.00888743945059296, 1.36616488404677e-08, -3.93318422149025e-06, 1.36616488404607e-08, -6.36097863735285e-09, 3.93318422149025e-06, 4.41477746876006e-10, 1.03446462346397e-10, -7.32546139273619e-05, 
43, 10, -1.11636397293884e-07, -0.0632276198360241, -1.11636397297854e-07, -2.37414649103859e-06, 0.0632276198360241, 1.23696252893609e-06, -4.81838927058641e-06, -0.00901826704577603, -1.24375077573938e-07, -0.0632237813406399, -1.24375077578575e-07, -2.37011718209104e-06, 0.0632237813406399, 1.2372883253317e-06, -4.81837425621213e-06, -0.00894476469667904, 1.27386802670177e-08, -3.83849538397347e-06, 1.27386802670162e-08, -4.02930893387686e-09, 3.83849538397347e-06, -3.25796377445442e-10, -1.50144337915529e-11, -7.3502349096989e-05, 
43, 20, 9.78992500938122e-08, -0.0633157464103262, 9.78992500898559e-08, -2.12138826114071e-06, 0.0633157464103262, 1.37892660823014e-06, -4.18429791439573e-06, -0.00904224206886252, 8.86633212501905e-08, -0.0633120849905499, 8.86633212455768e-08, -2.12026244284828e-06, 0.0633120849905499, 1.38005190609825e-06, -4.18400343986793e-06, -0.00896827258433864, 9.23592882870082e-09, -3.66141977617049e-06, 9.23592882869913e-09, -1.12581832478381e-09, 3.66141977617049e-06, -1.12529788396742e-09, -2.94474675891689e-10, -7.39694845238775e-05, 
43, 25, 1.36293585813602e-07, -0.0633192661752075, 1.36293585809832e-07, -2.07350334783702e-06, 0.0633192661752075, 1.47855227303858e-06, -4.03360918151558e-06, -0.00904263456994801, 1.2872760591766e-07, -0.063315670335169, 1.28727605913901e-07, -2.0717897995152e-06, 0.063315670335169, 1.47946513603439e-06, -4.03359234803342e-06, -0.0089685053060392, 7.56597993155904e-09, -3.59584003816428e-06, 7.56597993155904e-09, -1.71354829838814e-09, 3.59584003816428e-06, -9.12863042677e-10, -1.68333760050081e-11, -7.4129263908831e-05, 
44, 0, 2.54887658112381e-07, -0.0633262964190825, 2.54887658108425e-07, -2.04503722983872e-06, 0.0633262964190825, 1.68394777852298e-06, -3.91305873730832e-06, -0.00904492744113347, 2.47539931738874e-07, -0.0633227105752875, 2.47539931735125e-07, -2.04356613832291e-06, 0.0633227105752874, 1.68480274389076e-06, -3.9130485546251e-06, -0.00897077335744269, 7.34772636171774e-09, -3.58584379504711e-06, 7.34772636171775e-09, -1.47109148812846e-09, 3.5858437950471e-06, -8.54965287244185e-10, -1.01826527916565e-11, -7.41540836907746e-05, 
44, 10, 5.44663992891345e-07, -0.0634041843185604, 5.44663992887592e-07, -1.75565134265027e-06, 0.0634041843185604, 1.72807328733199e-06, -3.32537521224038e-06, -0.00908169403980311, 5.3846135835695e-07, -0.0634006892822019, 5.38461358353184e-07, -1.75354070275525e-06, 0.0634006892822019, 1.72914507444552e-06, -3.32577137259844e-06, -0.00900731513602522, 6.20263453180768e-09, -3.49503635855291e-06, 6.20263453180769e-09, -2.11063987490727e-09, 3.49503635855291e-06, -1.07178705722829e-09, 3.96160379538595e-10, -7.4378903777877e-05, 
44, 20, 7.30395960754888e-07, -0.0634891081262651, 7.30395960751542e-07, -1.59546830926807e-06, 0.0634891081262651, 1.84364243850247e-06, -3.12759435867333e-06, -0.00910482625288588, 7.28883076975598e-07, -0.0634857835486319, 7.28883076970961e-07, -1.58930843500641e-06, 0.0634857835486319, 1.84356517818217e-06, -3.12866199984609e-06, -0.00903001537276943, 1.51288377392056e-09, -3.32457763325734e-06, 1.51288377391717e-09, -6.15987425455617e-09, 3.32457763325734e-06, 7.72603481902739e-11, 1.0676410799059e-09, -7.48108801164334e-05, 
44, 25, 7.41290560735703e-07, -0.0634936755241667, 7.4129056073173e-07, -1.60671335974532e-06, 0.0634936755241667, 1.86042208870025e-06, -3.23488967321456e-06, -0.00910534906284582, 7.41910073061735e-07, -0.0634904109690148, 7.41910073057965e-07, -1.59852591214711e-06, 0.0634904109690148, 1.85988897903635e-06, -3.23616154178101e-06, -0.0090303885852613, -6.19512325896359e-10, -3.2645551521658e-06, -6.19512325893179e-10, -8.18744759493059e-09, 3.26455515216581e-06, 5.33109648060906e-10, 1.27186857805165e-09, -7.49604775845189e-05, 
45, 0, 8.36827723427657e-07, -0.0634970932732634, 8.3682772342389e-07, -1.54846044073453e-06, 0.0634970932732634, 2.02273021793765e-06, -3.11870337420072e-06, -0.0091069353871931, 8.37328553545035e-07, -0.0634938376825263, 8.37328553541919e-07, -1.53993373010519e-06, 0.0634938376825263, 2.02220548278959e-06, -3.12001838197247e-06, -0.00903195189561573, -5.00830085727211e-10, -3.2555907373792e-06, -5.00830085727419e-10, -8.52671059406893e-09, 3.2555907373792e-06, 5.24735108464159e-10, 1.31500785183211e-09, -7.49834915774154e-05, 
45, 10, 1.11405042200881e-06, -0.0634835470179942, 1.11405042200527e-06, -1.22883972228641e-06, 0.0634835470179942, 2.14115924308146e-06, -2.72312165795922e-06, -0.00912487157950476, 1.11667289343188e-06, -0.0634803724052081, 1.11667289342748e-06, -1.21780594577427e-06, 0.0634803724052081, 2.14004331868394e-06, -2.72466795741404e-06, -0.00904967866019758, -2.62247145635285e-09, -3.17461278560959e-06, -2.62247145635984e-09, -1.10337765046533e-08, 3.17461278560959e-06, 1.11592436023577e-09, 1.54629943690922e-09, -7.51929193072095e-05, 
45, 20, 1.15215665652892e-06, -0.0635674786402091, 1.15215665652495e-06, -1.2672242613266e-06, 0.0635674786402091, 1.89998360077296e-06, -3.25497511851158e-06, -0.00914770890834092, 1.15999149825616e-06, -0.063564474330544, 1.15999149825239e-06, -1.25140639637114e-06, 0.063564474330544, 1.89810817018328e-06, -3.25677024012045e-06, -0.00907211210387117, -7.83484169839282e-09, -3.00430966498783e-06, -7.83484169838583e-09, -1.58178650104175e-08, 3.00430966498783e-06, 1.87543055682908e-09, 1.7951215788506e-09, -7.55968044697383e-05, 
45, 24, 1.13893316505302e-06, -0.0635726602391671, 1.13893316504883e-06, -1.29338636477707e-06, 0.0635726602391671, 1.83955978471862e-06, -3.41772021952788e-06, -0.00914839312201836, 1.14804065118018e-06, -0.0635697044753355, 1.1480406511762e-06, -1.27671223009323e-06, 0.0635697044753355, 1.83761091663007e-06, -3.41949238290855e-06, -0.00907268096713629, -9.10748611787395e-09, -2.95576383164245e-06, -9.10748611786718e-09, -1.66741346741176e-08, 2.95576383164245e-06, 1.94886799740941e-09, 1.7721634036767e-09, -7.57121548820824e-05, 
46, 0, 1.20623898083595e-06, -0.0635735171838147, 1.20623898083177e-06, -1.23072239389169e-06, 0.0635735171838147, 1.98836730515486e-06, -3.35192667429696e-06, -0.00914943270337015, 1.21466853291558e-06, -0.0635705710496639, 1.21466853291096e-06, -1.21343764995579e-06, 0.0635705710496639, 1.98649996349861e-06, -3.35378052920955e-06, -0.00907369701432772, -8.42955209338028e-09, -2.94613415085336e-06, -8.42955209338366e-09, -1.72847438787931e-08, 2.94613415085337e-06, 1.86734162551208e-09, 1.85385501687768e-09, -7.57356890424291e-05, 
46, 10, 1.33137890854174e-06, -0.0635061983525911, 1.33137890853819e-06, -1.10865275577871e-06, 0.0635061983525911, 1.87017304827114e-06, -3.63259345407897e-06, -0.00915449979993468, 1.34170090414286e-06, -0.0635033294962115, 1.3417009041389e-06, -1.08971626213354e-06, 0.0635033294962115, 1.86809488990981e-06, -3.63427437288815e-06, -0.00907856514378062, -1.03219955798614e-08, -2.86885637938097e-06, -1.03219955798684e-08, -1.89364936711039e-08, 2.86885637938097e-06, 2.07815836745437e-09, 1.68091876965544e-09, -7.59346561540928e-05, 
46, 20, 1.28578421956836e-06, -0.0635863118196128, 1.28578421956482e-06, -1.22323798478359e-06, 0.0635863118196128, 1.5367135458853e-06, -4.28157720578564e-06, -0.00917646431506445, 1.29928669083622e-06, -0.0635836096142521, 1.29928669083202e-06, -1.20253489353241e-06, 0.0635836096142521, 1.53432816888396e-06, -4.28248515062585e-06, -0.00910015249841136, -1.35024712499824e-08, -2.70220536065113e-06, -1.35024712499858e-08, -2.07030912915039e-08, 2.70220536065113e-06, 2.38537688190978e-09, 9.07944840675791e-10, -7.63118166530795e-05, 
46, 23, 1.28384640475864e-06, -0.0635905844523646, 1.28384640475488e-06, -1.23951329210937e-06, 0.0635905844523646, 1.53150341345137e-06, -4.36661143302626e-06, -0.00917698891680102, 1.29811849142006e-06, -0.063587918700043, 1.2981184914161e-06, -1.21871441139751e-06, 0.063587918700043, 1.52902701538821e-06, -4.36729614064594e-06, -0.00910059392967279, -1.42720866747851e-08, -2.66575232155441e-06, -1.42720866747817e-08, -2.0798880698585e-08, 2.66575232155441e-06, 2.47639793853359e-09, 6.84707641830256e-10, -7.63949871282381e-05, 
47, 0, 1.34245292545851e-06, -0.0635898555115749, 1.34245292545431e-06, -1.17979569738409e-06, 0.0635898555115749, 1.73162121902693e-06, -4.33461703276527e-06, -0.00917763894338877, 1.35582553890561e-06, -0.0635871999389745, 1.35582553890122e-06, -1.15823643535894e-06, 0.0635871999389745, 1.72915221584157e-06, -4.33537414713355e-06, -0.00910122013816745, -1.33726134569007e-08, -2.65557260023101e-06, -1.33726134568975e-08, -2.15592620324673e-08, 2.65557260023101e-06, 2.46900312588007e-09, 7.57114324996981e-10, -7.64188052212843e-05, 
47, 10, 1.44381711845891e-06, -0.0634920531229375, 1.44381711845474e-06, -1.17510337223506e-06, 0.0634920531229375, 1.80295228893621e-06, -4.7673764576494e-06, -0.00917414183225601, 1.45876247128808e-06, -0.063489471273252, 1.45876247128452e-06, -1.15288990327404e-06, 0.063489471273252, 1.8002706685498e-06, -4.76757714571496e-06, -0.00909753290622604, -1.4945352832739e-08, -2.58184968538592e-06, -1.49453528327388e-08, -2.2213468939348e-08, 2.58184968538592e-06, 2.68162027091486e-09, 2.00688051792335e-10, -7.66089260299451e-05, 
47, 20, 1.46226494034198e-06, -0.0635632475494844, 1.46226494033823e-06, -1.22778592349589e-06, 0.0635632475494844, 1.73607913676856e-06, -5.05032575505001e-06, -0.00919398246167983, 1.47989347017377e-06, -0.0635608281300579, 1.47989347016872e-06, -1.20462493189459e-06, 0.0635608281300579, 1.73276902043469e-06, -5.04971408833627e-06, -0.00911701822938173, -1.76285298437626e-08, -2.41941942645078e-06, -1.76285298437698e-08, -2.31609915797221e-08, 2.41941942645078e-06, 3.31011625492689e-09, -6.11666735447589e-10, -7.69642322981194e-05, 
47, 23, 1.47374650411398e-06, -0.0635666549752037, 1.47374650410934e-06, -1.22384590292296e-06, 0.0635666549752037, 1.77850378888972e-06, -5.03298005880515e-06, -0.00919427676052633, 1.49152899026845e-06, -0.0635642715794251, 1.49152899026403e-06, -1.20034408912843e-06, 0.0635642715794251, 1.77503516259206e-06, -5.03233077872499e-06, -0.00911723326621819, -1.77824861130861e-08, -2.38339577859527e-06, -1.77824861130827e-08, -2.35018137745302e-08, 2.38339577859527e-06, 3.46862628169039e-09, -6.49280011128746e-10, -7.7043494308142e-05, 
48, 0, 1.5353027158429e-06, -0.0635646338396935, 1.53530271583806e-06, -1.15092977885279e-06, 0.0635646338396935, 2.03490405500937e-06, -4.96074730819169e-06, -0.00919456030761249, 1.55180274752168e-06, -0.0635622605700826, 1.55180274751726e-06, -1.12638811649076e-06, 0.0635622605700826, 2.0313589075811e-06, -4.9602895405692e-06, -0.00911749402327024, -1.6500031671736e-08, -2.37326961088275e-06, -1.65000316717362e-08, -2.45416623961994e-08, 2.37326961088275e-06, 3.54514740671394e-09, -4.57767481768006e-10, -7.706628434228e-05, 
48, 10, 1.77771527305311e-06, -0.0634387670948583, 1.77771527304825e-06, -1.0779781889525e-06, 0.0634387670948583, 2.6479756209831e-06, -4.88229128953904e-06, -0.00918343880485348, 1.79405249653584e-06, -0.0634364668710777, 1.79405249653165e-06, -1.05241716730286e-06, 0.0634364668710777, 2.6440969960927e-06, -4.88190625218751e-06, -0.00910618906444976, -1.63372235002735e-08, -2.30022378035957e-06, -1.63372235002701e-08, -2.55610215947771e-08, 2.30022378035957e-06, 3.87862481739376e-09, -3.85037406756459e-10, -7.72497404036733e-05, 
48, 20, 1.81102274418779e-06, -0.0634987175561453, 1.81102274418339e-06, -1.00157945731421e-06, 0.0634987175561453, 2.58939996922221e-06, -4.69555359846125e-06, -0.00920084075352862, 1.82567291773834e-06, -0.0634965837916784, 1.82567291773502e-06, -9.7253093224124e-07, 0.0634965837916784, 2.58467370348831e-06, -4.69569362465152e-06, -0.00912324551596035, -1.46501735486812e-08, -2.13376446700297e-06, -1.46501735486812e-08, -2.90485250918822e-08, 2.13376446700298e-06, 4.72626577135317e-09, 1.40026140707432e-10, -7.7595237568275e-05, 
48, 22, 1.80405913596058e-06, -0.0635006977290988, 1.8040591359568e-06, -9.95758591414027e-07, 0.0635006977290988, 2.57116122059367e-06, -4.65904845337321e-06, -0.0092009535805768, 1.81833641733712e-06, -0.0634985899612311, 1.81833641733337e-06, -9.66283762971979e-07, 0.0634985899612311, 2.56633829468274e-06, -4.65928983498709e-06, -0.009123304503388, -1.42772814107019e-08, -2.10776786755643e-06, -1.42772814106983e-08, -2.94748284254148e-08, 2.10776786755643e-06, 4.82292594781374e-09, 2.41381593019648e-10, -7.76490771888307e-05, 
49, 0, 1.85299203832272e-06, -0.0634974171142347, 1.85299203831833e-06, -8.96880199560981e-07, 0.0634974171142347, 2.808196984149e-06, -4.50982766952534e-06, -0.00920091401294592, 1.86553616545167e-06, -0.0634953207538799, 1.86553616544769e-06, -8.66519008627081e-07, 0.0634953207538799, 2.80336048837778e-06, -4.5103700933338e-06, -0.00912324087041328, -1.25441271200586e-08, -2.09636035477146e-06, -1.25441271200588e-08, -3.03611909583336e-08, 2.09636035477146e-06, 4.83649581128999e-09, 5.42423853289889e-10, -7.7673142532619e-05, 
49, 10, 2.11503790696267e-06, -0.0633392567660788, 2.11503790695915e-06, -6.79132468756688e-07, 0.0633392567660788, 3.4678792046009e-06, -3.81081079081414e-06, -0.00918284078856942, 2.12669964161362e-06, -0.0633372369216884, 2.12669964160965e-06, -6.47611311707725e-07, 0.0633372369216884, 3.46263897788316e-06, -3.81183041058742e-06, -0.00910498608787264, -1.1661734679572e-08, -2.01984439012608e-06, -1.16617346795786e-08, -3.15211570350248e-08, 2.01984439012608e-06, 5.2402266338239e-09, 1.01961978894832e-09, -7.78547006968021e-05, 
49, 20, 2.04537483617058e-06, -0.0633924973778909, 2.0453748361666e-06, -5.21744067301557e-07, 0.0633924973778909, 3.07481272085661e-06, -3.32036898536772e-06, -0.00919922642611266, 2.05383697225546e-06, -0.0633906481206358, 2.0538369722515e-06, -4.8713537084085e-07, 0.0633906481206358, 3.06948511178434e-06, -3.32239025536783e-06, -0.00912104195723633, -8.46213607919712e-09, -1.8492572549326e-06, -8.46213607919035e-09, -3.46086964251967e-08, 1.84925725493259e-06, 5.32760907850643e-09, 2.02127001765188e-09, -7.81844688763371e-05, 
49, 21, 2.03495871503142e-06, -0.0633936240676853, 2.03495871502743e-06, -5.18804396908038e-07, 0.0633936240676853, 3.04372400630917e-06, -3.29566378337125e-06, -0.00919931072506499, 2.04310589055399e-06, -0.0633917883406501, 2.0431058905496e-06, -4.84020881997763e-07, 0.0633917883406501, 3.03842605802271e-06, -3.29776762942737e-06, -0.00912109994332317, -8.14717551408672e-09, -1.83572703525129e-06, -8.14717551408671e-09, -3.47835149492415e-08, 1.83572703525129e-06, 5.29794826235753e-09, 2.10384600333991e-09, -7.82107817418565e-05, 
50, 0, 2.05259261740725e-06, -0.0633893168019601, 2.05259261740371e-06, -4.0013350981258e-07, 0.0633893168019601, 3.1901095769236e-06, -3.09287231777278e-06, -0.00919906944092915, 2.0586068949789e-06, -0.063387493385735, 2.05860689497578e-06, -3.64853943099835e-07, 0.063387493385735, 3.18496345525212e-06, -3.09532113921653e-06, -0.00912083431855515, -6.01427758319349e-09, -1.82341622475695e-06, -6.01427758319328e-09, -3.52795667575767e-08, 1.82341622475695e-06, 5.14612153784449e-09, 2.44882149585259e-09, -7.82351223740445e-05, 
50, 10, 2.17943521589726e-06, -0.0632018730862694, 2.17943521589369e-06, -6.83237020826534e-08, 0.0632018730862693, 3.46477945545815e-06, -1.97629876236175e-06, -0.00917795368399315, 2.18409822135023e-06, -0.0632001276556704, 2.18409822134538e-06, -3.18594635773535e-08, 0.0632001276556704, 3.45980560039228e-06, -1.97948974622268e-06, -0.00909954164726918, -4.66300544631647e-09, -1.74543059911782e-06, -4.66300544631308e-09, -3.64642384990415e-08, 1.74543059911783e-06, 4.97385503987105e-09, 3.19098397977293e-09, -7.84120367239479e-05, 
50, 20, 2.11439265762195e-06, -0.0632545599293465, 2.11439265761755e-06, 7.86436872923172e-08, 0.0632545599293465, 3.18002831808883e-06, -1.52408476534045e-06, -0.00919484247894817, 2.11577107192045e-06, -0.0632529857664147, 2.11577107191646e-06, 1.16311486911818e-07, 0.0632529857664147, 3.17546502589291e-06, -1.52831200079904e-06, -0.00911612560575466, -1.3784142948728e-09, -1.57416293211777e-06, -1.37841429487661e-09, -3.76677996280011e-08, 1.57416293211777e-06, 4.56329221078571e-09, 4.22723537195134e-09, -7.87168731934734e-05, 
51, 0, 2.10310694327211e-06, -0.0632496845228434, 2.10310694326814e-06, 1.99004717330097e-07, 0.0632496845228434, 3.24673200324805e-06, -1.31790694295314e-06, -0.00919460623396828, 2.10221807654863e-06, -0.063248123422755, 2.10221807654509e-06, 2.36704254435944e-07, 0.063248123422755, 3.24241526349455e-06, -1.32242718882421e-06, -0.00911586553662868, 8.88866729971068e-10, -1.56110008815331e-06, 8.88866729967892e-10, -3.76995370490747e-08, 1.56110008815331e-06, 4.31673981561087e-09, 4.52024588425765e-09, -7.874069733958e-05, 
51, 10, 2.20460747975815e-06, -0.063040383165498, 2.20460747975375e-06, 4.8706343506341e-07, 0.063040383165498, 3.57701309440717e-06, -3.78231888154806e-07, -0.00917414139212949, 2.20225155964073e-06, -0.0630389003150742, 2.20225155963676e-06, 5.25050895243663e-07, 0.0630389003150742, 3.57280035908441e-06, -3.8320464577642e-07, -0.0090952313074698, 2.35592012845852e-09, -1.48285042386762e-06, 2.35592012845852e-09, -3.79874602174718e-08, 1.48285042386762e-06, 4.21273538384086e-09, 4.97275757707697e-09, -7.89100846596733e-05, 
51, 20, 2.21106006015473e-06, -0.0630958709243377, 2.21106006015078e-06, 5.70574769753438e-07, 0.0630958709243377, 3.58745408290706e-06, -1.29435241498274e-07, -0.00919214290059184, 2.20660718110828e-06, -0.0630945604104209, 2.20660718110432e-06, 6.08809577495185e-07, 0.0630945604104209, 3.58308246248498e-06, -1.34986040417439e-07, -0.00911296089425625, 4.45287906213991e-09, -1.31051391685566e-06, 4.45287906213313e-09, -3.82348077385355e-08, 1.31051391685566e-06, 4.37162037446937e-09, 5.55079896374184e-09, -7.91820063356071e-05, 
52, 0, 2.17984935174382e-06, -0.0630905101666782, 2.17984935173983e-06, 6.87507166917627e-07, 0.0630905101666782, 3.60253262627477e-06, 7.36763869564137e-08, -0.00919200776580726, 2.17322487397501e-06, -0.0630892124583669, 2.17322487397148e-06, 7.25450772121607e-07, 0.0630892124583669, 3.59842961151136e-06, 6.78792072327692e-08, -0.00911280460840324, 6.62447773923665e-09, -1.29770831133753e-06, 6.6244777392466e-09, -3.794360522865e-08, 1.29770831133753e-06, 4.10301477207152e-09, 5.79717979447965e-09, -7.92031574040305e-05, 
52, 10, 2.27277826331395e-06, -0.0628627569090492, 2.27277826330957e-06, 7.78882782109146e-07, 0.0628627569090492, 4.1181152182966e-06, 3.73473978188335e-07, -0.00917405299741128, 2.26524724012505e-06, -0.0628615373825543, 2.26524724012155e-06, 8.16824061868982e-07, 0.0628615373825543, 4.11385058418568e-06, 3.6748380255717e-07, -0.00909469149038377, 7.53102317298555e-09, -1.21952649462317e-06, 7.53102317298217e-09, -3.79412798123682e-08, 1.21952649462317e-06, 4.26463405078038e-09, 5.99017576830755e-09, -7.93615070275306e-05, 
52, 19, 2.2778818336238e-06, -0.0629191379962257, 2.27788183362028e-06, 7.81428201698775e-07, 0.0629191379962257, 4.16493788909088e-06, 4.28624617065895e-07, -0.00919269483568624, 2.26925707237412e-06, -0.0629180811620172, 2.2692570723706e-06, 8.19021457867791e-07, 0.0629180811620172, 4.16015065785007e-06, 4.225433279736e-07, -0.00911311191107446, 8.62476120793277e-09, -1.05683420834467e-06, 8.6247612079332e-09, -3.75932561714715e-08, 1.05683420834467e-06, 4.78723132036411e-09, 6.08128922732615e-09, -7.95829246118053e-05, 
53, 0, 2.23530719465374e-06, -0.0629134991807864, 2.23530719464935e-06, 8.8677893951975e-07, 0.0629134991807864, 4.15666800375543e-06, 6.30012646105027e-07, -0.00919265762534717, 2.22459101691208e-06, -0.0629124563900824, 2.22459101690854e-06, 9.23822826001176e-07, 0.0629124563900824, 4.1521618158521e-06, 6.23683821286222e-07, -0.00911305456003861, 1.07161777391328e-08, -1.04279070396805e-06, 1.07161777391394e-08, -3.70438864836131e-08, 1.04279070396805e-06, 4.5061879434296e-09, 6.32882479117206e-09, -7.96030653085877e-05, 
53, 10, 2.2368265711342e-06, -0.0626612834027426, 2.23682657113026e-06, 6.99795216076286e-07, 0.0626612834027426, 4.61716497589655e-06, 2.08266257927876e-07, -0.00917641922531797, 2.2252184709367e-06, -0.0626603240908186, 2.22521847093232e-06, 7.36459207326373e-07, 0.0626603240908186, 4.61244614956734e-06, 2.01897805086346e-07, -0.00909666241767204, 1.16081001909438e-08, -9.59311924000912e-07, 1.16081001909438e-08, -3.66639911830556e-08, 9.59311924000912e-07, 4.7188262780892e-09, 6.36845283372405e-09, -7.97568076459122e-05, 
53, 19, 2.2119245879582e-06, -0.0627183380004328, 2.21192458795296e-06, 6.36652089562916e-07, 0.0627183380004328, 4.60023288445131e-06, 1.71497269201545e-07, -0.00919529169626915, 2.19928929729222e-06, -0.0627175520006893, 2.1992892972883e-06, 6.72433367143384e-07, 0.0627175520006893, 4.59506784509708e-06, 1.6520136955285e-07, -0.00911533130793517, 1.26352906921949e-08, -7.85999743408046e-07, 1.26352906921915e-08, -3.57812776477142e-08, 7.85999743408047e-07, 5.16503937839796e-09, 6.29589975233044e-09, -7.99603883339546e-05, 
54, 0, 2.17302688848143e-06, -0.0627117379860901, 2.17302688847746e-06, 7.28551129420338e-07, 0.0627117379860901, 4.59896926049187e-06, 3.74960177261779e-07, -0.00919524350448629, 2.1584627924651e-06, -0.0627109663450847, 2.15846279246115e-06, 7.6351230118262e-07, 0.0627109663450847, 4.59411048488968e-06, 3.68411707288108e-07, -0.00911526458022318, 1.45640959991815e-08, -7.7164100545895e-07, 1.4564095999188e-08, -3.49611717304602e-08, 7.7164100545895e-07, 4.85877561699806e-09, 6.54846992794339e-09, -7.99789242630858e-05, 
54, 10, 2.10529260389821e-06, -0.0624144343288443, 2.10529260389516e-06, 3.69819011292854e-07, 0.0624144343288443, 4.88539936433005e-06, -4.42864308593192e-07, -0.00917652360234295, 2.09080558600677e-06, -0.0624137536241826, 2.0908055860028e-06, 4.04282981899519e-07, 0.0624137536241826, 4.8802924259464e-06, -4.49442536094113e-07, -0.00909639049311944, 1.44870178850197e-08, -6.80704661531363e-07, 1.44870178850197e-08, -3.44639706419696e-08, 6.80704661531362e-07, 5.10693844176574e-09, 6.57822734972514e-09, -8.01331092234893e-05, 
54, 19, 2.07289508005598e-06, -0.0624716531057717, 2.07289508005249e-06, 2.94842918369226e-07, 0.0624716531057717, 4.84163209819678e-06, -4.92112569326419e-07, -0.00919563804025723, 2.05912823299048e-06, -0.0624711623111622, 2.05912823298696e-06, 3.27891735168799e-07, 0.0624711623111622, 4.83614580547524e-06, -4.9852436611063e-07, -0.00911530637635381, 1.37668470578737e-08, -4.90794609543113e-07, 1.37668470578701e-08, -3.30488167590503e-08, 4.90794609543114e-07, 5.48629270022785e-09, 6.41179671896223e-09, -8.03316639033878e-05, 
55, 0, 2.05097125002236e-06, -0.0624632908733001, 2.05097125001842e-06, 3.7762967507654e-07, 0.0624632908733001, 4.86862491563571e-06, -2.80594277346735e-07, -0.00919542662993928, 2.03558240567946e-06, -0.0624628151315886, 2.03558240567507e-06, 4.09757109264914e-07, 0.0624628151315886, 4.86346071295205e-06, -2.8726395913151e-07, -0.00911507709200176, 1.53888443492577e-08, -4.75741711661241e-07, 1.53888443492575e-08, -3.21274341456491e-08, 4.75741711661241e-07, 5.16420265609406e-09, 6.66968177167375e-09, -8.03495379375446e-05, 
55, 10, 1.98578822694528e-06, -0.0621029511533452, 1.98578822694176e-06, 1.2220353423158e-08, 0.0621029511533452, 5.02249926612243e-06, -1.09937279430684e-06, -0.00917011090913623, 1.97103629722377e-06, -0.0621025759628519, 1.97103629721938e-06, 4.34898468823097e-08, 0.0621025759628519, 5.01714247015571e-06, -1.10600654659649e-06, -0.00908960224701025, 1.47519297276047e-08, -3.7519049320345e-07, 1.47519297276048e-08, -3.1269493400252e-08, 3.7519049320345e-07, 5.35679600354236e-09, 6.63375233727556e-09, -8.05086621259789e-05, 
55, 19, 1.96242377913006e-06, -0.0621617609658737, 1.96242377912524e-06, -6.45501305302896e-08, 0.0621617609658737, 4.98136297115659e-06, -1.19987274829233e-06, -0.00919007044784923, 1.9488034464664e-06, -0.0621615946222285, 1.94880344646246e-06, -3.53729648119951e-08, 0.0621615946222285, 4.97582501552354e-06, -1.20606989250753e-06, -0.00910936480809535, 1.36203326379668e-08, -1.66343645239704e-07, 1.36203326379668e-08, -2.9177165745354e-08, 1.66343645239704e-07, 5.53795557492192e-09, 6.19714430021026e-09, -8.0705639753876e-05, 
56, 0, 1.96111431709296e-06, -0.0621511334489561, 1.96111431708902e-06, 1.53946342825802e-08, 0.0621511334489561, 5.04258511243002e-06, -9.76891880448758e-07, -0.00918960005039159, 1.94613931873736e-06, -0.0621509829983474, 1.94613931873384e-06, 4.36028027862408e-08, 0.0621509829983474, 5.03737336568463e-06, -9.83323105373747e-07, -0.00910887704677022, 1.49749983356869e-08, -1.50450608661261e-07, 1.49749983356869e-08, -2.82081684694987e-08, 1.5045060866126e-07, 5.21174664905772e-09, 6.43122515133522e-09, -8.07230036214058e-05, 
56, 10, 1.93627632581436e-06, -0.0617223584096782, 1.93627632581042e-06, -2.75697300282053e-07, 0.0617223584096782, 5.12822797570703e-06, -1.60199347688617e-06, -0.00915676333764302, 1.92238980834454e-06, -0.0617223179271108, 1.92238980834058e-06, -2.48752316875707e-07, 0.0617223179271108, 5.12293072887951e-06, -1.60814856237935e-06, -0.00907587777785432, 1.38865174636091e-08, -4.04825675717028e-08, 1.38865174636089e-08, -2.69449834451619e-08, 4.04825675717012e-08, 5.29724680261171e-09, 6.15508542906158e-09, -8.08855597886707e-05, 
56, 19, 1.93128568811131e-06, -0.0617839440741507, 1.93128568810823e-06, -3.48338802621155e-07, 0.0617839440741507, 5.11067089600459e-06, -1.77655182153071e-06, -0.0091778880907085, 1.91956570024956e-06, -0.0617841327408314, 1.91956570024562e-06, -3.23586566651823e-07, 0.0617841327408314, 5.105316943115e-06, -1.7820926177e-06, -0.00909680637383139, 1.17199878716999e-08, 1.8866668075834e-07, 1.17199878717028e-08, -2.47522359474721e-08, -1.8866668075834e-07, 5.35395291519711e-09, 5.54079625911395e-09, -8.10817168770942e-05, 
57, 0, 1.94776149529293e-06, -0.0617710138152011, 1.94776149528898e-06, -2.64242060002772e-07, 0.0617710138152011, 5.20257036619187e-06, -1.53675287554417e-06, -0.00917715840762586, 1.93500958953478e-06, -0.061771219316666, 1.93500958953083e-06, -2.40348854412334e-07, 0.061771219316666, 5.19751381580822e-06, -1.54250981399798e-06, -0.00909605973005304, 1.27519057591029e-08, 2.05501465297277e-07, 1.27519057591079e-08, -2.38932055500169e-08, -2.05501465297278e-07, 5.05655035712641e-09, 5.7569383588028e-09, -8.10986775727861e-05, 
57, 10, 1.97232403695249e-06, -0.0612769394511257, 1.97232403694855e-06, -4.52086347301749e-07, 0.0612769394511257, 5.24303178068284e-06, -1.90366842664249e-06, -0.00913835467911813, 1.96095613791074e-06, -0.0612772647394388, 1.96095613790724e-06, -4.29338838148177e-07, 0.0612772647394388, 5.23791620226706e-06, -1.90910601153607e-06, -0.00905708960991559, 1.13678990333229e-08, 3.25288313137182e-07, 1.1367899033318e-08, -2.2747509204061e-08, -3.25288313137181e-07, 5.11557832438099e-09, 5.43758494342295e-09, -8.12650692025643e-05, 
57, 19, 1.99101472770688e-06, -0.061341698606626, 1.99101472770253e-06, -4.86606438752878e-07, 0.061341698606626, 5.26655228204946e-06, -2.06424729026931e-06, -0.00916054085128512, 1.98216937301778e-06, -0.0613422749784347, 1.98216937301427e-06, -4.65749012193291e-07, 0.0613422749784347, 5.2614254131018e-06, -2.06906203430402e-06, -0.00907907755498164, 8.84535470095891e-09, 5.76371808865648e-07, 8.84535470096039e-09, -2.08574265575801e-08, -5.76371808865648e-07, 5.12686894424143e-09, 4.81474402838241e-09, -8.14632963034629e-05, 
58, 0, 2.0171429286543e-06, -0.0613266487857636, 2.01714292865078e-06, -3.91199684542807e-07, 0.0613266487857636, 5.37403290406968e-06, -1.80049967970025e-06, -0.00915961447417347, 2.00749116759884e-06, -0.0613272430558758, 2.00749116759402e-06, -3.71000693741281e-07, 0.0613272430558758, 5.3691609612558e-06, -1.8055278499081e-06, -0.00907813429395541, 9.65176107360868e-09, 5.94270112215627e-07, 9.65176107361059e-09, -2.01989908113314e-08, -5.94270112215627e-07, 4.87194280876574e-09, 5.02817014124151e-09, -8.14801802180404e-05, 
58, 10, 2.07735218129716e-06, -0.060774103608014, 2.07735218129275e-06, -4.35349872347387e-07, 0.060774103608014, 5.33952443538436e-06, -1.81677408669358e-06, -0.00911674686307076, 2.06894767201989e-06, -0.0607748279232396, 2.06894767201552e-06, -4.15957628798499e-07, 0.0607748279232396, 5.33457198490689e-06, -1.821502210552e-06, -0.00903509467863651, 8.40450927654365e-09, 7.24315225567012e-07, 8.40450927654196e-09, -1.93922435476571e-08, -7.24315225567012e-07, 4.95245048123753e-09, 4.7281239491005e-09, -8.16521844342247e-05, 
58, 19, 2.11486047998124e-06, -0.0608420148992073, 2.11486047997685e-06, -4.30538780074546e-07, 0.0608420148992073, 5.39903627557037e-06, -1.92840351703339e-06, -0.00913973409060076, 2.10867400212599e-06, -0.0608430119547541, 2.10867400212292e-06, -4.12137090867571e-07, 0.0608430119547541, 5.39404234172275e-06, -1.93286880152419e-06, -0.00905787900877883, 6.18647784394932e-09, 9.97055546622978e-07, 6.1864778439578e-09, -1.84016891740511e-08, -9.97055546622981e-07, 4.99393393125539e-09, 4.46528450857667e-09, -8.18550818219586e-05, 
59, 0, 2.13885041412568e-06, -0.0608250957043189, 2.13885041412172e-06, -3.21457297566028e-07, 0.0608250957043189, 5.49671518715678e-06, -1.64264241133908e-06, -0.00913866990516388, 2.1319341628573e-06, -0.0608261115997053, 2.13193416285422e-06, -3.03483529459221e-07, 0.0608261115997053, 5.49195112712517e-06, -1.6473483988273e-06, -0.00905679788100285, 6.91625125128295e-09, 1.0158953861343e-06, 6.91625125128105e-09, -1.79737680388212e-08, -1.0158953861343e-06, 4.76405999305217e-09, 4.70598746236035e-09, -8.18720241610424e-05, 
59, 10, 2.20466555624641e-06, -0.0602254665982311, 2.20466555624245e-06, -2.16086909204975e-07, 0.0602254665982311, 5.32549993939653e-06, -1.29520985809123e-06, -0.00909232969825502, 2.19867950121633e-06, -0.0602266212446051, 2.19867950121237e-06, -1.98446884765316e-07, 0.0602266212446051, 5.32060322774731e-06, -1.29977768942688e-06, -0.00901028013288408, 5.98605500145556e-09, 1.15464637391961e-06, 5.98605500145366e-09, -1.76400244568797e-08, -1.1546463739196e-06, 4.89671157228917e-09, 4.5678312423652e-09, -8.20495653709723e-05, 
59, 19, 2.25427290337498e-06, -0.0602965502018193, 2.2542729033706e-06, -1.94506622150546e-07, 0.0602965502018193, 5.41347403705509e-06, -1.38578987445291e-06, -0.00911588522326212, 2.25006143040083e-06, -0.0602979944062904, 2.25006143039644e-06, -1.7715592273426e-07, 0.0602979944062904, 5.40855143009913e-06, -1.39039882176678e-06, -0.00903362773651216, 4.21147299240521e-09, 1.4442044712783e-06, 4.21147299241199e-09, -1.73506994582816e-08, -1.4442044712783e-06, 4.92260695602756e-09, 4.60894730267155e-09, -8.22574867499418e-05, 
60, 0, 2.26526378111662e-06, -0.0602781505639242, 2.26526378111267e-06, -7.38356110791372e-08, 0.0602781505639242, 5.47732364949959e-06, -1.09015201205339e-06, -0.00911468961690081, 2.26032234347771e-06, -0.0602796142114185, 2.26032234347463e-06, -5.67690786780117e-08, 0.0602796142114185, 5.4726356050518e-06, -1.09501602321173e-06, -0.00903241514767329, 4.94143762686849e-09, 1.46364749428072e-06, 4.94143762687188e-09, -1.7066532334829e-08, -1.46364749428072e-06, 4.68804439016943e-09, 4.86401100452639e-09, -8.2274469227546e-05, 
60, 10, 2.3124509831981e-06, -0.0596496781500885, 2.31245098319503e-06, 1.23140390367763e-07, 0.0596496781500885, 5.13919009741283e-06, -5.07601736982623e-07, -0.00907015638313148, 2.30799560172509e-06, -0.0596512887335795, 2.30799560172158e-06, 1.40151848696619e-07, 0.0596512887335795, 5.13435794672314e-06, -5.12475166218428e-07, -0.00898769683449592, 4.45538146320147e-09, 1.61058349095184e-06, 4.45538146319957e-09, -1.70114583324085e-08, -1.61058349095183e-06, 4.83215068363132e-09, 4.87342923100462e-09, -8.24595486355927e-05, 
60, 19, 2.36798813712335e-06, -0.0597234228130555, 2.36798813711983e-06, 1.40725414351156e-07, 0.0597234228130555, 5.25077909203332e-06, -6.0952427941539e-07, -0.00909401336031565, 2.36473880594925e-06, -0.059725338471415, 2.36473880594573e-06, 1.5783452338875e-07, 0.059725338471415, 5.24596720380061e-06, -6.14620878214762e-07, -0.00901133788169904, 3.24933116699994e-09, 1.91565835962955e-06, 3.24933116700334e-09, -1.7109108986948e-08, -1.91565835962954e-06, 4.81188825645094e-09, 5.09659873914539e-09, -8.26754786166032e-05, 
61, 0, 2.36001567136237e-06, -0.0597042076998669, 2.36001567135884e-06, 2.67696154669466e-07, 0.0597042076998669, 5.26760814390819e-06, -3.20572411162107e-07, -0.00909287875008085, 2.35599650998836e-06, -0.0597061432336389, 2.35599650998398e-06, 2.84586871193849e-07, 0.0597061432336389, 5.26305909009417e-06, -3.25926724432373e-07, -0.00901018610637505, 4.01916137004139e-09, 1.93553377201165e-06, 4.01916137003482e-09, -1.68907164945491e-08, -1.93553377201164e-06, 4.54905377507232e-09, 5.35431329264458e-09, -8.26926437057854e-05, 
61, 10, 2.38697997197137e-06, -0.0590594502303927, 2.38697997196786e-06, 4.73881062020908e-07, 0.0590594502303927, 4.80326722758171e-06, 2.60422656661192e-07, -0.00905224081657896, 2.38322935013639e-06, -0.0590615400523137, 2.38322935013288e-06, 4.90887417574044e-07, 0.0590615400523137, 4.79860036573752e-06, 2.54992900587303e-07, -0.00896935534865541, 3.75062184776837e-09, 2.08982192101501e-06, 3.75062184776858e-09, -1.70063555220629e-08, -2.08982192101501e-06, 4.66686184383152e-09, 5.42975615591566e-09, -8.28854679235305e-05, 
61, 19, 2.44168296373167e-06, -0.0591351196566231, 2.44168296372816e-06, 4.81573699752478e-07, 0.0591351196566231, 4.9295206804861e-06, 1.45445968352632e-07, -0.00907626229784528, 2.43867712118847e-06, -0.0591375292372818, 2.43867712118496e-06, 4.98726392756251e-07, 0.0591375292372818, 4.92494236917767e-06, 1.39810019849403e-07, -0.00899315158001417, 3.00584254613116e-09, 2.40958065844644e-06, 3.00584254612989e-09, -1.7152693029163e-08, -2.40958065844643e-06, 4.57831132676039e-09, 5.63594860154473e-09, -8.31107178311138e-05, 
62, 0, 2.41475727350921e-06, -0.0591154711352295, 2.41475727350527e-06, 6.10056561652096e-07, 0.0591154711352295, 4.90230084651829e-06, 4.11349886648791e-07, -0.00907522250784917, 2.41093531818125e-06, -0.05911790101605, 2.41093531817774e-06, 6.26992890443819e-07, 0.05911790101605, 4.89801519293874e-06, 4.05472240502727e-07, -0.00899209420512829, 3.82195532707565e-09, 2.42988082084119e-06, 3.82195532707586e-09, -1.69363288043237e-08, -2.42988082084119e-06, 4.28565362479791e-09, 5.87764591253714e-09, -8.31283027208746e-05, 
62, 10, 2.430151851054e-06, -0.0584530633883954, 2.43015185105049e-06, 7.64968131385828e-07, 0.0584530633883954, 4.39238372475323e-06, 8.34611820013513e-07, -0.00903524760610603, 2.42639878796022e-06, -0.0584556527419278, 2.42639878795628e-06, 7.81913442000719e-07, 0.0584556527419278, 4.38801859209166e-06, 8.28679396717784e-07, -0.00895192532523585, 3.75306307829252e-09, 2.58935353281363e-06, 3.75306307829421e-09, -1.69453106475909e-08, -2.58935353281363e-06, 4.36513266273296e-09, 5.93242323087955e-09, -8.33222808701992e-05, 
62, 20, 2.47779796724841e-06, -0.0585290062981369, 2.47779796724447e-06, 7.60662861395713e-07, 0.0585290062981369, 4.52458362690892e-06, 6.94884349281324e-07, -0.00905903275408201, 2.47455357977189e-06, -0.0585319437508377, 2.47455357976836e-06, 7.7755876719481e-07, 0.0585319437508377, 4.52034022874766e-06, 6.88848418012797e-07, -0.00897546428761054, 3.24438745065835e-09, 2.93745270065763e-06, 3.24438745066173e-09, -1.68959058310256e-08, -2.93745270065763e-06, 4.24339824388204e-09, 6.0359312735543e-09, -8.35684664714543e-05, 
63, 0, 2.43515289524654e-06, -0.0585083983117846, 2.43515289524259e-06, 8.8918529180807e-07, 0.0585083983117846, 4.46569909168512e-06, 9.30125166587324e-07, -0.00905796791415112, 2.43108153423758e-06, -0.0585113534479458, 2.43108153423363e-06, 9.05832590052274e-07, 0.0585113534479458, 4.46176783029197e-06, 9.23874567541486e-07, -0.00897438318729643, 4.07136101914817e-09, 2.95513616128208e-06, 4.07136101914468e-09, -1.66472982778546e-08, -2.95513616128208e-06, 3.93126140902242e-09, 6.25059911653127e-09, -8.35847268546905e-05, 
63, 10, 2.45320445236977e-06, -0.0578653107936399, 2.45320445236583e-06, 9.72454961965761e-07, 0.0578653107936399, 4.00826268808604e-06, 1.12247483604589e-06, -0.00901878354525849, 2.44910684398696e-06, -0.0578684177107108, 2.44910684398304e-06, 9.88939961285313e-07, 0.0578684177107108, 4.00426474850801e-06, 1.11624433433958e-06, -0.0089350119820887, 4.09760839488316e-09, 3.10691707073638e-06, 4.09760839488295e-09, -1.64849992923455e-08, -3.10691707073638e-06, 3.99793962275205e-09, 6.23050160993768e-09, -8.37715631698277e-05, 
63, 20, 2.48594887993657e-06, -0.0579385807435007, 2.4859488799322e-06, 9.87066964584065e-07, 0.0579385807435007, 4.13467024008947e-06, 1.00184714390043e-06, -0.00904141083817592, 2.48207227841484e-06, -0.057942029676915, 2.4820722784109e-06, 1.00319342061427e-06, 0.057942029676915, 4.13080654873371e-06, 9.95666882487722e-07, -0.00895739610927873, 3.87660154601109e-09, 3.44893341451836e-06, 3.87660154600781e-09, -1.61264559704495e-08, -3.44893341451836e-06, 3.86369136545829e-09, 6.18026137542457e-09, -8.40147288971685e-05, 
64, 0, 2.43105052095123e-06, -0.0579187819245872, 2.43105052094684e-06, 1.11318283938091e-06, 0.0579187819245872, 4.06075678662503e-06, 1.20860584691988e-06, -0.00904034216631818, 2.42636768155886e-06, -0.0579222483514166, 2.4263676815547e-06, 1.12901116243671e-06, 0.0579222483514166, 4.05721229771579e-06, 1.20223891774548e-06, -0.00895631128970145, 4.68283941138183e-09, 3.46642682942728e-06, 4.68283941138692e-09, -1.58283230790667e-08, -3.46642682942728e-06, 3.54448897365333e-09, 6.36692899565504e-09, -8.40308766167172e-05, 
64, 10, 2.46439369980788e-06, -0.0573163416128981, 2.46439369980501e-06, 1.13765045487272e-06, 0.0573163416128981, 3.75609660145684e-06, 1.16440131659271e-06, -0.00900694010437135, 2.45962857829674e-06, -0.0573199545611832, 2.45962857829344e-06, 1.15322812173247e-06, 0.0573199545611831, 3.75247075877539e-06, 1.15810643749788e-06, -0.00892272794705855, 4.76512152033277e-09, 3.61294828513464e-06, 4.76512152033616e-09, -1.55776668494666e-08, -3.61294828513464e-06, 3.62584259724799e-09, 6.29487905395563e-09, -8.42121573127925e-05, 
64, 20, 2.47432641023984e-06, -0.0573852604370853, 2.47432641023611e-06, 1.16277052386755e-06, 0.0573852604370853, 3.85788462524926e-06, 1.09550097001188e-06, -0.00902762931095852, 2.46970695554214e-06, -0.0573892054349103, 2.4697069555382e-06, 1.17793083034591e-06, 0.0573892054349103, 3.85434068033557e-06, 1.08934256626653e-06, -0.00894317998777926, 4.61945470599567e-09, 3.94499782486929e-06, 4.61945470599059e-09, -1.51603063995172e-08, -3.94499782486929e-06, 3.54394490158204e-09, 6.15840370009412e-09, -8.44493231792833e-05, 
65, 0, 2.41002588624623e-06, -0.0573668342961196, 2.41002588624205e-06, 1.28598887484127e-06, 0.0573668342961196, 3.78247249489353e-06, 1.28142267289896e-06, -0.00902672181016911, 2.40464829423495e-06, -0.0573707963893051, 2.40464829423144e-06, 1.30080594651148e-06, 0.0573707963893051, 3.77924770184408e-06, 1.27510036863287e-06, -0.00894225662746843, 5.37759199709975e-09, 3.96209318519813e-06, 5.37759199709647e-09, -1.48170716939804e-08, -3.96209318519813e-06, 3.22479308121776e-09, 6.32230425284682e-09, -8.44651827006896e-05, 
65, 10, 2.44780740692344e-06, -0.0568083182947433, 2.44780740691972e-06, 1.29108015951558e-06, 0.0568083182947433, 3.66448687328193e-06, 1.13516980074278e-06, -0.00899833912802376, 2.4424177204233e-06, -0.0568124219458125, 2.44241772041935e-06, 1.30560712175041e-06, 0.0568124219458125, 3.66117480585754e-06, 1.1289351085613e-06, -0.00891369874706954, 5.38968649698692e-09, 4.10365106915053e-06, 5.38968649698523e-09, -1.45269622287286e-08, -4.10365106915053e-06, 3.31206740275574e-09, 6.23469231238562e-09, -8.46403809542571e-05, 
65, 20, 2.43681356963153e-06, -0.0568723665996171, 2.43681356962779e-06, 1.30344868022132e-06, 0.0568723665996171, 3.73638102730603e-06, 1.08474058881079e-06, -0.00901695793301314, 2.43146241935053e-06, -0.05687678900136, 2.43146241934725e-06, 1.31743039675692e-06, 0.05687678900136, 3.73312132094362e-06, 1.07871484945584e-06, -0.00893208838822349, 5.35115028242239e-09, 4.4224017430084e-06, 5.35115028241911e-09, -1.39817165652109e-08, -4.4224017430084e-06, 3.25970625597006e-09, 6.02573942603114e-09, -8.48695447896585e-05, 
66, 0, 2.36460076852859e-06, -0.056855242140156, 2.36460076852463e-06, 1.42313288620769e-06, 0.056855242140156, 3.6651296333398e-06, 1.26159672257493e-06, -0.00901614714632406, 2.35854884958101e-06, -0.056859681162089, 2.35854884957686e-06, 1.4367270480456e-06, 0.056859681162089, 3.66218383169749e-06, 1.25542497580682e-06, -0.00893126212611544, 6.05191892903538e-09, 4.43902193313106e-06, 6.0519189290339e-09, -1.35941618954263e-08, -4.43902193313106e-06, 2.94580173973012e-09, 6.17174681282121e-09, -8.48850202086135e-05, 
66, 10, 2.39393438556386e-06, -0.0563370932500074, 2.39393438556078e-06, 1.43073777253067e-06, 0.0563370932500074, 3.72037246818113e-06, 1.1510723734863e-06, -0.00899039941006521, 2.38784825242767e-06, -0.0563416703991562, 2.38784825242415e-06, 1.44396729415542e-06, 0.0563416703991563, 3.7173479938141e-06, 1.14500517771407e-06, -0.00890534571186488, 6.0861331796114e-09, 4.57714914903415e-06, 6.0861331796131e-09, -1.32295216620889e-08, -4.57714914903415e-06, 3.0244742638975e-09, 6.06719574764217e-09, -8.50536982003462e-05, 
66, 20, 2.36281863968235e-06, -0.056396800906681, 2.36281863967906e-06, 1.4279607371984e-06, 0.056396800906681, 3.75843975980996e-06, 1.1007272992228e-06, -0.00900735958965706, 2.35673959324147e-06, -0.0564016823676756, 2.35673959323817e-06, 1.44045160876844e-06, 0.0564016823676756, 3.75539927804192e-06, 1.09488780213619e-06, -0.00892208431847754, 6.07904644179657e-09, 4.88146099444692e-06, 6.07904644180007e-09, -1.24908715817801e-08, -4.88146099444692e-06, 3.04048164131937e-09, 5.83949709053621e-09, -8.52752711794929e-05, 
67, 0, 2.28314345919737e-06, -0.0563808551251488, 2.28314345919407e-06, 1.54281970832812e-06, 0.0563808551251488, 3.68929377733341e-06, 1.27953849138336e-06, -0.00900658665214796, 2.27644509225603e-06, -0.0563857526835493, 2.27644509225274e-06, 1.5548839993636e-06, 0.0563857526835493, 3.68655353414513e-06, 1.27356583626358e-06, -0.00892129626038305, 6.69836694653204e-09, 4.89755840041991e-06, 6.69836694653373e-09, -1.20642910441713e-08, -4.89755840041991e-06, 2.74024319471911e-09, 5.97265504660825e-09, -8.52903917649429e-05, 
67, 10, 2.30386269005557e-06, -0.0559024228968145, 2.30386269005227e-06, 1.54614763601528e-06, 0.0559024228968145, 3.87396145879668e-06, 1.29392873635301e-06, -0.00898092737358601, 2.29722722528994e-06, -0.0559074546630027, 2.29722722528643e-06, 1.55775992758206e-06, 0.0559074546630027, 3.87109449351397e-06, 1.28804806374166e-06, -0.00889547519109313, 6.63546478107702e-09, 5.03176618818646e-06, 6.63546478107861e-09, -1.16122915824374e-08, -5.03176618818646e-06, 2.86696539689452e-09, 5.88067267309525e-09, -8.54521824928923e-05, 
67, 20, 2.2527059073184e-06, -0.0559585255397411, 2.25270590731511e-06, 1.53142467107931e-06, 0.0559585255397411, 3.87833785028175e-06, 1.22966194393441e-06, -0.00899665332188215, 2.24604763618787e-06, -0.0559638443978328, 2.24604763618413e-06, 1.5421111627301e-06, 0.0559638443978328, 3.87539971513661e-06, 1.22400671964545e-06, -0.00891098528630842, 6.65827112766749e-09, 5.31885809190942e-06, 6.65827112766749e-09, -1.06864916476665e-08, -5.31885809190942e-06, 2.93813512187442e-09, 5.65522431703851e-09, -8.56680355737293e-05, 
68, 0, 2.16714546748219e-06, -0.0559437718545329, 2.16714546747802e-06, 1.63950479605345e-06, 0.0559437718545329, 3.80460146881201e-06, 1.41748586884376e-06, -0.00899585841453126, 2.15996121903459e-06, -0.0559491061875465, 2.15996121903172e-06, 1.64972699708332e-06, 0.0559491061875465, 3.80195619595561e-06, 1.41170626691378e-06, -0.00891017548265688, 7.18424845145301e-09, 5.33433301363332e-06, 7.18424845145629e-09, -1.02222010169004e-08, -5.33433301363332e-06, 2.64527279094562e-09, 5.77960196222424e-09, -8.56829318743953e-05, 
68, 10, 2.17832978574601e-06, -0.0555082787839837, 2.17832978574229e-06, 1.6357209174495e-06, 0.0555082787839837, 4.03721476531123e-06, 1.60195423783026e-06, -0.00896967338892795, 2.17125614757377e-06, -0.0555137422054976, 2.17125614756982e-06, 1.64538550315207e-06, 0.0555137422054976, 4.03443990611758e-06, 1.59627162202911e-06, -0.00888383466452892, 7.07363814083998e-09, 5.4634215140159e-06, 7.07363814083998e-09, -9.66458565290494e-09, -5.4634215140159e-06, 2.77485922697824e-09, 5.68261579385073e-09, -8.58387243990699e-05, 
68, 20, 2.10784051132895e-06, -0.055561418488837, 2.1078405113261e-06, 1.61698212802657e-06, 0.055561418488837, 4.00711488289378e-06, 1.52426359555789e-06, -0.00898458472385631, 2.10081114276658e-06, -0.0555671479734462, 2.10081114276264e-06, 1.62561601139231e-06, 0.0555671479734462, 4.00423790319713e-06, 1.51874022316368e-06, -0.0088985331111788, 7.02936853481096e-09, 5.72948460944445e-06, 7.02936853481276e-09, -8.63388327287657e-09, -5.72948460944445e-06, 2.87697964405856e-09, 5.5233723681953e-09, -8.6051612677525e-05, 
69, 0, 2.01743336025805e-06, -0.0555479809202647, 2.01743336025495e-06, 1.71711864893967e-06, 0.0555479809202647, 3.91801402995164e-06, 1.72309635833268e-06, -0.00898378108365198, 2.00999024777962e-06, -0.0555537251199419, 2.00999024777677e-06, 1.72526798975505e-06, 0.0555537251199419, 3.91542091479533e-06, 1.71744871226108e-06, -0.0088977145885865, 7.44311252313767e-09, 5.74419967735716e-06, 7.44311252313429e-09, -8.14934080211696e-09, -5.74419967735716e-06, 2.59311519153993e-09, 5.6476459923488e-09, -8.60664950655348e-05, 
69, 10, 2.0232473395271e-06, -0.0551605459334396, 2.02324733952447e-06, 1.69734910312203e-06, 0.0551605459334396, 4.10073950796928e-06, 2.0648191646362e-06, -0.00895708297894882, 2.01592109658154e-06, -0.0551664128239783, 2.01592109657824e-06, 1.70482678818935e-06, 0.0551664128239783, 4.09804360675716e-06, 2.05928386825782e-06, -0.00887086466775072, 7.32624297405191e-09, 5.86689053871721e-06, 7.32624297405186e-09, -7.47768506465035e-09, -5.86689053871721e-06, 2.69590120899361e-09, 5.53529631480743e-09, -8.62183111980931e-05, 
69, 20, 1.93761472750865e-06, -0.0552111112524634, 1.93761472750557e-06, 1.68282092914485e-06, 0.0552111112524634, 4.04553488459354e-06, 1.9791082913564e-06, -0.00897153569922659, 1.93045732946572e-06, -0.0552172183996903, 1.93045732946222e-06, 1.68918009505388e-06, 0.0552172183996903, 4.04275807363606e-06, 1.97362567314437e-06, -0.00888510501359403, 7.15739809133391e-09, 6.10714722718318e-06, 7.15739809133386e-09, -6.35916594015819e-09, -6.10714722718318e-06, 2.77681103339129e-09, 5.4826181210956e-09, -8.64306856325397e-05, 
70, 0, 1.84392008543777e-06, -0.0551991436832223, 1.84392008543534e-06, 1.77399405831061e-06, 0.0551991436832223, 3.93115196389477e-06, 2.18397104448298e-06, -0.00897073761541615, 1.83647254084812e-06, -0.0552052646673008, 1.83647254084505e-06, 1.77986257811021e-06, 0.0552052646673008, 3.92865873752143e-06, 2.17836626313385e-06, -0.00888429185956068, 7.44754456284274e-09, 6.1209840783265e-06, 7.44754456284428e-09, -5.86851983529811e-09, -6.1209840783265e-06, 2.49322640987427e-09, 5.6047812378212e-09, -8.64457558554935e-05, 
70, 10, 1.84539077225373e-06, -0.0548629123298247, 1.84539077225043e-06, 1.74236580737571e-06, 0.0548629123298247, 3.96945971827476e-06, 2.64144672556427e-06, -0.00894469563767837, 1.83809798908258e-06, -0.0548691493759934, 1.83809798907949e-06, 1.74747187671701e-06, 0.0548691493759934, 3.9669063431323e-06, 2.6359497730276e-06, -0.00885809893807205, 7.2927831893809e-09, 6.2370461687779e-06, 7.29278318937757e-09, -5.10606931356421e-09, -6.2370461687779e-06, 2.55337521075548e-09, 5.49695247018299e-09, -8.65966996063267e-05, 
70, 19, 1.75323774852655e-06, -0.0549105723636047, 1.75323774852347e-06, 1.74000674180574e-06, 0.0549105723636047, 3.90765345152359e-06, 2.56027011754414e-06, -0.00895891370276571, 1.74623698528442e-06, -0.0549170102892749, 1.74623698528154e-06, 1.74411126816186e-06, 0.0549170102892749, 3.9050894525735e-06, 2.55470610111359e-06, -0.00887211683287224, 7.00076318737423e-09, 6.43792567020375e-06, 7.00076318737773e-09, -4.10452636472554e-09, -6.43792567020376e-06, 2.56399891162109e-09, 5.56401642033137e-09, -8.67968698934961e-05, 
71, 0, 1.65734272097245e-06, -0.0549002667434964, 1.65734272096872e-06, 1.82120662684811e-06, 0.0549002667434964, 3.75977326173535e-06, 2.76171387969685e-06, -0.00895815995697032, 1.6501772858932e-06, -0.0549067191971381, 1.65017728588946e-06, 1.82483094621374e-06, 0.0549067191971381, 3.75750029089351e-06, 2.7560339577003e-06, -0.0088713464214028, 7.16543506970851e-09, 6.45245364159715e-06, 7.16543506970846e-09, -3.62431936608223e-09, -6.45245364159715e-06, 2.27297083239448e-09, 5.67992208065936e-09, -8.68135355674728e-05, 
71, 10, 1.64526032503087e-06, -0.0546140052051698, 1.64526032502713e-06, 1.7990565774354e-06, 0.0546140052051698, 3.6229138475385e-06, 3.24794166508251e-06, -0.00893323974494993, 1.63830901760403e-06, -0.05462056992665, 1.63830901760052e-06, 1.80190748605671e-06, 0.05462056992665, 3.62063921326772e-06, 3.2423410358203e-06, -0.0088462725076292, 6.95130742513629e-09, 6.56472148001524e-06, 6.95130742513465e-09, -2.85090861732897e-09, -6.56472148001524e-06, 2.27463428376132e-09, 5.60062938477756e-09, -8.69672373207122e-05, 
71, 19, 1.55201767691981e-06, -0.0546597294853934, 1.55201767691609e-06, 1.80535806452592e-06, 0.0546597294853934, 3.56182543453252e-06, 3.17808324591669e-06, -0.00894748084865706, 1.54551657923621e-06, -0.0546664775306139, 1.54551657923269e-06, 1.80725031612126e-06, 0.0546664775306139, 3.5596014571482e-06, 3.17235036415748e-06, -0.00886030336229509, 6.50109770300272e-09, 6.74804522071959e-06, 6.50109770300436e-09, -1.89225159058348e-09, -6.74804522071959e-06, 2.22397738246916e-09, 5.73288172300692e-09, -8.7177486361975e-05, 
72, 0, 1.45308917566736e-06, -0.0546508892474135, 1.45308917566364e-06, 1.87754090046512e-06, 0.0546508892474135, 3.37883752555623e-06, 3.36303609680527e-06, -0.00894679648770159, 1.44654317115183e-06, -0.0546576510260252, 1.44654317114789e-06, 1.87899082561148e-06, 0.0546576510260252, 3.37691852150608e-06, 3.35719923257518e-06, -0.00885960145803331, 6.54600451736365e-09, 6.76177861209172e-06, 6.54600451736873e-09, -1.44992518675059e-09, -6.76177861209172e-06, 1.91900405801229e-09, 5.83686440514351e-09, -8.71950296682667e-05, 
72, 10, 1.45178074171046e-06, -0.0544041210124123, 1.45178074170694e-06, 1.84546648727289e-06, 0.0544041210124123, 3.12665307103163e-06, 3.77156620480149e-06, -0.00892312727262213, 1.44549948120151e-06, -0.0544109890057302, 1.44549948119799e-06, 1.84622226725563e-06, 0.0544109890057302, 3.12476988137061e-06, 3.76575147346725e-06, -0.00883577677137684, 6.28126053404913e-09, 6.86799331791637e-06, 6.28126053405257e-09, -7.55779960757551e-10, -6.86799331791637e-06, 1.88318967517533e-09, 5.81473135065582e-09, -8.73505012453172e-05, 
72, 19, 1.36260078978218e-06, -0.0544486532245783, 1.3626007897778e-06, 1.85843207968298e-06, 0.0544486532245783, 3.073447059655e-06, 3.7200557149876e-06, -0.00893758978508752, 1.35680663160993e-06, -0.0544556919532625, 1.3568066316062e-06, 1.85833768861456e-06, 0.0544556919532625, 3.07171593589761e-06, 3.71408420536976e-06, -0.00885001784364997, 5.7941581594761e-09, 7.03872868432424e-06, 5.79415815948288e-09, 9.43911180253026e-11, -7.03872868432424e-06, 1.73112370035216e-09, 5.97150966890475e-09, -8.75719414375887e-05, 
73, 0, 1.26232588853203e-06, -0.0544409404001738, 1.26232588852852e-06, 1.92139811602113e-06, 0.0544409404001738, 2.86220422069769e-06, 3.87802302418759e-06, -0.00893698108316, 1.25658428073961e-06, -0.0544479924054805, 1.25658428073587e-06, 1.92091359166553e-06, 0.0544479924054805, 2.86079798735755e-06, 3.87196884572766e-06, -0.00884939061044365, 5.74160778086007e-09, 7.05200530683087e-06, 5.74160778085993e-09, 4.84524348737469e-10, -7.05200530683087e-06, 1.40623344915475e-09, 6.05417834087741e-09, -8.75904727163598e-05, 
73, 10, 1.27023156163927e-06, -0.0542176053138641, 1.27023156163553e-06, 1.89118456464889e-06, 0.0542176053138641, 2.56421071607912e-06, 4.16762333336592e-06, -0.00891442190354218, 1.26473442913713e-06, -0.0542247582457369, 1.2647344291334e-06, 1.8901233975725e-06, 0.0542247582457369, 2.56290490582059e-06, 4.16157661365032e-06, -0.00882667587121077, 5.49713247064876e-09, 7.15293187271724e-06, 5.49713247064209e-09, 1.06116702886971e-09, -7.15293187271724e-06, 1.30581027872932e-09, 6.04671969887781e-09, -8.77460323314215e-05, 
73, 19, 1.18693281888878e-06, -0.0542618083860559, 1.18693281888571e-06, 1.90699600088538e-06, 0.0542618083860559, 2.51522856427526e-06, 4.13765409168619e-06, -0.00892922095705667, 1.18186309476169e-06, -0.0542691226637522, 1.18186309475861e-06, 1.90524818354855e-06, 0.0542691226637522, 2.5141582633644e-06, 4.1314548010769e-06, -0.0088412494485555, 5.0697240952205e-09, 7.3142776962841e-06, 5.06972409522219e-09, 1.74781731084797e-09, -7.3142776962841e-06, 1.07030098804042e-09, 6.19929056683988e-09, -8.79715085011795e-05, 
74, 0, 1.08513871077097e-06, -0.0542547628162829, 1.08513871076766e-06, 1.96166299739589e-06, 0.0542547628162829, 2.28349443124743e-06, 4.26441356556439e-06, -0.00892868085731096, 1.08019698488724e-06, -0.0542620900212438, 1.08019698488395e-06, 1.95957762732147e-06, 0.0542620900212438, 2.28276573865819e-06, 4.25816437188478e-06, -0.00884069044155876, 4.94172586432032e-09, 7.32720496106139e-06, 4.94172586432275e-09, 2.08537010354166e-09, -7.32720496106139e-06, 7.2869267928545e-10, 6.24919357130804e-09, -8.79904157522102e-05, 
74, 10, 1.10500931514049e-06, -0.0540382326014404, 1.1050093151361e-06, 1.94296972386336e-06, 0.0540382326014404, 2.0536697062732e-06, 4.41363123025528e-06, -0.00890676014760049, 1.10026854780404e-06, -0.0540456572944292, 1.10026854779988e-06, 1.94041845973968e-06, 0.0540456572944292, 2.05307574579967e-06, 4.40736775971147e-06, -0.0088186161405149, 4.7407673524859e-09, 7.42469298832763e-06, 4.74076735248426e-09, 2.55126415048595e-09, -7.42469298832763e-06, 5.93960436852336e-10, 6.26347049338943e-09, -8.81440070856131e-05, 
74, 19, 1.02883248484071e-06, -0.0540829242610473, 1.02883248483655e-06, 1.9573511559682e-06, 0.0540829242610473, 2.00583293837413e-06, 4.39883080496036e-06, -0.00892191031308038, 1.02434769825286e-06, -0.0540905048759888, 1.02434769824805e-06, 1.95423724118995e-06, 0.0540905048759888, 2.00547612124451e-06, 4.39244227738344e-06, -0.00883354530858545, 4.48478657053108e-09, 7.58061494165558e-06, 4.48478657053603e-09, 3.11391476802068e-09, -7.58061494165557e-06, 3.56817132744931e-10, 6.38852756469412e-09, -8.83650044949349e-05, 
75, 0, 9.25476760905095e-07, -0.0540760984145815, 9.25476760901803e-07, 2.00447208872854e-06, 0.0540760984145815, 1.76463592956992e-06, 4.49577249387684e-06, -0.00892141613858155, 9.21172369885391e-07, -0.0540836916175541, 9.21172369881872e-07, 2.00106611090237e-06, 0.0540836916175541, 1.76463404994413e-06, 4.4893699283156e-06, -0.00883303272455986, 4.30439104946659e-09, 7.59320297245149e-06, 4.30439104946659e-09, 3.40597782749483e-09, -7.59320297245149e-06, 1.87961632089018e-12, 6.40256574340393e-09, -8.8383414021689e-05, 
75, 10, 9.58589224958961e-07, -0.053853513388595, 9.58589224955229e-07, 2.00149348031719e-06, 0.053853513388595, 1.68275023190672e-06, 4.53031478084224e-06, -0.0088996641727185, 9.54407384942837e-07, -0.0538612022754495, 9.5440738493953e-07, 1.99767406126181e-06, 0.0538612022754495, 1.68289078083229e-06, 4.52388837028315e-06, -0.00881113143201167, 4.18183998741049e-09, 7.68888685440876e-06, 4.18183998741727e-09, 3.81941905090323e-09, -7.68888685440876e-06, -1.40548942340771e-10, 6.42641058934462e-09, -8.85327407068411e-05, 
75, 19, 8.88893570745566e-07, -0.0538991240516862, 8.88893570741834e-07, 2.01062957155756e-06, 0.0538991240516862, 1.6321331123389e-06, 4.5170753210286e-06, -0.00891508289592147, 8.84806369692387e-07, -0.0539069664522971, 8.84806369689521e-07, 2.00638281357768e-06, 0.0539069664522971, 1.63247147430675e-06, 4.51055432842446e-06, -0.00882634166253192, 4.08720105458465e-09, 7.84240061082022e-06, 4.0872010545821e-09, 4.24675796455423e-09, -7.84240061082022e-06, -3.38361971551446e-10, 6.52099251664272e-09, -8.874123338957e-05, 
76, 0, 7.83770428305562e-07, -0.0538921871711697, 7.83770428301396e-07, 2.05074957665331e-06, 0.0538921871711697, 1.39054161636878e-06, 4.59150630720964e-06, -0.0089146123141974, 7.79908966440952e-07, -0.0539000418079243, 7.79908966436796e-07, 2.04624244265156e-06, 0.0539000418079243, 1.39124015844829e-06, 4.58500846354729e-06, -0.00882585395017341, 3.86146186672431e-09, 7.85463675449612e-06, 3.86146186672083e-09, 4.507134017085e-09, -7.85463675449612e-06, -6.98542013279196e-10, 6.4978436524169e-09, -8.87583640240332e-05, 
76, 10, 8.36259284369795e-07, -0.0536586906460984, 8.36259284365409e-07, 2.05370744734437e-06, 0.0536586906460984, 1.46807276578072e-06, 4.55327368218812e-06, -0.00889259391011188, 8.32456805592998e-07, -0.0536666397274432, 8.32456805589486e-07, 2.0488655427861e-06, 0.0536666397274432, 1.46889424832625e-06, 4.54673136321861e-06, -0.0088036929523423, 3.80247875802638e-09, 7.94908134438601e-06, 3.80247875803327e-09, 4.84190456059607e-09, -7.94908134438601e-06, -8.21482681344689e-10, 6.54231895633124e-09, -8.89009577695651e-05, 
76, 19, 7.71674481973617e-07, -0.0537051772645027, 7.71674481969463e-07, 2.0555732825529e-06, 0.0537051772645027, 1.4158248143807e-06, 4.52708166567464e-06, -0.0089081285539096, 7.67812013406591e-07, -0.0537132777094577, 7.67812013402425e-07, 2.05036274584605e-06, 0.0537132777094577, 1.416783394438e-06, 4.52050966406817e-06, -0.00881903815338381, 3.8624685490589e-09, 8.10044495528836e-06, 3.86246854905383e-09, 5.21053669019875e-09, -8.10044495528835e-06, -9.5857997662031e-10, 6.57200157559814e-09, -8.9090400525785e-05, 
77, 0, 6.65321890361077e-07, -0.0536980370567571, 6.65321890356365e-07, 2.08940110358491e-06, 0.0536980370567571, 1.17895236174405e-06, 4.58768127015218e-06, -0.00890766018981275, 6.61726572596733e-07, -0.0537061494086827, 6.61726572592784e-07, 2.08395213018833e-06, 0.0537061494086827, 1.18027100424125e-06, 4.58116871911944e-06, -0.00881855438282668, 3.59531777712349e-09, 8.11235192579676e-06, 3.59531777711925e-09, 5.44897337647985e-09, -8.11235192579677e-06, -1.31864243277661e-09, 6.512551069765e-09, -8.91058069860416e-05, 
77, 10, 7.30805498766548e-07, -0.053457159077396, 7.3080549876216e-07, 2.09389537982222e-06, 0.053457159077396, 1.3563332064934e-06, 4.51668558861216e-06, -0.00888556597722185, 7.27241932899402e-07, -0.0534653649322187, 7.27241932895884e-07, 2.08810281581518e-06, 0.0534653649322187, 1.35776869238035e-06, 4.51014432754765e-06, -0.00879632575142084, 3.56356589219005e-09, 8.20585482270145e-06, 3.56356589219005e-09, 5.79256401661898e-09, -8.20585482270145e-06, -1.43548587366271e-09, 6.54126101500903e-09, -8.92402258010144e-05, 
77, 19, 6.70002455548729e-07, -0.0535039937174511, 6.70002455545104e-07, 2.08849373584874e-06, 0.0535039937174511, 1.30857923798379e-06, 4.46671451946709e-06, -0.00890098241241693, 6.6626494317202e-07, -0.0535123488237973, 6.66264943169154e-07, 2.08241132529974e-06, 0.0535123488237973, 1.31009579668993e-06, 4.46021878690996e-06, -0.00881157298116855, 3.73751231997274e-09, 8.35510634618112e-06, 3.73751231997529e-09, 6.08241055826758e-09, -8.35510634618112e-06, -1.51655866791871e-09, 6.49573260773683e-09, -8.9409431248391e-05, 
78, 0, 5.625188981624e-07, -0.0534967802997979, 5.62518898158452e-07, 2.11658082622928e-06, 0.0534967802997979, 1.07775901153004e-06, 4.51979941773318e-06, -0.00890051754783099, 5.5908792302289e-07, -0.0535051471211613, 5.5908792301938e-07, 2.11027023093395e-06, 0.0535051471211613, 1.07962872658713e-06, 4.51339711880248e-06, -0.00881109435842476, 3.43097518932508e-09, 8.36682136344517e-06, 3.43097518932854e-09, 6.31059523537429e-09, -8.36682136344517e-06, -1.869715115515e-09, 6.40229900485089e-09, -8.94231894062011e-05, 
78, 10, 6.29350433530091e-07, -0.053255254167339, 6.2935043352626e-07, 2.11927607498807e-06, 0.053255254167339, 1.26014822148695e-06, 4.43636293005852e-06, -0.00887895414113866, 6.25921409512232e-07, -0.0532637135753982, 6.25921409508179e-07, 2.11262868643647e-06, 0.0532637135753982, 1.26212555550889e-06, 4.42995435379549e-06, -0.00878940516573093, 3.4290239853292e-09, 8.45940805892072e-06, 3.42902398532486e-09, 6.6473885581559e-09, -8.45940805892072e-06, -1.97733394609177e-09, 6.40857619587628e-09, -8.95489754077101e-05, 
78, 19, 5.70723775718164e-07, -0.0533016227755916, 5.70723775714762e-07, 2.10817785456264e-06, 0.0533016227755916, 1.22470321833131e-06, 4.35936579518823e-06, -0.00889401084060904, 5.67087396527185e-07, -0.0533102311273004, 5.67087396523787e-07, 2.10122650385895e-06, 0.0533102311273004, 1.22674625211433e-06, 4.35309121932295e-06, -0.00880430884430928, 3.63637917806574e-09, 8.60835170871876e-06, 3.63637917806669e-09, 6.95135070267372e-09, -8.60835170871876e-06, -2.04303367143606e-09, 6.2745757844508e-09, -8.97019962997362e-05, 
79, 0, 4.62278873184171e-07, -0.0532944943398008, 4.62278873180225e-07, 2.13079803100458e-06, 0.0532944943398008, 9.99535608374858e-07, 4.40685576084454e-06, -0.00889356359896854, 4.59000421527952e-07, -0.0533031142948481, 4.59000421524765e-07, 2.12362466219141e-06, 0.0533031142948481, 1.00191824101289e-06, 4.40070934983047e-06, -0.00880384919793675, 3.27845161216542e-09, 8.61995504741655e-06, 3.27845161216317e-09, 7.17336879199392e-09, -8.61995504741655e-06, -2.38263258531455e-09, 6.14641094104133e-09, -8.97144010318213e-05, 
79, 10, 5.16973757420714e-07, -0.0530580653032301, 5.16973757418182e-07, 2.13057571194315e-06, 0.0530580653032301, 1.09408032410966e-06, 4.31186704875869e-06, -0.00887173770646444, 5.13750224216321e-07, -0.0530667755109569, 5.13750224213035e-07, 2.12305629118272e-06, 0.0530667755109569, 1.09657010256711e-06, 4.30577660926874e-06, -0.0087819071158917, 3.22353323150005e-09, 8.71020772675212e-06, 3.22353323149666e-09, 7.51942072023623e-09, -8.71020772675212e-06, -2.48977857248956e-09, 6.09043953634572e-09, -8.98305905727704e-05, 
79, 19, 4.62671067715866e-07, -0.0531032340689692, 4.62671067712464e-07, 2.11549678197109e-06, 0.0531032340689692, 1.08135899549671e-06, 4.21271654625547e-06, -0.00888633167469105, 4.59286416043602e-07, -0.0531120898777915, 4.59286416039336e-07, 2.10767618549745e-06, 0.0531120898777915, 1.08391500442066e-06, 4.20684884750371e-06, -0.00879636341413728, 3.38465169287448e-09, 8.85580882245749e-06, 3.38465169287445e-09, 7.82059645098979e-09, -8.85580882245749e-06, -2.55600914660333e-09, 5.86769878464942e-09, -8.99682605537867e-05, 
80, 0, 3.53665073572387e-07, -0.0530963052995027, 3.53665073568982e-07, 2.13245282696511e-06, 0.0530963052995027, 8.6209040281945e-07, 4.25215042461804e-06, -0.00888586589305005, 3.50693329510517e-07, -0.0531051724028536, 3.50693329506681e-07, 2.12442708536107e-06, 0.0531051724028536, 8.64960303364233e-07, 4.2464434989282e-06, -0.00879588653353916, 2.97174408532152e-09, 8.86710335077532e-06, 2.97174408532544e-09, 8.02574159894138e-09, -8.86710335077532e-06, -2.86990051111621e-09, 5.7069256906984e-09, -8.99793595108873e-05, 
80, 10, 3.95909207168942e-07, -0.0528675141937294, 3.95909207165223e-07, 2.12921005925917e-06, 0.0528675141937294, 8.25869091210324e-07, 4.1417258060593e-06, -0.00886569183376085, 3.93047709068521e-07, -0.052876470096244, 3.93047709064793e-07, 2.12084374145835e-06, 0.052876470096244, 8.28827115167763e-07, 4.1361093133177e-06, -0.00877560361687264, 2.86149812627178e-09, 8.95590251451172e-06, 2.86149812627051e-09, 8.36631778237434e-09, -8.95590251451172e-06, -2.95802396096079e-09, 5.6164927436029e-09, -9.00882168882646e-05, 
80, 19, 3.48053108063222e-07, -0.0529110495002104, 3.48053108059278e-07, 2.11367246315922e-06, 0.0529110495002104, 8.447323602574e-07, 4.03423929013306e-06, -0.00887981404479809, 3.45088838978519e-07, -0.0529201474731699, 3.45088838975765e-07, 2.1050599013784e-06, 0.0529201474731699, 8.47729005050742e-07, 4.0288851953169e-06, -0.00878960097764107, 2.9642690464243e-09, 9.09797295967401e-06, 2.96426904642515e-09, 8.61256179606149e-09, -9.09797295967401e-06, -2.99664472768907e-09, 5.35409479524347e-09, -9.02130671569951e-05, 
81, 0, 2.39232540481217e-07, -0.0529043885968739, 2.39232540478467e-07, 2.12506388835434e-06, 0.0529043885968739, 6.32403739042186e-07, 4.06189821114855e-06, -0.00887941010436223, 2.36729264477053e-07, -0.0529134975645194, 2.3672926447333e-07, 2.11627459849521e-06, 0.0529134975645194, 6.35681018499263e-07, 4.0567269968095e-06, -0.00878918698972021, 2.50327598395835e-09, 9.10896764554978e-06, 2.50327598396174e-09, 8.78928984218439e-09, -9.10896764554978e-06, -3.27727931523114e-09, 5.17121438512152e-09, -9.02231146420251e-05, 
81, 10, 2.66407493774945e-07, -0.0526863156115916, 2.66407493771546e-07, 2.12637656552813e-06, 0.0526863156115916, 4.75496960886098e-07, 3.9407205836658e-06, -0.00885932973963565, 2.64018853056628e-07, -0.0526955117388531, 2.64018853053121e-07, 2.11730275321651e-06, 0.0526955117388531, 4.78812870326838e-07, 3.93563161101802e-06, -0.00876900437621903, 2.38864074145894e-09, 9.19612726184964e-06, 2.38864074146022e-09, 9.07381233534211e-09, -9.19612726184964e-06, -3.31590950527023e-09, 5.08897270000968e-09, -9.03253634166181e-05, 
81, 19, 2.2677483445464e-07, -0.052728348710763, 2.26774834451138e-07, 2.11585734570228e-06, 0.052728348710763, 5.2811341925632e-07, 3.84322177136457e-06, -0.0088731501046485, 2.24361525545104e-07, -0.0527376812516092, 2.24361525541052e-07, 2.10663661635388e-06, 0.0527376812516092, 5.31427683320227e-07, 3.83838327179596e-06, -0.00878271081728511, 2.41330890077508e-09, 9.33254084630869e-06, 2.41330890078095e-09, 9.22072934548982e-09, -9.33254084630869e-06, -3.31426398876035e-09, 4.83849953808472e-09, -9.04392873633983e-05, 
82, 0, 1.17816193265804e-07, -0.0527220582612619, 1.17816193261976e-07, 2.12222778293813e-06, 0.0527220582612619, 3.24371354928833e-07, 3.85664374307741e-06, -0.0088727429936363, 1.15902754201629e-07, -0.0527314014367264, 1.15902754197904e-07, 2.11287515143065e-06, 0.0527314014367264, 3.27932006367477e-07, 3.85200139249857e-06, -0.00878229451231517, 1.91343904930425e-09, 9.34317546467015e-06, 1.91343904930568e-09, 9.35263150710683e-09, -9.34317546467015e-06, -3.56065148466748e-09, 4.64235057522661e-09, -9.04484813211368e-05, 
82, 10, 1.3746974617385e-07, -0.0525123716879252, 1.37469746170233e-07, 2.13655291151403e-06, 0.0525123716879252, 1.07961154685252e-07, 3.74518694455375e-06, -0.00885197041187331, 1.35685692055869e-07, -0.0525217999547518, 1.35685692052201e-07, 2.12704431275738e-06, 0.0525217999547518, 1.11495907771327e-07, 3.74061467339739e-06, -0.00876142565726156, 1.7840541326895e-09, 9.42826682652342e-06, 1.78405413268755e-09, 9.50859876117188e-09, -9.42826682652342e-06, -3.53475312728676e-09, 4.57227118069997e-09, -9.0544754611738e-05, 
82, 19, 1.03577635085125e-07, -0.0525533814158102, 1.03577635081566e-07, 2.13273170137632e-06, 0.0525533814158102, 1.88761409385083e-07, 3.66446657820593e-06, -0.00886566759699182, 1.01820241553311e-07, -0.0525629398949716, 1.0182024154975e-07, 2.12321566096822e-06, 0.0525629398949716, 1.92257915932297e-07, 3.66009336213193e-06, -0.00877501815490371, 1.75739354455254e-09, 9.55847916132328e-06, 1.75739354455344e-09, 9.51604039812685e-09, -9.55847916132328e-06, -3.49650652055168e-09, 4.3732160174863e-09, -9.06494420880995e-05, 
83, 0, -6.23143250334421e-09, -0.0525473559855472, -6.23143250630775e-09, 2.13404840466404e-06, 0.0525473559855472, -5.61407404014017e-09, 3.66302963800922e-06, -0.00886524753269578, -7.46938526980978e-09, -0.0525569247345639, -7.46938527326121e-09, 2.12445321060506e-06, 0.0525569247345639, -1.90269112140538e-09, 3.65885614213551e-06, -0.00877458961042269, 1.23795280770763e-09, 9.56874901672558e-06, 1.2379528077125e-09, 9.59519402772062e-09, -9.56874901672558e-06, -3.71138287182247e-09, 4.17349579695081e-09, -9.0657922273113e-05, 
83, 10, 1.57043991725225e-08, -0.0523436839517947, 1.57043991691801e-08, 2.15994259620946e-06, 0.0523436839517947, -2.24291162291743e-07, 3.58027223003491e-06, -0.00884411595708186, 1.4611094478091e-08, -0.0523533360093619, 1.46110944748554e-08, 2.15028696700602e-06, 0.0523533360093619, -2.20664999442999e-07, 3.57614173392601e-06, -0.00875336667617729, 1.09330476491383e-09, 9.65205756730173e-06, 1.09330476491711e-09, 9.65562920373224e-09, -9.65205756730173e-06, -3.62616275373179e-09, 4.13049601373724e-09, -9.07492809045617e-05, 
83, 19, -1.77075328099559e-08, -0.0523841688699516, -1.7707532813027e-08, 2.15673302585391e-06, 0.0523841688699516, -1.29613939550096e-07, 3.50439749153349e-06, -0.00885780472221264, -1.87571017655008e-08, -0.0523939460178689, -1.87571017686261e-08, 2.14724249753183e-06, 0.0523939460178689, -1.26071709078289e-07, 3.50039702846894e-06, -0.00876695864557217, 1.04956894571918e-09, 9.77714791747012e-06, 1.04956894572236e-09, 9.49052831855075e-09, -9.77714791747012e-06, -3.54223050295571e-09, 4.00046304169827e-09, -9.08460766404697e-05, 
84, 0, -1.28572695941047e-07, -0.0523783520081066, -1.28572695944498e-07, 2.15237805140889e-06, 0.0523783520081066, -3.14489995632608e-07, 3.48847536979741e-06, -0.00885739168905043, -1.29101733232491e-07, -0.0523881391112012, -1.29101733235779e-07, 2.14285919000593e-06, 0.0523881391112012, -3.10758297768104e-07, 3.48467129536425e-06, -0.00876653775888151, 5.29037302114477e-10, 9.78710309467873e-06, 5.29037302116066e-10, 9.51886143086789e-09, -9.78710309467873e-06, -3.73169792085826e-09, 3.80407441644481e-09, -9.08539301689134e-05, 
84, 10, -1.08769000319724e-07, -0.0521779774341843, -1.08769000323229e-07, 2.18034214998972e-06, 0.0521779774341843, -5.11943074613212e-07, 3.43865856015071e-06, -0.00883619579509359, -1.09135588718165e-07, -0.0521878466536652, -1.09135588721887e-07, 2.17086177376986e-06, 0.0521878466536652, -5.08335802645825e-07, 3.43486030878891e-06, -0.00874525468118969, 3.66588349747366e-10, 9.86921948079155e-06, 3.66588349747154e-10, 9.48037622552555e-09, -9.86921948079155e-06, -3.60727202429866e-09, 3.79825137029408e-09, -9.09411139039258e-05, 
84, 19, -1.37282373881484e-07, -0.0522183877939384, -1.3728237388518e-07, 2.17784483640786e-06, 0.0522183877939384, -4.02270935062908e-07, 3.36910669954511e-06, -0.00884996398312894, -1.37529785805648e-07, -0.0522283787808278, -1.37529785809342e-07, 2.16868507724028e-06, 0.0522283787808278, -3.98807714497468e-07, 3.36535638483922e-06, -0.00875893330109784, 2.47411943368186e-10, 9.99098688929629e-06, 2.47411943373269e-10, 9.15975916524138e-09, -9.99098688929629e-06, -3.46322068872022e-09, 3.75031471517454e-09, -9.10306820310789e-05, 
85, 0, -2.48985052383866e-07, -0.0522126976348595, -2.48985052387168e-07, 2.16768950929552e-06, 0.0522126976348595, -5.78168361101848e-07, 3.34133430538156e-06, -0.00884956498864132, -2.487213257499e-07, -0.0522226983425963, -2.48721325753447e-07, 2.15856045937393e-06, 0.0522226983425963, -5.74533938815313e-07, 3.33776801010729e-06, -0.00875852704042792, -2.63726567093706e-10, 1.00007077367907e-05, -2.63726567090318e-10, 9.12904992023601e-09, -1.00007077367907e-05, -3.63442215050307e-09, 3.5662953401861e-09, -9.10379482133884e-05, 
85, 10, -2.2822638848827e-07, -0.0520103838480671, -2.28226388492018e-07, 2.19166523651178e-06, 0.0520103838480671, -7.50365507346268e-07, 3.3330538689769e-06, -0.00882795471238098, -2.27779943405667e-07, -0.0520204661903926, -2.27779943408981e-07, 2.18267215914627e-06, 0.0520204661903926, -7.46884026255022e-07, 3.32944394189699e-06, -0.00873683359341348, -4.46445089513044e-10, 1.00823423252479e-05, -4.4644508951442e-10, 8.9930773678048e-09, -1.00823423252479e-05, -3.48148101937768e-09, 3.60992705876875e-09, -9.11211189674963e-05, 
85, 19, -2.49201402450127e-07, -0.0520512663559376, -2.49201402453673e-07, 2.19413060227026e-06, 0.0520512663559376, -6.25669308453492e-07, 3.27752418637813e-06, -0.00884190407088929, -2.48556728704463e-07, -0.0520614689391021, -2.48556728708035e-07, 2.18559371694205e-06, 0.0520614689391021, -6.22373715973539e-07, 3.27387763401916e-06, -0.00875070075194739, -6.44673734441484e-10, 1.02025831644954e-05, -6.44673734439791e-10, 8.5368853263393e-09, -1.02025831644954e-05, -3.29559241112904e-09, 3.64655234056825e-09, -9.12033189419328e-05, 
86, 0, -3.61403222426904e-07, -0.05204551963256, -3.61403222429768e-07, 2.1782114928773e-06, 0.05204551963256, -7.95149558592314e-07, 3.24017570257733e-06, -0.00884150322134142, -3.6027777029895e-07, -0.0520557317746249, -3.60277770302027e-07, 2.16976295356138e-06, 0.0520557317746249, -7.91691118542404e-07, 3.23669959981402e-06, -0.00875029325179654, -1.12545215504425e-09, 1.02121420649191e-05, -1.12545215504521e-09, 8.44853934370223e-09, -1.02121420649191e-05, -3.45843991386946e-09, 3.47610277319997e-09, -9.12099695449163e-05, 
86, 10, -3.43818204857293e-07, -0.0518367447431899, -3.43818204860371e-07, 2.19313877210647e-06, 0.0518367447431899, -9.37138599864381e-07, 3.26459989537755e-06, -0.00881848613075259, -3.42480470375572e-07, -0.0518470380835791, -3.42480470379082e-07, 2.1849056585785e-06, 0.0518470380835791, -9.33846313002521e-07, 3.26107284355504e-06, -0.00872719795610994, -1.33773444314718e-09, 1.02933403892413e-05, -1.33773444314231e-09, 8.23311351819025e-09, -1.02933403892413e-05, -3.29228681850373e-09, 3.52705192363984e-09, -9.12881746426805e-05, 
86, 19, -3.59632255641225e-07, -0.0518786193371721, -3.59632255644089e-07, 2.19661033262107e-06, 0.0518786193371721, -8.01074659793591e-07, 3.20930932782553e-06, -0.00883272030307789, -3.58029956705848e-07, -0.0518890317989536, -3.58029956709145e-07, 2.188906382305e-06, 0.0518890317989536, -7.97970215005758e-07, 3.20578505249386e-06, -0.008741358570746, -1.60229893133836e-09, 1.04124617815044e-05, -1.60229893133328e-09, 7.70395029535875e-09, -1.04124617815044e-05, -3.10444474011467e-09, 3.52427534928504e-09, -9.13617323319368e-05, 
87, 0, -4.71699340729172e-07, -0.0518726829654259, -4.71699340733057e-07, 2.17427304983156e-06, 0.0518726829654259, -9.65378083704841e-07, 3.16299198692802e-06, -0.00883228525210578, -4.6965242728933e-07, -0.0518831048414377, -4.69652427293946e-07, 2.16671418608431e-06, 0.0518831048414377, -9.62116578742266e-07, 3.15963457967558e-06, -0.00874091757769718, -2.04691343910314e-09, 1.04218760117325e-05, -2.04691343910028e-09, 7.55886372961028e-09, -1.04218760117325e-05, -3.26150496363078e-09, 3.35740720215319e-09, -9.1367674408598e-05, 
87, 10, -4.51149351194181e-07, -0.0516570363830907, -4.51149351197899e-07, 2.16601905668481e-06, 0.0516570363830907, -1.06089552499762e-06, 3.18249274178245e-06, -0.00880736447701933, -4.48805624140762e-07, -0.0516675383829336, -4.48805624144511e-07, 2.15872095234484e-06, 0.0516675383829336, -1.0578095158979e-06, 3.17915907433337e-06, -0.00871592500030667, -2.34372705656792e-09, 1.05019998429993e-05, -2.34372705656411e-09, 7.29810435568888e-09, -1.05019998429993e-05, -3.08600907718717e-09, 3.33366741097063e-09, -9.14394767126307e-05, 
87, 19, -4.6448004796144e-07, -0.0517001544324082, -4.64480047964482e-07, 2.16832906640028e-06, 0.0517001544324082, -9.19556516520748e-07, 3.1228255453919e-06, -0.00882195539606433, -4.617913056069e-07, -0.0517107740069052, -4.61791305610188e-07, 2.16163340292006e-06, 0.0517107740069052, -9.16648770446701e-07, 3.11948823338602e-06, -0.00873045263157342, -2.68874243724848e-09, 1.06195744968855e-05, -2.68874243724848e-09, 6.69566347447055e-09, -1.06195744968855e-05, -2.90774598081117e-09, 3.3373119292506e-09, -9.15027644908894e-05, 
88, 0, -5.74556210671003e-07, -0.0516940471729344, -5.74556210674126e-07, 2.13944972377559e-06, 0.0516940471729344, -1.07719170163065e-06, 3.0692782086734e-06, -0.00882147745607941, -5.71468056147929e-07, -0.0517046759971485, -5.71468056151701e-07, 2.13296359286535e-06, 0.0517046759971485, -1.07413546053747e-06, 3.06609739710386e-06, -0.00872996958747644, -3.08815450126466e-09, 1.06288242141363e-05, -3.08815450126646e-09, 6.48613089883698e-09, -1.06288242141363e-05, -3.05624096635959e-09, 3.18081158762981e-09, -9.15078686029627e-05, 
88, 10, -5.37369207686704e-07, -0.0514740108373499, -5.37369207690586e-07, 2.10380267873966e-06, 0.0514740108373499, -1.12508271878923e-06, 3.06133345382189e-06, -0.00879514695925736, -5.33938614116128e-07, -0.0514847180885927, -5.33938614119389e-07, 2.09763432733382e-06, 0.0514847180885926, -1.1221909604926e-06, 3.05818190277968e-06, -0.00870357480886946, -3.43059357848643e-09, 1.07072512425186e-05, -3.43059357848474e-09, 6.16835140093233e-09, -1.07072512425186e-05, -2.89175828404591e-09, 3.15155098326313e-09, -9.15721503878847e-05, 
88, 19, -5.49891082285181e-07, -0.0515180738282844, -5.49891082288817e-07, 2.10742638767216e-06, 0.0515180738282844, -9.82149488808619e-07, 3.00800400810034e-06, -0.00881001760150404, -5.46025244206002e-07, -0.0515288963595827, -5.4602524420945e-07, 2.10194534601708e-06, 0.0515288963595827, -9.79438901655693e-07, 3.00483035846816e-06, -0.00871839376295375, -3.86583812958966e-09, 1.08225312982901e-05, -3.86583812959135e-09, 5.48104166361472e-09, -1.08225312982901e-05, -2.7105871684632e-09, 3.17364971353515e-09, -9.1623838550261e-05, 
89, 0, -6.55919334841887e-07, -0.0515118758942094, -6.55919334845116e-07, 2.07320508284552e-06, 0.0515118758942094, -1.13193079546639e-06, 2.95042947847017e-06, -0.00880951436334855, -6.51714669848398e-07, -0.0515227074528431, -6.51714669851254e-07, 2.06800284512414e-06, 0.0515227074528431, -1.12907821236155e-06, 2.94739664360774e-06, -0.0087178863707884, -4.2046650285745e-09, 1.08315586335886e-05, -4.20466502857471e-09, 5.20223773890361e-09, -1.08315586335886e-05, -2.85258308931736e-09, 3.03283489793396e-09, -9.16279925601209e-05, 
89, 10, -6.00292235025929e-07, -0.0512900438988002, -6.00292235029378e-07, 2.02095630171154e-06, 0.0512900438988002, -1.13813858694227e-06, 2.91905422281996e-06, -0.008782187834216, -5.95695504512701e-07, -0.0513009512728324, -5.95695504516855e-07, 2.01614621268794e-06, 0.0513009512728324, -1.13545014969988e-06, 2.91598785806635e-06, -0.00869050406257155, -4.59673049549926e-09, 1.09073740327653e-05, -4.59673049549682e-09, 4.81008901821855e-09, -1.09073740327653e-05, -2.68843729041546e-09, 3.06636471852475e-09, -9.16837716444416e-05, 
89, 19, -6.15876488661446e-07, -0.0513347176173632, -6.15876488664458e-07, 2.02812671372662e-06, 0.0513347176173632, -1.00368476334284e-06, 2.88287563249867e-06, -0.00879719720011117, -6.10875665127997e-07, -0.0513457368938477, -6.10875665130906e-07, 2.02405768694309e-06, 0.0513457368938477, -1.00115093244822e-06, 2.87972879634749e-06, -0.00870547430454422, -5.00082352360348e-09, 1.10192764842053e-05, -5.00082352360104e-09, 4.06902679173155e-09, -1.10192764842053e-05, -2.53383083250923e-09, 3.14683615655048e-09, -9.17228955669972e-05, 
90, 0, -7.17315854830439e-07, -0.0513285002875326, -7.17315854835298e-07, 1.99022082592659e-06, 0.0513285002875326, -1.14632972494494e-06, 2.82429120140923e-06, -0.00879667367937096, -7.12060128485816e-07, -0.0513395282833435, -7.12060128489105e-07, 1.98649095599649e-06, 0.0513395282833435, -1.14364971516865e-06, 2.82127404369524e-06, -0.00870494767914113, -5.25572634144883e-09, 1.10279958106184e-05, -5.25572634145487e-09, 3.72986994428864e-09, -1.10279958106184e-05, -2.68000980134669e-09, 3.01715775197434e-09, -9.17260002298272e-05, 
90, 10, -6.52505575688436e-07, -0.051106292065833, -6.52505575691404e-07, 1.93280609319851e-06, 0.051106292065833, -1.13693180590998e-06, 2.78233318602968e-06, -0.00876913403299285, -6.46906288280469e-07, -0.0511173926965672, -6.46906288283321e-07, 1.92949461010496e-06, 0.0511173926965672, -1.13438570498596e-06, 2.77925200713983e-06, -0.00867736086154281, -5.59928737772318e-09, 1.11006307341202e-05, -5.59928737772487e-09, 3.3114831192947e-09, -1.11006307341202e-05, -2.54610106017957e-09, 3.08117890590312e-09, -9.17731714500486e-05, 
90, 19, -6.74085013538252e-07, -0.051151118002093, -6.74085013541647e-07, 1.94357248369104e-06, 0.051151118002093, -1.02017556160219e-06, 2.76546642812012e-06, -0.00878414535030697, -6.68219866231605e-07, -0.0511623267977474, -6.68219866235379e-07, 1.94095989581736e-06, 0.0511623267977474, -1.01773218053879e-06, 2.76227222959749e-06, -0.00869234547056041, -5.86514731939418e-09, 1.12087956543524e-05, -5.8651473193891e-09, 2.61258788558688e-09, -1.12087956543524e-05, -2.44338104602973e-09, 3.19419851732463e-09, -9.17998797465779e-05, 
91, 0, -7.71025740525933e-07, -0.0511449143805758, -7.7102574052846e-07, 1.90269767768871e-06, 0.0511449143805758, -1.15743979600132e-06, 2.70655680873746e-06, -0.00878362292564402, -7.65000137804279e-07, -0.0511561315314478, -7.65000137807677e-07, 1.90046012954658e-06, 0.0511561315314478, -1.15484162986813e-06, 2.70348546516925e-06, -0.00869182100456167, -6.02560276953321e-09, 1.12171508719475e-05, -6.02560276953755e-09, 2.23754813188032e-09, -1.12171508719475e-05, -2.59816625751678e-09, 3.07134356892673e-09, -9.18019210823745e-05, 
91, 10, -7.12098302470355e-07, -0.0509255322218106, -7.12098302472979e-07, 1.84775456108101e-06, 0.0509255322218106, -1.14241471250597e-06, 2.6639128804561e-06, -0.00875597230749132, -7.05828775126173e-07, -0.0509368177407487, -7.0582877512989e-07, 1.84588459902781e-06, 0.0509368177407487, -1.13990528202425e-06, 2.66076061878558e-06, -0.00866413188645581, -6.26952737119079e-09, 1.12855189381811e-05, -6.2695273711892e-09, 1.86996206448782e-09, -1.12855189381811e-05, -2.50943037623224e-09, 3.1522617062476e-09, -9.18404210354872e-05, 
91, 19, -7.39692847386103e-07, -0.0509701711890196, -7.39692847388956e-07, 1.86102278681364e-06, 0.0509701711890196, -1.04607987024166e-06, 2.6622542293055e-06, -0.00877083436131628, -7.33318122655445e-07, -0.0509815602607641, -7.33318122658403e-07, 1.85970745662267e-06, 0.0509815602607641, -1.04361979030985e-06, 2.65899899319529e-06, -0.00867897906662252, -6.37472473028001e-09, 1.138907174458e-05, -6.37472473028001e-09, 1.31533020178783e-09, -1.138907174458e-05, -2.46007987479511e-09, 3.25523614135923e-09, -9.18552946937503e-05, 
92, 0, -8.32714485190164e-07, -0.0509640976705134, -8.32714485193347e-07, 1.81682465891863e-06, 0.0509640976705134, -1.17921108315526e-06, 2.60236600498499e-06, -0.00877030524526786, -8.26263431576422e-07, -0.0509754946670104, -8.2626343158003e-07, 1.8158929329257e-06, 0.0509754946670104, -1.17658629159674e-06, 2.59923551605188e-06, -0.00867844894440967, -6.45105364579197e-09, 1.13969964969664e-05, -6.45105364578996e-09, 9.31725974780563e-10, -1.13969964969664e-05, -2.62479151188657e-09, 3.13048890885868e-09, -9.1856300858192e-05, 
92, 10, -7.82983543237167e-07, -0.0507485308664923, -7.82983543239694e-07, 1.77033701529251e-06, 0.0507485308664923, -1.15076202276665e-06, 2.57164197639536e-06, -0.00874329061152586, -7.76355365183213e-07, -0.0507599918435742, -7.76355365186825e-07, 1.76970026078587e-06, 0.0507599918435742, -1.14819635200453e-06, 2.5684280675804e-06, -0.00865140339299391, -6.62817812579383e-09, 1.14609770819253e-05, -6.62817812578684e-09, 6.36754511909121e-10, -1.14609770819253e-05, -2.56567086625898e-09, 3.21390886457768e-09, -9.18872185319317e-05, 
92, 19, -8.16387603827242e-07, -0.0507925661192195, -8.16387603831402e-07, 1.7832785557441e-06, 0.0507925661192195, -1.07409063816664e-06, 2.57755890830621e-06, -0.00875784385748759, -8.09836551983506e-07, -0.050804126462016, -8.09836551987561e-07, 1.78297595852807e-06, 0.050804126462016, -1.07150448320385e-06, 2.57424235228994e-06, -0.00866595202117105, -6.55105175921263e-09, 1.15603427965137e-05, -6.55105175920754e-09, 3.02597198346675e-10, -1.15603427965137e-05, -2.58615500402817e-09, 3.31655600000407e-09, -9.18918363165487e-05, 
93, 0, -9.05760260448954e-07, -0.0507866375356404, -9.05760260451914e-07, 1.73521511750796e-06, 0.0507866375356404, -1.20346778436017e-06, 2.5165371035428e-06, -0.00875732904542535, -8.99201095875932e-07, -0.0507982053548812, -8.99201095879117e-07, 1.73528395935995e-06, 0.0507982053548812, -1.20070702294633e-06, 2.51335237515631e-06, -0.00866543713426393, -6.55916459638231e-09, 1.15678192405569e-05, -6.55916459637532e-09, -6.88418482398038e-11, -1.15678192405569e-05, -2.76076134949765e-09, 3.18472837603675e-09, -9.18919111614357e-05, 
93, 10, -8.67660444693099e-07, -0.0505735525558509, -8.67660444695843e-07, 1.70162996629917e-06, 0.0505735525558509, -1.16041939526418e-06, 2.51116240339022e-06, -0.00873109675582499, -8.60985393040563e-07, -0.050585180494267, -8.60985393043314e-07, 1.70188000722114e-06, 0.050585180494267, -1.15769230112699e-06, 2.50788231047975e-06, -0.00863918015641728, -6.67505169045744e-09, 1.16279384162044e-05, -6.67505169045574e-09, -2.50040932946985e-10, -1.16279384162044e-05, -2.72709414562167e-09, 3.28009295306793e-09, -9.19165994077107e-05, 
93, 19, -9.03855168847485e-07, -0.0506163722396046, -9.03855168850763e-07, 1.71110176604054e-06, 0.0506163722396046, -1.09310046613029e-06, 2.5185168154188e-06, -0.00874520892562766, -8.97387498942813e-07, -0.0506280956693922, -8.97387498945984e-07, 1.71146724826479e-06, 0.0506280956693922, -1.09029702454648e-06, 2.51513822209802e-06, -0.00865329634896105, -6.46766987924601e-09, 1.17234297876391e-05, -6.4676698792477e-09, -3.654822228578e-10, -1.17234297876391e-05, -2.80344171878558e-09, 3.37859334283918e-09, -9.19125766666302e-05, 
94, 0, -9.8972603979218e-07, -0.0506105099565471, -9.89726039795682e-07, 1.65872936328581e-06, 0.0506105099565471, -1.21932005036005e-06, 2.45721816305175e-06, -0.00874470445924919, -9.83294988283495e-07, -0.0506222404219757, -9.83294988286896e-07, 1.65944190106676e-06, 0.0506222404219757, -1.21633452300523e-06, 2.45398398291933e-06, -0.00865279260466043, -6.4310514954729e-09, 1.17304654286252e-05, -6.43105149547417e-09, -7.1253777610339e-10, -1.17304654286252e-05, -2.98552730669527e-09, 3.23418008253284e-09, -9.19118545887585e-05, 
94, 10, -9.60537663496652e-07, -0.0504003737327205, -9.60537663500697e-07, 1.64233549352728e-06, 0.0504003737327205, -1.16780177429048e-06, 2.48568466266897e-06, -0.0087191282572729, -9.54010835810242e-07, -0.0504121608440974, -9.54010835813962e-07, 1.64310465024944e-06, 0.0504121608440974, -1.16482654753764e-06, 2.48234741369863e-06, -0.00862719678037141, -6.52682761620296e-09, 1.1787111376899e-05, -6.52682761620275e-09, -7.69156725723972e-10, -1.1787111376899e-05, -2.97522681748339e-09, 3.33724899954391e-09, -9.19314769015069e-05, 
94, 19, -9.96842707920776e-07, -0.0504414822415803, -9.9684270792373e-07, 1.64598524736801e-06, 0.0504414822415803, -1.09943446918782e-06, 2.49221006168483e-06, -0.00873269583217616, -9.90614967622509e-07, -0.0504533609438669, -9.90614967626228e-07, 1.64666796532228e-06, 0.0504533609438669, -1.09634383115708e-06, 2.48876994109316e-06, -0.00864077534928711, -6.22774025614033e-09, 1.18787022865405e-05, -6.22774025614203e-09, -6.82717932586874e-10, -1.18787022865405e-05, -3.09063807161223e-09, 3.4401206284505e-09, -9.1920482889004e-05, 
95, 0, -1.07924562138755e-06, -0.0504357040766882, -1.07924562139105e-06, 1.58912178469095e-06, 0.0504357040766882, -1.22391986085876e-06, 2.43152720213832e-06, -0.00873219378150518, -1.07307787532005e-06, -0.0504475893923511, -1.07307787532377e-06, 1.59012286323478e-06, 0.0504475893923511, -1.22064129262426e-06, 2.42824669931089e-06, -0.00864027466758989, -6.16774605251657e-09, 1.18853156629887e-05, -6.16774605251487e-09, -1.00107854319026e-09, -1.18853156629887e-05, -3.27856812177105e-09, 3.28050281013882e-09, -9.19191139152641e-05, 
95, 10, -1.06013327361495e-06, -0.0502287593889699, -1.06013327361857e-06, 1.58952420880873e-06, 0.0502287593889699, -1.18382869580966e-06, 2.48903963306508e-06, -0.00870721691853314, -1.0538760930155e-06, -0.0502406984113923, -1.05387609301891e-06, 1.59048210326386e-06, 0.0502406984113923, -1.18054628597204e-06, 2.48565841462523e-06, -0.00861528202644337, -6.2571806205422e-09, 1.19390224224149e-05, -6.2571806205422e-09, -9.57894448193789e-10, -1.19390224224149e-05, -3.28240981619067e-09, 3.38121842765717e-09, -9.19348920897494e-05, 
95, 19, -1.09414167569526e-06, -0.0502678395389367, -1.09414167569876e-06, 1.58748022172317e-06, 0.0502678395389367, -1.10819056241651e-06, 2.49764352466712e-06, -0.00872023129962736, -1.08820240001043e-06, -0.0502798660067342, -1.08820240001328e-06, 1.58819905094631e-06, 0.0502798660067342, -1.10478299459091e-06, 2.4942082338347e-06, -0.00862831269473321, -5.93927567128635e-09, 1.20264677975226e-05, -5.93927567128487e-09, -7.18829207343796e-10, -1.20264677975226e-05, -3.40756786490219e-09, 3.43529079833393e-09, -9.19186048941301e-05, 
96, 0, -1.17335077009194e-06, -0.0502621305021231, -1.17335077009545e-06, 1.52596529179486e-06, 0.0502621305021231, -1.23273998979312e-06, 2.43735710001183e-06, -0.00871973201964311, -1.16747286914597e-06, -0.0502741631885666, -1.16747286914969e-06, 1.5269750273392e-06, 0.0502741631885666, -1.22914485963495e-06, 2.43410186426997e-06, -0.00862781528024934, -5.87790095243139e-09, 1.20326864436816e-05, -5.87790095243478e-09, -1.00973554378915e-09, -1.20326864436816e-05, -3.59513027719971e-09, 3.25523572277243e-09, -9.19167393937916e-05, 
96, 10, -1.1602235137326e-06, -0.0500605463109477, -1.16022351373609e-06, 1.54001787559863e-06, 0.0500605463109477, -1.22357954354422e-06, 2.50951514784758e-06, -0.00869519410273795, -1.15423931860202e-06, -0.0500726299334868, -1.15423931860486e-06, 1.54092617213088e-06, 0.0500726299334868, -1.21998652825098e-06, 2.50619863788589e-06, -0.00860326455404498, -5.98419513824009e-09, 1.20836225391069e-05, -5.98419513824348e-09, -9.08296515687408e-10, -1.20836225391069e-05, -3.59301543699242e-09, 3.3165099355272e-09, -9.19295486930003e-05, 
96, 19, -1.19230941259721e-06, -0.0500974374929292, -1.19230941260027e-06, 1.53453860103938e-06, 0.0500974374929292, -1.13951209368998e-06, 2.52393604071829e-06, -0.00870767698517421, -1.18661304676496e-06, -0.0501096032685404, -1.18661304676847e-06, 1.53511515017452e-06, 0.0501096032685404, -1.13579272507218e-06, 2.52059990091629e-06, -0.00861576755356374, -5.69636584290964e-09, 1.2165775611243e-05, -5.69636584291133e-09, -5.76549132802408e-10, -1.2165775611243e-05, -3.71936864527626e-09, 3.33613977910107e-09, -9.19094316104851e-05, 
97, 0, -1.26848730389323e-06, -0.050091853021007, -1.26848730389651e-06, 1.46849049338489e-06, 0.050091853021007, -1.2657139002661e-06, 2.46276208689183e-06, -0.00870717640650681, -1.2628417264778e-06, -0.0501040246205354, -1.2628417264813e-06, 1.46934024464689e-06, 0.0501040246205354, -1.26181377870392e-06, 2.45962346528108e-06, -0.00861526919525233, -5.6455774178832e-09, 1.21715995287268e-05, -5.64557741788151e-09, -8.49751246013117e-10, -1.21715995287268e-05, -3.90012165843147e-09, 3.13862166089455e-09, -9.19072112544731e-05, 
97, 10, -1.26520361100665e-06, -0.0499008966418729, -1.26520361100972e-06, 1.49060386718336e-06, 0.0499008966418729, -1.29180710855258e-06, 2.53910816249459e-06, -0.00868327505440817, -1.2594080137403e-06, -0.0499131161338272, -1.25940801374338e-06, 1.49132121871992e-06, 0.0499131161338272, -1.28793258644013e-06, 2.53590009568831e-06, -0.00859135729420085, -5.79559728722429e-09, 1.22194919545776e-05, -5.79559728722556e-09, -7.17351538853205e-10, -1.22194919545776e-05, -3.87452214530666e-09, 3.20806678461755e-09, -9.19177602073391e-05, 
97, 19, -1.29693253638501e-06, -0.0499355980744263, -1.29693253638808e-06, 1.48320163373989e-06, 0.0499355980744263, -1.20116995439109e-06, 2.56189764682097e-06, -0.00869526293557044, -1.29136815052292e-06, -0.0499478926334844, -1.29136815052773e-06, 1.48353203478695e-06, 0.0499478926334844, -1.1971630934245e-06, 2.5586997512543e-06, -0.00860336737859051, -5.56438585360854e-09, 1.22945590578104e-05, -5.56438585361341e-09, -3.30401025465093e-10, -1.22945590578104e-05, -4.00686106396771e-09, 3.19789557294535e-09, -9.18955569799274e-05, 
98, 0, -1.37043330140533e-06, -0.0499302973130811, -1.3704333014084e-06, 1.41214749287158e-06, 0.0499302973130811, -1.32971096014693e-06, 2.4980881047393e-06, -0.00869476915829846, -1.36489808033394e-06, -0.0499425972867419, -1.36489808033788e-06, 1.41274112254093e-06, 0.049942597286742, -1.32553324688212e-06, 2.49510335671575e-06, -0.0086028760108483, -5.53522105626799e-09, 1.22999736609515e-05, -5.53522105626672e-09, -5.93629654827483e-10, -1.22999736609515e-05, -4.17771333108108e-09, 2.98474796377409e-09, -9.18931474501421e-05, 
98, 10, -1.3703612276434e-06, -0.049755660737578, -1.37036122764669e-06, 1.44112066371264e-06, 0.049755660737578, -1.39298236582607e-06, 2.56771387371997e-06, -0.00867211633050224, -1.36466077488963e-06, -0.0497680053861251, -1.36466077489377e-06, 1.44157990793347e-06, 0.0497680053861251, -1.38883585056218e-06, 2.56466465253496e-06, -0.00858021368742785, -5.70045275040423e-09, 1.23446485473574e-05, -5.70045275040253e-09, -4.59244252938289e-10, -1.23446485473574e-05, -4.14651512986369e-09, 3.04922119177653e-09, -9.19026430743665e-05, 
98, 19, -1.402735024181e-06, -0.0497881918699484, -1.40273502418384e-06, 1.43119546534162e-06, 0.0497881918699484, -1.29889092683285e-06, 2.59748280196717e-06, -0.00868364035772377, -1.39711998247389e-06, -0.0498006028117714, -1.3971199824776e-06, 1.43125567030044e-06, 0.0498006028117714, -1.29464927140877e-06, 2.59447944182983e-06, -0.00859175960060321, -5.61504167610209e-09, 1.24109418230375e-05, -5.61504167610399e-09, -6.02049857535947e-11, -1.24109418230375e-05, -4.24165551610571e-09, 3.00336007506936e-09, -9.1880757120592e-05, 
99, 0, -1.47329747481786e-06, -0.049783322808246, -1.47329747482136e-06, 1.35507631113007e-06, 0.049783322808246, -1.42982419102735e-06, 2.5286972828633e-06, -0.00868317222481851, -1.46768684273709e-06, -0.0497957387452685, -1.46768684274034e-06, 1.3554027146701e-06, 0.0497957387452685, -1.42542684949979e-06, 2.52592103964693e-06, -0.0085912938480348, -5.61063209063523e-09, 1.24159370224475e-05, -5.61063209063375e-09, -3.26403534503111e-10, -1.24159370224474e-05, -4.39734156680621e-09, 2.77624318464114e-09, -9.18783767837348e-05, 
99, 10, -1.47687797055347e-06, -0.0496297467897348, -1.47687797055696e-06, 1.38446423891273e-06, 0.0496297467897348, -1.53015343316034e-06, 2.57626709745708e-06, -0.00866111577417141, -1.47106087253417e-06, -0.0496422032291201, -1.47106087253744e-06, 1.3846713104167e-06, 0.0496422032291201, -1.52578969775271e-06, 2.57345254894896e-06, -0.00856922829349221, -5.8170980029571e-09, 1.2456439385487e-05, -5.81709800295858e-09, -2.0707148894692e-10, -1.2456439385487e-05, -4.36373524840296e-09, 2.81454834885521e-09, -9.18874806792087e-05, 
99, 19, -1.50887602641268e-06, -0.0496603509567198, -1.50887602641595e-06, 1.37223299058399e-06, 0.0496603509567198, -1.43432747917575e-06, 2.61162109099161e-06, -0.00867226038891228, -1.50302292083137e-06, -0.0496728621060966, -1.50302292083485e-06, 1.37206562701413e-06, 0.0496728621060966, -1.42991853238421e-06, 2.60887571930869e-06, -0.00858039246891086, -5.85310556599005e-09, 1.251114937651e-05, -5.85310556599153e-09, 1.67363579958969e-10, -1.251114937651e-05, -4.40894685482413e-09, 2.74537167561995e-09, -9.18679200014505e-05, 
100, 0, -1.57636829023137e-06, -0.0496560286434345, -1.57636829023531e-06, 1.2906331234304e-06, 0.0496560286434345, -1.5665135832925e-06, 2.53527869793035e-06, -0.00867179048838202, -1.57049985273969e-06, -0.0496685442991178, -1.57049985274295e-06, 1.29074671405898e-06, 0.0496685442991177, -1.56196673617062e-06, 2.53276941930857e-06, -0.00857992471947771, -5.86843745074925e-09, 1.25156556833368e-05, -5.86843745074735e-09, -1.13590619927481e-10, -1.25156556833368e-05, -4.54684706539694e-09, 2.50927872382676e-09, -9.18657689043119e-05, 
100, 10, -1.57787051925845e-06, -0.0495264543669597, -1.57787051926259e-06, 1.31985644478219e-06, 0.0495264543669597, -1.70611074894052e-06, 2.54986553510714e-06, -0.00865236077150173, -1.57176229945924e-06, -0.0495390074012148, -1.57176229946272e-06, 1.3198719254071e-06, 0.0495390074012148, -1.70158842884121e-06, 2.54733340885941e-06, -0.00856048301842185, -6.10821982902836e-09, 1.25530342550628e-05, -6.10821982902307e-09, -1.5480618453109e-11, -1.25530342550628e-05, -4.52232006177015e-09, 2.53212617763066e-09, -9.18777530798513e-05, 
100, 19, -1.60951982874373e-06, -0.0495554698600749, -1.60951982874722e-06, 1.30444887910822e-06, 0.0495554698600749, -1.61208611771279e-06, 2.58942649223897e-06, -0.00866318811626028, -1.60327664246439e-06, -0.0495680674253589, -1.60327664246766e-06, 1.30414170648281e-06, 0.0495680674253589, -1.60755517505086e-06, 2.5869578624961e-06, -0.00857132359134274, -6.24318630519744e-09, 1.25975652838352e-05, -6.24318630519617e-09, 3.07172641894345e-10, -1.25975652838352e-05, -4.53094272657384e-09, 2.46862973774779e-09, -9.18645249175461e-05, 
101, 0, -1.67311444672708e-06, -0.0495517907385456, -1.67311444672992e-06, 1.21772374833786e-06, 0.0495517907385456, -1.7438294327554e-06, 2.50268731832976e-06, -0.0086627975534445, -1.66684141793199e-06, -0.0495643924245427, -1.66684141793483e-06, 1.21772127533023e-06, 0.0495643924245427, -1.73917783849252e-06, 2.50045991069401e-06, -0.00857093460125637, -6.27302878917998e-09, 1.26016859971145e-05, -6.27302878918189e-09, 2.4730012456559e-12, -1.26016859971145e-05, -4.65159424612281e-09, 2.2274076059491e-09, -9.18629521881202e-05, 
101, 10, -1.67993269636992e-06, -0.0494531278568592, -1.67993269637252e-06, 1.24074794591923e-06, 0.0494531278568592, -1.929227416603e-06, 2.48018710294415e-06, -0.00864495151822713, -1.67341460280457e-06, -0.0494657626183974, -1.67341460280849e-06, 1.24070047866465e-06, 0.0494657626183974, -1.92459999980662e-06, 2.47792707620572e-06, -0.00855307248479496, -6.51809358443222e-09, 1.26347615380516e-05, -6.51809358443243e-09, 4.74672599428437e-11, -1.26347615380516e-05, -4.62741680371473e-09, 2.26002684224251e-09, -9.18790334321584e-05, 
101, 19, -1.71184419735935e-06, -0.0494810873128095, -1.71184419736328e-06, 1.22113636104192e-06, 0.0494810873128095, -1.84025565819935e-06, 2.5217624355397e-06, -0.00865561655595955, -1.70509280107034e-06, -0.0494937546756898, -1.70509280107299e-06, 1.22082541951133e-06, 0.0494937546756898, -1.83563514173144e-06, 2.519574063618e-06, -0.00856374153088753, -6.75139628469321e-09, 1.26673628802985e-05, -6.75139628469343e-09, 3.10941511442494e-10, -1.26673628802985e-05, -4.62051655664278e-09, 2.18837191450574e-09, -9.18750250719946e-05, 
102, 0, -1.77107734820136e-06, -0.0494783081697951, -1.7710773482042e-06, 1.12892771877167e-06, 0.0494783081697951, -1.96940287495619e-06, 2.42172616771863e-06, -0.00865526058335359, -1.76429116350471e-06, -0.0494909792137965, -1.76429116350755e-06, 1.1289504095127e-06, 0.0494909792137965, -1.9646782664575e-06, 2.4197831278358e-06, -0.00856338629771495, -6.78618464830439e-09, 1.26710440017724e-05, -6.78618464830269e-09, -2.26907445081378e-11, -1.26710440017724e-05, -4.72460848410722e-09, 1.94303990870124e-09, -9.18742856386849e-05, 
102, 10, -1.77718098869554e-06, -0.0494123579151451, -1.77718098869838e-06, 1.15125163740699e-06, 0.0494123579151451, -2.20136685437639e-06, 2.36463872347275e-06, -0.00863883083500652, -1.77013841802598e-06, -0.0494250563664017, -1.77013841802903e-06, 1.15125168861182e-06, 0.0494250563664017, -2.19666836445765e-06, 2.36266569218054e-06, -0.00854693525811549, -7.04257072337663e-09, 1.2698451256621e-05, -7.04257072337663e-09, -5.1201641572506e-14, -1.2698451256621e-05, -4.69848988583415e-09, 1.97303137655743e-09, -9.189557689102e-05, 
102, 19, -1.81141476910371e-06, -0.0494398188214244, -1.81141476910654e-06, 1.12499128636453e-06, 0.0494398188214244, -2.1207293645666e-06, 2.40613858086159e-06, -0.00864947607258909, -1.80405612838245e-06, -0.0494525367476747, -1.80405612838507e-06, 1.1247787732835e-06, 0.0494525367476747, -2.11604797699652e-06, 2.40424099573013e-06, -0.00855757290578298, -7.35864073789745e-09, 1.27179262502636e-05, -7.35864073789935e-09, 2.12513065295837e-10, -1.27179262502636e-05, -4.68138748102353e-09, 1.89758524619875e-09, -9.19031668061157e-05, 
103, 0, -1.86536158813582e-06, -0.0494379913311817, -1.86536158813886e-06, 1.02767357255485e-06, 0.0494379913311817, -2.24472812470378e-06, 2.28996953768286e-06, -0.00864916542562126, -1.85796815775718e-06, -0.0494507124565301, -1.85796815775981e-06, 1.02782839508584e-06, 0.0494507124565301, -2.23995903994964e-06, 2.28831983262797e-06, -0.00855726200875976, -7.3934303825611e-09, 1.27211253483917e-05, -7.39343038255792e-09, -1.54822539747417e-10, -1.27211253483917e-05, -4.76908478831727e-09, 1.64970505767166e-09, -9.19034168614858e-05, 
103, 10, -1.87550612884387e-06, -0.0494040742534689, -1.87550612884628e-06, 1.04660698001603e-06, 0.0494040742534689, -2.52182229388121e-06, 2.19956394582604e-06, -0.00863492063965667, -1.86784980598305e-06, -0.049416817182931, -1.86784980598546e-06, 1.046728208718e-06, 0.049416817182931, -2.5170653555752e-06, 2.19789386611687e-06, -0.00854298919740664, -7.65632282055936e-09, 1.27429294618809e-05, -7.65632282055936e-09, -1.21228684624228e-10, -1.27429294618809e-05, -4.75693831014564e-09, 1.67007973882411e-09, -9.19314422500309e-05, 
103, 19, -1.91112942567019e-06, -0.0494315012881123, -1.91112942567282e-06, 1.01364722431664e-06, 0.0494315012881123, -2.45145489221985e-06, 2.23991855050141e-06, -0.00864563589255297, -1.90311296903346e-06, -0.0494442516564549, -1.90311296903631e-06, 1.01362752871595e-06, 0.0494442516564549, -2.44671669974926e-06, 2.23831588906535e-06, -0.00855368369420176, -8.01645666151349e-09, 1.27503683423998e-05, -8.01645666152048e-09, 1.96955897859993e-11, -1.27503683423998e-05, -4.73819252227978e-09, 1.60266145991869e-09, -9.19521983512084e-05, 
104, 0, -1.95923738269793e-06, -0.0494306476379625, -1.95923738270011e-06, 9.10954657737412e-07, 0.0494306476379625, -2.56757434955369e-06, 2.10500386795679e-06, -0.00864540558633901, -1.9511947538606e-06, -0.0494434007456063, -1.95119475386343e-06, 9.11338703515666e-07, 0.0494434007456063, -2.56276349238344e-06, 2.10365090163396e-06, -0.0085534520841604, -8.04262885198104e-09, 1.2753107643767e-05, -8.04262885198421e-09, -3.84045787528289e-10, -1.2753107643767e-05, -4.81085719127377e-09, 1.35296622020186e-09, -9.19535021785633e-05, 
104, 10, -1.97337070813335e-06, -0.04942414610394, -1.97337070813596e-06, 9.29517003055091e-07, 0.04942414610394, -2.87531240703412e-06, 1.98470488687509e-06, -0.00863370827208106, -1.96508266882615e-06, -0.0494369164501741, -1.96508266882834e-06, 9.29905151795557e-07, 0.0494369164501741, -2.87051133259594e-06, 1.98332662220274e-06, -0.0085417189713343, -8.2880393276025e-09, 1.27703462341924e-05, -8.28803932759911e-09, -3.88148735178308e-10, -1.27703462341924e-05, -4.80107448004166e-09, 1.37826475086123e-09, -9.19893007467872e-05, 
104, 19, -2.00940162128739e-06, -0.0494519557882263, -2.00940162129025e-06, 8.90185795021762e-07, 0.0494519557882263, -2.81517254352678e-06, 2.02372208445567e-06, -0.00864457452945898, -2.00076244286156e-06, -0.0494647244436213, -2.00076244286418e-06, 8.9044736992276e-07, 0.0494647244436213, -2.81035977051227e-06, 2.02241506711572e-06, -0.00855255128917428, -8.63917842980373e-09, 1.27686553952575e-05, -8.63917842979991e-09, -2.61574862390456e-10, -1.27686553952575e-05, -4.81277309545469e-09, 1.30701729221989e-09, -9.20232402847225e-05, 
105, 0, -2.05106782168167e-06, -0.0494519728350153, -2.05106782168364e-06, 7.82276773957295e-07, 0.0494519728350153, -2.92019224374898e-06, 1.86848115651709e-06, -0.00864443785040612, -2.0424192320529e-06, -0.0494647438408515, -2.0424192320553e-06, 7.82975934807259e-07, 0.0494647438408515, -2.9153210014565e-06, 1.8674270024246e-06, -0.00855241230454168, -8.64858962359969e-09, 1.27710058364218e-05, -8.64858962360266e-09, -6.9916085048552e-10, -1.27710058364218e-05, -4.87124230039898e-09, 1.05415409012136e-09, -9.20255458644448e-05, 
105, 10, -2.06919438607592e-06, -0.0494635293198563, -2.06919438607875e-06, 7.98325780423567e-07, 0.0494635293198562, -3.24846992995995e-06, 1.69904377681495e-06, -0.00863493078847362, -2.06031471527879e-06, -0.0494763146153042, -2.06031471528033e-06, 7.99019172526277e-07, 0.0494763146153042, -3.2436037646514e-06, 1.6979636986957e-06, -0.00854286154158998, -8.87967079921082e-09, 1.27852954480277e-05, -8.87967079920785e-09, -6.93392136811144e-10, -1.27852954480277e-05, -4.86616526193451e-09, 1.08007809370991e-09, -9.20692468836199e-05, 
105, 19, -2.10514366144982e-06, -0.0494920800570864, -2.10514366145202e-06, 7.52438243047228e-07, 0.0494920800570864, -3.19607314632828e-06, 1.73814907510582e-06, -0.00864602643818034, -2.09596779699818e-06, -0.0495048585917967, -2.09596779700122e-06, 7.53017039923652e-07, 0.0495048585917967, -3.19117919363144e-06, 1.73715200914426e-06, -0.00855391177597874, -9.17586447347113e-09, 1.27785347102623e-05, -9.17586447347134e-09, -5.78796862560284e-10, -1.27785347102623e-05, -4.89395269036877e-09, 9.97065910092271e-10, -9.2114662201619e-05, 
106, 0, -2.13961680098363e-06, -0.0494927059405623, -2.13961680098561e-06, 6.39410892297877e-07, 0.0494927059405623, -3.28595867755131e-06, 1.56129071495768e-06, -0.00864597427331665, -2.13045297699771e-06, -0.0495054865445589, -2.13045297700011e-06, 6.40454009658424e-07, 0.0495054865445589, -3.28102123654909e-06, 1.5605517088804e-06, -0.00855385647545837, -9.16382399541187e-09, 1.27806039965155e-05, -9.16382399540848e-09, -1.04311738061326e-09, -1.27806039965155e-05, -4.93744098531774e-09, 7.39006162375388e-10, -9.21177978582976e-05, 
106, 10, -2.1544700653904e-06, -0.0495114928248671, -2.15447006539302e-06, 6.57564998455527e-07, 0.0495114928248671, -3.60387224130606e-06, 1.33660800290478e-06, -0.00863782326378932, -2.14509342385101e-06, -0.0495242863355974, -2.14509342385342e-06, 6.58606429093998e-07, 0.0495242863355974, -3.59894678359503e-06, 1.33585522463286e-06, -0.00854565472084315, -9.37664154719743e-09, 1.27935107305939e-05, -9.37664154720103e-09, -1.04143066129725e-09, -1.27935107305939e-05, -4.92545762583897e-09, 7.52778345811865e-10, -9.2168542946147e-05, 
106, 19, -2.19084060988648e-06, -0.0495410222614988, -2.19084060988931e-06, 6.0471895913121e-07, 0.0495410222614988, -3.55750359347935e-06, 1.37645205930287e-06, -0.00864919865449068, -2.18125528557899e-06, -0.0495538079890567, -2.18125528558163e-06, 6.05585373349373e-07, 0.0495538079890567, -3.552539272092e-06, 1.37580404561389e-06, -0.00855697627858981, -9.58532429531447e-09, 1.27857275579457e-05, -9.58532429531108e-09, -8.66414236554254e-10, -1.27857275579457e-05, -4.96432136915325e-09, 6.48013743185516e-10, -9.22223759009145e-05, 
107, 0, -2.21749240976999e-06, -0.0495419588842847, -2.21749240977241e-06, 4.87332209510091e-07, 0.0495419588842847, -3.62732700058435e-06, 1.17928044456432e-06, -0.00864920781161028, -2.20794152466746e-06, -0.0495547465100288, -2.20794152467052e-06, 4.88680246718711e-07, 0.0495547465100288, -3.62233658962241e-06, 1.17889448302611e-06, -0.00855698173601186, -9.5508851249864e-09, 1.27876257438586e-05, -9.55088512498958e-09, -1.34803723563251e-09, -1.27876257438586e-05, -4.99041096515292e-09, 3.85961562218852e-10, -9.22260755984275e-05, 
107, 10, -2.22373480220645e-06, -0.0495577378162631, -2.22373480220886e-06, 5.10235885362692e-07, 0.0495577378162631, -3.9007593981017e-06, 9.02127075481595e-07, -0.00864183381639864, -2.21403788391491e-06, -0.0495705385879161, -2.21403788391774e-06, 5.11540001276903e-07, 0.0495705385879161, -3.89578798486697e-06, 9.0174019525009e-07, -0.00854955119126228, -9.69691828727492e-09, 1.28007716530125e-05, -9.69691828727831e-09, -1.30411591529722e-09, -1.28007716530125e-05, -4.97141320319522e-09, 3.86880349061474e-10, -9.22826251363379e-05, 
107, 19, -2.26137793133146e-06, -0.0495883059445569, -2.26137793133408e-06, 4.50060409927668e-07, 0.0495883059445569, -3.86002653887858e-06, 9.41806838655026e-07, -0.00865348872234802, -2.25154240186815e-06, -0.0496011017560541, -2.25154240187055e-06, 4.51143422484266e-07, 0.0496011017560541, -3.85502539699235e-06, 9.41559435895787e-07, -0.00856114714163318, -9.83552947865267e-09, 1.279581149712e-05, -9.83552947865267e-09, -1.08301261464463e-09, -1.279581149712e-05, -5.00114194056476e-09, 2.4740292178727e-10, -9.2341580714866e-05, 
108, 0, -2.27982071107437e-06, -0.0495892687977305, -2.27982071107786e-06, 3.29100715900867e-07, 0.0495892687977305, -3.90521783188982e-06, 7.27668098791888e-07, -0.00865354461565654, -2.27003590906711e-06, -0.04960206647897, -2.27003590907061e-06, 3.30677855008644e-07, 0.04960206647897, -3.90021206981332e-06, 7.27686485550416e-07, -0.00856119902064516, -9.78480200585752e-09, 1.27976812397306e-05, -9.78480200585709e-09, -1.57713911117445e-09, -1.27976812397306e-05, -5.00576221747118e-09, -1.83867519392785e-11, -9.23455950113819e-05, 
108, 10, -2.27205585138672e-06, -0.0495932631799261, -2.2720558513889e-06, 3.60582384162006e-07, 0.0495932631799261, -4.11173986579683e-06, 4.10703158749588e-07, -0.00864655357170866, -2.26213379460728e-06, -0.0496060757878797, -2.26213379460991e-06, 3.62102608944906e-07, 0.0496060757878797, -4.1067813787119e-06, 4.10735199974353e-07, -0.00855414710580694, -9.92205680861222e-09, 1.28126079534823e-05, -9.92205680861243e-09, -1.52022478238497e-09, -1.28126079534823e-05, -4.95848705369202e-09, -3.2041433587137e-11, -9.24064659017264e-05, 
108, 19, -2.31267353938123e-06, -0.0496246975812893, -2.31267353938429e-06, 2.91956517225378e-07, 0.0496246975812893, -4.07539065583027e-06, 4.50088950833618e-07, -0.00865842283610408, -2.30270338044421e-06, -0.0496375113836222, -2.30270338044597e-06, 2.93230650578068e-07, 0.0496375113836222, -4.07041560068766e-06, 4.50295627913051e-07, -0.00856595506079717, -9.97015895133125e-09, 1.28138023329924e-05, -9.97015895132786e-09, -1.27413335460592e-09, -1.28138023329924e-05, -4.97505519537707e-09, -2.06677218015541e-10, -9.24677753068829e-05, 
109, 0, -2.3227894363398e-06, -0.0496254197184929, -2.32278943634284e-06, 1.68462510805022e-07, 0.0496254197184929, -4.09278045484578e-06, 2.24138025514448e-07, -0.00865851268671484, -2.31288790111307e-06, -0.0496382355227871, -2.31288790111523e-06, 1.70234107638708e-07, 0.0496382355227871, -4.08782433374103e-06, 2.24610105109018e-07, -0.00856604077524637, -9.90153522738439e-09, 1.28158042942438e-05, -9.90153522738418e-09, -1.77159690476973e-09, -1.28158042942438e-05, -4.95612104988215e-09, -4.72079668894452e-10, -9.24719114684564e-05, 
109, 10, -2.30269410088424e-06, -0.0496129206841432, -2.30269410088643e-06, 2.04600975497774e-07, 0.0496129206841432, -4.22915648682831e-06, -1.13221939476e-07, -0.00865125588149871, -2.29271776357881e-06, -0.0496257540444622, -2.292717763581e-06, 2.0627227580977e-07, 0.0496257540444622, -4.22425186421999e-06, -1.12740670636095e-07, -0.00855872060715094, -9.97633729620373e-09, 1.28333603189134e-05, -9.97633729620352e-09, -1.67130028590716e-09, -1.28333603189134e-05, -4.90462255696489e-09, -4.81268867503432e-10, -9.25352743477706e-05, 
109, 19, -2.34514555135644e-06, -0.0496448579701502, -2.34514555135949e-06, 1.30835349163656e-07, 0.0496448579701502, -4.19689119243718e-06, -7.56967111792187e-08, -0.00866322231962172, -2.33519438066125e-06, -0.0496577002709537, -2.33519438066387e-06, 1.32204550484561e-07, 0.0496577002709537, -4.19197908819366e-06, -7.50163055725525e-08, -0.00857062609587295, -9.95117070966874e-09, 1.28423008036522e-05, -9.95117070966854e-09, -1.36920133719549e-09, -1.28423008036522e-05, -4.91210418931815e-09, -6.80405632798604e-10, -9.25962237487643e-05, 
110, 0, -2.34680402503753e-06, -0.0496451964172289, -2.34680402504058e-06, 5.87358614671262e-09, 0.0496451964172289, -4.18497863915198e-06, -3.07612989636863e-07, -0.00866331856474945, -2.33693270755622e-06, -0.0496580409341879, -2.33693270755885e-06, 7.73512289061077e-09, 0.0496580409341879, -4.18010944081561e-06, -3.06670509042693e-07, -0.00857071829819774, -9.8713174917204e-09, 1.28445169592132e-05, -9.87131749172061e-09, -1.86153675095346e-09, -1.28445169592132e-05, -4.86919831058395e-09, -9.42480700201762e-10, -9.26002665516912e-05, 
110, 10, -2.31918085436777e-06, -0.0496147450170881, -2.31918085437084e-06, 3.95226902970576e-08, 0.0496147450170881, -4.26953709500004e-06, -6.50205308610088e-07, -0.00865604020732081, -2.30927918863647e-06, -0.0496276104195276, -2.30927918863952e-06, 4.12266666242198e-08, 0.0496276104195276, -4.26471417352726e-06, -6.49250165716224e-07, -0.0085633753001564, -9.9016657500427e-09, 1.28654024395351e-05, -9.90166575003952e-09, -1.70397632079005e-09, -1.28654024395351e-05, -4.82292142095575e-09, -9.5514287950481e-10, -9.26649071644184e-05, 
110, 19, -2.36205248914303e-06, -0.0496466706587221, -2.36205248914653e-06, -3.54750140201875e-08, 0.0496466706587221, -4.23961155372493e-06, -6.13281234060581e-07, -0.00866791859881762, -2.35221193933169e-06, -0.0496595534812346, -2.35221193933473e-06, -3.40968425308999e-08, 0.0496595534812346, -4.23478250835216e-06, -6.12122390201795e-07, -0.00857519533962261, -9.84054982193608e-09, 1.28828225122959e-05, -9.84054982193925e-09, -1.37817145367717e-09, -1.28828225122959e-05, -4.82904538474706e-09, -1.15884388528194e-09, -9.27232591950193e-05, 
111, 0, -2.35504996623771e-06, -0.0496465623122125, -2.35504996624118e-06, -1.61143367539187e-07, 0.0496465623122125, -4.19874562995932e-06, -8.46769167809278e-07, -0.00866802545518159, -2.34529254114388e-06, -0.0496594476277257, -2.34529254114608e-06, -1.59280231444831e-07, 0.0496594476277257, -4.19398370081974e-06, -8.4535315222154e-07, -0.00857529841009128, -9.75742510960699e-09, 1.28853155131733e-05, -9.7574251096036e-09, -1.86313610071129e-09, -1.28853155131733e-05, -4.76192911836814e-09, -1.41601555975182e-09, -9.27270450902879e-05, 
111, 10, -2.32720187559909e-06, -0.0496010451316459, -2.32720187560169e-06, -1.37120125692919e-07, 0.0496010451316458, -4.25335467960956e-06, -1.15720756849275e-06, -0.00866045138625621, -2.31743557496608e-06, -0.0496139544945726, -2.31743557496828e-06, -1.35469132258958e-07, 0.0496139544945726, -4.24862257464428e-06, -1.15579005707834e-06, -0.00856765978711786, -9.76630061431815e-09, 1.29093629267076e-05, -9.76630061431836e-09, -1.65099338193215e-09, -1.29093629267076e-05, -4.73210498556497e-09, -1.41751129461031e-09, -9.27915991383435e-05, 
111, 19, -2.36893334847658e-06, -0.0496325948298381, -2.36893334847964e-06, -2.09942938997238e-07, 0.0496325948298381, -4.22588369476544e-06, -1.12469170580169e-06, -0.00867205372600593, -2.35923038573684e-06, -0.0496455289702021, -2.35923038573945e-06, -2.08646209878174e-07, 0.0496455289702021, -4.22114692857868e-06, -1.12306592279916e-06, -0.0085792083362228, -9.70296275251666e-09, 1.29341403640855e-05, -9.70296275252026e-09, -1.29672913674716e-09, -1.29341403640855e-05, -4.73676615791112e-09, -1.62578298571813e-09, -9.28453897831264e-05, 
112, 0, -2.35316414701673e-06, -0.0496321127270783, -2.35316414701848e-06, -3.35978554255137e-07, 0.0496321127270783, -4.15825325435223e-06, -1.35551623209735e-06, -0.00867214825050087, -2.34354122557971e-06, -0.0496450496389256, -2.34354122558232e-06, -3.34205052250176e-07, 0.0496450496389256, -4.15360812076848e-06, -1.353638963087e-06, -0.00857929944543528, -9.62292143824738e-09, 1.29369118473699e-05, -9.62292143824738e-09, -1.77350200121624e-09, -1.29369118473699e-05, -4.64513356033907e-09, -1.87726913687461e-09, -9.28488050655666e-05, 
112, 10, -2.32545795343975e-06, -0.0495759925363236, -2.32545795344281e-06, -3.21568446094011e-07, 0.0495759925363236, -4.21485288004461e-06, -1.64408383080908e-06, -0.00866429432900384, -2.31582232809169e-06, -0.0495889562674936, -2.31582232809387e-06, -3.19995117031863e-07, 0.0495889562674936, -4.2102482591298e-06, -1.64220100779294e-06, -0.00857138211746423, -9.63562536751402e-09, 1.29637311700571e-05, -9.63562536751042e-09, -1.57332906936413e-09, -1.29637311700571e-05, -4.60462088506022e-09, -1.88282317601962e-09, -9.29122115396282e-05, 
112, 19, -2.36308025084644e-06, -0.0496070303717679, -2.36308025084951e-06, -3.83165362047678e-07, 0.0496070303717679, -4.18334578401756e-06, -1.59731078906449e-06, -0.00867549116369395, -2.3534961322957e-06, -0.0496200242327962, -2.3534961322979e-06, -3.820544563786e-07, 0.0496200242327962, -4.17874014611924e-06, -1.5952202624766e-06, -0.00858253120166172, -9.58411852842985e-09, 1.29938610282451e-05, -9.58411852843006e-09, -1.11090567732913e-09, -1.29938610282451e-05, -4.60563787596892e-09, -2.09052660903429e-09, -9.29599620322321e-05, 
113, 0, -2.33849648466579e-06, -0.0496062878668633, -2.33849648466842e-06, -5.08422042418396e-07, 0.0496062878668633, -4.0917499329421e-06, -1.82401032460135e-06, -0.00867556740050704, -2.32898050780479e-06, -0.049619284759854, -2.32898050780786e-06, -5.06841939218655e-07, 0.049619284759854, -4.08726018653691e-06, -1.82167555121739e-06, -0.00858260444708121, -9.51597685227786e-09, 1.29968929906511e-05, -9.51597685227786e-09, -1.58010317532562e-09, -1.29968929906511e-05, -4.4897465235184e-09, -2.33477337933038e-09, -9.29629534258582e-05, 
113, 10, -2.30825201900191e-06, -0.049544659518053, -2.30825201900454e-06, -5.00249355430492e-07, 0.049544659518053, -4.16603233744969e-06, -2.11665221918217e-06, -0.00866772399962997, -2.29870129719158e-06, -0.049557685907137, -2.29870129719333e-06, -4.98938653674397e-07, 0.049557685907137, -4.16156987484856e-06, -2.11429344533367e-06, -0.00857469869534993, -9.55072184676648e-09, 1.30263890839923e-05, -9.55072184676648e-09, -1.31070179751511e-09, -1.30263890839923e-05, -4.4624626468872e-09, -2.35877381406183e-09, -9.30253042800323e-05, 
113, 19, -2.34170564624894e-06, -0.0495753510976059, -2.34170564625113e-06, -5.46134705142672e-07, 0.0495753510976059, -4.13059590420306e-06, -2.04340616130393e-06, -0.00867854507873618, -2.33217588494878e-06, -0.0495884109809457, -2.33217588495185e-06, -5.45233144712827e-07, 0.0495884109809457, -4.12614083022813e-06, -2.04086201843237e-06, -0.00858547864775753, -9.52976129522086e-09, 1.30598833395592e-05, -9.52976129521747e-09, -9.01560399901933e-10, -1.30598833395592e-05, -4.45507397117324e-09, -2.5441428947092e-09, -9.30664309786455e-05, 
114, 0, -2.30876806667924e-06, -0.0495744974895846, -2.30876806668142e-06, -6.69422796467535e-07, 0.0495744974895846, -4.01662352961487e-06, -2.26565651112661e-06, -0.00867861106678904, -2.29929384072317e-06, -0.0495875606132742, -2.29929384072535e-06, -6.68059452952747e-07, 0.0495875606132742, -4.01230697234005e-06, -2.26287685362724e-06, -0.00858554208359778, -9.47422594012645e-09, 1.30631236894259e-05, -9.47422594012963e-09, -1.36334352017896e-09, -1.30631236894259e-05, -4.31655720847297e-09, -2.77965763068164e-09, -9.30689831912312e-05, 
114, 10, -2.27709439459881e-06, -0.0495087820996021, -2.27709439460145e-06, -6.63473626028956e-07, 0.0495087820996021, -4.10363813132889e-06, -2.55050695628534e-06, -0.00867035729613034, -2.26753746951481e-06, -0.0495218772779817, -2.26753746951699e-06, -6.62447549910911e-07, 0.0495218772779817, -4.09931889592172e-06, -2.5476830217032e-06, -0.00857722679515342, -9.55692507061924e-09, 1.30951783795276e-05, -9.55692507062242e-09, -1.02607608085416e-09, -1.30951783795276e-05, -4.31923538683566e-09, -2.82393454386409e-09, -9.31305009769134e-05, 
114, 19, -2.3094867492654e-06, -0.0495393961063702, -2.30948674926804e-06, -7.0599001022287e-07, 0.0495393961063702, -4.07105310977016e-06, -2.46520867038801e-06, -0.00868109149131122, -2.29994677273796e-06, -0.0495525266042939, -2.29994677274146e-06, -7.05318030247884e-07, 0.0495525266042939, -4.06673770451589e-06, -2.46223314189927e-06, -0.00858792617051083, -9.5399765189857e-09, 1.3130497923685e-05, -9.53997651898909e-09, -6.71979999368682e-10, -1.3130497923685e-05, -4.31540523371245e-09, -2.97552824077418e-09, -9.31653208004071e-05, 
115, 0, -2.26851659923952e-06, -0.0495384433640697, -2.2685165992417e-06, -8.27149644197346e-07, 0.0495384433640697, -3.93593689972575e-06, -2.68243684597704e-06, -0.00868114247661819, -2.25901781167896e-06, -0.0495515772314433, -2.25901781168201e-06, -8.2602003635192e-07, 0.0495515772314433, -3.93178141636133e-06, -2.67923356939938e-06, -0.00858797504178532, -9.4987875626715e-09, 1.31338673737218e-05, -9.49878756266493e-09, -1.12960787777027e-09, -1.31338673737218e-05, -4.15548333506589e-09, -3.20327677252427e-09, -9.31674348328659e-05, 
115, 10, -2.23719427995201e-06, -0.04947012250369, -2.23719427995509e-06, -8.2434415669577e-07, 0.04947012250369, -4.02959296349995e-06, -2.95130784267163e-06, -0.00867153312215418, -2.22756786991157e-06, -0.0494832899062074, -2.2275678699142e-06, -8.23579185586098e-07, 0.0494832899062074, -4.0254178305703e-06, -2.94804909135963e-06, -0.00857830620845531, -9.62641000864156e-09, 1.31674025174263e-05, -9.6264100086386e-09, -7.64971100726271e-10, -1.31674025174263e-05, -4.17513297017611e-09, -3.25875134045676e-09, -9.32269136988956e-05, 
115, 19, -2.26939697424027e-06, -0.0495009844319182, -2.26939697424287e-06, -8.68943810961959e-07, 0.0495009844319182, -4.00138291320368e-06, -2.8539366477805e-06, -0.00868260885313915, -2.25976096807489e-06, -0.0495141872992728, -2.25976096807795e-06, -8.68530927360049e-07, 0.0495141872992728, -3.9972037690885e-06, -2.85054480805672e-06, -0.00858935310575343, -9.63600618541332e-09, 1.32028673547005e-05, -9.63600618541331e-09, -4.12883598344944e-10, -1.32028673547005e-05, -4.17914415201922e-09, -3.39183980838206e-09, -9.32557473856855e-05, 
116, 0, -2.22023578247357e-06, -0.0494999605854736, -2.22023578247575e-06, -9.87853302835068e-07, 0.0494999605854736, -3.84676613023062e-06, -3.06568417130972e-06, -0.00868263284013538, -2.21062440506721e-06, -0.0495131668856087, -2.2106244050694e-06, -9.86978083691526e-07, 0.0495131668856087, -3.84276795590747e-06, -3.06207236907162e-06, -0.00858937541132492, -9.61137738551573e-09, 1.32063001353145e-05, -9.61137738551891e-09, -8.75219103797014e-10, -1.32063001353145e-05, -3.99817433055163e-09, -3.61180205833745e-09, -9.32574288104778e-05, 
116, 10, -2.18768393704187e-06, -0.0494347653910827, -2.18768393704447e-06, -9.90185533001556e-07, 0.0494347653910827, -3.94261544466408e-06, -3.33224139544581e-06, -0.00867188508286443, -2.17796698899268e-06, -0.0494480047834131, -2.1779669889953e-06, -9.89751367060724e-07, 0.0494480047834131, -3.93857511949488e-06, -3.32855948758747e-06, -0.00857857231265358, -9.7169480459108e-09, 1.32393923304419e-05, -9.71694804591101e-09, -4.34165962845865e-10, -1.32393923304419e-05, -4.04032510980734e-09, -3.68190777467901e-09, -9.33127702108216e-05, 
116, 19, -2.22103437751625e-06, -0.0494658263103499, -2.22103437751844e-06, -1.03633006426708e-06, 0.0494658263103499, -3.91932387893975e-06, -3.20692436968468e-06, -0.00868344182096528, -2.21123040183326e-06, -0.0494790993767785, -2.21123040183588e-06, -1.03618361419674e-06, 0.0494790993767785, -3.9152744513454e-06, -3.20313599833439e-06, -0.008590106222141, -9.80397570109122e-09, 1.32730664284883e-05, -9.8039757010944e-09, -1.4645007283574e-10, -1.32730664284883e-05, -4.04942758467984e-09, -3.78837136050048e-09, -9.33355988242742e-05, 
117, 0, -2.16333808527642e-06, -0.0494649222356052, -2.16333808527906e-06, -1.15251763639581e-06, 0.0494649222356052, -3.74685811030037e-06, -3.41254298161657e-06, -0.00868345557007382, -2.15354046418904e-06, -0.0494781987224089, -2.15354046419252e-06, -1.15189784519934e-06, 0.0494781987224089, -3.74301016105048e-06, -3.40854253611116e-06, -0.00859011874978441, -9.79762108308243e-09, 1.32764868035791e-05, -9.79762108308243e-09, -6.19791242840553e-10, -1.32764868035791e-05, -3.84794921037615e-09, -4.0004456634236e-09, -9.33368202894108e-05, 
117, 10, -2.13009887202963e-06, -0.0494086498118126, -2.13009887203269e-06, -1.15264419706905e-06, 0.0494086498118126, -3.83745070157461e-06, -3.64436355783746e-06, -0.00867288574039713, -2.12019484012409e-06, -0.0494219575454359, -2.12019484012717e-06, -1.15250828998982e-06, 0.0494219575454359, -3.83354505680219e-06, -3.64027461007186e-06, -0.00857949883926369, -9.90403191984061e-09, 1.33077336235452e-05, -9.9040319198404e-09, -1.35907087799599e-10, -1.33077336235452e-05, -3.90564479335409e-09, -4.08894778022506e-09, -9.33869011334214e-05, 
117, 19, -2.16270613860358e-06, -0.0494394794494776, -2.16270613860665e-06, -1.20160486654692e-06, 0.0494394794494776, -3.82103263657319e-06, -3.5061793320397e-06, -0.00868476960972738, -2.15265840257398e-06, -0.0494528174415632, -2.15265840257662e-06, -1.20168358348991e-06, 0.0494528174415632, -3.81711800163842e-06, -3.50202307753199e-06, -0.00859136661570634, -1.00477360256404e-08, 1.33379920855801e-05, -1.00477360256436e-08, 7.871698060267e-11, -1.33379920855801e-05, -3.91463492971809e-09, -4.15625446681292e-09, -9.34029940210666e-05, 
118, 0, -2.09643104540051e-06, -0.0494388649090462, -2.09643104540357e-06, -1.31441881864512e-06, 0.0494388649090462, -3.63332757332492e-06, -3.70462682848174e-06, -0.00868481142416153, -2.0863765715132e-06, -0.0494522062115307, -2.08637657151581e-06, -1.31400918654123e-06, 0.0494522062115307, -3.62963344851851e-06, -3.70026672894435e-06, -0.00859140772479504, -1.00544738865231e-08, 1.33413024846425e-05, -1.00544738865229e-08, -4.09632165232762e-10, -1.33413024846425e-05, -3.69412483169526e-09, -4.36009956751778e-09, -9.34036993664636e-05, 
118, 10, -2.06251297597199e-06, -0.0493917604738401, -2.06251297597461e-06, -1.30545596621353e-06, 0.0493917604738401, -3.71544123791641e-06, -3.87468875722827e-06, -0.00867503360546903, -2.05231635823893e-06, -0.0494051308901148, -2.05231635824156e-06, -1.30545071738133e-06, 0.0494051308901148, -3.7116883802341e-06, -3.87025217253775e-06, -0.00858158531539487, -1.01966177260833e-08, 1.3370416274822e-05, -1.01966177260867e-08, -5.24881695964196e-12, -1.3370416274822e-05, -3.75285766415189e-09, -4.43658479473875e-09, -9.34482900741459e-05, 
118, 19, -2.09293176340734e-06, -0.0494220937070004, -2.09293176340997e-06, -1.35564183692311e-06, 0.0494220937070004, -3.70598097302518e-06, -3.73496069851544e-06, -0.00868709180098436, -2.08260297265563e-06, -0.0494354904970041, -2.08260297265914e-06, -1.35587132901764e-06, 0.0494354904970041, -3.70220732921922e-06, -3.73047924873437e-06, -0.00859363484925867, -1.03287907650584e-08, 1.33967900036953e-05, -1.03287907650586e-08, 2.2949212866514e-10, -1.33967900036953e-05, -3.77364377781844e-09, -4.48144974062579e-09, -9.34569517256974e-05, 
119, 0, -2.01856762672878e-06, -0.0494217362238468, -2.01856762673139e-06, -1.46411876009602e-06, 0.0494217362238468, -3.50657626233682e-06, -3.92495174516541e-06, -0.00868716803628632, -2.00822510548283e-06, -0.0494351361533211, -2.00822510548501e-06, -1.46384293975341e-06, 0.0494351361533211, -3.50303984199631e-06, -3.92027518069656e-06, -0.00859371093179713, -1.03425212420108e-08, 1.33999294745353e-05, -1.03425212420142e-08, -2.75820300504882e-10, -1.33999294745353e-05, -3.53642038662743e-09, -4.67656449766906e-09, -9.34571044892103e-05, 
119, 10, -1.98372799198064e-06, -0.0493807399203405, -1.98372799198325e-06, -1.44816839296074e-06, 0.0493807399203405, -3.58044528797009e-06, -4.0309880668092e-06, -0.00867682630351641, -1.97323068747678e-06, -0.0493941661990498, -1.97323068747984e-06, -1.44822186280228e-06, 0.0493941661990498, -3.57685201702512e-06, -4.02625645151931e-06, -0.00858333114207325, -1.04973045239348e-08, 1.34262787093914e-05, -1.04973045239312e-08, 5.34699037090724e-11, -1.34262787093914e-05, -3.59327095455684e-09, -4.73161539308055e-09, -9.34951614431208e-05, 
119, 19, -2.01205725121739e-06, -0.0494106938124048, -2.01205725122043e-06, -1.4941344803596e-06, 0.0494106938124048, -3.57762466112204e-06, -3.88400211537918e-06, -0.008688984244931, -2.00146869555799e-06, -0.049424141682863, -2.00146869556104e-06, -1.4943768980679e-06, 0.049424141682863, -3.57399775918638e-06, -3.8792550700611e-06, -0.00859548870779634, -1.05885556534135e-08, 1.34478704582772e-05, -1.05885556534169e-08, 2.42417700768177e-10, -1.34478704582772e-05, -3.62690191746781e-09, -4.74704548143382e-09, -9.34955371346948e-05, 
120, 0, -1.93033610069815e-06, -0.0494104834761887, -1.93033610070122e-06, -1.59758892110867e-06, 0.0494104834761887, -3.37063086081931e-06, -4.06432592771676e-06, -0.00868903590303806, -1.91973524097212e-06, -0.0494239342480616, -1.91973524097517e-06, -1.59730726211157e-06, 0.0494239342480616, -3.36725446133849e-06, -4.05939359594632e-06, -0.00859554083272176, -1.06008597383097e-08, 1.34507718728101e-05, -1.06008597383029e-08, -2.81659059469539e-10, -1.34507718728101e-05, -3.37639948316513e-09, -4.93233177993824e-09, -9.34950703163396e-05, 
120, 10, -1.89777114746026e-06, -0.0493696405226502, -1.89777114746288e-06, -1.56619184494685e-06, 0.0493696405226502, -3.44056391541673e-06, -4.09581421699441e-06, -0.00868005934094217, -1.8870304983073e-06, -0.0493831170033261, -1.88703049831035e-06, -1.56616233051183e-06, 0.0493831170033261, -3.43712479891714e-06, -4.09084672044168e-06, -0.0085865312092984, -1.07406491602704e-08, 1.34764806759214e-05, -1.07406491602738e-08, -2.95144346525306e-11, -1.34764806759214e-05, -3.43911647981621e-09, -4.96749648887547e-09, -9.3528131643789e-05, 
120, 19, -1.92263294206052e-06, -0.0493996118465793, -1.92263294206357e-06, -1.60653387796854e-06, 0.0493996118465793, -3.44376105329977e-06, -3.94800953221592e-06, -0.00869232151977408, -1.91183768103466e-06, -0.0494131092725433, -1.91183768103769e-06, -1.6066492176391e-06, 0.0494131092725433, -3.44027321167899e-06, -3.94305761664105e-06, -0.00859879920821305, -1.07952610526159e-08, 1.34974259641743e-05, -1.07952610526227e-08, 1.15339680055394e-10, -1.34974259641743e-05, -3.48784164883203e-09, -4.95191544017964e-09, -9.35223115610543e-05, 
121, 0, -1.83503432876283e-06, -0.0493993854104619, -1.83503432876633e-06, -1.70398767947659e-06, 0.0493993854104619, -3.2337920469808e-06, -4.11836149652426e-06, -0.00869242812580191, -1.82423762193593e-06, -0.0494128856660428, -1.82423762193855e-06, -1.70356061915272e-06, 0.0494128856660428, -3.23056502008585e-06, -4.11323394867832e-06, -0.00859890678548899, -1.07967068127114e-08, 1.35002555808079e-05, -1.07967068127146e-08, -4.2706029654692e-10, -1.35002555808079e-05, -3.22702687755028e-09, -5.1275478446728e-09, -9.35213403129104e-05, 
121, 10, -1.80831648859346e-06, -0.0493520273889231, -1.80831648859605e-06, -1.65662951335397e-06, 0.0493520273889231, -3.30388891847213e-06, -4.07957697110035e-06, -0.00868428913739837, -1.79742082282747e-06, -0.0493655546765356, -1.79742082282966e-06, -1.65633351444324e-06, 0.0493655546765356, -3.30059942723736e-06, -4.07440955592925e-06, -0.00859073883583791, -1.08956657927361e-08, 1.3527287612651e-05, -1.08956657927359e-08, -2.95998876070718e-10, -1.3527287612651e-05, -3.28949124592221e-09, -5.16741512342087e-09, -9.35503015604836e-05, 
121, 19, -1.8285839342225e-06, -0.049382590106546, -1.82858393422466e-06, -1.69451027426645e-06, 0.049382590106546, -3.31202541482064e-06, -3.93898589359402e-06, -0.00869678450361938, -1.81767940390465e-06, -0.0493961423332929, -1.81767940390728e-06, -1.69430382858324e-06, 0.0493961423332929, -3.3086796717172e-06, -3.93386893933324e-06, -0.00860324438229141, -1.09045303008032e-08, 1.35522267469494e-05, -1.09045303008034e-08, -2.06445717734543e-10, -1.35522267469494e-05, -3.34574316817738e-09, -5.11695421205697e-09, -9.3540121327936e-05, 
122, 0, -1.73644232067715e-06, -0.0493821671392163, -1.73644232067978e-06, -1.78604658277708e-06, 0.0493821671392163, -3.10306560940682e-06, -4.09957965033148e-06, -0.00869690756749088, -1.72556141402368e-06, -0.0493957222713808, -1.72556141402544e-06, -1.78528392579584e-06, 0.0493957222713808, -3.09998909801569e-06, -4.0942961522972e-06, -0.00860336880914418, -1.08809066559939e-08, 1.35551321645104e-05, -1.08809066559939e-08, -7.62656995928227e-10, -1.35551321645104e-05, -3.07651138340467e-09, -5.28349805417902e-09, -9.35387583466764e-05, 
122, 10, -1.71932439458968e-06, -0.0493098355795043, -1.71932439459229e-06, -1.71473571082354e-06, 0.0493098355795043, -3.1780111178733e-06, -3.99807596986721e-06, -0.00868582017628896, -1.70843754002581e-06, -0.0493234196777341, -1.70843754002887e-06, -1.71395514396436e-06, 0.0493234196777341, -3.1748738289614e-06, -3.99278420953822e-06, -0.00859226014700118, -1.08868545709639e-08, 1.35840982297591e-05, -1.08868545709672e-08, -7.80566891334633e-10, -1.35840982297591e-05, -3.13728899299416e-09, -5.29176045315662e-09, -9.35600292877664e-05, 
122, 19, -1.73511738437078e-06, -0.0493405157092285, -1.73511738437336e-06, -1.75402501682489e-06, 0.0493405157092285, -3.19374056534436e-06, -3.85424547225006e-06, -0.00869852482059543, -1.72432281586862e-06, -0.0493541280476445, -1.72432281587169e-06, -1.75330700378454e-06, 0.0493541280476445, -3.19053651851105e-06, -3.84904195776618e-06, -0.00860498288385938, -1.07945684920127e-08, 1.36123384162307e-05, -1.07945684920127e-08, -7.18013078519697e-10, -1.36123384162307e-05, -3.2040467341056e-09, -5.20351443144584e-09, -9.35419367360351e-05, 
123, 0, -1.64002484907906e-06, -0.0493390888805757, -1.64002484908209e-06, -1.8397090625276e-06, 0.0493390888805757, -2.98990328628846e-06, -4.00644378984143e-06, -0.00869854917065778, -1.62929718128976e-06, -0.0493527041755751, -1.62929718129153e-06, -1.83843062284351e-06, 0.0493527041755751, -2.98697277527818e-06, -4.00108576161168e-06, -0.00860500922848336, -1.07276677909075e-08, 1.36152949996776e-05, -1.07276677909107e-08, -1.27843970568524e-09, -1.36152949996776e-05, -2.93051104038668e-09, -5.35802836289584e-09, -9.35399421744339e-05, 
123, 10, -1.63871681359139e-06, -0.0492610361293968, -1.63871681359488e-06, -1.71382035851679e-06, 0.0492610361293968, -3.07141179886158e-06, -3.84284748723852e-06, -0.0086843180514254, -1.62810554765031e-06, -0.0492746774458223, -1.62810554765292e-06, -1.71243436893737e-06, 0.0492746774458223, -3.06842479457901e-06, -3.83749404485757e-06, -0.00859076754855133, -1.06112659484017e-08, 1.36413164255152e-05, -1.06112659484016e-08, -1.38598962327714e-09, -1.36413164255152e-05, -2.98700429881805e-09, -5.35344246767709e-09, -9.35505028740649e-05, 
123, 19, -1.64536757205397e-06, -0.0492908315500909, -1.6453675720566e-06, -1.7738849010483e-06, 0.0492908315500909, -3.09065473377468e-06, -3.71588697009425e-06, -0.00869677336318764, -1.63498885347554e-06, -0.0493044988950968, -1.63498885347816e-06, -1.77250001199528e-06, 0.0493044988950968, -3.08759966487185e-06, -3.71068008150677e-06, -0.00860325121024581, -1.03787185493025e-08, 1.36673450059406e-05, -1.03787185493059e-08, -1.38488908371141e-09, -1.36673450059406e-05, -3.05506892707584e-09, -5.20688852807961e-09, -9.35221529418194e-05, 
124, 0, -1.5494561872286e-06, -0.0492893154107136, -1.54945618723079e-06, -1.85392640993318e-06, 0.0492893154107136, -2.89454473756236e-06, -3.8617170207697e-06, -0.00869669883472492, -1.53919602856065e-06, -0.049302985503649, -1.53919602856412e-06, -1.8519938522716e-06, 0.049302985503649, -2.89176319213661e-06, -3.85636745506951e-06, -0.00860317948729619, -1.02601586800048e-08, 1.36700929355354e-05, -1.02601586800015e-08, -1.93255764608667e-09, -1.36700929355354e-05, -2.78154537621419e-09, -5.3495657593368e-09, -9.35193474287453e-05, 
124, 10, -1.56345719088055e-06, -0.0492155754801342, -1.56345719088274e-06, -1.70226942734549e-06, 0.0492155754801342, -2.97640379967747e-06, -3.66441026404117e-06, -0.00868360764727555, -1.5533662481662e-06, -0.049229268477034, -1.55336624816836e-06, -1.70017332342119e-06, 0.049229268477034, -2.97356159287335e-06, -3.65911396902971e-06, -0.00859008576203322, -1.00909426995232e-08, 1.36929968999838e-05, -1.00909426995267e-08, -2.09610387263959e-09, -1.36929968999838e-05, -2.84220677564182e-09, -5.2962950795577e-09, -9.35218852423442e-05, 
124, 19, -1.56038167549196e-06, -0.0492438562412999, -1.56038167549456e-06, -1.76936003976926e-06, 0.0492438562412999, -2.99234789334413e-06, -3.56427934455688e-06, -0.00869533769354626, -1.55071859824475e-06, -0.0492575729652513, -1.55071859824739e-06, -1.76722927593609e-06, 0.0492575729652513, -2.9894397527061e-06, -3.5591561672311e-06, -0.00860185271960102, -9.66307725027344e-09, 1.37167239516133e-05, -9.66307725027344e-09, -2.13076388015119e-09, -1.37167239516133e-05, -2.90814065010121e-09, -5.12317731301315e-09, -9.34849739452682e-05, 
125, 0, -1.46489645173326e-06, -0.0492425000681627, -1.46489645173634e-06, -1.84472226365781e-06, 0.0492425000681627, -2.80421686673558e-06, -3.70529796558277e-06, -0.00869529706519301, -1.45540261280524e-06, -0.0492562192382832, -1.45540261280766e-06, -1.84207926504228e-06, 0.0492562192382832, -2.80157785134265e-06, -3.70004325016746e-06, -0.00860181558261228, -9.49383890241569e-09, 1.37191701203463e-05, -9.4938389024159e-09, -2.64299863616817e-09, -1.37191701203463e-05, -2.63901543754371e-09, -5.25471536240505e-09, -9.34814825807175e-05, 
125, 10, -1.4838356013982e-06, -0.0491699914210549, -1.48383560140168e-06, -1.71063566759115e-06, 0.0491699914210549, -2.86463125717519e-06, -3.53897129955982e-06, -0.00868298849413187, -1.47459135695057e-06, -0.0491837307545794, -1.47459135695319e-06, -1.70782612217543e-06, 0.0491837307545794, -2.86192618327604e-06, -3.53380226834639e-06, -0.0085895104940009, -9.24424446641422e-09, 1.37393335246368e-05, -9.24424446641105e-09, -2.8095454055433e-09, -1.37393335246368e-05, -2.70507399077412e-09, -5.16903115259128e-09, -9.34780001309539e-05, 
125, 19, -1.47631299431841e-06, -0.0491966623285159, -1.47631299432059e-06, -1.77014030327582e-06, 0.0491966623285159, -2.8825127801015e-06, -3.44225410215812e-06, -0.00869397923493731, -1.46759790001482e-06, -0.0492104226672751, -1.46759790001701e-06, -1.76725488817136e-06, 0.0492104226672751, -2.87975324343145e-06, -3.43728458767283e-06, -0.00860054440382283, -8.7150943030267e-09, 1.37603387592589e-05, -8.71509430303031e-09, -2.88541514566563e-09, -1.37603387592589e-05, -2.75953670287966e-09, -4.96951452386117e-09, -9.34348311144739e-05, 
126, 0, -1.38076461426018e-06, -0.0491952289417097, -1.38076461426259e-06, -1.84196763376603e-06, 0.0491952289417097, -2.70015045704258e-06, -3.57967652173238e-06, -0.00869392449159944, -1.3722656448393e-06, -0.0492089914278074, -1.37226564484193e-06, -1.8386216836795e-06, 0.0492089914278074, -2.69765105457168e-06, -3.57458398900909e-06, -0.00860049366211639, -8.49896944321006e-09, 1.37624860976362e-05, -8.49896944320996e-09, -3.34595011707632e-09, -1.37624860976362e-05, -2.49940254011074e-09, -5.09253267737118e-09, -9.34308294830627e-05, 
126, 10, -1.39692152502351e-06, -0.049120595487957, -1.39692152502656e-06, -1.74546262046453e-06, 0.049120595487957, -2.72800937587718e-06, -3.47652437473565e-06, -0.00868124132058468, -1.38874048221866e-06, -0.0491343771376231, -1.38874048222044e-06, -1.74198502012571e-06, 0.0491343771376231, -2.72543009289565e-06, -3.47153297897287e-06, -0.00858781797415093, -8.18104282320129e-09, 1.37816496662264e-05, -8.18104282320437e-09, -3.47760035356199e-09, -1.37816496662264e-05, -2.57928294230615e-09, -4.99139580247244e-09, -9.34233464337637e-05, 
126, 19, -1.3857033164061e-06, -0.0491461286362137, -1.38570331640787e-06, -1.80009388475945e-06, 0.0491461286362137, -2.74923527728138e-06, -3.38128608742839e-06, -0.00869175760105513, -1.37808950610693e-06, -0.0491599291251197, -1.37808950610955e-06, -1.79653913634218e-06, 0.0491599291251197, -2.74660564753917e-06, -3.37649714933842e-06, -0.00859838049253515, -7.61381028397178e-09, 1.38004889061577e-05, -7.61381028397485e-09, -3.55474838500844e-09, -1.38004889061577e-05, -2.62962975418543e-09, -4.78893808883584e-09, -9.33771085199557e-05, 
127, 0, -1.28833120705203e-06, -0.0491445432757279, -1.28833120705445e-06, -1.86863986200483e-06, 0.0491445432757279, -2.56925845503933e-06, -3.51471284336988e-06, -0.00869166200562959, -1.28097037261043e-06, -0.0491583456892349, -1.28097037261306e-06, -1.86468590936475e-06, 0.0491583456892349, -2.56687936149703e-06, -3.5098080184715e-06, -0.00859828915077883, -7.36083441768048e-09, 1.38024135069306e-05, -7.36083441768726e-09, -3.9539526601746e-09, -1.38024135069305e-05, -2.37909348706623e-09, -4.9048249770061e-09, -9.33728548507571e-05, 
127, 10, -1.30452405433634e-06, -0.0490693117953669, -1.30452405433919e-06, -1.8027671536187e-06, 0.0490693117953669, -2.56550563175975e-06, -3.48816678491133e-06, -0.00867761860130528, -1.29751887695745e-06, -0.0490831322257686, -1.29751887696028e-06, -1.79870349318454e-06, 0.0490831322257686, -2.56304204413291e-06, -3.48338330776877e-06, -0.00858425560813923, -7.00517739493368e-09, 1.38204304018017e-05, -7.00517739493357e-09, -4.06366034947717e-09, -1.38204304018017e-05, -2.46358764141961e-09, -4.78347729941939e-09, -9.33629931660516e-05, 
127, 19, -1.28757309347775e-06, -0.049093901773802, -1.28757309348015e-06, -1.85749976710509e-06, 0.049093901773802, -2.58903794675538e-06, -3.39427652923768e-06, -0.00868786693652885, -1.28109223387566e-06, -0.0491077375483697, -1.28109223387763e-06, -1.85341753608826e-06, 0.0491077375483697, -2.58653413663327e-06, -3.38967531360745e-06, -0.00859455015366686, -6.48085960124208e-09, 1.38357745676739e-05, -6.48085960123848e-09, -4.08223099745734e-09, -1.38357745676739e-05, -2.50381013525909e-09, -4.601215520999e-09, -9.33167828620037e-05, 
128, 0, -1.18720955266641e-06, -0.0490922393748788, -1.18720955266923e-06, -1.92174366908959e-06, 0.0490922393748788, -2.40794282159198e-06, -3.52201811327087e-06, -0.00868771266625163, -1.18100396202944e-06, -0.0491060768735026, -1.18100396203229e-06, -1.91732873165129e-06, 0.0491060768735026, -2.40567932465541e-06, -3.51730659953408e-06, -0.00859440013468245, -6.20559065575207e-09, 1.38374986237459e-05, -6.20559065575218e-09, -4.41493740085553e-09, -1.38374986237459e-05, -2.26349703652572e-09, -4.71151367603675e-09, -9.33125315691867e-05, 
128, 10, -1.20255608226645e-06, -0.0490218064476777, -1.20255608226928e-06, -1.88636327139202e-06, 0.0490218064476777, -2.37025407874496e-06, -3.59181029510216e-06, -0.00867288636924101, -1.19670000523886e-06, -0.049035660377054, -1.19670000524236e-06, -1.88190484754065e-06, 0.049035660377054, -2.36790695392721e-06, -3.58721535740644e-06, -0.00857958426139327, -5.85607700906563e-09, 1.38539293762322e-05, -5.85607700906584e-09, -4.45842382521418e-09, -1.38539293762322e-05, -2.34712473149249e-09, -4.59493772374545e-09, -9.3302107847719e-05, 
128, 19, -1.17827804963271e-06, -0.0490456807787851, -1.17827804963534e-06, -1.94183958018607e-06, 0.0490456807787851, -2.39366959985996e-06, -3.49979206773489e-06, -0.00868300735902734, -1.17282649978329e-06, -0.0490595447493686, -1.17282649978547e-06, -1.93742884361862e-06, 0.0490595447493686, -2.39129344019453e-06, -3.49533660366476e-06, -0.00858974813835497, -5.45154982853272e-09, 1.38639705835209e-05, -5.45154982853113e-09, -4.41073655414545e-09, -1.38639705835209e-05, -2.37615964468585e-09, -4.45546401784417e-09, -9.32592206723257e-05, 
129, 0, -1.07364018726312e-06, -0.0490441304248025, -1.07364018726554e-06, -2.00078797363278e-06, 0.0490441304248025, -2.20671422844975e-06, -3.61999260742365e-06, -0.00868283028052659, -1.06846947016742e-06, -0.0490579959167453, -1.06846947017027e-06, -1.99610496045363e-06, 0.0490579959167453, -2.20457111736513e-06, -3.61543072530788e-06, -0.00858957503340863, -5.1707171020665e-09, 1.38654919430391e-05, -5.17071710206639e-09, -4.68301318108688e-09, -1.38654919430391e-05, -2.14311105146571e-09, -4.56188217697749e-09, -9.32552471179424e-05, 
129, 10, -1.08555376532639e-06, -0.0489861643202473, -1.08555376532901e-06, -1.99443015811234e-06, 0.0489861643202473, -2.14101963558332e-06, -3.7818294390216e-06, -0.00866787293852561, -1.08066517568032e-06, -0.0490000439660497, -1.08066517568273e-06, -1.98974181023053e-06, 0.0490000439660497, -2.13879762658765e-06, -3.77736742625695e-06, -0.00857462676500447, -4.88858966665082e-09, 1.3879645802611e-05, -4.88858966665082e-09, -4.68834788701183e-09, -1.3879645802611e-05, -2.22200900196999e-09, -4.46201284073553e-09, -9.32461735211258e-05, 
129, 19, -1.05461249030583e-06, -0.0490094462544553, -1.05461249030846e-06, -2.04904118743406e-06, 0.0490094462544553, -2.16574048559589e-06, -3.6881117155918e-06, -0.00867794789540671, -1.0499951470805e-06, -0.0490233286099926, -1.04999514708334e-06, -2.04448276340973e-06, 0.0490233286099926, -2.16351627780768e-06, -3.6837157848287e-06, -0.00858473813881217, -4.61734321051921e-09, 1.38823555371291e-05, -4.61734321052079e-09, -4.55842406385846e-09, -1.38823555371291e-05, -2.22420768979319e-09, -4.39593080439197e-09, -9.32097565945497e-05, 
130, 0, -9.44558983587562e-07, -0.0490082451566846, -9.44558983590598e-07, -2.10170602066106e-06, 0.0490082451566846, -1.96906977675928e-06, -3.79837507929092e-06, -0.00867776963320601, -9.40216746292172e-07, -0.0490221288013217, -9.40216746295238e-07, -2.09692431427572e-06, 0.0490221288013217, -1.96707650283432e-06, -3.79387701149044e-06, -0.0085845633067541, -4.34223729619929e-09, 1.38836446369989e-05, -4.34223729619241e-09, -4.78170635984664e-09, -1.38836446369989e-05, -1.99327398278519e-09, -4.49806774909312e-09, -9.32063264519246e-05, 
130, 10, -9.51763559145392e-07, -0.0489693566675492, -9.51763559147992e-07, -2.11689209109774e-06, 0.0489693566675492, -1.89376239984304e-06, -4.01867698955049e-06, -0.00866395466859111, -9.47646335892352e-07, -0.048983251821822, -9.47646335895198e-07, -2.11212023536326e-06, 0.048983251821822, -1.89169734559568e-06, -4.01425243819504e-06, -0.00857075366393246, -4.11722324968817e-09, 1.38951542730035e-05, -4.11722324969008e-09, -4.77185574533343e-09, -1.38951542730035e-05, -2.0650543802907e-09, -4.42455122963848e-09, -9.32010046586516e-05, 
130, 19, -9.16017160491728e-07, -0.0489921619599734, -9.16017160494342e-07, -2.16882892521193e-06, 0.0489921619599734, -1.92106984272612e-06, -3.92214113806456e-06, -0.00867403234386769, -9.12016833548092e-07, -0.049006051818543, -9.1201683355093e-07, -2.1642334218617e-06, 0.049006051818543, -1.91902956585856e-06, -3.9177229212927e-06, -0.00858085848652953, -4.00032693399038e-09, 1.38898585696632e-05, -4.00032693399366e-09, -4.59550331445193e-09, -1.38898585696632e-05, -2.04027682593496e-09, -4.41821683542889e-09, -9.31738573381496e-05, 
131, 0, -7.9997459595376e-07, -0.0489914966574403, -7.99974595956816e-07, -2.21411361300483e-06, 0.0489914966574403, -1.71303462282644e-06, -4.02033979755322e-06, -0.00867389656613955, -7.96236266606518e-07, -0.0490053875869913, -7.96236266609783e-07, -2.20933078194055e-06, 0.0490053875869913, -1.71122795927106e-06, -4.01582574775153e-06, -0.00858072537201363, -3.7383293385727e-09, 1.38909295510142e-05, -3.73832933857588e-09, -4.78283104052795e-09, -1.38909295510142e-05, -1.80666347629398e-09, -4.51404971874802e-09, -9.31711941259637e-05, 
131, 10, -8.16502614443424e-07, -0.0489772566183388, -8.16502614446914e-07, -2.22173589781844e-06, 0.0489772566183388, -1.6346834053939e-06, -4.268800202798e-06, -0.00866163637984215, -8.12917964448067e-07, -0.0489911557140086, -8.12917964451575e-07, -2.21700224661154e-06, 0.0489911557140086, -1.63282009249048e-06, -4.26432591029531e-06, -0.00856846515408074, -3.58464997366059e-09, 1.38990956696534e-05, -3.58464997366228e-09, -4.73365122094953e-09, -1.38990956696534e-05, -1.86331292101452e-09, -4.47429263435293e-09, -9.31712257614375e-05, 
131, 19, -7.77653595930586e-07, -0.0489998220309027, -7.77653595934067e-07, -2.27028984137829e-06, 0.0489998220309027, -1.66595804224877e-06, -4.1694925443605e-06, -0.0086717869432417, -7.74032590441991e-07, -0.0490137075405173, -7.74032590444837e-07, -2.26573678345392e-06, 0.0490137075405173, -1.66415225976325e-06, -4.16497997501936e-06, -0.00857863244860127, -3.62100546263952e-09, 1.38855096147787e-05, -3.62100546262936e-09, -4.55305789828736e-09, -1.38855096147787e-05, -1.80578253074901e-09, -4.51256933608482e-09, -9.31544946404532e-05, 
132, 0, -6.57063096986316e-07, -0.0489998554349131, -6.57063096989799e-07, -2.30746864500827e-06, 0.0489998554349131, -1.4457722896625e-06, -4.25433003986658e-06, -0.00867170428141609, -6.53688514541134e-07, -0.0490137418011768, -6.53688514544413e-07, -2.30274505565021e-06, 0.0490137418011768, -1.44420594081331e-06, -4.24973191015921e-06, -0.00857855156335211, -3.37458245904051e-09, 1.38863662635663e-05, -3.37458245904056e-09, -4.72358938627293e-09, -1.38863662635663e-05, -1.56634880370421e-09, -4.5981297330302e-09, -9.31527180639879e-05, 
132, 10, -6.72255247500597e-07, -0.049011167918882, -6.72255247503883e-07, -2.31681171942253e-06, 0.049011167918882, -1.34371671628763e-06, -4.51647689857177e-06, -0.0086614318176018, -6.68970396423879e-07, -0.0490250587999677, -6.6897039642739e-07, -2.31212260173428e-06, 0.0490250587999677, -1.3421101209224e-06, -4.51189191327369e-06, -0.00856827228211809, -3.28485107201318e-09, 1.38908810859198e-05, -3.28485107201487e-09, -4.68911769186464e-09, -1.38908810859198e-05, -1.60659521768375e-09, -4.58498537292866e-09, -9.31595354837287e-05, 
132, 19, -6.32075869215699e-07, -0.0490337544562504, -6.32075869219208e-07, -2.36112759380608e-06, 0.0490337544562504, -1.38088639994406e-06, -4.41590578508387e-06, -0.00867170174234292, -6.28639585995666e-07, -0.0490476241152032, -6.28639585999163e-07, -2.3565572946543e-06, 0.0490476241152032, -1.37936351801714e-06, -4.41126786611188e-06, -0.00857854684324518, -3.43628319651842e-09, 1.38696589529628e-05, -3.43628319651492e-09, -4.5702991457471e-09, -1.38696589529628e-05, -1.52288185626503e-09, -4.6379189320078e-09, -9.31548990977292e-05, 
133, 0, -5.0699124046919e-07, -0.0490345076533978, -5.06991240471824e-07, -2.39036294768269e-06, 0.0490345076533978, -1.14745002039301e-06, -4.48577416732475e-06, -0.00867168799056425, -5.03791440842191e-07, -0.0490483779871945, -5.03791440845484e-07, -2.38562707575708e-06, 0.0490483779871945, -1.14617399631445e-06, -4.48106387830945e-06, -0.00857853385953886, -3.19979959262627e-09, 1.38703337969924e-05, -3.19979959262627e-09, -4.73587191213269e-09, -1.38703337969924e-05, -1.27602405227443e-09, -4.71028888611525e-09, -9.31541310254001e-05, 
133, 10, -5.29590793174032e-07, -0.0490675767563331, -5.29590793177317e-07, -2.39199616951347e-06, 0.0490675767563331, -1.03678223910879e-06, -4.71215777845739e-06, -0.00866359674360973, -5.26426824580865e-07, -0.0490814487463963, -5.2642682458372e-07, -2.38725201822838e-06, 0.0490814487463963, -1.0354791744336e-06, -4.70745003309668e-06, -0.00857042822475285, -3.16396864702417e-09, 1.38719900630659e-05, -3.16396864702263e-09, -4.74415129784135e-09, -1.38719900630659e-05, -1.30306469245924e-09, -4.70774528058062e-09, -9.31685188568728e-05, 
133, 19, -4.89306167041436e-07, -0.0490904803555419, -4.89306167044505e-07, -2.43268250903693e-06, 0.0490904803555419, -1.08106829169202e-06, -4.61340286382221e-06, -0.0086740209665561, -4.85915511017243e-07, -0.0491043256455134, -4.85915511020096e-07, -2.42798578917828e-06, 0.0491043256455134, -1.07986875658861e-06, -4.60864660035228e-06, -0.00858084451880133, -3.39065599221859e-09, 1.38452899716099e-05, -3.39065599221674e-09, -4.69671983982877e-09, -1.38452899716099e-05, -1.19953511144603e-09, -4.75626361016699e-09, -9.31764477548006e-05, 
134, 0, -3.61062273184621e-07, -0.0490918515283546, -3.61062273187474e-07, -2.45400413709831e-06, 0.0490918515283546, -8.37674075289838e-07, -4.66592528096438e-06, -0.00867408329241619, -3.57907341199111e-07, -0.0491056973802374, -3.57907341201964e-07, -2.44913747958296e-06, 0.0491056973802374, -8.36727913836451e-07, -4.66111343534257e-06, -0.00858090660920009, -3.15493198546365e-09, 1.38458518829766e-05, -3.15493198546365e-09, -4.86665751145105e-09, -1.38458518829766e-05, -9.46161376814303e-10, -4.81184567256466e-09, -9.31766832161494e-05, 
134, 10, -3.99359606021287e-07, -0.0491395243389321, -3.9935960602477e-07, -2.43458519501194e-06, 0.0491395243389321, -7.08031355808546e-07, -4.8330331937028e-06, -0.00866788089614169, -3.96184232936182e-07, -0.0491533702462605, -3.96184232938602e-07, -2.42971102158437e-06, 0.0491533702462605, -7.07069765838115e-07, -4.82821069799258e-06, -0.00857468240005887, -3.17537309920268e-09, 1.38459073281803e-05, -3.17537309920766e-09, -4.87417342997755e-09, -1.38459073281803e-05, -9.61589896113218e-10, -4.82249572546616e-09, -9.31984960828226e-05, 
134, 19, -3.58178762491872e-07, -0.0491630888965523, -3.58178762495362e-07, -2.47343524038306e-06, 0.0491630888965523, -7.56033121246054e-07, -4.74249544015736e-06, -0.0086784928893174, -3.54745418846459e-07, -0.0491769057112011, -3.54745418849956e-07, -2.46854074957687e-06, 0.0491769057112011, -7.55190678730901e-07, -4.73764704365754e-06, -0.00858527534536491, -3.43334361401447e-09, 1.38168146485577e-05, -3.43334361401611e-09, -4.89449082741647e-09, -1.38168146485577e-05, -8.42442582323472e-10, -4.84839651489488e-09, -9.32175439525236e-05, 
135, 0, -2.28523042132485e-07, -0.0491648954734237, -2.28523042135325e-07, -2.48722014119552e-06, 0.0491648954734237, -5.05323770748166e-07, -4.77621378718775e-06, -0.00867862258992296, -2.25330745851956e-07, -0.0491787128152041, -2.25330745855236e-07, -2.48214839684685e-06, 0.0491787128152041, -5.04739409985959e-07, -4.77132857657032e-06, -0.00858540397099677, -3.19229629708192e-09, 1.3817341780357e-05, -3.19229629708192e-09, -5.07174431886225e-09, -1.3817341780357e-05, -5.84360842064885e-10, -4.8852106930159e-09, -9.32186189261652e-05, 
135, 10, -2.75554686366935e-07, -0.0492180543475376, -2.75554686370431e-07, -2.45001146399658e-06, 0.0492180543475376, -3.3425478387904e-07, -4.87988603990528e-06, -0.00867384262645134, -2.72332722161195e-07, -0.0492318717117725, -2.72332722164272e-07, -2.44491541331358e-06, 0.0492318717117725, -3.33668890220435e-07, -4.8749940328922e-06, -0.00858059556344705, -3.22196418638958e-09, 1.381736423484e-05, -3.22196418638621e-09, -5.09605070975214e-09, -1.381736423484e-05, -5.85893576268677e-10, -4.89200704791933e-09, -9.32470630042792e-05, 
135, 19, -2.32386753020097e-07, -0.0492425740271999, -2.32386753023592e-07, -2.4889783027481e-06, 0.0492425740271999, -3.85267057526189e-07, -4.79903453057761e-06, -0.00868467124505254, -2.28887227568874e-07, -0.0492563633952832, -2.2888722757172e-07, -2.48381103545222e-06, 0.0492563633952832, -3.84817344903059e-07, -4.79413287969552e-06, -0.00859139692756023, -3.49952543306815e-09, 1.37893680835233e-05, -3.49952543306477e-09, -5.16726728038825e-09, -1.37893680835233e-05, -4.49712598795408e-10, -4.90165096195741e-09, -9.32743174923196e-05, 
136, 0, -1.02240956409341e-07, -0.0492445815890565, -1.02240956412836e-07, -2.49587781549944e-06, 0.0492445815890565, -1.30232537266507e-07, -4.81165399540053e-06, -0.00868485653141204, -9.89954103803512e-08, -0.0492583715298094, -9.8995410383414e-08, -2.49052586837845e-06, 0.0492583715298094, -1.30043435977228e-07, -4.80673605449332e-06, -0.00859158056391181, -3.24554602894934e-09, 1.37899407529336e-05, -3.24554602894934e-09, -5.35194710902818e-09, -1.37899407529336e-05, -1.89101245948583e-10, -4.9179409043564e-09, -9.3275967500241e-05, 
136, 10, -1.51763021927926e-07, -0.0492949935148888, -1.51763021930778e-07, -2.44637731010999e-06, 0.0492949935148888, 8.73739498460804e-08, -4.85448263665913e-06, -0.00868083292918471, -1.48480448281309e-07, -0.0493087847927617, -1.48480448285029e-07, -2.44098684063591e-06, 0.0493087847927617, 8.75440429455183e-08, -4.84955329653034e-06, -0.00858752342358007, -3.28257364923007e-09, 1.3791277873196e-05, -3.28257364923007e-09, -5.39046949695628e-09, -1.3791277873196e-05, -1.70093075824497e-10, -4.92934011180184e-09, -9.33095056046449e-05, 
136, 19, -1.07039964937856e-07, -0.0493206327107875, -1.07039964941135e-07, -2.48588020271317e-06, 0.0493206327107875, 3.20409455491902e-08, -4.78213433034537e-06, -0.008691884858011, -1.03482784615232e-07, -0.0493343997700618, -1.03482784618729e-07, -2.4803987719427e-06, 0.0493343997700618, 3.20689611422317e-08, -4.77721661397711e-06, -0.00859854365230785, -3.55718034847179e-09, 1.37670592742911e-05, -3.55718034846681e-09, -5.48143078087595e-09, -1.37670592742911e-05, -2.80156152608582e-11, -4.91771635139181e-09, -9.33412057031544e-05, 
137, 0, 2.27948165096077e-08, -0.0493226378633896, 2.2794816506112e-08, -2.48618123713625e-06, 0.0493226378633896, 2.8732850142937e-07, -4.77142100614779e-06, -0.00869210637663445, 2.60794520680879e-08, -0.0493364055964508, 2.60794520647972e-08, -2.48051088627717e-06, 0.0493364055964508, 2.87095479601151e-07, -4.7665088955357e-06, -0.00859876325226667, -3.28463555826094e-09, 1.37677330614227e-05, -3.28463555826106e-09, -5.67035087063859e-09, -1.37677330614227e-05, 2.33021939771782e-10, -4.91211056129928e-09, -9.33431243677568e-05, 
137, 10, -2.45981265277236e-08, -0.0493646740652789, -2.45981265308813e-08, -2.42928331004192e-06, 0.0493646740652789, 5.39294712477756e-07, -4.76463233448089e-06, -0.00868843470234617, -2.12882267452057e-08, -0.0493784454987037, -2.1288226748797e-08, -2.42358646269068e-06, 0.0493784454987037, 5.39028484046405e-07, -4.7597056056622e-06, -0.00859505479475411, -3.30989978805951e-09, 1.37714334247067e-05, -3.3098997880612e-09, -5.69684734450525e-09, -1.37714334247067e-05, 2.6622838690308e-10, -4.92672884274527e-09, -9.33799075920633e-05, 
137, 19, 2.23993863516184e-08, -0.0493914586643033, 2.23993863484608e-08, -2.46976893878611e-06, 0.0493914586643032, 4.80300048737971e-07, -4.69930359710563e-06, -0.00869968945392528, 2.59604534656816e-08, -0.0494052114217774, 2.59604534630524e-08, -2.46399018505695e-06, 0.0494052114217774, 4.79891320491717e-07, -4.69439572602507e-06, -0.00860627687615895, -3.56106709456463e-09, 1.37527574741821e-05, -3.56106709456124e-09, -5.77875366597039e-09, -1.37527574741821e-05, 4.08728351488556e-10, -4.90787107100705e-09, -9.34125777663253e-05, 
138, 0, 1.51424710780828e-07, -0.0493933323068771, 1.5142471077734e-07, -2.46342378240644e-06, 0.0493933323068771, 7.31879805079997e-07, -4.66406195050281e-06, -0.00869993562872146, 1.54695189650184e-07, -0.0494070858831634, 1.54695189647778e-07, -2.45745763264504e-06, 0.0494070858831634, 7.31210947554728e-07, -4.65918236405452e-06, -0.00860652112320961, -3.27047879718845e-09, 1.37535762863461e-05, -3.27047879718927e-09, -5.96614974650934e-09, -1.37535762863461e-05, 6.68857389917981e-10, -4.87958648823733e-09, -9.34145055118636e-05, 
138, 10, 1.02706992161468e-07, -0.0494225993174291, 1.02706992157756e-07, -2.3990887413304e-06, 0.0494225993174291, 9.89970064443876e-07, -4.6230003118502e-06, -0.00869645509592627, 1.06006662608775e-07, -0.0494363598966569, 1.06006662606372e-07, -2.39310977166111e-06, 0.0494363598966569, 9.89253883948734e-07, -4.61809797049428e-06, -0.00860300205424288, -3.29967047608636e-09, 1.37605792273986e-05, -3.29967047608454e-09, -5.97896971743932e-09, -1.37605792273986e-05, 7.16180653689648e-10, -4.90234138333573e-09, -9.34530416833698e-05, 
138, 19, 1.51799810820565e-07, -0.0494503396708153, 1.51799810818055e-07, -2.44018697436882e-06, 0.0494503396708153, 9.26856612431038e-07, -4.56163154228142e-06, -0.00870784854416388, 1.55310467840413e-07, -0.0494640884473016, 1.55310467836927e-07, -2.43413859930943e-06, 0.0494640884473016, 9.26004459865442e-07, -4.55675433679906e-06, -0.00861436421543003, -3.51065702247062e-09, 1.37487764861447e-05, -3.51065702246383e-09, -6.04837501412442e-09, -1.37487764861446e-05, 8.521526282214e-10, -4.87720543091355e-09, -9.34843287338206e-05, 
139, 0, 2.7905844970599e-07, -0.0494519500277253, 2.79058449702278e-07, -2.42717355440272e-06, 0.0494519500277253, 1.17084869429863e-06, -4.50255113596244e-06, -0.00870811192863711, 2.82260500937955e-07, -0.0494656998238538, 2.82260500934787e-07, -2.42094211499604e-06, 0.0494656998238538, 1.16973853848883e-06, -4.49772564608898e-06, -0.00861462582975475, -3.20205124388504e-09, 1.37497961284282e-05, -3.20205124388237e-09, -6.23143942180865e-09, -1.37497961284282e-05, 1.11015599834372e-09, -4.82549002977243e-09, -9.348609888238e-05, 
139, 10, 2.24333095524952e-07, -0.0494661577112251, 2.24333095521782e-07, -2.35770375799353e-06, 0.0494661577112251, 1.40641262149033e-06, -4.44676203124226e-06, -0.00870353324116877, 2.27559451238863e-07, -0.04947991759203, 2.27559451235475e-07, -2.35147054780042e-06, 0.04947991759203, 1.40524598585167e-06, -4.44191732615586e-06, -0.00861000893482275, -3.22635572863948e-09, 1.37598808048943e-05, -3.22635572863691e-09, -6.23321019725379e-09, -1.37598808048943e-05, 1.16663544483563e-09, -4.84470517969543e-09, -9.35243063460383e-05, 
139, 19, 2.74130359970704e-07, -0.0494946230482737, 2.7413035996732e-07, -2.3984174367591e-06, 0.0494946230482737, 1.33709294363614e-06, -4.38674012506389e-06, -0.00871502180352888, 2.77533976566477e-07, -0.0495083772992988, 2.7753397656331e-07, -2.39213581482383e-06, 0.0495083772992988, 1.33579860406472e-06, -4.38192339944604e-06, -0.00862146953464242, -3.40361660261878e-09, 1.37542510250441e-05, -3.4036166026212e-09, -6.28162195028767e-09, -1.37542510250441e-05, 1.29433953165439e-09, -4.81672557459914e-09, -9.35522688864578e-05, 
140, 0, 3.98920743845609e-07, -0.0494958859017414, 3.98920743841574e-07, -2.37922083608921e-06, 0.0494958859017414, 1.57064896621668e-06, -4.30635896187412e-06, -0.00871525406322723, 4.02000009443141e-07, -0.0495096413539668, 4.02000009439322e-07, -2.37276498936676e-06, 0.0495096413539668, 1.56910073133201e-06, -4.30161742124926e-06, -0.0086217003221867, -3.0792656069168e-09, 1.37554522255176e-05, -3.07926560692185e-09, -6.45584670669929e-09, -1.37554522255176e-05, 1.54823490876055e-09, -4.74154066572059e-09, -9.35537410405145e-05, 
140, 10, 3.28564247312221e-07, -0.0494923154285516, 3.28564247308402e-07, -2.30816780164389e-06, 0.0494923154285516, 1.74871894651361e-06, -4.25397544224893e-06, -0.00871090094707691, 3.31632098906612e-07, -0.0495060856038583, 3.31632098903986e-07, -2.30173295779368e-06, 0.0495060856038583, 1.74712155402993e-06, -4.24922203979573e-06, -0.00861730873932805, -3.06785163748044e-09, 1.37701753073564e-05, -3.06785163748031e-09, -6.4348438862847e-09, -1.37701753073564e-05, 1.59739254762692e-09, -4.75340247055206e-09, -9.35922077488773e-05, 
140, 19, 3.79433662947506e-07, -0.0495211639952217, 3.79433662944884e-07, -2.34739872159941e-06, 0.0495211639952217, 1.67314064310604e-06, -4.19377369932693e-06, -0.00872240268451015, 3.82649732881219e-07, -0.0495349363195799, 3.82649732878376e-07, -2.34093258235825e-06, 0.0495349363195799, 1.67143421366208e-06, -4.18904183709684e-06, -0.00862878546995665, -3.21606991766288e-09, 1.37723243582731e-05, -3.21606991766381e-09, -6.4661392387805e-09, -1.37723243582731e-05, 1.70642946905713e-09, -4.73186222875807e-09, -9.36172145535022e-05, 
141, 0, 5.00982326408787e-07, -0.0495219782289939, 5.00982326405945e-07, -2.32303895750771e-06, 0.0495219782289939, 1.89440459357066e-06, -4.09668035346309e-06, -0.00872265578938365, 5.03862186583815e-07, -0.0495357520334973, 5.0386218658043e-07, -2.31641120105462e-06, 0.0495357520334973, 1.89245007960136e-06, -4.0920453520815e-06, -0.00862903735589276, -2.87986018468015e-09, 1.37738045031715e-05, -2.8798601846793e-09, -6.62775643646298e-09, -1.37738045031715e-05, 1.95451398641854e-09, -4.63500138968808e-09, -9.36184334908717e-05, 
141, 10, 4.1606081422192e-07, -0.0495064501748804, 4.1606081421821e-07, -2.25880860473157e-06, 0.0495064501748804, 1.99920035118745e-06, -4.06792378061799e-06, -0.0087170668413452, 4.18932504527101e-07, -0.0495202423364121, 4.18932504522737e-07, -2.25221686659372e-06, 0.0495202423364121, 1.99720962468602e-06, -4.06326120046669e-06, -0.00862341103007963, -2.87169029407189e-09, 1.37921615314068e-05, -2.87169029407273e-09, -6.59173811869218e-09, -1.37921615314068e-05, 1.99072652605743e-09, -4.66258023835847e-09, -9.36558112655988e-05, 
141, 19, 4.68400093926475e-07, -0.0495354485807337, 4.68400093922871e-07, -2.29605150718194e-06, 0.0495354485807337, 1.91849620702008e-06, -4.00765547094946e-06, -0.00872858574430287, 4.71386025086338e-07, -0.0495492482997334, 4.71386025083059e-07, -2.28945114385481e-06, 0.0495492482997334, 1.91643667578519e-06, -4.00300742580802e-06, -0.00863490815215981, -2.98593117358752e-09, 1.37997189998183e-05, -2.98593117359099e-09, -6.60036333580761e-09, -1.37997189998183e-05, 2.05953112039034e-09, -4.6480451543769e-09, -9.36775921430822e-05, 
142, 0, 5.87027898793812e-07, -0.0495360170086466, 5.87027898790478e-07, -2.26775486096692e-06, 0.0495360170086466, 2.12763604483865e-06, -3.89937718978561e-06, -0.00872879763688265, 5.89668692620313e-07, -0.0495498184239611, 5.89668692617521e-07, -2.26100842344678e-06, 0.0495498184239611, 2.12533540522302e-06, -3.89484471436565e-06, -0.008635119068556, -2.64079380538582e-09, 1.38014153145269e-05, -2.64079380538664e-09, -6.74643752143369e-09, -1.38014153145269e-05, 2.30063959514711e-09, -4.5324754659159e-09, -9.36785683266545e-05, 
142, 10, 4.87714044768048e-07, -0.0495124687933344, 4.87714044765423e-07, -2.21577599967776e-06, 0.0495124687933344, 2.15872391875266e-06, -3.91172555499807e-06, -0.0087215328750112, 4.90320214944553e-07, -0.0495262904737393, 4.90320214941439e-07, -2.20906029267718e-06, 0.0495262904737393, 2.15640957560968e-06, -3.90717282737192e-06, -0.00862781902438076, -2.60617015847982e-09, 1.3821680404893e-05, -2.60617015847979e-09, -6.71570699463452e-09, -1.3821680404893e-05, 2.31434306266291e-09, -4.55272759673841e-09, -9.37138506304139e-05, 
142, 19, 5.44184523706838e-07, -0.0495414052422192, 5.44184523703776e-07, -2.25110453336061e-06, 0.0495414052422192, 2.07470623267845e-06, -3.85164606540328e-06, -0.00873305334289524, 5.46904484970318e-07, -0.0495552372336998, 5.46904484967744e-07, -2.24441486419308e-06, 0.0495552372336998, 2.07235544809239e-06, -3.84710917470206e-06, -0.00863932099208975, -2.71996126993759e-09, 1.38319914802175e-05, -2.71996126994268e-09, -6.68966914756221e-09, -1.38319914802175e-05, 2.35078466144546e-09, -4.53689070428977e-09, -9.37323508055012e-05, 
143, 0, 6.60328495053221e-07, -0.0495417879483571, 6.60328495049619e-07, -2.21963816796737e-06, 0.0495417879483571, 2.27374395045225e-06, -3.73735672082793e-06, -0.00873321871612117, 6.62699684313566e-07, -0.0495556217652392, 6.62699684310939e-07, -2.21281887534025e-06, 0.0495556217652392, 2.27116011441641e-06, -3.73295119798963e-06, -0.00863948561927085, -2.37118932311022e-09, 1.38338168821231e-05, -2.37118932311191e-09, -6.8192926111503e-09, -1.38338168821231e-05, 2.58383607851245e-09, -4.40552293119292e-09, -9.37330968503401e-05, 
143, 10, 5.51312582244314e-07, -0.0495157350946503, 5.51312582241094e-07, -2.18416368689341e-06, 0.0495157350946503, 2.24562515180242e-06, -3.79788320511502e-06, -0.00872507672143894, 5.5366052112046e-07, -0.0495295899688835, 5.53660521117564e-07, -2.17738777232502e-06, 0.0495295899688835, 2.24303615330662e-06, -3.79345363170351e-06, -0.00863131042547261, -2.34793884680421e-09, 1.38548742332204e-05, -2.34793884680082e-09, -6.77591456094424e-09, -1.38548742332204e-05, 2.5889984841878e-09, -4.42957335849308e-09, -9.37662959663499e-05, 
143, 19, 6.13525427287281e-07, -0.0495443505549019, 6.13525427284059e-07, -2.21735900789914e-06, 0.0495443505549019, 2.16164371685774e-06, -3.73988293573165e-06, -0.00873654883680621, 6.15989362241744e-07, -0.0495582165879367, 6.15989362238851e-07, -2.21061801585838e-06, 0.0495582165879367, 2.15906315880633e-06, -3.73547688789257e-06, -0.0086427668456244, -2.46393496867209e-09, 1.38660330349686e-05, -2.46393496867495e-09, -6.74099202704653e-09, -1.38660330349686e-05, 2.58055802305853e-09, -4.40604794991949e-09, -9.37819911818229e-05, 
144, 0, 7.28026922339822e-07, -0.0495446968593272, 7.28026922336358e-07, -2.18310049266067e-06, 0.0495446968593272, 2.35374161818767e-06, -3.62333518025394e-06, -0.00873669563447947, 7.30140597594432e-07, -0.0495585647820533, 7.30140597590289e-07, -2.17624561971597e-06, 0.0495585647820533, 2.35093720585156e-06, -3.61907322705129e-06, -0.00864291307904711, -2.11367520957946e-09, 1.38679227258045e-05, -2.11367520958444e-09, -6.8548729377314e-09, -1.38679227258045e-05, 2.80441233286639e-09, -4.26195326793148e-09, -9.37825554323591e-05, 
144, 10, 6.22391549396432e-07, -0.0495212867098379, 6.22391549392562e-07, -2.16681391270204e-06, 0.0495212867098379, 2.27999336415443e-06, -3.7235283844738e-06, -0.0087285449353466, 6.24494602040989e-07, -0.0495351757591231, 6.24494602037309e-07, -2.16000186398998e-06, 0.0495351757591231, 2.27720139931443e-06, -3.71925297714777e-06, -0.00863473083201821, -2.10305268753507e-09, 1.38890492851895e-05, -2.10305268752861e-09, -6.81204870403658e-09, -1.38890492851895e-05, 2.79196480791867e-09, -4.27540725406821e-09, -9.38141033283824e-05, 
144, 19, 6.88755726578218e-07, -0.0495493799284804, 6.8875572657459e-07, -2.19723032622188e-06, 0.0495493799284804, 2.19715729159247e-06, -3.67023190081566e-06, -0.00873994157681337, 6.91003076805864e-07, -0.0495632799355931, 6.9100307680286e-07, -2.19046283016834e-06, 0.0495632799355931, 2.19440409415442e-06, -3.66598078746819e-06, -0.00864611373165702, -2.24735023927934e-09, 1.39000071127819e-05, -2.24735023928088e-09, -6.76749606060547e-09, -1.39000071127819e-05, 2.75319740426021e-09, -4.25111330475522e-09, -9.3827845156368e-05, 
145, 0, 8.02682615886816e-07, -0.0495498219711637, 8.02682615882956e-07, -2.15978296625736e-06, 0.0495498219711637, 2.38501468020013e-06, -3.5536527065321e-06, -0.00874009115904416, 8.04582677859125e-07, -0.0495637238958568, 8.04582677855862e-07, -2.15291365787578e-06, 0.0495637238958568, 2.38204700346405e-06, -3.54955480634537e-06, -0.0086462628638346, -1.90006198089955e-09, 1.39019246933552e-05, -1.90006198089648e-09, -6.8693083958098e-09, -1.39019246933552e-05, 2.96767676162447e-09, -4.0979002376439e-09, -9.38282952095422e-05, 
145, 10, 7.05969167819783e-07, -0.0495299449549537, 7.05969167815708e-07, -2.15915472999622e-06, 0.0495299449549537, 2.27611750326508e-06, -3.67543187054399e-06, -0.00873217698827534, 7.07880767370102e-07, -0.049543867896053, 7.07880767366202e-07, -2.15232763995967e-06, 0.049543867896053, 2.27318630510061e-06, -3.67132240890102e-06, -0.00863831820686249, -1.91159955573307e-09, 1.39229410992075e-05, -1.91159955573667e-09, -6.82709007296909e-09, -1.39229410992075e-05, 2.9311981192516e-09, -4.1094616849196e-09, -9.38587814128456e-05, 
145, 19, 7.75564166907533e-07, -0.0495575580097009, 7.75564166904743e-07, -2.18808512449712e-06, 0.0495575580097009, 2.19548252058223e-06, -3.6309869088393e-06, -0.0087435130891047, 7.77678838713571e-07, -0.0495714913938624, 7.7767883871077e-07, -2.18130073396838e-06, 0.0495714913938624, 2.19260777424783e-06, -3.62688977428342e-06, -0.00864964193584519, -2.11467179196372e-09, 1.3933384161456e-05, -2.11467179196049e-09, -6.78439053962314e-09, -1.3933384161456e-05, 2.87474628284253e-09, -4.09713456205829e-09, -9.38711532594796e-05, 
146, 0, 8.89604375093851e-07, -0.0495580809548849, 8.89604375089538e-07, -2.14662134751615e-06, 0.0495580809548849, 2.3808452160282e-06, -3.51558636284043e-06, -0.00874366642957453, 8.9137711978265e-07, -0.0495720162752803, 8.9137711977986e-07, -2.13974171781229e-06, 0.0495720162752803, 2.37776485839055e-06, -3.51164768486075e-06, -0.00864979489635192, -1.77274470161437e-09, 1.39353203952684e-05, -1.7727447016095e-09, -6.87962973037637e-09, -1.39353203952684e-05, 3.08035761319292e-09, -3.93867799734589e-09, -9.38715332225771e-05, 
146, 10, 7.99054089929667e-07, -0.0495405411269681, 7.99054089926013e-07, -2.15348979254113e-06, 0.0495405411269681, 2.25871629127673e-06, -3.64037384260186e-06, -0.00873548164632802, 8.00900404117512e-07, -0.0495544970637503, 8.00900404114936e-07, -2.14664409984424e-06, 0.0495544970637503, 2.25568980484842e-06, -3.63641911340958e-06, -0.00864158083827806, -1.8463141636065e-09, 1.39559367823265e-05, -1.84631416360322e-09, -6.84569268480386e-09, -1.39559367823265e-05, 3.02648620342376e-09, -3.95472913856387e-09, -9.3900808049913e-05, 
146, 18, 8.72522641236563e-07, -0.0495673552680777, 8.72522641233559e-07, -2.18159222826214e-06, 0.0495673552680777, 2.17867306586817e-06, -3.60451932365035e-06, -0.00874675591031844, 8.74615636327758e-07, -0.0495813187164686, 8.74615636323671e-07, -2.17478124528792e-06, 0.0495813187164686, 2.17568987982934e-06, -3.60056980275669e-06, -0.00865284439967027, -2.09299514027106e-09, 1.39634483908691e-05, -2.09299514026936e-09, -6.81098296213752e-09, -1.39634483908691e-05, 2.98318604008477e-09, -3.94952084348973e-09, -9.39115106481654e-05, 
147, 0, 9.85677082542794e-07, -0.0495680114438592, 9.85677082539772e-07, -2.13580994710488e-06, 0.0495680114438592, 2.362522805695e-06, -3.49184585716858e-06, -0.0087468739454479, 9.87435270523727e-07, -0.0495819770100582, 9.87435270520951e-07, -2.12890139063638e-06, 0.0495819770100582, 2.35934551708481e-06, -3.48806125699557e-06, -0.00865296216891864, -1.75818800141521e-09, 1.39655661989703e-05, -1.75818800142083e-09, -6.90855648280452e-09, -1.39655661989703e-05, 3.17728842524477e-09, -3.7846001522605e-09, -9.39117765292867e-05, 
147, 10, 9.06945645865095e-07, -0.0495532100301637, 9.0694564586232e-07, -2.14546354971555e-06, 0.0495532100301637, 2.26266759686372e-06, -3.5997535980326e-06, -0.00873820712787558, 9.08807372236944e-07, -0.0495671959971834, 9.08807372233286e-07, -2.13857797427156e-06, 0.0495671959971834, 2.25956644265254e-06, -3.59595532680727e-06, -0.00864426763222242, -1.86172641074741e-09, 1.39859670198098e-05, -1.8617264107471e-09, -6.88557541681116e-09, -1.39859670198098e-05, 3.10115411782131e-09, -3.79827120305732e-09, -9.39394956531644e-05, 
147, 18, 9.83452803639049e-07, -0.0495800507848564, 9.83452803635799e-07, -2.1731053379221e-06, 0.0495800507848564, 2.18458368870875e-06, -3.57630677546362e-06, -0.00874956050940902, 9.85637069632085e-07, -0.0495940432573472, 9.8563706962908e-07, -2.1662462451733e-06, 0.0495940432573472, 2.18150473448843e-06, -3.57251491797973e-06, -0.00865561210380055, -2.18426598200781e-09, 1.39924724910095e-05, -2.18426598200791e-09, -6.85909272997975e-09, -1.39924724910095e-05, 3.07895422315665e-09, -3.79185747842306e-09, -9.39484056084601e-05, 
148, 0, 1.09662809856283e-06, -0.0495807683982944, 1.0966280985596e-06, -2.12147355200201e-06, 0.0495807683982944, 2.36810306665187e-06, -3.46292067581218e-06, -0.00874966293864761, 1.09848029140801e-06, -0.0495947629606635, 1.09848029140501e-06, -2.11450995115963e-06, 0.0495947629606635, 2.3648379150546e-06, -3.45929852862541e-06, -0.0086557144109379, -1.85219283906575e-09, 1.39945623692235e-05, -1.85219283906712e-09, -6.96360083733427e-09, -1.39945623692235e-05, 3.26515138484269e-09, -3.62214721257052e-09, -9.39485277096966e-05, 
148, 10, 1.03794576888689e-06, -0.049568580517163, 1.03794576888407e-06, -2.13136108598786e-06, 0.049568580517163, 2.2981084681788e-06, -3.53812150691613e-06, -0.00874077567280029, 1.03994079253925e-06, -0.049582594507498, 1.03994079253624e-06, -2.12441497001226e-06, 0.049582594507498, 2.29492786820514e-06, -3.53449259908122e-06, -0.00864680136728369, -1.99502366788136e-09, 1.4013990335091e-05, -1.99502366788316e-09, -6.94611598505854e-09, -1.4013990335091e-05, 3.18059987347212e-09, -3.6289078513357e-09, -9.39743055166021e-05, 
148, 18, 1.11485187112974e-06, -0.0495953076254412, 1.11485187112667e-06, -2.15614530795308e-06, 0.0495953076254412, 2.21913159233869e-06, -3.52382007696045e-06, -0.00875220494261173, 1.11719643046566e-06, -0.0496093268929085, 1.11719643046138e-06, -2.1492104149223e-06, 0.0496093268929085, 2.21595405978998e-06, -3.52020799059119e-06, -0.00865822411261419, -2.34455931458005e-09, 1.40192674674874e-05, -2.34455931458375e-09, -6.93489299193112e-09, -1.40192674674874e-05, 3.17753260183895e-09, -3.61208637396411e-09, -9.39808299975518e-05, 
149, 0, 1.22749373488767e-06, -0.04959607218102, 1.22749373488407e-06, -2.09732527258818e-06, 0.04959607218102, 2.40042344781558e-06, -3.40747427687843e-06, -0.00875230088460404, 1.22950507106984e-06, -0.0496100934814572, 1.22950507106618e-06, -2.09027524063828e-06, 0.0496100934814572, 2.39706788236345e-06, -3.404036954201e-06, -0.00865832014176603, -2.01133619651663e-09, 1.402130043726e-05, -2.01133619651822e-09, -7.05003196880424e-09, -1.402130043726e-05, 3.35556536360124e-09, -3.43732263440213e-09, -9.39807428380459e-05, 
149, 10, 1.17968865775936e-06, -0.04958585277115, 1.17968865775505e-06, -2.10459513407639e-06, 0.04958585277115, 2.35384457520866e-06, -3.43963418793106e-06, -0.0087432361140364, 1.18183619939877e-06, -0.0495998921095597, 1.18183619939533e-06, -2.0975548339491e-06, 0.0495998921095597, 2.35058841028968e-06, -3.436197030235e-06, -0.00864923221861478, -2.1475416585493e-09, 1.40393384097171e-05, -2.14754165854835e-09, -7.04030015523108e-09, -1.40393384097171e-05, 3.25616477363199e-09, -3.43715770963429e-09, -9.40038954216049e-05, 
149, 19, 1.25607019308709e-06, -0.0496128743525103, 1.25607019308381e-06, -2.12454037535591e-06, 0.0496128743525103, 2.27796815188351e-06, -3.43424927557608e-06, -0.0087547252193351, 1.25861344777218e-06, -0.0496269193767394, 1.25861344776917e-06, -2.11749136137011e-06, 0.0496269193767394, 2.27469413231409e-06, -3.43084747110581e-06, -0.00866071850968787, -2.54325465012558e-09, 1.40450242288776e-05, -2.54325465012388e-09, -7.04901395683331e-09, -1.40450242288776e-05, 3.27401948223236e-09, -3.40180452830135e-09, -9.40067096472654e-05, 
150, 0, 1.36764044965201e-06, -0.0496135573903387, 1.36764044964938e-06, -2.0571444481856e-06, 0.0496135573903387, 2.45453302292376e-06, -3.31184631844261e-06, -0.00875483190959134, 1.3698435240464e-06, -0.0496276041820603, 1.36984352404328e-06, -2.0499710274079e-06, 0.0496276041820603, 2.45108683010236e-06, -3.30862320095548e-06, -0.00866082551415216, -2.2030744230321e-09, 1.40467917215045e-05, -2.20307442303051e-09, -7.17342078256449e-09, -1.40467917215045e-05, 3.44619282982668e-09, -3.22311749679032e-09, -9.40063954391899e-05, 
150, 10, 1.32322484146765e-06, -0.0496018968562689, 1.3232248414641e-06, -2.05922152496158e-06, 0.0496018968562689, 2.42151525531741e-06, -3.29918047149259e-06, -0.00874576276830737, 1.32556466714355e-06, -0.0496159598693092, 1.32556466714038e-06, -2.05205551387573e-06, 0.0496159598693092, 2.41815573824398e-06, -3.29595517178053e-06, -0.00865173621555621, -2.3398256907248e-09, 1.40630130403857e-05, -2.33982569072554e-09, -7.16601107342885e-09, -1.40630130403857e-05, 3.35951706345824e-09, -3.22529971853005e-09, -9.40265527511442e-05, 
150, 19, 1.39860616948748e-06, -0.0496284794843487, 1.39860616948475e-06, -2.07279314854254e-06, 0.0496284794843486, 2.34740113058823e-06, -3.29730860373087e-06, -0.0087572144477731, 1.40129954334178e-06, -0.0496425468950402, 1.40129954333839e-06, -2.0655888501767e-06, 0.0496425468950402, 2.34402124402537e-06, -3.2941362513046e-06, -0.00866318942108542, -2.69337388741976e-09, 1.40674106917183e-05, -2.69337388741202e-09, -7.20429834669372e-09, -1.40674106917183e-05, 3.37988649351588e-09, -3.17235244471158e-09, -9.40250266876538e-05, 
151, 0, 1.50670148759767e-06, -0.0496290598218718, 1.50670148759428e-06, -1.99742286882381e-06, 0.0496290598218718, 2.51606736661031e-06, -3.16982928095788e-06, -0.00875731527377706, 1.50904161541357e-06, -0.0496431288979443, 1.50904161541095e-06, -1.99008418260229e-06, 0.0496431288979443, 2.51252715215915e-06, -3.16684128799332e-06, -0.00866329092855647, -2.34012780416109e-09, 1.40690760721728e-05, -2.34012780416035e-09, -7.33868621910255e-09, -1.40690760721728e-05, 3.54021465801659e-09, -2.9879929882681e-09, -9.40243452206068e-05, 
151, 10, 1.4587469712654e-06, -0.0496156788642798, 1.45874697126158e-06, -1.99266169600814e-06, 0.0496156788642798, 2.50408843074381e-06, -3.11986603158376e-06, -0.00874787357228629, 1.46119143269583e-06, -0.0496297623964223, 1.46119143269245e-06, -1.98532512308808e-06, 0.0496297623964223, 2.50062505221395e-06, -3.11687785150871e-06, -0.00865383285619529, -2.44446141293398e-09, 1.40835321424647e-05, -2.44446141293504e-09, -7.3365729100069e-09, -1.40835321424647e-05, 3.46337853909458e-09, -2.98818006198574e-09, -9.40407160910181e-05, 
151, 19, 1.53012036580351e-06, -0.0496417920984128, 1.53012036579991e-06, -2.00019710421412e-06, 0.0496417920984128, 2.43142430997189e-06, -3.11976152482529e-06, -0.00875923924781409, 1.5328568435566e-06, -0.0496558787130137, 1.53285684355343e-06, -1.9927951504269e-06, 0.0496558787130137, 2.42793736855086e-06, -3.11684003635764e-06, -0.00866520541617334, -2.73647767745612e-09, 1.40866146009155e-05, -2.73647767745422e-09, -7.40195379598063e-09, -1.40866146009155e-05, 3.48694147424866e-09, -2.92148842237351e-09, -9.40338316407217e-05, 
152, 0, 1.6334505765792e-06, -0.0496422861796681, 1.63345057657592e-06, -1.91745568988987e-06, 0.0496422861796681, 2.59036217307088e-06, -2.98680115041538e-06, -0.0087593168539323, 1.63581927645214e-06, -0.0496563743370041, 1.63581927644843e-06, -1.90991593154853e-06, 0.0496563743370041, 2.58672730041652e-06, -2.98406954191825e-06, -0.008665284176569, -2.36869980751953e-09, 1.40881573359709e-05, -2.36869980752122e-09, -7.53975835900164e-09, -1.40881573359709e-05, 3.63487246753936e-09, -2.73160849664918e-09, -9.40326773633123e-05, 
152, 10, 1.58494178573552e-06, -0.0496242626112205, 1.58494178573267e-06, -1.90508115672405e-06, 0.0496242626112205, 2.62991380470318e-06, -2.91110773142414e-06, -0.00874973096928331, 1.58738049932515e-06, -0.0496383639411912, 1.58738049932221e-06, -1.89754487976975e-06, 0.0496383639411912, 2.62632540806133e-06, -2.90837657618761e-06, -0.00865568575038483, -2.43871354550496e-09, 1.41013299706923e-05, -2.43871354550178e-09, -7.53627692395463e-09, -1.41013299706923e-05, 3.58839656309918e-09, -2.73115521366912e-09, -9.40452188984749e-05, 
152, 19, 1.65182314891572e-06, -0.0496499736379889, 1.65182314891222e-06, -1.90701074862721e-06, 0.0496499736379889, 2.56007590530721e-06, -2.91088350815873e-06, -0.00876094057074508, 1.65448350009434e-06, -0.0496640779010956, 1.65448350009008e-06, -1.89937780356735e-06, 0.0496640779010956, 2.55646764042035e-06, -2.90822755566441e-06, -0.00866690801549043, -2.660351124474e-09, 1.41042631067602e-05, -2.66035112447389e-09, -7.6329450645649e-09, -1.41042631067602e-05, 3.60826480805292e-09, -2.65595247591743e-09, -9.40325552546558e-05, 
153, 0, 1.74951339447724e-06, -0.0496502782441491, 1.74951339447386e-06, -1.81745287775513e-06, 0.0496502782441491, 2.70870367310884e-06, -2.77049502477536e-06, -0.00876100111578113, 1.75178566486869e-06, -0.0496643839454736, 1.75178566486541e-06, -1.80968511009463e-06, 0.0496643839454736, 2.7049613177975e-06, -2.76803517015051e-06, -0.00866697024709787, -2.27227040872214e-09, 1.41057013244455e-05, -2.27227040872351e-09, -7.76776767799576e-09, -1.41057013244455e-05, 3.74235538599433e-09, -2.45985459022136e-09, -9.40308686832527e-05, 
153, 10, 1.70978180546462e-06, -0.0496223016852284, 1.70978180546169e-06, -1.8003494540099e-06, 0.0496223016852284, 2.81613741109768e-06, -2.68586750560771e-06, -0.00875088824503737, 1.7120948899531e-06, -0.049636420140395, 1.71209488995026e-06, -1.79257192912423e-06, 0.049636420140395, 2.81241653556698e-06, -2.68341057757153e-06, -0.00865684868457652, -2.31308441741538e-09, 1.41184551664998e-05, -2.31308441741443e-09, -7.77752488018583e-09, -1.41184551664998e-05, 3.72087562249326e-09, -2.45692800288135e-09, -9.40395604608083e-05, 
153, 19, 1.77140991049376e-06, -0.0496476150005896, 1.77140991048993e-06, -1.79680929188693e-06, 0.0496476150005896, 2.7444883840586e-06, -2.68408790992204e-06, -0.00876191963728399, 1.77385697880881e-06, -0.0496617372439659, 1.77385697880532e-06, -1.78891821934861e-06, 0.0496617372439659, 2.740740021333e-06, -2.68170936341546e-06, -0.0086678988687324, -2.44706830043356e-09, 1.41222433762704e-05, -2.44706830043875e-09, -7.8910725433836e-09, -1.41222433762704e-05, 3.74836283015511e-09, -2.37854652830792e-09, -9.40207685516177e-05, 
154, 0, 1.86282652049664e-06, -0.0496475503727847, 1.8628265204926e-06, -1.70070435601727e-06, 0.0496475503727847, 2.88201935203879e-06, -2.53397926780281e-06, -0.00876194760324083, 1.86486287630851e-06, -0.0496616739713156, 1.86486287630458e-06, -1.69268904432406e-06, 0.0496616739713156, 2.87815119712816e-06, -2.53180384552723e-06, -0.00866792908319684, -2.03635582623742e-09, 1.41235985307798e-05, -2.03635582623901e-09, -8.01531169573771e-09, -1.41235985307798e-05, 3.86815486592359e-09, -2.17542225758965e-09, -9.4018520043977e-05, 
154, 10, 1.8293356286535e-06, -0.0496071468677963, 1.82933562865033e-06, -1.68448578068888e-06, 0.0496071468677963, 3.05072134554564e-06, -2.45724950951585e-06, -0.00875078179388553, 1.8313657906619e-06, -0.0496212832173743, 1.83136579065831e-06, -1.67644645514594e-06, 0.0496212832173743, 3.04685387131818e-06, -2.45507719128002e-06, -0.00865675863032712, -2.03016199219454e-09, 1.41363495783106e-05, -2.03016199218776e-09, -8.03932556671576e-09, -1.41363495783106e-05, 3.86747432439485e-09, -2.17231827278225e-09, -9.40231635584264e-05, 
154, 19, 1.88536194405258e-06, -0.0496320859280036, 1.8853619440492e-06, -1.67500635100891e-06, 0.0496320859280036, 2.97390313529545e-06, -2.45328321133267e-06, -0.00876160448200433, 1.88743368531364e-06, -0.0496462274132796, 1.88743368531004e-06, -1.66683565138261e-06, 0.0496462274132796, 2.97000128173012e-06, -2.45119029856454e-06, -0.00866760613926673, -2.07174126344635e-09, 1.41414852759368e-05, -2.07174126344465e-09, -8.17069963096725e-09, -1.41414852759368e-05, 3.90185365812142e-09, -2.09291281968908e-09, -9.3998342737609e-05, 
155, 0, 1.96971581140939e-06, -0.0496316063519037, 1.96971581140613e-06, -1.57288462281467e-06, 0.0496316063519037, 3.09970399542664e-06, -2.2916800137068e-06, -0.00876158403508386, 1.97135512727511e-06, -0.0496457491174134, 1.97135512727108e-06, -1.56460886875788e-06, 0.0496457491174134, 3.0956966087589e-06, -2.28979789657966e-06, -0.00866758847882245, -1.63931591678468e-09, 1.41427655097801e-05, -1.63931591678129e-09, -8.27575405475477e-09, -1.41427655097801e-05, 4.00738648417684e-09, -1.88211721793611e-09, -9.39955562613956e-05, 
155, 10, 1.93858727446373e-06, -0.0495773301379852, 1.93858727446045e-06, -1.56134778309688e-06, 0.0495773301379852, 3.30568942402906e-06, -2.23012000970443e-06, -0.00874911834133742, 1.9401813551143e-06, -0.0495914860195896, 1.9401813551106e-06, -1.55304047134389e-06, 0.0495914860195896, 3.30167136528628e-06, -2.22824091232129e-06, -0.00865512187374573, -1.59408069414606e-09, 1.41558816042769e-05, -1.59408069414617e-09, -8.30731173416112e-09, -1.41558816042769e-05, 4.01805875181274e-09, -1.87909737971337e-09, -9.39964675916687e-05, 
155, 19, 1.98948991287332e-06, -0.0496020141241715, 1.98948991287005e-06, -1.54726340770212e-06, 0.0496020141241714, 3.22226092818882e-06, -2.22696477986599e-06, -0.00875976997492885, 1.99104463209874e-06, -0.0496161765129227, 1.99104463209459e-06, -1.53880647548396e-06, 0.0496161765129227, 3.2181983212092e-06, -2.22516083190407e-06, -0.00866580370524553, -1.55471928530215e-09, 1.41623887511024e-05, -1.55471928529686e-09, -8.45693221844934e-09, -1.41623887511024e-05, 4.06260710648209e-09, -1.80394788537979e-09, -9.39662696833007e-05, 
156, 0, 2.06640306026413e-06, -0.0496010853002524, 2.06640306026128e-06, -1.4398856058083e-06, 0.0496010853002524, 3.33589021952591e-06, -2.05328420577061e-06, -0.00875969959794349, 2.06750517783346e-06, -0.0496152489015745, 2.0675051778304e-06, -1.43135112929091e-06, 0.0496152489015745, 3.33173699042234e-06, -2.05169883469298e-06, -0.00866573657125033, -1.10211758544392e-09, 1.41636013219139e-05, -1.10211758544042e-09, -8.53447654515288e-09, -1.41636013219139e-05, 4.15322919765439e-09, -1.58537105039195e-09, -9.39630266931193e-05, 
156, 10, 2.02763366680688e-06, -0.0495345584567039, 2.02763366680297e-06, -1.43527642597145e-06, 0.0495345584567039, 3.54592907943104e-06, -2.00368992585492e-06, -0.00874576147555673, 2.02864938404643e-06, -0.0495487353611073, 2.02864938404315e-06, -1.42670286937533e-06, 0.0495487353611073, 3.5417655971355e-06, -2.00210255706965e-06, -0.00865180087684818, -1.01571728299264e-09, 1.41769044033656e-05, -1.01571728299275e-09, -8.57355658919833e-09, -1.41769044033656e-05, 4.16348225716273e-09, -1.58736880888939e-09, -9.39605987085736e-05, 
156, 19, 2.07487075471863e-06, -0.0495590696231849, 2.07487075471601e-06, -1.41959546309321e-06, 0.0495590696231849, 3.45798530425657e-06, -2.00600169610647e-06, -0.00875628781926395, 2.07581183624952e-06, -0.0495732535429547, 2.07581183624624e-06, -1.41088032057467e-06, 0.0495732535429546, 3.45376371355713e-06, -2.00448845348687e-06, -0.00866236161930866, -9.41081557587622e-10, 1.41839197697489e-05, -9.41081557592914e-10, -8.71514255490297e-09, -1.41839197697488e-05, 4.22159067670417e-09, -1.51324266715545e-09, -9.39261999553127e-05, 
157, 0, 2.14416196941106e-06, -0.0495577558720222, 2.14416196940758e-06, -1.30817037748371e-06, 0.0495577558720222, 3.55902297556275e-06, -1.82105966278471e-06, -0.00875616635445949, 2.14463314254125e-06, -0.0495719409250761, 2.14463314253842e-06, -1.29941152254807e-06, 0.0495719409250761, 3.55472667903102e-06, -1.81977254036238e-06, -0.00866224372592151, -4.71173140276543e-10, 1.41850530538541e-05, -4.71173140278025e-10, -8.75885492356241e-09, -1.41850530538541e-05, 4.2962965647399e-09, -1.28712253563257e-09, -9.392262853796e-05, 
157, 10, 2.09669843315223e-06, -0.0494844543793042, 2.09669843314895e-06, -1.30929577173474e-06, 0.0494844543793042, 3.74448772668301e-06, -1.77498835032559e-06, -0.00874107362271786, 2.09703924813196e-06, -0.0494986523109349, 2.09703924812846e-06, -1.30051423609899e-06, 0.0494986523109349, 3.74018884507617e-06, -1.77369140176285e-06, -0.00864715605600385, -3.4081493440361e-10, 1.41979316307531e-05, -3.40814934400222e-10, -8.7815356316393e-09, -1.41979316307531e-05, 4.29888159081204e-09, -1.29694853817483e-09, -9.39175667140139e-05, 
157, 18, 2.14467895668714e-06, -0.0495084439897752, 2.14467895668366e-06, -1.29379345602897e-06, 0.0495084439897752, 3.65298954484958e-06, -1.78489726706693e-06, -0.00875147465094299, 2.1449457618171e-06, -0.0495226468004553, 2.14494576181383e-06, -1.28489302538682e-06, 0.0495226468004553, 3.64863426375028e-06, -1.78367060586525e-06, -0.00865758968952024, -2.66805103541564e-10, 1.42028106802396e-05, -2.66805103542942e-10, -8.90043063456867e-09, -1.42028106802396e-05, 4.35528099850113e-09, -1.22666112328775e-09, -9.3884961422756e-05, 
158, 0, 2.2059518599752e-06, -0.0495070173317712, 2.2059518599715e-06, -1.18001099491018e-06, 0.0495070173317712, 3.74142168899312e-06, -1.59196106178704e-06, -0.008751300210436, 2.20573752730976e-06, -0.0495212213748937, 2.20573752730648e-06, -1.17110342363013e-06, 0.0495212213748937, 3.73700926011294e-06, -1.5909665218679e-06, -0.00865741939043872, 2.14332698779699e-10, 1.42040431223265e-05, 2.14332698774618e-10, -8.9075712788212e-09, -1.42040431223265e-05, 4.41242885871888e-09, -9.94539977743156e-10, -9.38808199972869e-05, 
158, 10, 2.14622536389278e-06, -0.0494335361366589, 2.14622536388928e-06, -1.18845019184636e-06, 0.0494335361366589, 3.89126354984516e-06, -1.53987455511494e-06, -0.00873597280622039, 2.14585487513793e-06, -0.0494477529287073, 2.14585487513467e-06, -1.179534574562e-06, 0.0494477529287073, 3.88685629691836e-06, -1.53886345191062e-06, -0.00864209878803714, 3.70488740837828e-10, 1.42167920485257e-05, 3.70488740839521e-10, -8.91561730753631e-09, -1.42167920485257e-05, 4.40725281083023e-09, -1.01110319527259e-09, -9.387401818325e-05, 
158, 18, 2.19276109830665e-06, -0.0494573645040993, 2.19276109830403e-06, -1.17377467032244e-06, 0.0494573645040993, 3.79774545390078e-06, -1.55897760525313e-06, -0.00874629834357482, 2.19232161996578e-06, -0.0494715845749347, 2.19232161996271e-06, -1.16477296677992e-06, 0.0494715845749347, 3.79329451221799e-06, -1.5580352367786e-06, -0.00865245714406283, 4.39478311504399e-10, 1.4220070835391e-05, 4.39478311504397e-10, -9.00170355916628e-09, -1.4220070835391e-05, 4.45094166221397e-09, -9.42368470506068e-10, -9.38411995119997e-05, 
159, 0, 2.24703077046001e-06, -0.0494559126600463, 2.24703077045652e-06, -1.05804695893745e-06, 0.0494559126600463, 3.87312862636138e-06, -1.35916765352286e-06, -0.00874611441260129, 2.24610578336776e-06, -0.049470133868542, 2.24610578336426e-06, -1.04907906052184e-06, 0.049470133868542, 3.86863731810507e-06, -1.35846145395324e-06, -0.00865227730580454, 9.24987058934736e-10, 1.42212084957685e-05, 9.24987058933252e-10, -8.96789843827313e-09, -1.42212084957685e-05, 4.49130829133349e-09, -7.06199485789775e-10, -9.38371067967534e-05, 
159, 10, 2.1821678857128e-06, -0.0493867357662758, 2.18216788570976e-06, -1.07056474550185e-06, 0.0493867357662758, 3.98114061567018e-06, -1.29951696427029e-06, -0.00873008479438392, 2.18107350153128e-06, -0.0494009680893559, 2.18107350152867e-06, -1.06163004044887e-06, 0.0494009680893559, 3.97666624699167e-06, -1.29878962016015e-06, -0.00863625523488813, 1.0943841659959e-09, 1.42323230800539e-05, 1.09438416599591e-09, -8.93470507098636e-09, -1.42323230800539e-05, 4.47436872333407e-09, -7.27344105764617e-10, -9.38295594957737e-05, 
159, 18, 2.22641954696374e-06, -0.0494103558980227, 2.22641954696066e-06, -1.05719295563417e-06, 0.0494103558980227, 3.88437489307373e-06, -1.32807139587692e-06, -0.00874037214808964, 2.22524998992006e-06, -0.0494245879852949, 2.22524998991743e-06, -1.04820922583143e-06, 0.0494245879852949, 3.87988222962176e-06, -1.32741025279431e-06, -0.00864657406151316, 1.16955703897743e-09, 1.42320872721242e-05, 1.16955703897573e-09, -8.98372980344598e-09, -1.42320872721242e-05, 4.49266351203128e-09, -6.61143137016558e-10, -9.37980865765198e-05, 
160, 0, 2.27433529870538e-06, -0.049408984350156, 2.27433529870232e-06, -9.40093199650782e-07, 0.049408984350156, 3.94646698214292e-06, -1.12439945114839e-06, -0.00874015787666341, 2.27268485259266e-06, -0.0494232174274148, 2.27268485258938e-06, -9.31185981279251e-07, 0.0494232174274148, 3.94195062245939e-06, -1.1239751165728e-06, -0.00864636367157579, 1.65044607716737e-09, 1.42330772588706e-05, 1.65044607717097e-09, -8.90721837152681e-09, -1.42330772588706e-05, 4.5163596549041e-09, -4.24334546635947e-10, -9.37942050875987e-05, 
160, 10, 2.19964912670002e-06, -0.0493446934385738, 2.1996491266961e-06, -9.62088932770755e-07, 0.0493446934385738, 4.00846950897642e-06, -1.06431089969538e-06, -0.00872534732120435, 2.19784236005391e-06, -0.0493589374113788, 2.19784236005064e-06, -9.53253361718183e-07, 0.0493589374113788, 4.00397075708573e-06, -1.0638643335038e-06, -0.00863155835746514, 1.80676665220028e-09, 1.42439728051252e-05, 1.80676665220049e-09, -8.83557108195848e-09, -1.42439728051252e-05, 4.49875186352609e-09, -4.4656622357266e-10, -9.37889637392342e-05, 
160, 18, 2.2429016849848e-06, -0.0493680860042782, 2.24290168498153e-06, -9.48012069555148e-07, 0.0493680860042782, 3.91117714543503e-06, -1.09978522315092e-06, -0.00873562176963466, 2.24102237095258e-06, -0.0493823277689886, 2.24102237094975e-06, -9.39172711976957e-07, 0.0493823277689886, 3.90669745952248e-06, -1.09939302119291e-06, -0.00864186014302488, 1.8793140520628e-09, 1.42417647103816e-05, 1.87931405206428e-09, -8.83935761445287e-09, -1.42417647103816e-05, 4.47968579072214e-09, -3.92201891615144e-10, -9.37616266097615e-05, 
161, 0, 2.28471937632262e-06, -0.0493668031085277, 2.28471937632e-06, -8.30707771906398e-07, 0.0493668031085277, 3.96040479820651e-06, -8.95357421941482e-07, -0.00873545082155601, 2.28236895298159e-06, -0.0493810458422066, 2.28236895297874e-06, -8.21984769661595e-07, 0.0493810458422066, 3.95591756083241e-06, -8.95199855316433e-07, -0.00864169261569887, 2.35042331156539e-09, 1.42427336791931e-05, 2.3504233115654e-09, -8.72300226067436e-09, -1.42427336791931e-05, 4.48723731146738e-09, -1.57566510849545e-10, -9.37582058570985e-05, 
161, 10, 2.20807023253828e-06, -0.0493137437685522, 2.20807023253501e-06, -8.55112320802396e-07, 0.0493137437685522, 3.99055355569334e-06, -8.27539957400276e-07, -0.00872095369642182, 2.20557753125999e-06, -0.0493279965689156, 2.20557753125781e-06, -8.46524078794925e-07, 0.0493279965689156, 3.98609553195149e-06, -8.2735322977643e-07, -0.00862719793606966, 2.49270128172172e-09, 1.42528003630207e-05, 2.49270128172489e-09, -8.58824198948811e-09, -1.42528003630207e-05, 4.4580237210117e-09, -1.86727504378444e-10, -9.37557603521631e-05, 
161, 18, 2.25262872139242e-06, -0.0493369923972378, 2.25262872138892e-06, -8.39008684071752e-07, 0.0493369923972378, 3.8965037430516e-06, -8.68456587637151e-07, -0.00873128601841459, 2.25008594897558e-06, -0.049351239922955, 2.25008594897296e-06, -8.30438820038851e-07, 0.049351239922955, 3.8920866910156e-06, -8.68314906418275e-07, -0.00863755265494761, 2.54277242359618e-09, 1.42475257171696e-05, 2.5427724235964e-09, -8.56986404305104e-09, -1.42475257171696e-05, 4.41705207509082e-09, -1.41681225314571e-10, -9.37333634669618e-05, 
162, 0, 2.28889247150281e-06, -0.0493360413364225, 2.28889247150017e-06, -7.21426198859214e-07, 0.0493360413364225, 3.9334561823561e-06, -6.64854839946371e-07, -0.00873112135769702, 2.28589725296912e-06, -0.0493502897788368, 2.28589725296606e-06, -7.13008923529511e-07, 0.0493502897788368, 3.92904608067895e-06, -6.64942950336453e-07, -0.00863739088341572, 2.99521849255912e-09, 1.42484424141115e-05, 2.99521849256082e-09, -8.41727529527029e-09, -1.42484424141115e-05, 4.41010161780465e-09, 8.81103112053354e-11, -9.37304742812595e-05, 
162, 10, 2.20756023892106e-06, -0.0492957047454415, 2.20756023891866e-06, -7.47889138715261e-07, 0.0492957047454415, 3.95512639063401e-06, -5.74695442811596e-07, -0.00871684583286478, 2.20445293984001e-06, -0.0493099615275607, 2.20445293983693e-06, -7.39632640324543e-07, 0.0493099615275607, 3.95074411665989e-06, -5.74754745809127e-07, -0.00862311478642614, 3.10729908657087e-09, 1.42567821191261e-05, 3.10729908657087e-09, -8.25649838286932e-09, -1.42567821191261e-05, 4.38227393336507e-09, 5.93030112026369e-11, -9.37310464386427e-05, 
162, 19, 2.25393446488317e-06, -0.0493193608038335, 2.25393446488098e-06, -7.28042388868834e-07, 0.0493193608038335, 3.86695335910035e-06, -6.21787923052084e-07, -0.00872731177458915, 2.2508015133616e-06, -0.0493336094889169, 2.25080151335875e-06, -7.19847889273613e-07, 0.0493336094889169, 3.86263379990257e-06, -6.21882109722979e-07, -0.00863360026700877, 3.13295153281675e-09, 1.42486850835132e-05, 3.13295153282183e-09, -8.19449954701917e-09, -1.42486850835132e-05, 4.31955918521455e-09, 9.41866255349258e-11, -9.371150758036e-05, 
163, 0, 2.28508680331748e-06, -0.0493186720631228, 2.28508680331486e-06, -6.09544623880768e-07, 0.0493186720631228, 3.89065997818589e-06, -4.18263052346415e-07, -0.00872718173570329, 2.28152948136606e-06, -0.0493329215269884, 2.28152948136323e-06, -6.01533779492235e-07, 0.0493329215269884, 3.88635656776592e-06, -4.18582120658496e-07, -0.00863347230106993, 3.55732196383825e-09, 1.42494638654542e-05, 3.55732196383825e-09, -8.0108443942265e-09, -1.42494638654542e-05, 4.30341041914472e-09, 3.19068289345761e-10, -9.37094346333716e-05, 
163, 10, 2.20618752655832e-06, -0.0492908965641795, 2.20618752655549e-06, -6.30153042582025e-07, 0.0492908965641795, 3.92804349909215e-06, -2.9086576835259e-07, -0.00871382922739517, 2.20256311464116e-06, -0.049305152403864, 2.20256311463854e-06, -6.22313507046494e-07, 0.049305152403864, 3.92376318272221e-06, -2.91153741415458e-07, -0.00862011529406243, 3.62441191655306e-09, 1.42558396843262e-05, 3.62441191656005e-09, -7.83953553283076e-09, -1.42558396843263e-05, 4.28031631403744e-09, 2.87973009173822e-10, -9.37139333327371e-05, 
163, 19, 2.25748288094207e-06, -0.049314590640975, 2.25748288093923e-06, -6.03780365076155e-07, 0.049314590640975, 3.8448049848555e-06, -3.41009967993828e-07, -0.00872439623733053, 2.25387974545141e-06, -0.0493288351069099, 2.25387974544836e-06, -5.96015888177598e-07, 0.0493288351069099, 3.84057843887158e-06, -3.41334615635584e-07, -0.00863069576543612, 3.60313550342963e-09, 1.42444659350083e-05, 3.60313550343302e-09, -7.76447688568732e-09, -1.42444659350083e-05, 4.22654590300532e-09, 3.24647586952625e-10, -9.37004718944097e-05, 
164, 0, 2.28263636472909e-06, -0.0493142738027187, 2.28263636472647e-06, -4.84904288113906e-07, 0.0493142738027187, 3.85479745312798e-06, -1.37713074078323e-07, -0.00872431062188439, 2.27863485734998e-06, -0.0493285190001575, 2.27863485734733e-06, -4.77346541198148e-07, 0.0493285190001575, 3.85059865903682e-06, -1.38257138585831e-07, -0.00863061171917813, 4.00150735523252e-09, 1.42451974387609e-05, 4.00150735523231e-09, -7.55774692571473e-09, -1.42451974387609e-05, 4.19879409340577e-09, 5.44064521762229e-10, -9.36989027062873e-05, 
164, 10, 2.20945278348425e-06, -0.0492981391387705, 2.20945278348097e-06, -4.95381078546404e-07, 0.0492981391387705, 3.93765513808107e-06, 4.83285682948024e-08, -0.00871245762420282, 2.20542994094494e-06, -0.049312389775907, 2.20542994094254e-06, -4.88000644357886e-07, 0.049312389775907, 3.93347123084212e-06, 4.78136427444479e-08, -0.00861875021340055, 4.02284254018874e-09, 1.42506371364764e-05, 4.02284254018853e-09, -7.38043418517114e-09, -1.42506371364764e-05, 4.18390728145638e-09, 5.14925540417924e-10, -9.37074108022398e-05, 
164, 19, 2.26453109557896e-06, -0.0493219594783496, 2.26453109557613e-06, -4.61871458259564e-07, 0.0493219594783496, 3.85832539998592e-06, -4.82114226886744e-09, -0.00872311273894124, 2.26056506999071e-06, -0.0493361969099904, 2.26056506998809e-06, -4.54542983208005e-07, 0.0493361969099904, 3.85417189395772e-06, -5.38271301962856e-09, -0.00862941294909165, 3.96602558777782e-09, 1.4237431640823e-05, 3.96602558778438e-09, -7.3284750941797e-09, -1.4237431640823e-05, 4.15350602888873e-09, 5.61570805061296e-10, -9.36997898496449e-05, 
165, 0, 2.28287423771248e-06, -0.0493220166587076, 2.28287423770963e-06, -3.42292994226806e-07, 0.0493220166587076, 3.85241711073673e-06, 2.00712259263393e-07, -0.00872308685724461, 2.27853489117273e-06, -0.0493362548058821, 2.27853489117054e-06, -3.35187102632088e-07, 0.0493362548058821, 3.84830258226754e-06, 1.99935252669193e-07, -0.0086293881770656, 4.33934661206416e-09, 1.42381471745169e-05, 4.33934661207433e-09, -7.10589164384476e-09, -1.42381471745169e-05, 4.11452845139697e-09, 7.77006536015608e-10, -9.36986801790275e-05, 
165, 10, 2.22050792260452e-06, -0.0493134842069719, 2.22050792260147e-06, -3.39264146073408e-07, 0.0493134842069719, 3.98723914563229e-06, 4.37091937080156e-07, -0.00871266281554089, 2.21618399491493e-06, -0.0493277278399799, 2.21618399491252e-06, -3.32320027589039e-07, 0.0493277278399798, 3.98312507183434e-06, 4.36338806853389e-07, -0.00861895177776798, 4.32392768319939e-09, 1.42436330080717e-05, 4.32392768320596e-09, -6.94411847500668e-09, -1.42436330080717e-05, 4.11407371209451e-09, 7.53130283419914e-10, -9.37110377729247e-05, 
165, 19, 2.27866479010807e-06, -0.0493375337882621, 2.27866479010522e-06, -2.97968158082958e-07, 0.0493375337882621, 3.90829881838417e-06, 3.78254491757587e-07, -0.00872341266202168, 2.27442891362279e-06, -0.0493517641799904, 2.27442891362037e-06, -2.91043699329216e-07, 0.0493517641799904, 3.90418764197138e-06, 3.77444750616857e-07, -0.0086297042600808, 4.23587649717031e-09, 1.42303917279506e-05, 4.23587649717031e-09, -6.9244587805698e-09, -1.42303917279506e-05, 4.11117649951225e-09, 8.09741104860456e-10, -9.37084019408211e-05, 
166, 0, 2.28915697839568e-06, -0.049337854626821, 2.28915697839327e-06, -1.77241231613787e-07, 0.049337854626821, 3.88384271255513e-06, 5.87253760054083e-07, -0.00872344095399365, 2.28456989059666e-06, -0.0493520857649483, 2.28456989059445e-06, -1.70548946391689e-07, 0.0493520857649483, 3.87978204668902e-06, 5.86230756349384e-07, -0.00862973329464195, 4.5870878085228e-09, 1.4231138127321e-05, 4.5870878085228e-09, -6.69228522703748e-09, -1.4231138127321e-05, 4.06066576860668e-09, 1.02300380993377e-09, -9.37076593517224e-05, 
166, 10, 2.23242796037813e-06, -0.0493325683385457, 2.23242796037547e-06, -1.70825288478731e-07, 0.0493325683385457, 4.0622358612341e-06, 8.42373449581791e-07, -0.00871391809518848, 2.22788608682186e-06, -0.0493468055191624, 2.22788608681943e-06, -1.64262606956047e-07, 0.0493468055191624, 4.05816317046053e-06, 8.41371125507659e-07, -0.00862019487655954, 4.54187354662444e-09, 1.42371806168546e-05, 4.54187354662465e-09, -6.56268154504145e-09, -1.42371806168546e-05, 4.07269073500222e-09, 1.0023240412241e-09, -9.37232186289216e-05, 
166, 19, 2.29350269944309e-06, -0.0493568879987696, 2.2935026994407e-06, -1.21112328870058e-07, 0.0493568879987696, 3.98292475203741e-06, 7.76735982723413e-07, -0.00872475686567225, 2.289055419142e-06, -0.0493711131937397, 2.28905541913984e-06, -1.14528138587219e-07, 0.0493711131937397, 3.97882779659616e-06, 7.75669809552567e-07, -0.00863103265204379, 4.44728028464662e-09, 1.42251949698745e-05, 4.44728028464345e-09, -6.58419025931901e-09, -1.42251949698745e-05, 4.09695543910665e-09, 1.06617325714823e-09, -9.37242136284306e-05, 
167, 0, 2.29528366027682e-06, -0.0493573646674047, 2.29528366027441e-06, 4.0749739909466e-10, 0.0493573646674047, 3.93878389815512e-06, 9.89384519633885e-07, -0.00872482221559472, 2.29050279102697e-06, -0.0493715906654544, 2.290502791025e-06, 6.75355644960948e-09, 0.0493715906654544, 3.93474931277685e-06, 9.88105746306171e-07, -0.00863109849822505, 4.7808692291457e-09, 1.42259980496479e-05, 4.78086922914591e-09, -6.34605903966967e-09, -1.42259980496479e-05, 4.03458550677207e-09, 1.27877342296202e-09, -9.37237173696695e-05, 
167, 10, 2.24305747782828e-06, -0.0493521845229925, 2.24305747782546e-06, 8.73690944720953e-11, 0.0493521845229925, 4.14469331660011e-06, 1.22290639815556e-06, -0.00871596835738048, 2.23833807829553e-06, -0.0493664175070988, 2.23833807829292e-06, 6.34835297363927e-09, 0.0493664175070988, 4.14063678656974e-06, 1.22165139353612e-06, -0.00862222636062573, 4.71939953533146e-09, 1.42329841064561e-05, 4.71939953533146e-09, -6.26098392733091e-09, -1.42329841064561e-05, 4.05652998444436e-09, 1.25500451062976e-09, -9.37419967547231e-05, 
167, 19, 2.30695563328627e-06, -0.0493767141397239, 2.30695563328406e-06, 5.88044520213681e-08, 0.0493767141397239, 4.06686261376849e-06, 1.15247074391573e-06, -0.00872685775306199, 2.30231951854293e-06, -0.0493909373430348, 2.30231951854053e-06, 6.51396761724118e-08, 0.0493909373430348, 4.06275985679387e-06, 1.15115374151401e-06, -0.00863311235983425, 4.6361147161655e-09, 1.42232033111213e-05, 4.63611471616529e-09, -6.33522414568985e-09, -1.42232033111213e-05, 4.10275696001843e-09, 1.31700234546138e-09, -9.37453932277629e-05, 
168, 0, 2.29990287638456e-06, -0.0493772727671216, 2.29990287638149e-06, 1.80840316628238e-07, 0.0493772727671216, 4.00393279850693e-06, 1.36838102563872e-06, -0.00872695345772587, 2.29494348149273e-06, -0.049391496846011, 2.29494348149078e-06, 1.86932344809504e-07, 0.049391496846011, 3.99990437218069e-06, 1.36685128874104e-06, -0.00863320841890868, 4.95939489606366e-09, 1.42240788894108e-05, 4.95939489606387e-09, -6.0920282121971e-09, -1.42240788894108e-05, 4.0284264053673e-09, 1.52973697069799e-09, -9.37450388172022e-05, 
168, 10, 2.25225856031131e-06, -0.0493702544937898, 2.25225856030868e-06, 1.65343490024033e-07, 0.0493702544937898, 4.21775071717016e-06, 1.54489445602791e-06, -0.00871875509030803, 2.24734374003046e-06, -0.0493844868420127, 2.24734374002783e-06, 1.713895051173e-07, 0.0493844868420127, 4.21369906810785e-06, 1.54340382190645e-06, -0.00862498929277372, 4.91482031068568e-09, 1.42323482228673e-05, 4.91482031068208e-09, -6.04601514415911e-09, -1.42323482228673e-05, 4.05164902392487e-09, 1.49063398362809e-09, -9.37657975343244e-05, 
168, 19, 2.31912495376344e-06, -0.0493947655753242, 2.31912495376082e-06, 2.3427665070785e-07, 0.0493947655753242, 4.1436490118068e-06, 1.47220347577494e-06, -0.00872962275928088, 2.31427834346913e-06, -0.0494089908822391, 2.31427834346693e-06, 2.40459991704782e-07, 0.0494089908822391, 4.13952744171663e-06, 1.47064737683714e-06, -0.00863585192746518, 4.84661027500347e-09, 1.42253069149654e-05, 4.84661027500368e-09, -6.18334097588323e-09, -1.42253069149654e-05, 4.1215700640188e-09, 1.55609890253317e-09, -9.37708318157094e-05, 
169, 0, 2.30345487703546e-06, -0.0493953447611569, 2.30345487703241e-06, 3.56603928523899e-07, 0.0493953447611569, 4.06450807494864e-06, 1.6902927616846e-06, -0.00872974604450512, 2.29829158495676e-06, -0.0494095710313637, 2.29829158495413e-06, 3.6253734813969e-07, 0.0494095710313637, 4.06047240283692e-06, 1.68852325527054e-06, -0.00863597548079775, 5.16329207674796e-09, 1.42262702069451e-05, 5.16329207674817e-09, -5.93341962427596e-09, -1.42262702069451e-05, 4.03567212347719e-09, 1.76950644702074e-09, -9.37705637073707e-05, 
169, 10, 2.26312105571171e-06, -0.0493875435938745, 2.26312105570954e-06, 3.25883939848208e-07, 0.0493875435938745, 4.26685865049984e-06, 1.78449136246079e-06, -0.00872191632053098, 2.25799078516704e-06, -0.0494017791271519, 2.25799078516442e-06, 3.31809441634488e-07, 0.0494017791271519, 4.26279817505128e-06, 1.78277667528691e-06, -0.00862812276910608, 5.13027052744207e-09, 1.42355332773441e-05, 5.13027052744229e-09, -5.92550175159308e-09, -1.42355332773441e-05, 4.06047549018809e-09, 1.71468703113634e-09, -9.37935514249161e-05, 
169, 19, 2.3306919452954e-06, -0.0494117129676852, 2.33069194529234e-06, 4.02607545733723e-07, 0.0494117129676851, 4.19942832187186e-06, 1.71287869434602e-06, -0.00873268034125423, 2.32558168304164e-06, -0.049425943578256, 2.32558168303946e-06, 4.08708822201558e-07, 0.049425943578256, 4.19529389862159e-06, 1.71111132169833e-06, -0.00863888059823402, 5.1102622298481e-09, 1.42306105709118e-05, 5.1102622298517e-09, -6.10127641547726e-09, -1.42306105709118e-05, 4.13442321041293e-09, 1.76737258579425e-09, -9.37997430202224e-05, 
170, 0, 2.30670589683964e-06, -0.0494123421547531, 2.30670589683744e-06, 5.25033058574747e-07, 0.0494123421547531, 4.10779447758097e-06, 1.93129137697885e-06, -0.00873281624565912, 2.30128055862159e-06, -0.0494265738006447, 2.30128055861854e-06, 5.3087347130521e-07, 0.0494265738006447, 4.10375674011819e-06, 1.92931067798195e-06, -0.00863901670440211, 5.42533823010913e-09, 1.42316458917091e-05, 5.42533823010574e-09, -5.8404126983968e-09, -1.42316458917091e-05, 4.03773742421729e-09, 1.98069895693574e-09, -9.37995412570203e-05, 
170, 10, 2.26950540416959e-06, -0.049405650219584, 2.26950540416698e-06, 4.71673286063347e-07, 0.049405650219584, 4.29030687405469e-06, 1.94075060787543e-06, -0.0087258190913668, 2.26408284467291e-06, -0.0494198920596112, 2.26408284466986e-06, 4.77553534141975e-07, 0.0494198920596112, 4.2862416499327e-06, 1.93883702655598e-06, -0.00863199391642624, 5.42255948653887e-09, 1.42418400272223e-05, 5.42255948653908e-09, -5.88024802974532e-09, -1.42418400272223e-05, 4.06522415934426e-09, 1.91358129094109e-09, -9.3825174940553e-05, 
170, 19, 2.33496405195492e-06, -0.0494290632437094, 2.3349640519523e-06, 5.51310721108348e-07, 0.0494290632437094, 4.22918592661528e-06, 1.86829645510096e-06, -0.00873634833214086, 2.32951417087157e-06, -0.0494433019257463, 2.32951417086981e-06, 5.57387881197292e-07, 0.0494433019257463, 4.22505415012969e-06, 1.86634521702005e-06, -0.00864251562772818, 5.449881059173e-09, 1.42386820373155e-05, 5.44988105917618e-09, -6.07716010292754e-09, -1.42386820373155e-05, 4.13177644168854e-09, 1.95123815474457e-09, -9.38327044126719e-05, 
171, 0, 2.30345742230465e-06, -0.0494297713193026, 2.30345742230204e-06, 6.73080812969702e-07, 0.0494297713193026, 4.12948200387385e-06, 2.08585941543798e-06, -0.00873650922486187, 2.29769131049373e-06, -0.0494440111200309, 2.29769131049111e-06, 6.7888232535327e-07, 0.0494440111200309, 4.12545644306985e-06, 2.08369575804443e-06, -0.00864267662429732, 5.76611182664419e-09, 1.42398007282572e-05, 5.76611182665139e-09, -5.80151235478782e-09, -1.42398007282572e-05, 4.02556079020258e-09, 2.16365725693976e-09, -9.38326005645481e-05, 
171, 10, 2.27312800245136e-06, -0.0494279873434866, 2.27312800244832e-06, 6.05352866799594e-07, 0.0494279873434866, 4.29149202141373e-06, 2.02912103364788e-06, -0.00873016038107999, 2.26733320450328e-06, -0.0494422376238914, 2.26733320450065e-06, 6.11227350815132e-07, 0.0494422376238914, 4.28744170855259e-06, 2.02703859405017e-06, -0.00863629961367229, 5.79479793282945e-09, 1.42502804047656e-05, 5.79479793282924e-09, -5.87448392865912e-09, -1.42502804047656e-05, 4.05031287060607e-09, 2.08243967496143e-09, -9.38607674077346e-05, 
171, 19, 2.33439686128468e-06, -0.0494504402771322, 2.33439686128248e-06, 6.84027886423011e-07, 0.0494504402771322, 4.23767673760053e-06, 1.95787333766935e-06, -0.00874033744581931, 2.32851877544251e-06, -0.0494646879634085, 2.32851877544074e-06, 6.90122053307937e-07, 0.0494646879634085, 4.23356729779537e-06, 1.95575398246817e-06, -0.00864646788889669, 5.87808583603636e-09, 1.42476862764624e-05, 5.87808583603318e-09, -6.09416682937589e-09, -1.42476862764624e-05, 4.10943978408047e-09, 2.11935527053307e-09, -9.38695569226317e-05, 
172, 0, 2.29634586000943e-06, -0.0494513235559125, 2.29634586000638e-06, 8.05293214419249e-07, 0.0494513235559125, 4.13343998183303e-06, 2.17418788197154e-06, -0.00874050786764333, 2.29014713930569e-06, -0.0494655724220973, 2.29014713930352e-06, 8.11090537162449e-07, 0.0494655724220973, 4.12944566962223e-06, 2.17185752177606e-06, -0.00864663829887543, 6.19872068622284e-09, 1.42488661848317e-05, 6.19872068621945e-09, -5.79732266001199e-09, -1.42488661848317e-05, 3.99431223847481e-09, 2.33036015043932e-09, -9.38695687678727e-05, 
172, 10, 2.27781617757209e-06, -0.0494572125913993, 2.2778161775699e-06, 7.42135210208175e-07, 0.0494572125913993, 4.2811133376363e-06, 2.09936679759527e-06, -0.00873473394113755, 2.27152157815676e-06, -0.0494714716280339, 2.27152157815372e-06, 7.48013147259363e-07, 0.0494714716280339, 4.27709859031194e-06, 2.09711977059087e-06, -0.00864083407337285, 6.29459942338067e-09, 1.42590366346552e-05, 6.29459942338406e-09, -5.87793708202028e-09, -1.42590366346552e-05, 4.01474724560152e-09, 2.24702709098292e-09, -9.38998677646998e-05, 
172, 19, 2.33257442879443e-06, -0.0494788659413663, 2.33257442879139e-06, 8.11952371113047e-07, 0.0494788659413663, 4.23004870157415e-06, 2.01392134314975e-06, -0.00874450383368715, 2.32617079139336e-06, -0.0494931217745762, 2.32617079139031e-06, 8.18067120685826e-07, 0.0494931217745762, 4.22598737995066e-06, 2.01163750238187e-06, -0.00865059408507067, 6.40363741466788e-09, 1.42558332101298e-05, 6.40363741466809e-09, -6.11474954610603e-09, -1.42558332101298e-05, 4.06132161747032e-09, 2.28384085030032e-09, -9.39097486165212e-05, 
173, 0, 2.28823512764369e-06, -0.0494799880104562, 2.28823512764151e-06, 9.32937808283358e-07, 0.0494799880104562, 4.1230185400776e-06, 2.22913387594235e-06, -0.00874467949837982, 2.28150684575514e-06, -0.0494942450702371, 2.28150684575294e-06, 9.38725226897859e-07, 0.0494942450702371, 4.11908169434908e-06, 2.22664185688432e-06, -0.00865076960569523, 6.72828188716073e-09, 1.42570597807542e-05, 6.72828188716455e-09, -5.78741861811833e-09, -1.42570597807542e-05, 3.93684578704716e-09, 2.49201894194782e-09, -9.39098926846033e-05, 
173, 10, 2.27418080632894e-06, -0.0494952482139193, 2.27418080632588e-06, 8.69168190448539e-07, 0.0494952482139193, 4.25217483313975e-06, 2.17441336999578e-06, -0.00873964921885201, 2.26731012651782e-06, -0.049509515098214, 2.26731012651475e-06, 8.74963529448176e-07, 0.049509515098214, 4.24822918003997e-06, 2.17199852501538e-06, -0.0086457064604321, 6.87067981871015e-09, 1.42668842943646e-05, 6.87067981871036e-09, -5.79533892133143e-09, -1.42668842943646e-05, 3.94565308328992e-09, 2.41484492126709e-09, -9.39427584199298e-05, 
173, 19, 2.32231802772661e-06, -0.0495165925534915, 2.322318027724e-06, 9.25704215341295e-07, 0.0495165925534915, 4.20345310768641e-06, 2.06339372517529e-06, -0.00874908600851258, 2.31531124361092e-06, -0.0495308550184973, 2.31531124360786e-06, 9.31778079819258e-07, 0.0495308550184973, 4.19947302829042e-06, 2.06093597223446e-06, -0.00865513237855072, 7.00678410165255e-09, 1.42624650058155e-05, 7.00678410165276e-09, -6.07386445401602e-09, -1.42624650058155e-05, 3.98007941372611e-09, 2.45775299767776e-09, -9.39536299618595e-05, 
174, 0, 2.27216386151969e-06, -0.0495180133371564, 2.27216386151664e-06, 1.04533978140935e-06, 0.0495180133371564, 4.09360648021553e-06, 2.2765656436759e-06, -0.00874927388042839, 2.26483357528264e-06, -0.0495322770661918, 2.26483357528001e-06, 1.05105452134121e-06, 0.0495322770661918, 4.08976032666249e-06, 2.27390394820188e-06, -0.00865531994644729, 7.33028623510174e-09, 1.42637290351474e-05, 7.33028623510153e-09, -5.71473997068488e-09, -1.42637290351474e-05, 3.84615353507434e-09, 2.66169543131376e-09, -9.39539339810718e-05, 
174, 10, 2.25613770088614e-06, -0.0495393651931174, 2.25613770088308e-06, 9.66294280820375e-07, 0.0495393651931174, 4.18874701901154e-06, 2.23904089586385e-06, -0.00874440107632365, 2.24862688216629e-06, -0.0495536389195356, 2.24862688216367e-06, 9.71987559608795e-07, 0.0495536389195356, 4.18489812051516e-06, 2.23645003680524e-06, -0.00865041092217798, 7.51081873578304e-09, 1.42737264181887e-05, 7.51081873578325e-09, -5.69327877607074e-09, -1.42737264181887e-05, 3.84889846139505e-09, 2.59085908417263e-09, -9.39901541456704e-05, 
174, 19, 2.30038461346907e-06, -0.0495610806630732, 2.30038461346689e-06, 1.02183574793053e-06, 0.0495610806630732, 4.14819866909984e-06, 2.11869035872639e-06, -0.00875384135810333, 2.29272718337147e-06, -0.0495753489083294, 2.29272718336882e-06, 1.02774648661384e-06, 0.0495753489083294, 4.14434385109317e-06, 2.11605167411896e-06, -0.00865983943878479, 7.65743012177159e-09, 1.42682452564365e-05, 7.65743012178176e-09, -5.91073875659518e-09, -1.42682452564365e-05, 3.8548179687414e-09, 2.63868451349948e-09, -9.40019193184845e-05, 
175, 0, 2.24530439412449e-06, -0.0495627018748929, 2.24530439412143e-06, 1.13960875228311e-06, 0.0495627018748929, 4.03492278207733e-06, 2.32825312708212e-06, -0.00875403378532132, 2.23733462789597e-06, -0.0495769714006731, 2.23733462789379e-06, 1.14513104847148e-06, 0.049576971400673, 4.03121096111593e-06, 2.32541628993167e-06, -0.00866003141521901, 7.96976623756161e-09, 1.42695257801252e-05, 7.9697662375614e-09, -5.5222961091759e-09, -1.42695257801252e-05, 3.71182101385109e-09, 2.83683719587157e-09, -9.40023701022614e-05, 
175, 10, 2.22358572493052e-06, -0.0495866949525235, 2.22358572492789e-06, 1.04160876179231e-06, 0.0495866949525235, 4.08909403294614e-06, 2.31911713563079e-06, -0.00874812479903041, 2.21542862246213e-06, -0.0496009745014883, 2.21542862245995e-06, 1.04720865257362e-06, 0.0496009745014883, 4.08536954090284e-06, 2.31631869629122e-06, -0.00865408365970629, 8.15710247703718e-09, 1.42795489648403e-05, 8.15710247703697e-09, -5.59989076768683e-09, -1.42795489648403e-05, 3.72449216035559e-09, 2.79843951314715e-09, -9.404113932411e-05, 
175, 19, 2.26461042848939e-06, -0.049609412454847, 2.2646104284872e-06, 1.1006902264331e-06, 0.049609412454847, 4.05688898353508e-06, 2.19047194899501e-06, -0.00875805079273877, 2.25632202257309e-06, -0.0496236854865018, 2.25632202257003e-06, 1.10634715841328e-06, 0.0496236854865018, 4.05319476605893e-06, 2.18763937409682e-06, -0.0086639976896281, 8.2884059333445e-09, 1.42730316548678e-05, 8.2884059333445e-09, -5.65693200945395e-09, -1.42730316548678e-05, 3.69421747953037e-09, 2.83257480741579e-09, -9.40531031106608e-05, 
176, 0, 2.20535349250206e-06, -0.0496111390221227, 2.20535349249943e-06, 1.21600411044092e-06, 0.0496111390221227, 3.93914243108385e-06, 2.3951159651369e-06, -0.00875823110353137, 2.19676825335738e-06, -0.0496254133474121, 2.19676825335476e-06, 1.22123717408181e-06, 0.0496254133474121, 3.93560159626141e-06, 2.39209356991777e-06, -0.00866417746713006, 8.58523911446331e-09, 1.42743252892612e-05, 8.58523911446331e-09, -5.23306367468627e-09, -1.42743252892612e-05, 3.54083484147879e-09, 3.02239531931109e-09, -9.4053636401366e-05, 
176, 10, 2.17596570029468e-06, -0.0496394194220682, 2.17596570029162e-06, 1.10398116034878e-06, 0.0496394194220682, 3.95223098185928e-06, 2.43464149493314e-06, -0.00875133864839175, 2.16719297308635e-06, -0.0496537027085115, 2.16719297308329e-06, 1.10931130865722e-06, 0.0496537027085115, 3.94867739336389e-06, 2.43163092927843e-06, -0.00865724609991349, 8.77272722015153e-09, 1.42832864431992e-05, 8.77272722015131e-09, -5.33014830869888e-09, -1.42832864431992e-05, 3.55358855047438e-09, 3.0105655645669e-09, -9.40925484782443e-05, 
176, 19, 2.21522307835511e-06, -0.0496631231733907, 2.21522307835119e-06, 1.16520475657024e-06, 0.0496631231733907, 3.92693916036714e-06, 2.27881503379145e-06, -0.00876188157192525, 2.20638001751756e-06, -0.0496773986181354, 2.20638001751494e-06, 1.17052286092177e-06, 0.0496773986181354, 3.923436178749e-06, 2.27578030002752e-06, -0.00866777788137769, 8.84306084615806e-09, 1.42754447447005e-05, 8.84306084615806e-09, -5.31810433713157e-09, -1.42754447447005e-05, 3.50298163866551e-09, 3.0347336634255e-09, -9.4103690547562e-05, 
177, 0, 2.15252299780219e-06, -0.0496650183404836, 2.15252299780001e-06, 1.27745984082708e-06, 0.0496650183404836, 3.80383945421052e-06, 2.47648715121447e-06, -0.00876206068646729, 2.14340490422533e-06, -0.04967929507758, 2.1434049042227e-06, 1.28232072502272e-06, 0.04967929507758, 3.80050076749057e-06, 2.47327335006492e-06, -0.008667956495992, 9.11809354009014e-09, 1.4276737096537e-05, 9.11809354009014e-09, -4.86088414604036e-09, -1.4276737096537e-05, 3.33868676941788e-09, 3.21380114594908e-09, -9.41041904752684e-05, 
177, 10, 2.11831188073167e-06, -0.0497001241312949, 2.11831188072949e-06, 1.15343779338011e-06, 0.0497001241312949, 3.77882304327042e-06, 2.53773904076745e-06, -0.00875542276983952, 2.10906881649814e-06, -0.049714408110552, 2.10906881649551e-06, 1.1583852505116e-06, 0.049714408110552, 3.77547033562003e-06, 2.53451924821757e-06, -0.00866128152096618, 9.24306421107878e-09, 1.42839792572175e-05, 9.24306421107857e-09, -4.94745714339013e-09, -1.42839792572175e-05, 3.35270762835394e-09, 3.219792538082e-09, -9.41412488733434e-05, 
177, 19, 2.15401063275975e-06, -0.0497242040601226, 2.15401063275666e-06, 1.21332593732824e-06, 0.0497242040601226, 3.76071586418041e-06, 2.36389649059494e-06, -0.00876636937775047, 2.14473501626359e-06, -0.0497384785693448, 2.14473501626183e-06, 1.21818068607007e-06, 0.0497384785693448, 3.75742857773821e-06, 2.36067481154009e-06, -0.00867221930655629, 9.27561647817995e-09, 1.42745092222107e-05, 9.27561647817995e-09, -4.85474879191579e-09, -1.42745092222107e-05, 3.28728651049761e-09, 3.2216790061513e-09, -9.41500711941481e-05, 
178, 0, 2.08867640950383e-06, -0.049726325991829, 2.08867640950077e-06, 1.32198411668913e-06, 0.049726325991829, 3.63254351717206e-06, 2.552634772868e-06, -0.00876657815010293, 2.07915617326292e-06, -0.0497406017471319, 2.07915617326029e-06, 1.32635739794995e-06, 0.0497406017471319, 3.62943010727446e-06, 2.54924643348891e-06, -0.00867242776742342, 9.52023624651762e-09, 1.42757553027607e-05, 9.520236246521e-09, -4.37328127107403e-09, -1.42757553027607e-05, 3.11340987284672e-09, 3.38833957675181e-09, -9.4150382679533e-05, 
178, 10, 2.05451860665127e-06, -0.0497654446087186, 2.05451860664863e-06, 1.18437176787047e-06, 0.0497654446087186, 3.58110243049881e-06, 2.60153243137783e-06, -0.00876063151126345, 2.04494689930842e-06, -0.0497797265062987, 2.04494689930539e-06, 1.18880624192602e-06, 0.0497797265062987, 3.57797567327214e-06, 2.59813858920409e-06, -0.00866644689467271, 9.57170732292744e-09, 1.42818975803459e-05, 9.57170732293083e-09, -4.43447406997448e-09, -1.42818975803459e-05, 3.1267571847612e-09, 3.39384207314344e-09, -9.4184616590755e-05, 
178, 19, 2.08515378408447e-06, -0.0497896322883058, 2.08515378408145e-06, 1.24583752770616e-06, 0.0497896322883058, 3.56948675105088e-06, 2.43084545251126e-06, -0.00877183709967849, 2.07560848622477e-06, -0.0498039033315281, 2.07560848622215e-06, 1.25014084479556e-06, 0.0498039033315281, 3.56642939496214e-06, 2.42746914608754e-06, -0.00867764768222891, 9.54529784306415e-09, 1.42710432220565e-05, 9.54529784306753e-09, -4.3033170665469e-09, -1.42710432220565e-05, 3.05735609240452e-09, 3.37630638488115e-09, -9.4189417449583e-05, 
179, 0, 2.01803560496437e-06, -0.04979185899661, 2.01803560496131e-06, 1.35069386683414e-06, 0.04979185899661, 3.43752046192994e-06, 2.60953076625276e-06, -0.00877207447454958, 2.00828081896107e-06, -0.0498061312240765, 2.00828081895848e-06, 1.35449837743495e-06, 0.0498061312240765, 3.43464507018644e-06, 2.60600159500156e-06, -0.00867788505552061, 9.7547860037081e-09, 1.42722274665875e-05, 9.75478600370831e-09, -3.80451062029945e-09, -1.42722274665875e-05, 2.87539168614554e-09, 3.52917119301075e-09, -9.4189419028961e-05, 
179, 10, 1.98783882901484e-06, -0.049829445963886, 1.9878388290118e-06, 1.21229148768211e-06, 0.049829445963886, 3.37528382559811e-06, 2.64617742616938e-06, -0.00876527679280577, 1.97807003152428e-06, -0.0498437233054863, 1.97807003152123e-06, 1.21612922704726e-06, 0.0498437233054863, 3.37240288073108e-06, 2.64264605436586e-06, -0.008671057349635, 9.7687975016985e-09, 1.42773416002924e-05, 9.76879750169173e-09, -3.83773944814601e-09, -1.42773416002924e-05, 2.8809448224051e-09, 3.53137185197798e-09, -9.42194431707593e-05, 
179, 19, 2.01364912773175e-06, -0.0498539218981347, 2.01364912772914e-06, 1.27490439669898e-06, 0.0498539218981347, 3.3692802371293e-06, 2.48146428877235e-06, -0.0087766909805517, 2.00398437311634e-06, -0.049868186727477, 2.00398437311329e-06, 1.27859808453811e-06, 0.049868186727477, 3.36645960823689e-06, 2.47797219950168e-06, -0.00868247266206938, 9.66475460492054e-09, 1.42648293421573e-05, 9.66475460492414e-09, -3.69368784569644e-09, -1.42648293421573e-05, 2.82062886015799e-09, 3.49208921893382e-09, -9.4218318482325e-05, 
180, 0, 1.94490338113514e-06, -0.0498560789473734, 1.9449033811321e-06, 1.37640855439122e-06, 0.0498560789473734, 3.23463991154382e-06, 2.64996118779393e-06, -0.00877689442827411, 1.93506736718519e-06, -0.0498703448561225, 1.93506736718213e-06, 1.37959733520767e-06, 0.0498703448561225, 3.23200638338136e-06, 2.64632958752171e-06, -0.0086826765697439, 9.83601395499378e-09, 1.42659087488108e-05, 9.83601395499378e-09, -3.18878079453708e-09, -1.42659087488108e-05, 2.63352821065659e-09, 3.63160030166255e-09, -9.42178585301992e-05, 
180, 10, 1.9220426430102e-06, -0.0498830602068576, 1.92204264300628e-06, 1.24770119125763e-06, 0.0498830602068575, 3.18058744059536e-06, 2.67822127479632e-06, -0.00877085163139723, 1.9122396796276e-06, -0.0498973330214581, 1.91223967962497e-06, 1.25089470031599e-06, 0.0498973330214581, 3.17794192414837e-06, 2.67459346306641e-06, -0.00867660671613835, 9.80296335918749e-09, 1.42728146005697e-05, 9.8029633591877e-09, -3.19350904031208e-09, -1.42728146005697e-05, 2.64551639680584e-09, 3.62781173817423e-09, -9.42449152588945e-05, 
180, 19, 1.94145672800236e-06, -0.0499083022042532, 1.94145672799887e-06, 1.31048196678743e-06, 0.0499083022042532, 3.17834163776548e-06, 2.52671900488969e-06, -0.00878251792922835, 1.93183503656116e-06, -0.0499225653592752, 1.93183503655854e-06, 1.31354519832854e-06, 0.0499225653592752, 3.17574261941805e-06, 2.52314830455909e-06, -0.00868827871612581, 9.62169145516733e-09, 1.42631550221796e-05, 9.62169145517072e-09, -3.06323148909465e-09, -1.42631550221796e-05, 2.59901836509922e-09, 3.57070042257276e-09, -9.42392131025362e-05, 
181, 0, 1.87075033707424e-06, -0.0499101315514313, 1.87075033707206e-06, 1.4084987107668e-06, 0.0499101315514313, 3.04163299948154e-06, 2.68587671273556e-06, -0.00878275357702017, 1.86099549592644e-06, -0.0499243958523247, 1.86099549592381e-06, 1.41106088165621e-06, 0.0499243958523247, 3.03922418851252e-06, 2.68217860996673e-06, -0.00868851525004824, 9.75484115719173e-09, 1.42643008932854e-05, 9.75484115719533e-09, -2.56217088624327e-09, -1.42643008932854e-05, 2.4088109972382e-09, 3.69810279960417e-09, -9.42383269719287e-05, 
181, 10, 1.8588479255289e-06, -0.0499184222061568, 1.85884792552672e-06, 1.29368883133048e-06, 0.0499184222061568, 3.01738624956697e-06, 2.68889306741952e-06, -0.00877677613284041, 1.84917071469045e-06, -0.049932697470009, 1.84917071468782e-06, 1.29625403441073e-06, 0.049932697470009, 3.01495354218987e-06, 2.68520565294632e-06, -0.00868251315244062, 9.67721085275474e-09, 1.42752638524443e-05, 9.67721085275474e-09, -2.56520302208079e-09, -1.42752638524443e-05, 2.43270738610837e-09, 3.68741448634301e-09, -9.4262980399793e-05, 
181, 19, 1.87052701367814e-06, -0.0499450961838195, 1.87052701367509e-06, 1.36087360144191e-06, 0.0499450961838195, 3.016561131673e-06, 2.55963691275489e-06, -0.00878887402061672, 1.86108298627281e-06, -0.0499593693089671, 1.86108298627018e-06, 1.3633410287304e-06, 0.0499593693089671, 3.01415638813414e-06, 2.55602384645659e-06, -0.00869462017952722, 9.44402737562069e-09, 1.42731251478027e-05, 9.44402737562059e-09, -2.46742734165666e-09, -1.42731251478027e-05, 2.40474354984756e-09, 3.61306623862047e-09, -9.42538410894325e-05, 
182, 0, 1.79708676125795e-06, -0.0499463942077367, 1.79708676125489e-06, 1.45571888017982e-06, 0.0499463942077367, 2.87893255499041e-06, 2.71027176445735e-06, -0.00878910237817537, 1.78754446885079e-06, -0.0499606687116873, 1.78754446884773e-06, 1.45769767663037e-06, 0.0499606687116873, 2.8767192110632e-06, 2.70654132003245e-06, -0.00869484981716145, 9.54229235793279e-09, 1.42745039505956e-05, 9.5422923579294e-09, -1.9787964961363e-09, -1.42745039505956e-05, 2.2133439256202e-09, 3.73044439196415e-09, -9.42525610138802e-05, 
182, 10, 1.79599073283218e-06, -0.0499169991620816, 1.79599073282828e-06, 1.34457350179007e-06, 0.0499169991620816, 2.89402480122206e-06, 2.70309746269839e-06, -0.00877946490111312, 1.7866126120798e-06, -0.0499312890368702, 1.78661261207587e-06, 1.34646947995455e-06, 0.0499312890368702, 2.89177986569848e-06, 2.69940849599536e-06, -0.00868519417900776, 9.37812074975377e-09, 1.42898747884846e-05, 9.37812074975695e-09, -1.89597819567424e-09, -1.42898747884846e-05, 2.24493556088032e-09, 3.68896677589498e-09, -9.42707221053867e-05, 
182, 19, 1.80069906193798e-06, -0.0499446952139983, 1.80069906193581e-06, 1.42206758529887e-06, 0.0499446952139983, 2.8978503877436e-06, 2.58623497866208e-06, -0.00879195959559191, 1.79153578017233e-06, -0.049958990208381, 1.79153578016928e-06, 1.4240509098533e-06, 0.049958990208381, 2.89560104667767e-06, 2.58260044815487e-06, -0.00869770540121274, 9.16328172367069e-09, 1.42949943826495e-05, 9.16328172367069e-09, -1.98332457789603e-09, -1.42949943826495e-05, 2.24934103092894e-09, 3.63453061142343e-09, -9.42541943791829e-05, 
183, 0, 1.72382620908198e-06, -0.0499446706057487, 1.72382620907893e-06, 1.51372640096506e-06, 0.0499446706057487, 2.75960166080683e-06, 2.731429142037e-06, -0.00879207093795202, 1.71459228425241e-06, -0.0499589671882926, 1.71459228424978e-06, 1.51523851301819e-06, 0.0499589671882926, 2.75754372540411e-06, 2.72768488990812e-06, -0.00869781873592644, 9.23392483279265e-09, 1.42965825439496e-05, 9.23392483278937e-09, -1.51211208606892e-09, -1.42965825439496e-05, 2.0579354870897e-09, 3.74425201690384e-09, -9.42522020255823e-05, 
183, 10, 1.73268531019409e-06, -0.0498963521276, 1.73268531019103e-06, 1.40584730934065e-06, 0.0498963521276, 2.81256594602825e-06, 2.723988916409e-06, -0.00877869388828842, 1.7236027624161e-06, -0.0499106633822003, 1.7236027624135e-06, 1.40723818789105e-06, 0.0499106633822003, 2.81046314538409e-06, 2.72030478596259e-06, -0.00868443320846314, 9.08254778725026e-09, 1.43112546002576e-05, 9.08254778725354e-09, -1.39087853246966e-09, -1.43112546002576e-05, 2.10280063611949e-09, 3.68413032918957e-09, -9.42606798252816e-05, 
183, 19, 1.72672503248339e-06, -0.0499240397697058, 1.72672503248034e-06, 1.508386178531e-06, 0.0499240397697058, 2.81780467669761e-06, 2.63621237335356e-06, -0.00879110212704004, 1.71790001870316e-06, -0.0499383580979078, 1.71790001870098e-06, 1.51000669742211e-06, 0.0499383580979078, 2.81567234308178e-06, 2.63256345730029e-06, -0.00869686847093544, 8.82501380468455e-09, 1.43183282021642e-05, 8.82501380468117e-09, -1.62051891378858e-09, -1.43183282021642e-05, 2.13233365273455e-09, 3.64891623117227e-09, -9.42336561046236e-05, 
184, 0, 1.64487197537215e-06, -0.0499235457971557, 1.64487197536997e-06, 1.59709867331533e-06, 0.0499235457971557, 2.677315761851e-06, 2.77861900159454e-06, -0.00879109941421683, 1.63599675147057e-06, -0.0499378656410362, 1.63599675146796e-06, 1.59826775764808e-06, 0.0499378656410362, 2.67537469511051e-06, 2.77486621122907e-06, -0.00869686869226413, 8.87522389078495e-09, 1.43198438804778e-05, 8.87522389078505e-09, -1.16908436883337e-09, -1.43198438804778e-05, 1.94106672409195e-09, 3.75279024907958e-09, -9.42307219526991e-05, 
184, 10, 1.66174224958534e-06, -0.0498663063062445, 1.66174224958314e-06, 1.50987933228282e-06, 0.0498663063062445, 2.76562027631382e-06, 2.75675664493142e-06, -0.00877836475935419, 1.65299457406137e-06, -0.0498806399397415, 1.65299457405919e-06, 1.5110510563029e-06, 0.0498806399397415, 2.76361698022323e-06, 2.75304271987262e-06, -0.00868413259017215, 8.74767551710303e-09, 1.4333633497095e-05, 8.74767551710303e-09, -1.17172404468143e-09, -1.4333633497095e-05, 2.00329609485195e-09, 3.71392514043239e-09, -9.42321691820422e-05, 
184, 18, 1.64674967395677e-06, -0.0498928394441173, 1.64674967395504e-06, 1.62116319414701e-06, 0.0498928394441173, 2.76867714737433e-06, 2.69604142663462e-06, -0.00879011685950527, 1.63825106502665e-06, -0.0499071803786554, 1.63825106502361e-06, 1.62251818018425e-06, 0.0499071803786554, 2.76663385558432e-06, 2.69237316769472e-06, -0.00869591695701867, 8.49860894667719e-09, 1.43409345382159e-05, 8.49860894668079e-09, -1.35498600903091e-09, -1.43409345382159e-05, 2.04329172326332e-09, 3.66825886238022e-09, -9.41999024865851e-05, 
185, 0, 1.55980424471855e-06, -0.0498922164132246, 1.55980424471595e-06, 1.70431286737573e-06, 0.0498922164132246, 2.6270134555987e-06, 2.83551835908851e-06, -0.00879011525138201, 1.55126913615222e-06, -0.0499065589335781, 1.55126913615005e-06, 1.70523237208246e-06, 0.0499065589335781, 2.62516101549653e-06, 2.83175386111822e-06, -0.0086959195159068, 8.53510858508952e-09, 1.43425203535937e-05, 8.53510858509291e-09, -9.19504764226385e-10, -1.43425203535937e-05, 1.85244002356063e-09, 3.76449807526462e-09, -9.41957354752058e-05, 
185, 10, 1.57871771267859e-06, -0.0498228785065163, 1.57871771267531e-06, 1.64535600463008e-06, 0.0498228785065163, 2.73030550525999e-06, 2.81862417715591e-06, -0.00877770698832862, 1.57033987529208e-06, -0.0498372349819792, 1.5703398752888e-06, 1.64627729128664e-06, 0.0498372349819792, 2.72837667387556e-06, 2.81490890072751e-06, -0.00868351542171289, 8.37783738214292e-09, 1.43564754627511e-05, 8.37783738213964e-09, -9.21286686137739e-10, -1.43564754627511e-05, 1.92883144796245e-09, 3.7152763913504e-09, -9.41915666157066e-05, 
185, 18, 1.56130354172738e-06, -0.0498487914529203, 1.56130354172454e-06, 1.74575587455825e-06, 0.0498487914529203, 2.74054385892952e-06, 2.76015690524509e-06, -0.00878887322408213, 1.55309512137347e-06, -0.0498631571237029, 1.55309512137042e-06, 1.74688827452985e-06, 0.0498631571237029, 2.73857369001541e-06, 2.75647267477879e-06, -0.00869472102726896, 8.20842037230381e-09, 1.43656707824749e-05, 8.20842037230392e-09, -1.13239998759454e-09, -1.43656707824749e-05, 1.97016896621693e-09, 3.68423050071415e-09, -9.41521968131895e-05, 
186, 0, 1.46748203787086e-06, -0.049847706584131, 1.46748203786846e-06, 1.82457941298898e-06, 0.049847706584131, 2.59567152611294e-06, 2.8978934046627e-06, -0.00878884136136458, 1.45924345940475e-06, -0.0498620736693078, 1.45924345940212e-06, 1.82529740355183e-06, 0.0498620736693078, 2.5938928477474e-06, 2.89411431305377e-06, -0.00869469405195992, 8.23857846461644e-09, 1.43670851768034e-05, 8.23857846461644e-09, -7.17990584005544e-10, -1.43670851768034e-05, 1.77867835810593e-09, 3.77909154468359e-09, -9.41473094047146e-05, 
186, 10, 1.48047027654912e-06, -0.0497620888049375, 1.48047027654649e-06, 1.79486080533389e-06, 0.0497620888049375, 2.68725531181139e-06, 2.91006629298369e-06, -0.00877539698034283, 1.4723577119582e-06, -0.0497764711188572, 1.47235771195472e-06, 1.79561944037725e-06, 0.0497764711188572, 2.68539660139962e-06, 2.90632891619886e-06, -0.00868125760020975, 8.11256459700345e-09, 1.43823139198558e-05, 8.11256459700367e-09, -7.58634972381267e-10, -1.43823139198558e-05, 1.85871029083773e-09, 3.73737686381816e-09, -9.41393801330243e-05, 
186, 18, 1.46390539952822e-06, -0.0497877361580813, 1.46390539952557e-06, 1.88082116189865e-06, 0.0497877361580813, 2.70921514236481e-06, 2.84169234098253e-06, -0.00878621001439837, 1.45589293659479e-06, -0.0498021300932164, 1.45589293659154e-06, 1.88176821839462e-06, 0.0498021300932164, 2.70732279542978e-06, 2.83797926993204e-06, -0.0086921147688939, 8.01246295377612e-09, 1.43939351350798e-05, 8.01246295377951e-09, -9.47056460140879e-10, -1.43939351350798e-05, 1.89234702841188e-09, 3.71307114062734e-09, -9.40952455044577e-05, 
187, 0, 1.3627391171689e-06, -0.0497860957303543, 1.36273911716629e-06, 1.95440846138002e-06, 0.0497860957303543, 2.55981819971951e-06, 2.97761970652255e-06, -0.00878611293701683, 1.35470009437037e-06, -0.0498004910050764, 1.35470009436752e-06, 1.95494863819869e-06, 0.0498004910050764, 2.55811942476172e-06, 2.97381503170381e-06, -0.00869202303486708, 8.03902282228667e-09, 1.43952747220446e-05, 8.03902282229016e-09, -5.40176819829221e-10, -1.43952747220446e-05, 1.69877491465658e-09, 3.80467494003268e-09, -9.40899021497438e-05, 
187, 10, 1.37401869634338e-06, -0.049685135528898, 1.37401869634054e-06, 1.93497521461873e-06, 0.049685135528898, 2.62664261356949e-06, 3.01548911929538e-06, -0.00877049811925408, 1.36606208562445e-06, -0.0496995469655404, 1.36606208562248e-06, 1.93558611253038e-06, 0.0496995469655404, 2.62486623811905e-06, 3.01170632184966e-06, -0.00867641882270233, 7.95661071241614e-09, 1.44114366426645e-05, 7.95661071242292e-09, -6.10897930916506e-10, -1.44114366426645e-05, 1.77637546657742e-09, 3.78279749491054e-09, -9.40792965517517e-05, 
187, 18, 1.35824719157255e-06, -0.0497105249399819, 1.3582471915695e-06, 2.00957672250184e-06, 0.0497105249399819, 2.66141094618863e-06, 2.93465518752536e-06, -0.00878111753383402, 1.35031808163022e-06, -0.0497249494502742, 1.35031808162782e-06, 2.01033280110065e-06, 0.0497249494502742, 2.65961384542017e-06, 2.93089407403498e-06, -0.00868708494760949, 7.92910995559375e-09, 1.44245102926599e-05, 7.92910995559047e-09, -7.56078562318047e-10, -1.44245102926599e-05, 1.79710079369792e-09, 3.76111350860505e-09, -9.40325862245293e-05, 
188, 0, 1.25057888366546e-06, -0.049708395097635, 1.2505788836624e-06, 2.0767356475273e-06, 0.049708395097635, 2.5070229673884e-06, 3.06749007616796e-06, -0.00878093457832496, 1.2426276310917e-06, -0.0497228209069211, 1.24262763108885e-06, 2.07708493464384e-06, 0.0497228209069211, 2.50542266000879e-06, 3.06364237133211e-06, -0.00868690756349577, 7.95125255026254e-09, 1.44258092861627e-05, 7.95125255026243e-09, -3.49287115294078e-10, -1.44258092861627e-05, 1.60030741003803e-09, 3.84770476518559e-09, -9.40270148291875e-05, 
188, 10, 1.26052394547731e-06, -0.0495970297510444, 1.26052394547423e-06, 2.05971274698128e-06, 0.0495970297510444, 2.5378334217707e-06, 3.12583789582401e-06, -0.00876366988255874, 1.25260574048606e-06, -0.0496114722585908, 1.25260574048324e-06, 2.0600871031647e-06, 0.0496114722585908, 2.53616593393074e-06, 3.12201192142777e-06, -0.00866965494846504, 7.91820502003245e-09, 1.44425075465675e-05, 7.91820502003234e-09, -3.74356236251124e-10, -1.44425075465675e-05, 1.66748784496222e-09, 3.82597442765298e-09, -9.40149340936923e-05, 
188, 18, 1.24397112185759e-06, -0.0496221968743929, 1.24397112185431e-06, 2.12595730439329e-06, 0.0496221968743929, 2.58041102456426e-06, 3.03975586840872e-06, -0.00877418088165197, 1.23600504397563e-06, -0.0496366527352387, 1.23600504397323e-06, 2.12645970756345e-06, 0.0496366527352387, 2.57874464105355e-06, 3.03593829008063e-06, -0.00868021294372796, 7.966077853162e-09, 1.44558608458317e-05, 7.966077853162e-09, -5.02403155118046e-10, -1.44558608458317e-05, 1.66638352553624e-09, 3.81757830543753e-09, -9.39679379240321e-05, 
189, 0, 1.13053900959131e-06, -0.0496197566258391, 1.13053900958824e-06, 2.18626411579934e-06, 0.0496197566258391, 2.42014265880831e-06, 3.16801803174157e-06, -0.00877394553848611, 1.12255814102752e-06, -0.0496342137645823, 1.12255814102447e-06, 2.18635541432684e-06, 0.0496342137645823, 2.41867653197796e-06, 3.16411988093515e-06, -0.00867998316779298, 7.980868609369e-09, 1.44571387432931e-05, 7.98086860936561e-09, -9.12985187445667e-11, -1.44571387432931e-05, 1.46612684111787e-09, 3.89815092556734e-09, -9.39623706931317e-05, 
189, 10, 1.14205217193247e-06, -0.0495051521653225, 1.14205217192986e-06, 2.16073625934472e-06, 0.0495051521653225, 2.40595854836028e-06, 3.24057574918949e-06, -0.00875559945435766, 1.13406270703998e-06, -0.0495196260419853, 1.13406270703692e-06, 2.16086336095512e-06, 0.0495196260419853, 2.40443097943512e-06, 3.23668287226504e-06, -0.00866164942512577, 7.989464877304e-09, 1.4473876662678e-05, 7.98946487730231e-09, -1.27101657091173e-10, -1.4473876662678e-05, 1.52756890053061e-09, 3.8928767389639e-09, -9.39500292319152e-05, 
189, 18, 1.12350313341813e-06, -0.0495300436864508, 1.1235031334155e-06, 2.22139719532547e-06, 0.0495300436864508, 2.45427654576068e-06, 3.15253879579888e-06, -0.00876604470192787, 1.1154104152382e-06, -0.0495445298032646, 1.11541041523513e-06, 2.22157181764676e-06, 0.0495445298032646, 2.45277495614738e-06, 3.1486502306546e-06, -0.00867213969903484, 8.09271818570901e-09, 1.44861168138312e-05, 8.09271818571409e-09, -1.74622334862268e-10, -1.44861168138312e-05, 1.50158956935998e-09, 3.88856510636829e-09, -9.39050028930455e-05, 
190, 0, 1.00554367493338e-06, -0.0495275175507038, 1.0055436749299e-06, 2.27448106479239e-06, 0.0495275175507038, 2.287725628096e-06, 3.27385549808826e-06, -0.00876577691817828, 9.97448113420089e-07, -0.0495420049218852, 9.97448113416808e-07, 2.2742308534805e-06, 0.0495420049218852, 2.28642915976045e-06, 3.26989587182747e-06, -0.0086718772567339, 8.09556152307404e-09, 1.44873711810222e-05, 8.09556152308082e-09, 2.50211326368956e-10, -1.44873711810222e-05, 1.29646827340657e-09, 3.95962614398176e-09, -9.38996614443645e-05, 
190, 10, 1.01991794968743e-06, -0.0494159066499998, 1.01991794968502e-06, 2.2364498388604e-06, 0.0494159066499998, 2.21138912901449e-06, 3.37306140573632e-06, -0.00874750427600003, 1.01178854391575e-06, -0.0494304107563709, 1.01178854391268e-06, 2.23618228883745e-06, 0.0494304107563709, 2.21004903011811e-06, 3.36910421838844e-06, -0.00865361554206833, 8.12940575395306e-09, 1.45041063710305e-05, 8.12940575394639e-09, 2.67550014880191e-10, -1.45041063710305e-05, 1.34009894174001e-09, 3.95718744221954e-09, -9.38887339317008e-05, 
190, 18, 9.98453687044565e-07, -0.0494404774268377, 9.98453687041963e-07, 2.29311631753006e-06, 0.0494404774268377, 2.26363185886116e-06, 3.2847992475745e-06, -0.00875790526642944, 9.90175510407601e-07, -0.0494549921369822, 9.90175510404545e-07, 2.2928485101337e-06, 0.0494549921369822, 2.26235052604688e-06, 3.28083876593639e-06, -0.00866405725182951, 8.27817662358247e-09, 1.45147101445478e-05, 8.27817662358247e-09, 2.67807404562897e-10, -1.45147101445478e-05, 1.28133279490234e-09, 3.96048165589957e-09, -9.38480145999408e-05, 
191, 0, 8.77273291711209e-07, -0.0494380399013126, 8.77273291707064e-07, 2.33887964388324e-06, 0.0494380399013126, 2.08924689368658e-06, 3.39655849333157e-06, -0.00875764498120741, 8.690114516292e-07, -0.0494525558706862, 8.69011451625487e-07, 2.33817248888298e-06, 0.0494525558706862, 2.08817553177266e-06, 3.392538671122e-06, -0.00866380184736541, 8.26184008631536e-09, 1.45159693734943e-05, 8.26184008631705e-09, 7.07155002760715e-10, -1.45159693734943e-05, 1.07136194087141e-09, 4.01982214430602e-09, -9.38431338420046e-05, 
191, 10, 8.85892200433298e-07, -0.049336127310467, 8.85892200430247e-07, 2.30244185204193e-06, 0.049336127310467, 1.94988172664642e-06, 3.52432550939959e-06, -0.00873982962873371, 8.77586386652996e-07, -0.0493506594352354, 8.77586386650157e-07, 2.30167615558673e-06, 0.0493506594352354, 1.94878608107014e-06, 3.52030176377747e-06, -0.00864599503884787, 8.30581378594907e-09, 1.45321247683039e-05, 8.3058137859523e-09, 7.65696475642396e-10, -1.45321247683039e-05, 1.0956456266701e-09, 4.02374569737027e-09, -9.38345898858341e-05, 
191, 18, 8.61552178806637e-07, -0.0493604152416399, 8.61552178803357e-07, 2.3554948424056e-06, 0.0493604152416399, 2.00660855524349e-06, 3.43408543975166e-06, -0.00875023364841395, 8.53088094729611e-07, -0.0493749553121959, 8.53088094726113e-07, 2.35466079721516e-06, 0.0493749553121959, 2.00559463405837e-06, 3.43005904229435e-06, -0.00865643386811887, 8.46408408078806e-09, 1.45400705562041e-05, 8.46408408079166e-09, 8.3404521025746e-10, -1.45400705562041e-05, 1.01392123431226e-09, 4.02639753171905e-09, -9.37997802950514e-05, 
192, 0, 7.37435621673874e-07, -0.0493582655320548, 7.37435621670615e-07, 2.39391084909772e-06, 0.0493582655320548, 1.823704720048e-06, 3.53293508808949e-06, -0.00874999085451492, 7.2901693210776e-07, -0.04937280684803, 7.29016932103837e-07, 2.39262167513842e-06, 0.04937280684803, 1.82290478617909e-06, 3.52886444123302e-06, -0.00865619532404046, 8.41868958808344e-09, 1.45413159753523e-05, 8.41868958808519e-09, 1.28917395792529e-09, -1.45413159753523e-05, 7.99933796764881e-10, 4.07064696525359e-09, -9.37955304744967e-05, 
192, 10, 7.56118877596289e-07, -0.0492703248581272, 7.56118877593247e-07, 2.34181296894183e-06, 0.0492703248581272, 1.6563866029745e-06, 3.66776560324078e-06, -0.0087331780444894, 7.4766910267972e-07, -0.0492848813539489, 7.47669102676231e-07, 2.34042864175127e-06, 0.0492848813539489, 1.65557568590281e-06, 3.66369063554891e-06, -0.00863938753262078, 8.44977492154418e-09, 1.45564958216525e-05, 8.44977492154926e-09, 1.38432720722527e-09, -1.45564958216525e-05, 8.10916996510102e-10, 4.07496759635861e-09, -9.3790511868602e-05, 
192, 18, 7.29620585598354e-07, -0.0492944059211224, 7.29620585595291e-07, 2.39120301958308e-06, 0.0492944059211224, 1.71915615941673e-06, 3.57381674879461e-06, -0.00874362738981979, 7.20996075354852e-07, -0.0493089671796606, 7.20996075351566e-07, 2.38971768075257e-06, 0.0493089671796606, 1.71844691342207e-06, 3.56972435411903e-06, -0.00864986458817114, 8.62451024944284e-09, 1.45612585380953e-05, 8.62451024944613e-09, 1.4853388170255e-09, -1.45612585380953e-05, 7.09246029225027e-10, 4.09239467546517e-09, -9.37628016486144e-05, 
193, 0, 6.04509727775419e-07, -0.0492926577090052, 6.04509727772146e-07, 2.42219492293528e-06, 0.0492926577090052, 1.52954620610286e-06, 3.65746847127013e-06, -0.00874342130128359, 5.95964753597892e-07, -0.049307220178073, 5.95964753594626e-07, 2.42024321110539e-06, 0.049307220178073, 1.529054582737e-06, 3.65334829350497e-06, -0.00864966200639051, 8.54497418608819e-09, 1.45624690678473e-05, 8.54497418608644e-09, 1.95171182765128e-09, -1.45624690678473e-05, 4.91623391263015e-10, 4.12017781364206e-09, -9.37592948930909e-05, 
193, 10, 6.2692840112823e-07, -0.0492209257144445, 6.26928401124734e-07, 2.36113237381607e-06, 0.0492209257144445, 1.32946511930555e-06, 3.82055334345477e-06, -0.00872811541661647, 6.18350990029605e-07, -0.0492355024533705, 6.18350990026556e-07, 2.35906518487964e-06, 0.0492355024533705, 1.32897266326108e-06, 3.8164200699993e-06, -0.00863435651436395, 8.57741110770707e-09, 1.4576738926017e-05, 8.57741110770029e-09, 2.06718897057109e-09, -1.4576738926017e-05, 4.9245604257069e-10, 4.13327346873713e-09, -9.37589022525371e-05, 
193, 18, 5.98807015986153e-07, -0.0492448945393228, 5.98807015983102e-07, 2.40605140807986e-06, 0.0492448945393228, 1.39664430419263e-06, 3.72427046281298e-06, -0.00873863321971649, 5.90086672058827e-07, -0.0492594730478721, 5.90086672056191e-07, 2.40385169129197e-06, 0.0492594730478721, 1.39626261700969e-06, 3.72011269901731e-06, -0.00864489450117982, 8.72034390195478e-09, 1.4578508549317e-05, 8.72034390195658e-09, 2.19971678029105e-09, -1.4578508549317e-05, 3.81687225812462e-10, 4.15776381854148e-09, -9.3738718536652e-05, 
194, 0, 4.7330212728591e-07, -0.0492436089026329, 4.73302127283071e-07, 2.43014794300189e-06, 0.0492436089026329, 1.19875832735092e-06, 3.79208936739016e-06, -0.00873848162368981, 4.64701014515964e-07, -0.0492581885815464, 4.64701014512692e-07, 2.42747486557986e-06, 0.0492581885815464, 1.19859736380651e-06, 3.7879213862519e-06, -0.00864474565053921, 8.60111276517373e-09, 1.457967891348e-05, 8.60111276517373e-09, 2.67307745051926e-09, -1.457967891348e-05, 1.60963496685258e-10, 4.16798106254002e-09, -9.37359731505708e-05, 
194, 10, 4.97259426958679e-07, -0.0491887903498218, 4.9725942695542e-07, 2.36647920756203e-06, 0.0491887903498218, 9.85629042691023e-07, 3.98176653941301e-06, -0.00872485806675548, 4.88638557087672e-07, -0.0492033833569547, 4.88638557083532e-07, 2.36367676939729e-06, 0.0492033833569547, 9.85472655185922e-07, 3.97757699284692e-06, -0.00863111713452263, 8.6208698816844e-09, 1.45930071327999e-05, 8.62086988168779e-09, 2.80243815229173e-09, -1.45930071327999e-05, 1.56387499486653e-10, 4.18954659004212e-09, -9.37409322328499e-05, 
194, 18, 4.67951209938873e-07, -0.0492127344266986, 4.67951209935594e-07, 2.40754853050375e-06, 0.0492127344266986, 1.05825150320661e-06, 3.88272468587925e-06, -0.00873544734125806, 4.59232046785111e-07, -0.0492273264086848, 4.59232046782053e-07, 2.40459602342573e-06, 0.0492273264086848, 1.05820567512317e-06, 3.87850339713284e-06, -0.00864171850803355, 8.71916319561115e-09, 1.45919819864233e-05, 8.7191631956093e-09, 2.95250706442176e-09, -1.45919819864233e-05, 4.58280275464564e-11, 4.22128878110674e-09, -9.37288332245095e-05, 
195, 0, 3.4267988981008e-07, -0.04921193698326, 3.42679889807254e-07, 2.42504877523618e-06, 0.04921193698326, 8.52359346122793e-07, 3.93365632471204e-06, -0.00873535515547522, 3.34122375275296e-07, -0.0492265301080328, 3.34122375271385e-07, 2.42162271753139e-06, 0.0492265301080328, 8.52536482795525e-07, 3.92944299138851e-06, -0.008641628284023, 8.55751455101811e-09, 1.45931247729337e-05, 8.55751455100964e-09, 3.42605771775114e-09, -1.45931247729337e-05, -1.771366265482e-10, 4.21333327348755e-09, -9.37268714522206e-05, 
195, 10, 3.69150960545859e-07, -0.0491730448786668, 3.6915096054367e-07, 2.36105564042918e-06, 0.0491730448786667, 6.44443141062187e-07, 4.13895285168861e-06, -0.00872344994326271, 3.60616731518105e-07, -0.0491876505698467, 3.60616731515055e-07, 2.35750520609688e-06, 0.0491876505698467, 6.44622168916524e-07, 4.13471902538775e-06, -0.00862971253758611, 8.53422904082771e-09, 1.46056911800775e-05, 8.53422904082753e-09, 3.55043434200449e-09, -1.46056911800775e-05, -1.79027896811892e-10, 4.23382620787412e-09, -9.37374056766159e-05, 
195, 19, 3.39662128631057e-07, -0.049197501539896, 3.39662128628008e-07, 2.39804445018778e-06, 0.049197501539896, 7.23697746437507e-07, 4.04070207664445e-06, -0.00873417808779618, 3.31066326699687e-07, -0.0492121050655949, 3.31066326696841e-07, 2.39431702100856e-06, 0.0492121050655949, 7.23983189829151e-07, 4.03643456687163e-06, -0.00864044584607236, 8.59580198187169e-09, 1.46035256991281e-05, 8.59580198187331e-09, 3.72742919171837e-09, -1.46035256991281e-05, -2.85443417584839e-10, 4.26750972951836e-09, -9.37322417238432e-05, 
196, 0, 2.14145186201555e-07, -0.0491970769485284, 2.14145186198296e-07, 2.40962740597334e-06, 0.0491970769485284, 5.09102409686923e-07, 4.07397896340928e-06, -0.00873416331203193, 2.05755935075502e-07, -0.0492116815002844, 2.05755935071361e-07, 2.40543972576585e-06, 0.0492116815002844, 5.09611744662279e-07, 4.06973471296897e-06, -0.00864043206642641, 8.38925112554852e-09, 1.46045517559924e-05, 8.38925112554357e-09, 4.18768016481955e-09, -1.46045517559924e-05, -5.09335053134084e-10, 4.24425038079786e-09, -9.37312456055562e-05, 
196, 10, 2.53290283588549e-07, -0.0491721976020697, 2.53290283584842e-07, 2.33909089863459e-06, 0.0491721976020697, 3.23975226039439e-07, 4.27064397802573e-06, -0.00872365435650531, 2.4495205384622e-07, -0.0491868135091572, 2.44952053843381e-07, 2.3347932282981e-06, 0.0491868135091572, 3.24479518315117e-07, 4.2663794424959e-06, -0.00862990739782616, 8.33822972133401e-09, 1.46159070876387e-05, 8.33822972133065e-09, 4.29767031352073e-09, -1.46159070876387e-05, -5.04292252026254e-10, 4.26453555412704e-09, -9.37469586791693e-05, 
196, 19, 2.20048303189631e-07, -0.0491967684963496, 2.20048303185931e-07, 2.37733044447733e-06, 0.0491967684963496, 4.05956690572562e-07, 4.1755753772224e-06, -0.00873448904265013, 2.11716953316985e-07, -0.0492113801650874, 2.11716953313928e-07, 2.37287827382737e-06, 0.0492113801650874, 4.06554806593462e-07, 4.17127995574705e-06, -0.0086407392606983, 8.33134985066949e-09, 1.46116687377615e-05, 8.33134985067462e-09, 4.45217063565628e-09, -1.46116687377615e-05, -5.98116058596877e-10, 4.29542153329025e-09, -9.37497819518295e-05, 
197, 0, 9.60766919028306e-08, -0.0491967674244847, 9.60766918989073e-08, 2.38298984790974e-06, 0.0491967674244847, 1.85180721140175e-07, 4.19240264406587e-06, -0.00873452712998502, 8.79929709539278e-08, -0.0492113801246576, 8.79929709505391e-08, 2.37809568590485e-06, 0.0492113801246576, 1.86002791231963e-07, 4.18814703706343e-06, -0.00864077772327324, 8.08372099179941e-09, 1.46127001728212e-05, 8.08372099179597e-09, 4.89416197591409e-09, -1.46127001728212e-05, -8.2207013257674e-10, 4.2556070675078e-09, -9.37494067117735e-05, 
197, 10, 1.50439644422786e-07, -0.0491853404374795, 1.5043964441931e-07, 2.30815138702644e-06, 0.0491853404374795, 3.04899909034385e-08, 4.35689220439502e-06, -0.00872546705671221, 1.42422904679337e-07, -0.0491999636535207, 1.42422904676498e-07, 2.30316886021442e-06, 0.0491999636535207, 3.13018530206661e-08, 4.35261687627699e-06, -0.00863169777882049, 8.01673977804141e-09, 1.46232160411838e-05, 8.01673977804655e-09, 4.98252682618524e-09, -1.46232160411838e-05, -8.11862234681939e-10, 4.27532810960115e-09, -9.37692778917112e-05, 
197, 19, 1.1120898501944e-07, -0.0492100350646664, 1.11208985016154e-07, 2.35021129829315e-06, 0.0492100350646664, 1.11590022789189e-07, 4.27002386345162e-06, -0.00873636864310724, 1.03269256975404e-07, -0.0492246524336661, 1.03269256972341e-07, 2.34511856606617e-06, 0.0492246524336661, 1.12472200994056e-07, 4.26573270147736e-06, -0.00864259018526598, 7.93972804044447e-09, 1.46173689997129e-05, 7.93972804044282e-09, 5.09273223589162e-09, -1.46173689997129e-05, -8.82178353691136e-10, 4.29116187399171e-09, -9.37784578412745e-05, 
198, 0, -1.12180152121792e-08, -0.0492104625135833, -1.12180152157781e-08, 2.35082588617856e-06, 0.0492104625135833, -1.13529582380058e-07, 4.27146090934977e-06, -0.00873646154448122, -1.88742810477832e-08, -0.0492250809149466, -1.88742810509441e-08, 2.34531756388235e-06, 0.0492250809149466, -1.12425058310584e-07, 4.2672245573726e-06, -0.00864268296536952, 7.65626585388142e-09, 1.46184013631383e-05, 7.65626585388059e-09, 5.50832228884891e-09, -1.46184013631383e-05, -1.10452407437619e-09, 4.23635198536703e-09, -9.37785791116566e-05, 
198, 10, 5.25127975482051e-08, -0.0492099919021618, 5.25127975452576e-08, 2.27951841998606e-06, 0.0492099919021618, -2.30320222380677e-07, 4.38356563449386e-06, -0.00872896655970295, 4.49450782246571e-08, -0.049224620489915, 4.4945078221287e-08, 2.27393298923117e-06, 0.0492246204899149, -2.29233018737073e-07, 4.37931833411689e-06, -0.00863516457682834, 7.56771932071221e-09, 1.4628587753405e-05, 7.56771932071223e-09, 5.5854307695899e-09, -1.4628587753405e-05, -1.08720363490279e-09, 4.24730048494024e-09, -9.38019828746112e-05, 
198, 19, 6.59717611615193e-09, -0.0492347241305454, 6.59717611385414e-09, 2.32564135606138e-06, 0.0492347241305454, -1.51674812598768e-07, 4.30733077911644e-06, -0.00873988710402046, -8.62965622924831e-10, -0.0492493461905777, -8.62965626305978e-10, 2.32001487438259e-06, 0.0492493461905777, -1.50545211442868e-07, 4.30309046749986e-06, -0.00864607100155803, 7.46014174216581e-09, 1.46220600322026e-05, 7.46014174216404e-09, 5.62648166536074e-09, -1.46220600322026e-05, -1.12960112174235e-09, 4.24031167809842e-09, -9.38161024624276e-05, 
199, 0, -1.14667869800534e-07, -0.0492354971006829, -1.14667869804346e-07, 2.32162547175516e-06, 0.0492354971006829, -3.7817661499244e-07, 4.29472557514081e-06, -0.00874003444745966, -1.21817644278561e-07, -0.0492501202136216, -1.21817644280959e-07, 2.31561495059857e-06, 0.0492501202136216, -3.76828423876871e-07, 4.29055316727362e-06, -0.00864621783711925, 7.14977448679522e-09, 1.46231129388961e-05, 7.14977448679524e-09, 6.01052114831228e-09, -1.46231129388961e-05, -1.3481911048231e-09, 4.1724079031769e-09, -9.38166103403915e-05, 
199, 10, -4.84192909048875e-08, -0.0492429167202115, -4.84192909078316e-08, 2.25949898795165e-06, 0.0492429167202115, -4.62410999422338e-07, 4.34825129012483e-06, -0.00873291192278115, -5.547683002154e-08, -0.0492575493945587, -5.54768300243689e-08, 2.2534369143535e-06, 0.0492575493945587, -4.61091028067711e-07, 4.34408123661892e-06, -0.00863906975600165, 7.05753907615462e-09, 1.46326743470536e-05, 7.05753907615475e-09, 6.06207358855786e-09, -1.46326743470536e-05, -1.3199713641735e-09, 4.17005351559149e-09, -9.38421667795025e-05, 
199, 19, -1.00066897074842e-07, -0.0492676391388109, -1.00066897077566e-07, 2.30867216908988e-06, 0.0492676391388109, -3.84345261490545e-07, 4.28161959647711e-06, -0.00874383314608251, -1.07035188437435e-07, -0.0492822642515969, -1.07035188440812e-07, 2.30263971800205e-06, 0.0492822642515969, -3.83003971185377e-07, 4.27747696977451e-06, -0.00864997374090601, 6.96829133569094e-09, 1.46251127859212e-05, 6.96829133568852e-09, 6.03245109223434e-09, -1.46251127859212e-05, -1.34129039682578e-09, 4.14262666380714e-09, -9.38594051764662e-05, 
